date,ticker,asset_class,sector,return
2020-01-02,ADA-USD,Crypto,Crypto,-0.021130874739584304
2020-01-03,ADA-USD,Crypto,Crypto,0.0436322232876416
2020-01-04,ADA-USD,Crypto,Crypto,0.012141634271100932
2020-01-05,ADA-USD,Crypto,Crypto,0.003642051251679268
2020-01-06,ADA-USD,Crypto,Crypto,0.07347140616116543
2020-01-07,ADA-USD,Crypto,Crypto,-0.00603670558471725
2020-01-08,ADA-USD,Crypto,Crypto,-0.016519506616973323
2020-01-09,ADA-USD,Crypto,Crypto,-0.002085896696326528
2020-01-10,ADA-USD,Crypto,Crypto,0.014164278955681064
2020-01-11,ADA-USD,Crypto,Crypto,-0.0013288155154895787
2020-01-12,ADA-USD,Crypto,Crypto,0.023489408744604034
2020-01-13,ADA-USD,Crypto,Crypto,-0.01920931328536024
2020-01-14,ADA-USD,Crypto,Crypto,0.1269815483949639
2020-01-15,ADA-USD,Crypto,Crypto,0.02143544217613469
2020-01-16,ADA-USD,Crypto,Crypto,-0.027307122795645955
2020-01-17,ADA-USD,Crypto,Crypto,0.08666135292362065
2020-01-18,ADA-USD,Crypto,Crypto,-0.0028235775475434766
2020-01-19,ADA-USD,Crypto,Crypto,-0.06403427556017438
2020-01-20,ADA-USD,Crypto,Crypto,0.04511781888374933
2020-01-21,ADA-USD,Crypto,Crypto,0.04823008169519927
2020-01-22,ADA-USD,Crypto,Crypto,-0.007284360617243579
2020-01-23,ADA-USD,Crypto,Crypto,-0.050816995170684165
2020-01-24,ADA-USD,Crypto,Crypto,0.03853785063110893
2020-01-25,ADA-USD,Crypto,Crypto,-0.03901870004053587
2020-01-26,ADA-USD,Crypto,Crypto,0.030822193626366845
2020-01-27,ADA-USD,Crypto,Crypto,0.07471797101408106
2020-01-28,ADA-USD,Crypto,Crypto,0.10321002264160328
2020-01-29,ADA-USD,Crypto,Crypto,0.012429756567430061
2020-01-30,ADA-USD,Crypto,Crypto,0.04776320034973769
2020-01-31,ADA-USD,Crypto,Crypto,-0.04060998290100393
2020-02-01,ADA-USD,Crypto,Crypto,0.04273796553838016
2020-02-02,ADA-USD,Crypto,Crypto,-0.005776218791927912
2020-02-03,ADA-USD,Crypto,Crypto,0.021714938748943036
2020-02-04,ADA-USD,Crypto,Crypto,-0.0172519663705909
2020-02-05,ADA-USD,Crypto,Crypto,0.05777193634195066
2020-02-06,ADA-USD,Crypto,Crypto,0.008880544915941702
2020-02-07,ADA-USD,Crypto,Crypto,0.000552213473335561
2020-02-08,ADA-USD,Crypto,Crypto,0.0025756777860048707
2020-02-09,ADA-USD,Crypto,Crypto,0.031112363701786716
2020-02-10,ADA-USD,Crypto,Crypto,-0.022893096059258933
2020-02-11,ADA-USD,Crypto,Crypto,0.04692524764692774
2020-02-12,ADA-USD,Crypto,Crypto,0.0813721473350224
2020-02-13,ADA-USD,Crypto,Crypto,0.0030421051014239975
2020-02-14,ADA-USD,Crypto,Crypto,0.02914798888317449
2020-02-15,ADA-USD,Crypto,Crypto,-0.09516855487551212
2020-02-16,ADA-USD,Crypto,Crypto,-0.018931121768334225
2020-02-17,ADA-USD,Crypto,Crypto,-0.04168931030702039
2020-02-18,ADA-USD,Crypto,Crypto,0.04255350831356064
2020-02-19,ADA-USD,Crypto,Crypto,-0.07910920111068964
2020-02-20,ADA-USD,Crypto,Crypto,0.010668760851293202
2020-02-21,ADA-USD,Crypto,Crypto,0.006522455008456385
2020-02-22,ADA-USD,Crypto,Crypto,-0.005184150617604688
2020-02-23,ADA-USD,Crypto,Crypto,0.05440893170520478
2020-02-24,ADA-USD,Crypto,Crypto,-0.04145670902006571
2020-02-25,ADA-USD,Crypto,Crypto,-0.0440298240583753
2020-02-26,ADA-USD,Crypto,Crypto,-0.12261369656874621
2020-02-27,ADA-USD,Crypto,Crypto,0.004691320992134207
2020-02-28,ADA-USD,Crypto,Crypto,-0.021515584661746523
2020-02-29,ADA-USD,Crypto,Crypto,-0.022112053263621312
2020-03-01,ADA-USD,Crypto,Crypto,-0.03384449865182437
2020-03-02,ADA-USD,Crypto,Crypto,0.06577118142526017
2020-03-03,ADA-USD,Crypto,Crypto,-0.0039221592178998455
2020-03-04,ADA-USD,Crypto,Crypto,0.0049835050795004054
2020-03-05,ADA-USD,Crypto,Crypto,0.041894540166032446
2020-03-06,ADA-USD,Crypto,Crypto,0.007658088437284549
2020-03-07,ADA-USD,Crypto,Crypto,-0.0486510702353512
2020-03-08,ADA-USD,Crypto,Crypto,-0.11551741578023733
2020-03-09,ADA-USD,Crypto,Crypto,-0.041786914008532405
2020-03-10,ADA-USD,Crypto,Crypto,0.0003133295734982777
2020-03-11,ADA-USD,Crypto,Crypto,-0.04448730191748085
2020-03-12,ADA-USD,Crypto,Crypto,-0.3956719959237812
2020-03-13,ADA-USD,Crypto,Crypto,0.18680353894025203
2020-03-14,ADA-USD,Crypto,Crypto,-0.08538168407436741
2020-03-15,ADA-USD,Crypto,Crypto,0.04271593978462107
2020-03-16,ADA-USD,Crypto,Crypto,-0.11058260614965487
2020-03-17,ADA-USD,Crypto,Crypto,0.046515472789171675
2020-03-18,ADA-USD,Crypto,Crypto,0.003684190176201252
2020-03-19,ADA-USD,Crypto,Crypto,0.2018866708017939
2020-03-20,ADA-USD,Crypto,Crypto,-0.03556532268640766
2020-03-21,ADA-USD,Crypto,Crypto,0.0015663267652175072
2020-03-22,ADA-USD,Crypto,Crypto,-0.07904400089136443
2020-03-23,ADA-USD,Crypto,Crypto,0.0735723181320107
2020-03-24,ADA-USD,Crypto,Crypto,0.03717072902042373
2020-03-25,ADA-USD,Crypto,Crypto,-0.02403604576291296
2020-03-26,ADA-USD,Crypto,Crypto,0.04378696674838656
2020-03-27,ADA-USD,Crypto,Crypto,-0.046408699383678864
2020-03-28,ADA-USD,Crypto,Crypto,0.016040386870262324
2020-03-29,ADA-USD,Crypto,Crypto,-0.05112360590981124
2020-03-30,ADA-USD,Crypto,Crypto,0.05748880428187508
2020-03-31,ADA-USD,Crypto,Crypto,0.0227630160846668
2020-04-01,ADA-USD,Crypto,Crypto,0.009884462108403547
2020-04-02,ADA-USD,Crypto,Crypto,0.03659054864090594
2020-04-03,ADA-USD,Crypto,Crypto,0.009723561668087743
2020-04-04,ADA-USD,Crypto,Crypto,0.006502503194383058
2020-04-05,ADA-USD,Crypto,Crypto,-0.015443710121169074
2020-04-06,ADA-USD,Crypto,Crypto,0.11289562948011467
2020-04-07,ADA-USD,Crypto,Crypto,-0.013448950938942383
2020-04-08,ADA-USD,Crypto,Crypto,0.033497395095873905
2020-04-09,ADA-USD,Crypto,Crypto,-0.003194307734999069
2020-04-10,ADA-USD,Crypto,Crypto,-0.08240786832985703
2020-04-11,ADA-USD,Crypto,Crypto,0.004184796823358816
2020-04-12,ADA-USD,Crypto,Crypto,0.013551617732534105
2020-04-13,ADA-USD,Crypto,Crypto,-0.020676760705471198
2020-04-14,ADA-USD,Crypto,Crypto,-0.0040172866425500775
2020-04-15,ADA-USD,Crypto,Crypto,-0.0336932353344237
2020-04-16,ADA-USD,Crypto,Crypto,0.07987317902075719
2020-04-17,ADA-USD,Crypto,Crypto,0.0047954127219618226
2020-04-18,ADA-USD,Crypto,Crypto,0.05727010234985408
2020-04-19,ADA-USD,Crypto,Crypto,-0.02016251124502033
2020-04-20,ADA-USD,Crypto,Crypto,-0.04576159805555979
2020-04-21,ADA-USD,Crypto,Crypto,0.015302607201689744
2020-04-22,ADA-USD,Crypto,Crypto,0.053573541205254926
2020-04-23,ADA-USD,Crypto,Crypto,0.1106704360787516
2020-04-24,ADA-USD,Crypto,Crypto,0.031104544643022702
2020-04-25,ADA-USD,Crypto,Crypto,0.012897665029252048
2020-04-26,ADA-USD,Crypto,Crypto,0.08184772217318081
2020-04-27,ADA-USD,Crypto,Crypto,0.015737096597391087
2020-04-28,ADA-USD,Crypto,Crypto,0.012746454435202503
2020-04-29,ADA-USD,Crypto,Crypto,0.0953491215552904
2020-04-30,ADA-USD,Crypto,Crypto,-0.07445593791235727
2020-05-01,ADA-USD,Crypto,Crypto,0.07135387586762332
2020-05-02,ADA-USD,Crypto,Crypto,-0.004799054883789622
2020-05-03,ADA-USD,Crypto,Crypto,-0.04087113988745117
2020-05-04,ADA-USD,Crypto,Crypto,0.01502176214025619
2020-05-05,ADA-USD,Crypto,Crypto,-0.006161386146486203
2020-05-06,ADA-USD,Crypto,Crypto,0.008286389829243346
2020-05-07,ADA-USD,Crypto,Crypto,0.026905374090881118
2020-05-08,ADA-USD,Crypto,Crypto,0.023421963453870376
2020-05-09,ADA-USD,Crypto,Crypto,-0.010840684958240643
2020-05-10,ADA-USD,Crypto,Crypto,-0.07845604087680846
2020-05-11,ADA-USD,Crypto,Crypto,0.009040023372042238
2020-05-12,ADA-USD,Crypto,Crypto,0.048079304977979964
2020-05-13,ADA-USD,Crypto,Crypto,0.020844514400820913
2020-05-14,ADA-USD,Crypto,Crypto,-0.011307159126027422
2020-05-15,ADA-USD,Crypto,Crypto,-0.008390651124248527
2020-05-16,ADA-USD,Crypto,Crypto,0.009293995345361683
2020-05-17,ADA-USD,Crypto,Crypto,0.008069584781400962
2020-05-18,ADA-USD,Crypto,Crypto,0.05665810640066726
2020-05-19,ADA-USD,Crypto,Crypto,0.040496224720458995
2020-05-20,ADA-USD,Crypto,Crypto,0.007546667759525949
2020-05-21,ADA-USD,Crypto,Crypto,-0.08138902660181424
2020-05-22,ADA-USD,Crypto,Crypto,0.06865597422942793
2020-05-23,ADA-USD,Crypto,Crypto,-0.009152325492406854
2020-05-24,ADA-USD,Crypto,Crypto,-0.048461703285018976
2020-05-25,ADA-USD,Crypto,Crypto,0.026025300496202997
2020-05-26,ADA-USD,Crypto,Crypto,-0.010757068316257112
2020-05-27,ADA-USD,Crypto,Crypto,0.032809329136763044
2020-05-28,ADA-USD,Crypto,Crypto,0.16990733996198215
2020-05-29,ADA-USD,Crypto,Crypto,0.001564461563709152
2020-05-30,ADA-USD,Crypto,Crypto,0.1901949157678764
2020-05-31,ADA-USD,Crypto,Crypto,-0.03386258743235637
2020-06-01,ADA-USD,Crypto,Crypto,0.09167203858925976
2020-06-02,ADA-USD,Crypto,Crypto,-0.0334122286338997
2020-06-03,ADA-USD,Crypto,Crypto,0.08900526543405785
2020-06-04,ADA-USD,Crypto,Crypto,0.04167891876016139
2020-06-05,ADA-USD,Crypto,Crypto,-0.039977554498484724
2020-06-06,ADA-USD,Crypto,Crypto,0.006835032710196032
2020-06-07,ADA-USD,Crypto,Crypto,0.007300141847362163
2020-06-08,ADA-USD,Crypto,Crypto,-0.002585012875195525
2020-06-09,ADA-USD,Crypto,Crypto,-0.03497626555135247
2020-06-10,ADA-USD,Crypto,Crypto,0.0014866859293569679
2020-06-11,ADA-USD,Crypto,Crypto,-0.09781996640723001
2020-06-12,ADA-USD,Crypto,Crypto,0.05565285119165786
2020-06-13,ADA-USD,Crypto,Crypto,-0.006611812046519616
2020-06-14,ADA-USD,Crypto,Crypto,-0.02885058761893955
2020-06-15,ADA-USD,Crypto,Crypto,0.021355619709343188
2020-06-16,ADA-USD,Crypto,Crypto,0.008751416819338553
2020-06-17,ADA-USD,Crypto,Crypto,0.055290691659416025
2020-06-18,ADA-USD,Crypto,Crypto,-0.015231524711427857
2020-06-19,ADA-USD,Crypto,Crypto,-0.031287287355538096
2020-06-20,ADA-USD,Crypto,Crypto,-0.0033165065133028415
2020-06-21,ADA-USD,Crypto,Crypto,-0.01088996778949547
2020-06-22,ADA-USD,Crypto,Crypto,0.06543484997630244
2020-06-23,ADA-USD,Crypto,Crypto,-0.007893730355453599
2020-06-24,ADA-USD,Crypto,Crypto,-0.0044243602628173395
2020-06-25,ADA-USD,Crypto,Crypto,-0.010801325104972448
2020-06-26,ADA-USD,Crypto,Crypto,-0.013832610690253322
2020-06-27,ADA-USD,Crypto,Crypto,-0.03577408965038753
2020-06-28,ADA-USD,Crypto,Crypto,0.034925813112135495
2020-06-29,ADA-USD,Crypto,Crypto,0.043262985689013655
2020-06-30,ADA-USD,Crypto,Crypto,-0.008990088782456773
2020-07-01,ADA-USD,Crypto,Crypto,0.15445880698383885
2020-07-02,ADA-USD,Crypto,Crypto,-0.01696650476661976
2020-07-03,ADA-USD,Crypto,Crypto,0.023450617489220837
2020-07-04,ADA-USD,Crypto,Crypto,0.0353642876101008
2020-07-05,ADA-USD,Crypto,Crypto,-0.017418356462345685
2020-07-06,ADA-USD,Crypto,Crypto,0.0713769900096779
2020-07-07,ADA-USD,Crypto,Crypto,0.11721042215966504
2020-07-08,ADA-USD,Crypto,Crypto,0.10509207507673257
2020-07-09,ADA-USD,Crypto,Crypto,-0.043222866586724584
2020-07-10,ADA-USD,Crypto,Crypto,-0.04808796424287165
2020-07-11,ADA-USD,Crypto,Crypto,0.05830144070206078
2020-07-12,ADA-USD,Crypto,Crypto,0.01253057103983135
2020-07-13,ADA-USD,Crypto,Crypto,-0.020720445524544773
2020-07-14,ADA-USD,Crypto,Crypto,0.06288058235461302
2020-07-15,ADA-USD,Crypto,Crypto,-0.012079196584147911
2020-07-16,ADA-USD,Crypto,Crypto,-0.03411085831785998
2020-07-17,ADA-USD,Crypto,Crypto,-0.027286668381756196
2020-07-18,ADA-USD,Crypto,Crypto,-7.348024394226993e-05
2020-07-19,ADA-USD,Crypto,Crypto,0.01008353212882973
2020-07-20,ADA-USD,Crypto,Crypto,-0.046786130183763985
2020-07-21,ADA-USD,Crypto,Crypto,0.04274789984085281
2020-07-22,ADA-USD,Crypto,Crypto,0.00778268020101458
2020-07-23,ADA-USD,Crypto,Crypto,-0.001202342710480142
2020-07-24,ADA-USD,Crypto,Crypto,-0.015229527637901752
2020-07-25,ADA-USD,Crypto,Crypto,0.17795022228633717
2020-07-26,ADA-USD,Crypto,Crypto,0.03155088405659323
2020-07-27,ADA-USD,Crypto,Crypto,-0.06304188599668392
2020-07-28,ADA-USD,Crypto,Crypto,0.07081452939213317
2020-07-29,ADA-USD,Crypto,Crypto,-0.05867506437618897
2020-07-30,ADA-USD,Crypto,Crypto,0.005068646712873992
2020-07-31,ADA-USD,Crypto,Crypto,-0.012732252988197468
2020-08-01,ADA-USD,Crypto,Crypto,0.03440253211740396
2020-08-02,ADA-USD,Crypto,Crypto,-0.07012460066252058
2020-08-03,ADA-USD,Crypto,Crypto,0.028688069438818742
2020-08-04,ADA-USD,Crypto,Crypto,0.04138060039954872
2020-08-05,ADA-USD,Crypto,Crypto,-0.002258544062707868
2020-08-06,ADA-USD,Crypto,Crypto,0.00948183597517116
2020-08-07,ADA-USD,Crypto,Crypto,-0.03396787676874213
2020-08-08,ADA-USD,Crypto,Crypto,0.04761593200817171
2020-08-09,ADA-USD,Crypto,Crypto,-0.0036835607010673455
2020-08-10,ADA-USD,Crypto,Crypto,-0.009563195843712458
2020-08-11,ADA-USD,Crypto,Crypto,-0.04462133929483347
2020-08-12,ADA-USD,Crypto,Crypto,-0.00027647749028691937
2020-08-13,ADA-USD,Crypto,Crypto,0.027998864285107006
2020-08-14,ADA-USD,Crypto,Crypto,-0.020581211253629328
2020-08-15,ADA-USD,Crypto,Crypto,-0.0002530239540114998
2020-08-16,ADA-USD,Crypto,Crypto,0.00121480080983849
2020-08-17,ADA-USD,Crypto,Crypto,0.01768594731826245
2020-08-18,ADA-USD,Crypto,Crypto,-0.02478708585752687
2020-08-19,ADA-USD,Crypto,Crypto,-0.05931882327811011
2020-08-20,ADA-USD,Crypto,Crypto,0.03378076970336452
2020-08-21,ADA-USD,Crypto,Crypto,-0.07394384139354315
2020-08-22,ADA-USD,Crypto,Crypto,0.012249510649285256
2020-08-23,ADA-USD,Crypto,Crypto,-0.0293830950633569
2020-08-24,ADA-USD,Crypto,Crypto,0.023792103101646145
2020-08-25,ADA-USD,Crypto,Crypto,-0.08993639583500534
2020-08-26,ADA-USD,Crypto,Crypto,0.01759171421158845
2020-08-27,ADA-USD,Crypto,Crypto,-0.0733920146657876
2020-08-28,ADA-USD,Crypto,Crypto,0.024610545294128983
2020-08-29,ADA-USD,Crypto,Crypto,0.06632067059786051
2020-08-30,ADA-USD,Crypto,Crypto,0.006211881541688946
2020-08-31,ADA-USD,Crypto,Crypto,0.044713381639419625
2020-09-01,ADA-USD,Crypto,Crypto,0.02219451682025242
2020-09-02,ADA-USD,Crypto,Crypto,-0.07812715730039366
2020-09-03,ADA-USD,Crypto,Crypto,-0.16831153896866424
2020-09-04,ADA-USD,Crypto,Crypto,0.06542631860302817
2020-09-05,ADA-USD,Crypto,Crypto,-0.12223141418486705
2020-09-06,ADA-USD,Crypto,Crypto,0.034885400191444926
2020-09-07,ADA-USD,Crypto,Crypto,0.002933555970063839
2020-09-08,ADA-USD,Crypto,Crypto,-0.02487861563671201
2020-09-09,ADA-USD,Crypto,Crypto,0.0256891977185969
2020-09-10,ADA-USD,Crypto,Crypto,0.04078244782482621
2020-09-11,ADA-USD,Crypto,Crypto,-0.0017189340722257862
2020-09-12,ADA-USD,Crypto,Crypto,0.006279093688465798
2020-09-13,ADA-USD,Crypto,Crypto,-0.028094836840394488
2020-09-14,ADA-USD,Crypto,Crypto,0.020167371003735113
2020-09-15,ADA-USD,Crypto,Crypto,-0.03382276796902395
2020-09-16,ADA-USD,Crypto,Crypto,-0.01974416560727099
2020-09-17,ADA-USD,Crypto,Crypto,0.02800873583607255
2020-09-18,ADA-USD,Crypto,Crypto,-0.03328487903136523
2020-09-19,ADA-USD,Crypto,Crypto,0.006324007530664311
2020-09-20,ADA-USD,Crypto,Crypto,-0.0242643590949565
2020-09-21,ADA-USD,Crypto,Crypto,-0.10068993244800217
2020-09-22,ADA-USD,Crypto,Crypto,0.016486823408504492
2020-09-23,ADA-USD,Crypto,Crypto,-0.06104903053321853
2020-09-24,ADA-USD,Crypto,Crypto,0.07886620877214345
2020-09-25,ADA-USD,Crypto,Crypto,0.16938548028835387
2020-09-26,ADA-USD,Crypto,Crypto,-0.013227328832442597
2020-09-27,ADA-USD,Crypto,Crypto,0.05988656349962418
2020-09-28,ADA-USD,Crypto,Crypto,-0.006121220542614547
2020-09-29,ADA-USD,Crypto,Crypto,0.005105949865949144
2020-09-30,ADA-USD,Crypto,Crypto,-0.001176116788132009
2020-10-01,ADA-USD,Crypto,Crypto,-0.03163404085662436
2020-10-02,ADA-USD,Crypto,Crypto,-0.05051853726371347
2020-10-03,ADA-USD,Crypto,Crypto,0.005294810324154575
2020-10-04,ADA-USD,Crypto,Crypto,0.0314196062254255
2020-10-05,ADA-USD,Crypto,Crypto,0.01241330352523784
2020-10-06,ADA-USD,Crypto,Crypto,-0.0485524361421904
2020-10-07,ADA-USD,Crypto,Crypto,0.010688734754018325
2020-10-08,ADA-USD,Crypto,Crypto,0.02507461899375385
2020-10-09,ADA-USD,Crypto,Crypto,0.06004035705322064
2020-10-10,ADA-USD,Crypto,Crypto,0.03041452347497553
2020-10-11,ADA-USD,Crypto,Crypto,0.014406063697799176
2020-10-12,ADA-USD,Crypto,Crypto,0.03281457090730666
2020-10-13,ADA-USD,Crypto,Crypto,-0.01074211059705199
2020-10-14,ADA-USD,Crypto,Crypto,-0.014285413119406676
2020-10-15,ADA-USD,Crypto,Crypto,-0.006169850206511174
2020-10-16,ADA-USD,Crypto,Crypto,-0.02411022904972626
2020-10-17,ADA-USD,Crypto,Crypto,0.019603308715240297
2020-10-18,ADA-USD,Crypto,Crypto,0.01210129486347844
2020-10-19,ADA-USD,Crypto,Crypto,0.012003227835705177
2020-10-20,ADA-USD,Crypto,Crypto,-0.05689334845246041
2020-10-21,ADA-USD,Crypto,Crypto,0.03603137190590178
2020-10-22,ADA-USD,Crypto,Crypto,0.04129509187999192
2020-10-23,ADA-USD,Crypto,Crypto,-0.02251022406388148
2020-10-24,ADA-USD,Crypto,Crypto,-7.403498601155079e-05
2020-10-25,ADA-USD,Crypto,Crypto,-0.015951860184021616
2020-10-26,ADA-USD,Crypto,Crypto,-0.030596832464749313
2020-10-27,ADA-USD,Crypto,Crypto,-0.002618908331704306
2020-10-28,ADA-USD,Crypto,Crypto,-0.03744151054625222
2020-10-29,ADA-USD,Crypto,Crypto,-0.036382187077420025
2020-10-30,ADA-USD,Crypto,Crypto,-0.0210430312901575
2020-10-31,ADA-USD,Crypto,Crypto,-0.003352278508032547
2020-11-01,ADA-USD,Crypto,Crypto,0.05524627565050255
2020-11-02,ADA-USD,Crypto,Crypto,-0.06165156954844009
2020-11-03,ADA-USD,Crypto,Crypto,0.014010824094396579
2020-11-04,ADA-USD,Crypto,Crypto,0.020709861704865107
2020-11-05,ADA-USD,Crypto,Crypto,0.017039015997470708
2020-11-06,ADA-USD,Crypto,Crypto,0.12486340397074458
2020-11-07,ADA-USD,Crypto,Crypto,-0.07081250970972408
2020-11-08,ADA-USD,Crypto,Crypto,0.051706936920563384
2020-11-09,ADA-USD,Crypto,Crypto,-0.012155192004040694
2020-11-10,ADA-USD,Crypto,Crypto,0.004557357339683321
2020-11-11,ADA-USD,Crypto,Crypto,0.001512227352802098
2020-11-12,ADA-USD,Crypto,Crypto,-0.013589425456298376
2020-11-13,ADA-USD,Crypto,Crypto,0.017852168505652743
2020-11-14,ADA-USD,Crypto,Crypto,-0.020575006593341327
2020-11-15,ADA-USD,Crypto,Crypto,-0.035229700847061785
2020-11-16,ADA-USD,Crypto,Crypto,0.034586344576708505
2020-11-17,ADA-USD,Crypto,Crypto,0.05376513005242156
2020-11-18,ADA-USD,Crypto,Crypto,-0.02916970281224751
2020-11-19,ADA-USD,Crypto,Crypto,-0.005046855758096602
2020-11-20,ADA-USD,Crypto,Crypto,0.11675135656080537
2020-11-21,ADA-USD,Crypto,Crypto,0.12449885855360066
2020-11-22,ADA-USD,Crypto,Crypto,0.08887131144564298
2020-11-23,ADA-USD,Crypto,Crypto,0.06044492051667372
2020-11-24,ADA-USD,Crypto,Crypto,0.08346688498276333
2020-11-25,ADA-USD,Crypto,Crypto,-0.06710436394012842
2020-11-26,ADA-USD,Crypto,Crypto,-0.1087959890695499
2020-11-27,ADA-USD,Crypto,Crypto,0.019865340945643517
2020-11-28,ADA-USD,Crypto,Crypto,0.16849845877566993
2020-11-29,ADA-USD,Crypto,Crypto,0.011214188126761115
2020-11-30,ADA-USD,Crypto,Crypto,0.028018625490187965
2020-12-01,ADA-USD,Crypto,Crypto,-0.089458725144688
2020-12-02,ADA-USD,Crypto,Crypto,0.016501777539248197
2020-12-03,ADA-USD,Crypto,Crypto,0.0356654430491572
2020-12-04,ADA-USD,Crypto,Crypto,-0.09725845027817859
2020-12-05,ADA-USD,Crypto,Crypto,0.07708393959360826
2020-12-06,ADA-USD,Crypto,Crypto,-0.00501664094293508
2020-12-07,ADA-USD,Crypto,Crypto,-0.02981742332890369
2020-12-08,ADA-USD,Crypto,Crypto,-0.08565494679793251
2020-12-09,ADA-USD,Crypto,Crypto,0.05135247958290967
2020-12-10,ADA-USD,Crypto,Crypto,-0.04164953181500697
2020-12-11,ADA-USD,Crypto,Crypto,-0.01792328641997698
2020-12-12,ADA-USD,Crypto,Crypto,0.03593422882705588
2020-12-13,ADA-USD,Crypto,Crypto,0.06578987814385528
2020-12-14,ADA-USD,Crypto,Crypto,0.026162008271304105
2020-12-15,ADA-USD,Crypto,Crypto,-0.023336682177233947
2020-12-16,ADA-USD,Crypto,Crypto,0.08608922657751883
2020-12-17,ADA-USD,Crypto,Crypto,-0.024500415988431112
2020-12-18,ADA-USD,Crypto,Crypto,0.009205865050890605
2020-12-19,ADA-USD,Crypto,Crypto,-0.0016607423467712712
2020-12-20,ADA-USD,Crypto,Crypto,-0.016549830198188564
2020-12-21,ADA-USD,Crypto,Crypto,-0.057609211292126594
2020-12-22,ADA-USD,Crypto,Crypto,0.023077979546434868
2020-12-23,ADA-USD,Crypto,Crypto,-0.12668157937295077
2020-12-24,ADA-USD,Crypto,Crypto,0.12089241346730994
2020-12-25,ADA-USD,Crypto,Crypto,0.030618226235121115
2020-12-26,ADA-USD,Crypto,Crypto,0.0016500943215023156
2020-12-27,ADA-USD,Crypto,Crypto,-0.02155562410180567
2020-12-28,ADA-USD,Crypto,Crypto,0.14449365222807686
2020-12-29,ADA-USD,Crypto,Crypto,0.08730022423197692
2020-12-30,ADA-USD,Crypto,Crypto,-0.04227643373386347
2020-12-31,ADA-USD,Crypto,Crypto,-0.014360949953099889
2021-01-01,ADA-USD,Crypto,Crypto,-0.0333357785660755
2021-01-02,ADA-USD,Crypto,Crypto,0.0118220980614554
2021-01-03,ADA-USD,Crypto,Crypto,0.15540265881537185
2021-01-04,ADA-USD,Crypto,Crypto,0.09642667265247562
2021-01-05,ADA-USD,Crypto,Crypto,0.14927800019120196
2021-01-06,ADA-USD,Crypto,Crypto,0.28486255679209194
2021-01-07,ADA-USD,Crypto,Crypto,-0.09616806635460995
2021-01-08,ADA-USD,Crypto,Crypto,0.018724556434904116
2021-01-09,ADA-USD,Crypto,Crypto,0.08958201638480645
2021-01-10,ADA-USD,Crypto,Crypto,-0.08432512405215564
2021-01-11,ADA-USD,Crypto,Crypto,-0.09652180976267322
2021-01-12,ADA-USD,Crypto,Crypto,0.04188181352478404
2021-01-13,ADA-USD,Crypto,Crypto,0.09270283772244947
2021-01-14,ADA-USD,Crypto,Crypto,-0.010245299521846163
2021-01-15,ADA-USD,Crypto,Crypto,-0.02534180700615185
2021-01-16,ADA-USD,Crypto,Crypto,0.16498860925315206
2021-01-17,ADA-USD,Crypto,Crypto,0.07776555805831498
2021-01-18,ADA-USD,Crypto,Crypto,-0.02217701662628968
2021-01-19,ADA-USD,Crypto,Crypto,-0.0061681500909568365
2021-01-20,ADA-USD,Crypto,Crypto,0.016950340306641776
2021-01-21,ADA-USD,Crypto,Crypto,-0.17364417902257612
2021-01-22,ADA-USD,Crypto,Crypto,0.12690799698373123
2021-01-23,ADA-USD,Crypto,Crypto,-0.011253588918126667
2021-01-24,ADA-USD,Crypto,Crypto,0.023833803750779703
2021-01-25,ADA-USD,Crypto,Crypto,-0.028243995676031086
2021-01-26,ADA-USD,Crypto,Crypto,0.0010119682995752832
2021-01-27,ADA-USD,Crypto,Crypto,-0.09050232646406553
2021-01-28,ADA-USD,Crypto,Crypto,0.10556083441168584
2021-01-29,ADA-USD,Crypto,Crypto,0.00578397304945466
2021-01-30,ADA-USD,Crypto,Crypto,0.041616551117688694
2021-01-31,ADA-USD,Crypto,Crypto,-0.04886954770813168
2021-02-01,ADA-USD,Crypto,Crypto,0.1656577252840612
2021-02-02,ADA-USD,Crypto,Crypto,0.06022888528671144
2021-02-03,ADA-USD,Crypto,Crypto,0.035549788721896736
2021-02-04,ADA-USD,Crypto,Crypto,-0.0007906325370877765
2021-02-05,ADA-USD,Crypto,Crypto,0.21952784525882985
2021-02-06,ADA-USD,Crypto,Crypto,0.16734777418687097
2021-02-07,ADA-USD,Crypto,Crypto,0.056303201227167365
2021-02-08,ADA-USD,Crypto,Crypto,0.029058925145006187
2021-02-09,ADA-USD,Crypto,Crypto,0.03077611248425205
2021-02-10,ADA-USD,Crypto,Crypto,0.32238355542300967
2021-02-11,ADA-USD,Crypto,Crypto,-0.00277002790722225
2021-02-12,ADA-USD,Crypto,Crypto,-0.002321760786168303
2021-02-13,ADA-USD,Crypto,Crypto,-0.021465314741866637
2021-02-14,ADA-USD,Crypto,Crypto,-0.06326462479573647
2021-02-15,ADA-USD,Crypto,Crypto,0.01484286793082723
2021-02-16,ADA-USD,Crypto,Crypto,0.011543410683994226
2021-02-17,ADA-USD,Crypto,Crypto,0.02292779568869241
2021-02-18,ADA-USD,Crypto,Crypto,0.026039400000950064
2021-02-19,ADA-USD,Crypto,Crypto,0.014801153753964735
2021-02-20,ADA-USD,Crypto,Crypto,0.21054183130540904
2021-02-21,ADA-USD,Crypto,Crypto,-0.01998109564977013
2021-02-22,ADA-USD,Crypto,Crypto,-0.001243956913856037
2021-02-23,ADA-USD,Crypto,Crypto,-0.13141235356977343
2021-02-24,ADA-USD,Crypto,Crypto,0.10154714019957978
2021-02-25,ADA-USD,Crypto,Crypto,0.02611024924455374
2021-02-26,ADA-USD,Crypto,Crypto,0.1501126622118778
2021-02-27,ADA-USD,Crypto,Crypto,0.06748423299920092
2021-02-28,ADA-USD,Crypto,Crypto,-0.01268133986687281
2021-03-01,ADA-USD,Crypto,Crypto,-0.011980357965345911
2021-03-02,ADA-USD,Crypto,Crypto,-0.05169187635177064
2021-03-03,ADA-USD,Crypto,Crypto,-0.007334455346293178
2021-03-04,ADA-USD,Crypto,Crypto,-0.08361463529254065
2021-03-05,ADA-USD,Crypto,Crypto,0.04812669031246264
2021-03-06,ADA-USD,Crypto,Crypto,-0.03210120175089859
2021-03-07,ADA-USD,Crypto,Crypto,0.0020821879806265375
2021-03-08,ADA-USD,Crypto,Crypto,-0.013511937211664549
2021-03-09,ADA-USD,Crypto,Crypto,0.06896634448274797
2021-03-10,ADA-USD,Crypto,Crypto,-0.050334653701767706
2021-03-11,ADA-USD,Crypto,Crypto,-0.008998229720426076
2021-03-12,ADA-USD,Crypto,Crypto,-0.07614391809926468
2021-03-13,ADA-USD,Crypto,Crypto,0.06175275084054421
2021-03-14,ADA-USD,Crypto,Crypto,-0.04002487664053844
2021-03-15,ADA-USD,Crypto,Crypto,-0.02418437363109338
2021-03-16,ADA-USD,Crypto,Crypto,0.20261826071972244
2021-03-17,ADA-USD,Crypto,Crypto,0.10919159518713828
2021-03-18,ADA-USD,Crypto,Crypto,-0.10130532711776163
2021-03-19,ADA-USD,Crypto,Crypto,0.050979570379128036
2021-03-20,ADA-USD,Crypto,Crypto,-0.0734382555458496
2021-03-21,ADA-USD,Crypto,Crypto,-0.014422204325791887
2021-03-22,ADA-USD,Crypto,Crypto,-0.06665821907446934
2021-03-23,ADA-USD,Crypto,Crypto,0.01052189736569109
2021-03-24,ADA-USD,Crypto,Crypto,-0.0415050179310521
2021-03-25,ADA-USD,Crypto,Crypto,0.024718084404459217
2021-03-26,ADA-USD,Crypto,Crypto,0.102031324128808
2021-03-27,ADA-USD,Crypto,Crypto,-0.030801462364155374
2021-03-28,ADA-USD,Crypto,Crypto,0.012363823821716302
2021-03-29,ADA-USD,Crypto,Crypto,0.009585090761771164
2021-03-30,ADA-USD,Crypto,Crypto,0.008961060782769481
2021-03-31,ADA-USD,Crypto,Crypto,-0.016527443738927783
2021-04-01,ADA-USD,Crypto,Crypto,-0.0033688904020690025
2021-04-02,ADA-USD,Crypto,Crypto,0.006108899046942451
2021-04-03,ADA-USD,Crypto,Crypto,-0.019416471680658964
2021-04-04,ADA-USD,Crypto,Crypto,0.015463473926102145
2021-04-05,ADA-USD,Crypto,Crypto,0.019204040680964374
2021-04-06,ADA-USD,Crypto,Crypto,0.03380878626333628
2021-04-07,ADA-USD,Crypto,Crypto,-0.06389040852374772
2021-04-08,ADA-USD,Crypto,Crypto,0.03768635882986415
2021-04-09,ADA-USD,Crypto,Crypto,-0.013035601113695061
2021-04-10,ADA-USD,Crypto,Crypto,0.012644382318783842
2021-04-11,ADA-USD,Crypto,Crypto,0.039365461546489566
2021-04-12,ADA-USD,Crypto,Crypto,0.03899157013038512
2021-04-13,ADA-USD,Crypto,Crypto,0.07268221207551528
2021-04-14,ADA-USD,Crypto,Crypto,0.030906991764446
2021-04-15,ADA-USD,Crypto,Crypto,0.017979681787488877
2021-04-16,ADA-USD,Crypto,Crypto,-0.043628169247986515
2021-04-17,ADA-USD,Crypto,Crypto,-0.022640231595720373
2021-04-18,ADA-USD,Crypto,Crypto,-0.07897351177223488
2021-04-19,ADA-USD,Crypto,Crypto,-0.06079341826922269
2021-04-20,ADA-USD,Crypto,Crypto,0.05674238208623006
2021-04-21,ADA-USD,Crypto,Crypto,-0.04676308244213623
2021-04-22,ADA-USD,Crypto,Crypto,-0.04948726279724036
2021-04-23,ADA-USD,Crypto,Crypto,0.0075718082419686805
2021-04-24,ADA-USD,Crypto,Crypto,-0.04702513148637133
2021-04-25,ADA-USD,Crypto,Crypto,-0.011898902837857772
2021-04-26,ADA-USD,Crypto,Crypto,0.13394807678425336
2021-04-27,ADA-USD,Crypto,Crypto,0.059081685311265675
2021-04-28,ADA-USD,Crypto,Crypto,0.021989733381323706
2021-04-29,ADA-USD,Crypto,Crypto,-0.02070271102956367
2021-04-30,ADA-USD,Crypto,Crypto,0.03397136656399402
2021-05-01,ADA-USD,Crypto,Crypto,0.0004598434663576345
2021-05-02,ADA-USD,Crypto,Crypto,-0.019406923925555986
2021-05-03,ADA-USD,Crypto,Crypto,0.026543323127380836
2021-05-04,ADA-USD,Crypto,Crypto,-0.06454996947189173
2021-05-05,ADA-USD,Crypto,Crypto,0.1580850631052455
2021-05-06,ADA-USD,Crypto,Crypto,0.11832705668950938
2021-05-07,ADA-USD,Crypto,Crypto,0.0020174476058540947
2021-05-08,ADA-USD,Crypto,Crypto,-0.02050191313458405
2021-05-09,ADA-USD,Crypto,Crypto,0.09324048838037124
2021-05-10,ADA-USD,Crypto,Crypto,-0.07108819219001505
2021-05-11,ADA-USD,Crypto,Crypto,0.07258542072711527
2021-05-12,ADA-USD,Crypto,Crypto,-0.11978044552866407
2021-05-13,ADA-USD,Crypto,Crypto,0.24529824720065174
2021-05-14,ADA-USD,Crypto,Crypto,0.03678398262278715
2021-05-15,ADA-USD,Crypto,Crypto,0.08441304530865801
2021-05-16,ADA-USD,Crypto,Crypto,0.06213633118496076
2021-05-17,ADA-USD,Crypto,Crypto,-0.1199105184219672
2021-05-18,ADA-USD,Crypto,Crypto,-0.014055511091683126
2021-05-19,ADA-USD,Crypto,Crypto,-0.2600942792737907
2021-05-20,ADA-USD,Crypto,Crypto,0.22120965677218152
2021-05-21,ADA-USD,Crypto,Crypto,-0.14261059311668978
2021-05-22,ADA-USD,Crypto,Crypto,-0.05711287143828836
2021-05-23,ADA-USD,Crypto,Crypto,-0.09441370817831374
2021-05-24,ADA-USD,Crypto,Crypto,0.16903794132389227
2021-05-25,ADA-USD,Crypto,Crypto,0.003797423946505063
2021-05-26,ADA-USD,Crypto,Crypto,0.146160137425281
2021-05-27,ADA-USD,Crypto,Crypto,-0.07670491095991361
2021-05-28,ADA-USD,Crypto,Crypto,-0.0813950549248793
2021-05-29,ADA-USD,Crypto,Crypto,-0.06994436694196993
2021-05-30,ADA-USD,Crypto,Crypto,0.1216349594861248
2021-05-31,ADA-USD,Crypto,Crypto,0.10492688668995753
2021-06-01,ADA-USD,Crypto,Crypto,-0.004604677826798409
2021-06-02,ADA-USD,Crypto,Crypto,0.010417008110753079
2021-06-03,ADA-USD,Crypto,Crypto,0.05000335628597674
2021-06-04,ADA-USD,Crypto,Crypto,-0.07039663864022194
2021-06-05,ADA-USD,Crypto,Crypto,-0.030334228275552322
2021-06-06,ADA-USD,Crypto,Crypto,0.011596723264066355
2021-06-07,ADA-USD,Crypto,Crypto,-0.06801262806622876
2021-06-08,ADA-USD,Crypto,Crypto,0.015295634248001955
2021-06-09,ADA-USD,Crypto,Crypto,0.02317083066812775
2021-06-10,ADA-USD,Crypto,Crypto,-0.05721778414541778
2021-06-11,ADA-USD,Crypto,Crypto,-0.06232893193136768
2021-06-12,ADA-USD,Crypto,Crypto,0.0305225769120836
2021-06-13,ADA-USD,Crypto,Crypto,0.05278882111881433
2021-06-14,ADA-USD,Crypto,Crypto,0.01074908378015671
2021-06-15,ADA-USD,Crypto,Crypto,0.014377453080228753
2021-06-16,ADA-USD,Crypto,Crypto,-0.07209047799853596
2021-06-17,ADA-USD,Crypto,Crypto,-0.00025569434523109447
2021-06-18,ADA-USD,Crypto,Crypto,-0.045066957578627664
2021-06-19,ADA-USD,Crypto,Crypto,-0.017539918886244843
2021-06-20,ADA-USD,Crypto,Crypto,0.027771322064300774
2021-06-21,ADA-USD,Crypto,Crypto,-0.17611960665609128
2021-06-22,ADA-USD,Crypto,Crypto,-0.020574405173497734
2021-06-23,ADA-USD,Crypto,Crypto,0.0864006683346088
2021-06-24,ADA-USD,Crypto,Crypto,0.08236200140950767
2021-06-25,ADA-USD,Crypto,Crypto,-0.07345326636240357
2021-06-26,ADA-USD,Crypto,Crypto,-0.0048054567978048635
2021-06-27,ADA-USD,Crypto,Crypto,0.06778572110208625
2021-06-28,ADA-USD,Crypto,Crypto,-0.00782653538426814
2021-06-29,ADA-USD,Crypto,Crypto,0.032976043445298586
2021-06-30,ADA-USD,Crypto,Crypto,0.010986924095078399
2021-07-01,ADA-USD,Crypto,Crypto,-0.03459483185591816
2021-07-02,ADA-USD,Crypto,Crypto,0.04401433891379236
2021-07-03,ADA-USD,Crypto,Crypto,0.008920710777503782
2021-07-04,ADA-USD,Crypto,Crypto,0.03649890233324937
2021-07-05,ADA-USD,Crypto,Crypto,-0.036542683394410136
2021-07-06,ADA-USD,Crypto,Crypto,0.009363657059963337
2021-07-07,ADA-USD,Crypto,Crypto,-0.010532057903284486
2021-07-08,ADA-USD,Crypto,Crypto,-0.05200707175328356
2021-07-09,ADA-USD,Crypto,Crypto,0.014530734832080672
2021-07-10,ADA-USD,Crypto,Crypto,-0.009921637482279477
2021-07-11,ADA-USD,Crypto,Crypto,0.009026406658236397
2021-07-12,ADA-USD,Crypto,Crypto,-0.02451220525843878
2021-07-13,ADA-USD,Crypto,Crypto,-0.03803215235885182
2021-07-14,ADA-USD,Crypto,Crypto,-0.0022329781003808113
2021-07-15,ADA-USD,Crypto,Crypto,-0.030949357931387977
2021-07-16,ADA-USD,Crypto,Crypto,-0.04044907268169451
2021-07-17,ADA-USD,Crypto,Crypto,-0.0012038592968498518
2021-07-18,ADA-USD,Crypto,Crypto,0.009721087551309404
2021-07-19,ADA-USD,Crypto,Crypto,-0.052869915230041475
2021-07-20,ADA-USD,Crypto,Crypto,-0.05782189848949504
2021-07-21,ADA-USD,Crypto,Crypto,0.10584866328827003
2021-07-22,ADA-USD,Crypto,Crypto,0.015463658707936867
2021-07-23,ADA-USD,Crypto,Crypto,0.016984213446107788
2021-07-24,ADA-USD,Crypto,Crypto,0.02253984168964518
2021-07-25,ADA-USD,Crypto,Crypto,-0.004050322967592668
2021-07-26,ADA-USD,Crypto,Crypto,0.02441348056598991
2021-07-27,ADA-USD,Crypto,Crypto,0.01585468756097841
2021-07-28,ADA-USD,Crypto,Crypto,0.003956405133647811
2021-07-29,ADA-USD,Crypto,Crypto,0.00045185148584381274
2021-07-30,ADA-USD,Crypto,Crypto,0.01936634379215052
2021-07-31,ADA-USD,Crypto,Crypto,0.010231883780794426
2021-08-01,ADA-USD,Crypto,Crypto,-0.0034900637666400725
2021-08-02,ADA-USD,Crypto,Crypto,-0.005814498386092937
2021-08-03,ADA-USD,Crypto,Crypto,0.041950483031893526
2021-08-04,ADA-USD,Crypto,Crypto,0.008452607306403515
2021-08-05,ADA-USD,Crypto,Crypto,0.006960061159791309
2021-08-06,ADA-USD,Crypto,Crypto,0.011283793609932369
2021-08-07,ADA-USD,Crypto,Crypto,0.04914519756854152
2021-08-08,ADA-USD,Crypto,Crypto,-0.0291342264726574
2021-08-09,ADA-USD,Crypto,Crypto,0.034885142199052144
2021-08-10,ADA-USD,Crypto,Crypto,0.13191712403601907
2021-08-11,ADA-USD,Crypto,Crypto,0.07501763479436696
2021-08-12,ADA-USD,Crypto,Crypto,0.01437124462210404
2021-08-13,ADA-USD,Crypto,Crypto,0.17117428609188168
2021-08-14,ADA-USD,Crypto,Crypto,0.026032760134228283
2021-08-15,ADA-USD,Crypto,Crypto,-0.010281637342724026
2021-08-16,ADA-USD,Crypto,Crypto,-0.04136913617115334
2021-08-17,ADA-USD,Crypto,Crypto,-0.0734897996458721
2021-08-18,ADA-USD,Crypto,Crypto,0.09444562110907895
2021-08-19,ADA-USD,Crypto,Crypto,0.15156306995229052
2021-08-20,ADA-USD,Crypto,Crypto,0.0121747499621232
2021-08-21,ADA-USD,Crypto,Crypto,-0.009060034734951206
2021-08-22,ADA-USD,Crypto,Crypto,0.11426707215058696
2021-08-23,ADA-USD,Crypto,Crypto,0.07504848804113928
2021-08-24,ADA-USD,Crypto,Crypto,-0.0672845551683321
2021-08-25,ADA-USD,Crypto,Crypto,0.006262549742256374
2021-08-26,ADA-USD,Crypto,Crypto,-0.073993531139814
2021-08-27,ADA-USD,Crypto,Crypto,0.16117708179063506
2021-08-28,ADA-USD,Crypto,Crypto,-0.0328466027260661
2021-08-29,ADA-USD,Crypto,Crypto,0.0029836964662601773
2021-08-30,ADA-USD,Crypto,Crypto,-0.043006546358196895
2021-08-31,ADA-USD,Crypto,Crypto,0.014384443282904114
2021-09-01,ADA-USD,Crypto,Crypto,0.035452839863911345
2021-09-02,ADA-USD,Crypto,Crypto,0.0322808900021343
2021-09-03,ADA-USD,Crypto,Crypto,0.001620089528511004
2021-09-04,ADA-USD,Crypto,Crypto,-0.0456270542166608
2021-09-05,ADA-USD,Crypto,Crypto,0.02754052592341094
2021-09-06,ADA-USD,Crypto,Crypto,-0.027115015700456047
2021-09-07,ADA-USD,Crypto,Crypto,-0.11631991582305767
2021-09-08,ADA-USD,Crypto,Crypto,-0.010989873676283901
2021-09-09,ADA-USD,Crypto,Crypto,0.01724337569079082
2021-09-10,ADA-USD,Crypto,Crypto,-0.05233224275669646
2021-09-11,ADA-USD,Crypto,Crypto,0.10395987463471434
2021-09-12,ADA-USD,Crypto,Crypto,-0.019826863549479157
2021-09-13,ADA-USD,Crypto,Crypto,-0.07013294857260644
2021-09-14,ADA-USD,Crypto,Crypto,-0.0020931343485174336
2021-09-15,ADA-USD,Crypto,Crypto,0.04424586939096753
2021-09-16,ADA-USD,Crypto,Crypto,-0.03224533667384055
2021-09-17,ADA-USD,Crypto,Crypto,-0.030793419129667488
2021-09-18,ADA-USD,Crypto,Crypto,0.010040344070244789
2021-09-19,ADA-USD,Crypto,Crypto,-0.03699566456427139
2021-09-20,ADA-USD,Crypto,Crypto,-0.09565359916829774
2021-09-21,ADA-USD,Crypto,Crypto,-0.037287468160148385
2021-09-22,ADA-USD,Crypto,Crypto,0.14048817765881405
2021-09-23,ADA-USD,Crypto,Crypto,0.02857626509512401
2021-09-24,ADA-USD,Crypto,Crypto,-0.021309801133821082
2021-09-25,ADA-USD,Crypto,Crypto,0.00888628911024858
2021-09-26,ADA-USD,Crypto,Crypto,-0.04042777630966532
2021-09-27,ADA-USD,Crypto,Crypto,-0.03286848170358536
2021-09-28,ADA-USD,Crypto,Crypto,-0.04530444649212739
2021-09-29,ADA-USD,Crypto,Crypto,0.01301964311207282
2021-09-30,ADA-USD,Crypto,Crypto,0.023606659323742285
2021-10-01,ADA-USD,Crypto,Crypto,0.0679490935152054
2021-10-02,ADA-USD,Crypto,Crypto,-0.0029529299710672197
2021-10-03,ADA-USD,Crypto,Crypto,0.0006280641423874744
2021-10-04,ADA-USD,Crypto,Crypto,-0.028247474874682932
2021-10-05,ADA-USD,Crypto,Crypto,0.020047663351199896
2021-10-06,ADA-USD,Crypto,Crypto,-0.009389946042241859
2021-10-07,ADA-USD,Crypto,Crypto,0.029310711453883753
2021-10-08,ADA-USD,Crypto,Crypto,-0.017487523309211106
2021-10-09,ADA-USD,Crypto,Crypto,0.01315898849414432
2021-10-10,ADA-USD,Crypto,Crypto,-0.030618798696353533
2021-10-11,ADA-USD,Crypto,Crypto,-0.010843245766528953
2021-10-12,ADA-USD,Crypto,Crypto,-0.024937542878593733
2021-10-13,ADA-USD,Crypto,Crypto,0.03296687966408829
2021-10-14,ADA-USD,Crypto,Crypto,-0.008537988231621774
2021-10-15,ADA-USD,Crypto,Crypto,0.020405876551466307
2021-10-16,ADA-USD,Crypto,Crypto,-0.016679011122929244
2021-10-17,ADA-USD,Crypto,Crypto,-0.009528256545058622
2021-10-18,ADA-USD,Crypto,Crypto,-0.013305797008696496
2021-10-19,ADA-USD,Crypto,Crypto,-0.007189425919125636
2021-10-20,ADA-USD,Crypto,Crypto,0.034542993690764634
2021-10-21,ADA-USD,Crypto,Crypto,-0.02258015153777504
2021-10-22,ADA-USD,Crypto,Crypto,0.008241131630466025
2021-10-23,ADA-USD,Crypto,Crypto,0.005856542596784919
2021-10-24,ADA-USD,Crypto,Crypto,-0.020020177633152003
2021-10-25,ADA-USD,Crypto,Crypto,0.009715896510482658
2021-10-26,ADA-USD,Crypto,Crypto,-0.00246684454842816
2021-10-27,ADA-USD,Crypto,Crypto,-0.10545280787489819
2021-10-28,ADA-USD,Crypto,Crypto,0.03919119692673778
2021-10-29,ADA-USD,Crypto,Crypto,0.012055000512639413
2021-10-30,ADA-USD,Crypto,Crypto,-0.027216648316935488
2021-10-31,ADA-USD,Crypto,Crypto,0.0038847028808566275
2021-11-01,ADA-USD,Crypto,Crypto,-0.007645733853285264
2021-11-02,ADA-USD,Crypto,Crypto,0.010961558282708062
2021-11-03,ADA-USD,Crypto,Crypto,0.04683218814122836
2021-11-04,ADA-USD,Crypto,Crypto,-0.038192994307047035
2021-11-05,ADA-USD,Crypto,Crypto,0.000667071181545964
2021-11-06,ADA-USD,Crypto,Crypto,0.010272301948251572
2021-11-07,ADA-USD,Crypto,Crypto,0.007606405073566469
2021-11-08,ADA-USD,Crypto,Crypto,0.050718803218642305
2021-11-09,ADA-USD,Crypto,Crypto,0.07016698017464651
2021-11-10,ADA-USD,Crypto,Crypto,-0.07551449666038468
2021-11-11,ADA-USD,Crypto,Crypto,-0.007744795956530215
2021-11-12,ADA-USD,Crypto,Crypto,-0.019063777462405063
2021-11-13,ADA-USD,Crypto,Crypto,0.0035868267415957167
2021-11-14,ADA-USD,Crypto,Crypto,-0.005967014200574106
2021-11-15,ADA-USD,Crypto,Crypto,-0.012380084107889266
2021-11-16,ADA-USD,Crypto,Crypto,-0.0686410609907635
2021-11-17,ADA-USD,Crypto,Crypto,-0.0009029433387337527
2021-11-18,ADA-USD,Crypto,Crypto,-0.04649806745875118
2021-11-19,ADA-USD,Crypto,Crypto,0.04275601655502537
2021-11-20,ADA-USD,Crypto,Crypto,0.03053586146457543
2021-11-21,ADA-USD,Crypto,Crypto,-0.042655680371001536
2021-11-22,ADA-USD,Crypto,Crypto,-0.03435665442950975
2021-11-23,ADA-USD,Crypto,Crypto,-0.014664335743637347
2021-11-24,ADA-USD,Crypto,Crypto,-0.03660662219599009
2021-11-25,ADA-USD,Crypto,Crypto,-0.020800197020642397
2021-11-26,ADA-USD,Crypto,Crypto,-0.07443934612169978
2021-11-27,ADA-USD,Crypto,Crypto,0.01157931057935091
2021-11-28,ADA-USD,Crypto,Crypto,0.03022858217002633
2021-11-29,ADA-USD,Crypto,Crypto,0.006060170174218671
2021-11-30,ADA-USD,Crypto,Crypto,-0.029706510044662515
2021-12-01,ADA-USD,Crypto,Crypto,-0.004624075552889573
2021-12-02,ADA-USD,Crypto,Crypto,0.10832302895797774
2021-12-03,ADA-USD,Crypto,Crypto,-0.0925813923217661
2021-12-04,ADA-USD,Crypto,Crypto,-0.08727542307654013
2021-12-05,ADA-USD,Crypto,Crypto,-0.02998578758097381
2021-12-06,ADA-USD,Crypto,Crypto,0.034313742027405114
2021-12-07,ADA-USD,Crypto,Crypto,-0.030484241824267344
2021-12-08,ADA-USD,Crypto,Crypto,0.010950556999441252
2021-12-09,ADA-USD,Crypto,Crypto,-0.07632668134646636
2021-12-10,ADA-USD,Crypto,Crypto,-0.06102644851106165
2021-12-11,ADA-USD,Crypto,Crypto,0.11765317012816512
2021-12-12,ADA-USD,Crypto,Crypto,-0.005143810139489835
2021-12-13,ADA-USD,Crypto,Crypto,-0.09050373386731214
2021-12-14,ADA-USD,Crypto,Crypto,-0.0020508876186354774
2021-12-15,ADA-USD,Crypto,Crypto,0.07279153018220241
2021-12-16,ADA-USD,Crypto,Crypto,-0.05436077920354909
2021-12-17,ADA-USD,Crypto,Crypto,-0.01663954701517434
2021-12-18,ADA-USD,Crypto,Crypto,0.01856067254062177
2021-12-19,ADA-USD,Crypto,Crypto,0.0017117697167963186
2021-12-20,ADA-USD,Crypto,Crypto,-0.005158810390564206
2021-12-21,ADA-USD,Crypto,Crypto,0.03441900586399882
2021-12-22,ADA-USD,Crypto,Crypto,0.036836188962964256
2021-12-23,ADA-USD,Crypto,Crypto,0.11042586833614365
2021-12-24,ADA-USD,Crypto,Crypto,-0.055824593865861805
2021-12-25,ADA-USD,Crypto,Crypto,0.04390223271002691
2021-12-26,ADA-USD,Crypto,Crypto,0.0017543960370054457
2021-12-27,ADA-USD,Crypto,Crypto,0.039056454905609383
2021-12-28,ADA-USD,Crypto,Crypto,-0.07313638689508051
2021-12-29,ADA-USD,Crypto,Crypto,-0.05095331199588404
2021-12-30,ADA-USD,Crypto,Crypto,0.02224276105444467
2021-12-31,ADA-USD,Crypto,Crypto,-0.03690487582005875
2022-01-01,ADA-USD,Crypto,Crypto,0.05095829887278769
2022-01-02,ADA-USD,Crypto,Crypto,0.0004422164706763265
2022-01-03,ADA-USD,Crypto,Crypto,-0.04061236696535098
2022-01-04,ADA-USD,Crypto,Crypto,-0.007550491828268058
2022-01-05,ADA-USD,Crypto,Crypto,-0.05767971146011741
2022-01-06,ADA-USD,Crypto,Crypto,0.03542072710606603
2022-01-07,ADA-USD,Crypto,Crypto,-0.053317703079197365
2022-01-08,ADA-USD,Crypto,Crypto,-0.01983825358821778
2022-01-09,ADA-USD,Crypto,Crypto,-0.011496377128391244
2022-01-10,ADA-USD,Crypto,Crypto,-0.03902335836383908
2022-01-11,ADA-USD,Crypto,Crypto,0.05058098111909115
2022-01-12,ADA-USD,Crypto,Crypto,0.10077128797356272
2022-01-13,ADA-USD,Crypto,Crypto,-0.05471225916509315
2022-01-14,ADA-USD,Crypto,Crypto,0.0468430385835803
2022-01-15,ADA-USD,Crypto,Crypto,0.004134241604451416
2022-01-16,ADA-USD,Crypto,Crypto,0.08562153100992265
2022-01-17,ADA-USD,Crypto,Crypto,0.132797910558492
2022-01-18,ADA-USD,Crypto,Crypto,-0.08066463065356322
2022-01-19,ADA-USD,Crypto,Crypto,-0.08446297005925485
2022-01-20,ADA-USD,Crypto,Crypto,-0.062382446088010135
2022-01-21,ADA-USD,Crypto,Crypto,-0.10716702690051383
2022-01-22,ADA-USD,Crypto,Crypto,-0.05031636975063891
2022-01-23,ADA-USD,Crypto,Crypto,0.05217415404242742
2022-01-24,ADA-USD,Crypto,Crypto,-0.04969203824057655
2022-01-25,ADA-USD,Crypto,Crypto,-0.02158646550742327
2022-01-26,ADA-USD,Crypto,Crypto,0.033991829916223626
2022-01-27,ADA-USD,Crypto,Crypto,-0.03291237382759615
2022-01-28,ADA-USD,Crypto,Crypto,0.0067779792270523664
2022-01-29,ADA-USD,Crypto,Crypto,0.008532163744017218
2022-01-30,ADA-USD,Crypto,Crypto,-0.0208546792379255
2022-01-31,ADA-USD,Crypto,Crypto,0.014294341898164697
2022-02-01,ADA-USD,Crypto,Crypto,0.03451576729025452
2022-02-02,ADA-USD,Crypto,Crypto,-0.05485641762410154
2022-02-03,ADA-USD,Crypto,Crypto,0.026764409450533932
2022-02-04,ADA-USD,Crypto,Crypto,0.07494954635444562
2022-02-05,ADA-USD,Crypto,Crypto,-0.007290339748727392
2022-02-06,ADA-USD,Crypto,Crypto,0.0152588783480343
2022-02-07,ADA-USD,Crypto,Crypto,0.046096845004913956
2022-02-08,ADA-USD,Crypto,Crypto,-0.015523999578244685
2022-02-09,ADA-USD,Crypto,Crypto,0.013650430529682067
2022-02-10,ADA-USD,Crypto,Crypto,-0.03542994452743864
2022-02-11,ADA-USD,Crypto,Crypto,-0.06258777953690264
2022-02-12,ADA-USD,Crypto,Crypto,-0.020500723467320126
2022-02-13,ADA-USD,Crypto,Crypto,-0.011699125936695531
2022-02-14,ADA-USD,Crypto,Crypto,0.004253065610877682
2022-02-15,ADA-USD,Crypto,Crypto,0.0545756898930998
2022-02-16,ADA-USD,Crypto,Crypto,-0.02040930545936137
2022-02-17,ADA-USD,Crypto,Crypto,-0.059988155772467744
2022-02-18,ADA-USD,Crypto,Crypto,-0.022337563244411607
2022-02-19,ADA-USD,Crypto,Crypto,0.0005917347230341985
2022-02-20,ADA-USD,Crypto,Crypto,-0.06495022695638053
2022-02-21,ADA-USD,Crypto,Crypto,-0.08003623678704752
2022-02-22,ADA-USD,Crypto,Crypto,0.03586539194104299
2022-02-23,ADA-USD,Crypto,Crypto,-0.022325770370285936
2022-02-24,ADA-USD,Crypto,Crypto,-0.01811382013019125
2022-02-25,ADA-USD,Crypto,Crypto,0.05226232594054414
2022-02-26,ADA-USD,Crypto,Crypto,-0.01125690800711221
2022-02-27,ADA-USD,Crypto,Crypto,-0.03331724038303008
2022-02-28,ADA-USD,Crypto,Crypto,0.11824404088977092
2022-03-01,ADA-USD,Crypto,Crypto,0.0026233847817724865
2022-03-02,ADA-USD,Crypto,Crypto,-0.024610716294900192
2022-03-03,ADA-USD,Crypto,Crypto,-0.03835565290747123
2022-03-04,ADA-USD,Crypto,Crypto,-0.06621546799893419
2022-03-05,ADA-USD,Crypto,Crypto,0.02702963391494051
2022-03-06,ADA-USD,Crypto,Crypto,-0.04842481522788544
2022-03-07,ADA-USD,Crypto,Crypto,-0.03201566684864576
2022-03-08,ADA-USD,Crypto,Crypto,0.004854609876063343
2022-03-09,ADA-USD,Crypto,Crypto,0.059960079578990744
2022-03-10,ADA-USD,Crypto,Crypto,-0.05060323794920718
2022-03-11,ADA-USD,Crypto,Crypto,-0.02008022331597492
2022-03-12,ADA-USD,Crypto,Crypto,0.000694774586005531
2022-03-13,ADA-USD,Crypto,Crypto,0.000406021480993779
2022-03-14,ADA-USD,Crypto,Crypto,0.01633637246100328
2022-03-15,ADA-USD,Crypto,Crypto,-0.004864952994586336
2022-03-16,ADA-USD,Crypto,Crypto,0.047959699812388346
2022-03-17,ADA-USD,Crypto,Crypto,-0.0018965443449122654
2022-03-18,ADA-USD,Crypto,Crypto,0.019896422128618863
2022-03-19,ADA-USD,Crypto,Crypto,0.05585208506917416
2022-03-20,ADA-USD,Crypto,Crypto,-0.026641935772568903
2022-03-21,ADA-USD,Crypto,Crypto,0.0452518293716373
2022-03-22,ADA-USD,Crypto,Crypto,0.06507325572701483
2022-03-23,ADA-USD,Crypto,Crypto,0.13420378349457285
2022-03-24,ADA-USD,Crypto,Crypto,0.02034254903429744
2022-03-25,ADA-USD,Crypto,Crypto,-0.028427130969334025
2022-03-26,ADA-USD,Crypto,Crypto,0.048006721570787114
2022-03-27,ADA-USD,Crypto,Crypto,0.027424081645424092
2022-03-28,ADA-USD,Crypto,Crypto,-0.010120529505345366
2022-03-29,ADA-USD,Crypto,Crypto,0.017884388229068016
2022-03-30,ADA-USD,Crypto,Crypto,-0.0006104022389622488
2022-03-31,ADA-USD,Crypto,Crypto,-0.040771713634123574
2022-04-01,ADA-USD,Crypto,Crypto,0.020645421953658927
2022-04-02,ADA-USD,Crypto,Crypto,-0.008081079403000735
2022-04-03,ADA-USD,Crypto,Crypto,0.025894244680730427
2022-04-04,ADA-USD,Crypto,Crypto,0.022770107416332674
2022-04-05,ADA-USD,Crypto,Crypto,-0.03474513804531143
2022-04-06,ADA-USD,Crypto,Crypto,-0.10081138201299589
2022-04-07,ADA-USD,Crypto,Crypto,0.0371619842779356
2022-04-08,ADA-USD,Crypto,Crypto,-0.060049865325191853
2022-04-09,ADA-USD,Crypto,Crypto,0.018209650191197024
2022-04-10,ADA-USD,Crypto,Crypto,-0.013521333765142307
2022-04-11,ADA-USD,Crypto,Crypto,-0.10712641179320725
2022-04-12,ADA-USD,Crypto,Crypto,0.03769355240196792
2022-04-13,ADA-USD,Crypto,Crypto,0.02046912155592051
2022-04-14,ADA-USD,Crypto,Crypto,-0.04338168319147595
2022-04-15,ADA-USD,Crypto,Crypto,0.02392177649722771
2022-04-16,ADA-USD,Crypto,Crypto,-0.0021754965024801676
2022-04-17,ADA-USD,Crypto,Crypto,-0.03692266994322024
2022-04-18,ADA-USD,Crypto,Crypto,0.02099700991227893
2022-04-19,ADA-USD,Crypto,Crypto,0.017724416351981853
2022-04-20,ADA-USD,Crypto,Crypto,-0.016774878309575025
2022-04-21,ADA-USD,Crypto,Crypto,-0.028662965952120478
2022-04-22,ADA-USD,Crypto,Crypto,-0.0036464288989899174
2022-04-23,ADA-USD,Crypto,Crypto,-0.020559913884269254
2022-04-24,ADA-USD,Crypto,Crypto,-0.002423220790619851
2022-04-25,ADA-USD,Crypto,Crypto,0.013927925013878184
2022-04-26,ADA-USD,Crypto,Crypto,-0.07905906775614158
2022-04-27,ADA-USD,Crypto,Crypto,0.01564680882230407
2022-04-28,ADA-USD,Crypto,Crypto,0.003991180785946513
2022-04-29,ADA-USD,Crypto,Crypto,-0.046101063688159916
2022-04-30,ADA-USD,Crypto,Crypto,-0.060099893531797566
2022-05-01,ADA-USD,Crypto,Crypto,0.04451671286986447
2022-05-02,ADA-USD,Crypto,Crypto,-0.01115335919803151
2022-05-03,ADA-USD,Crypto,Crypto,-0.01328680454009612
2022-05-04,ADA-USD,Crypto,Crypto,0.16313019674491525
2022-05-05,ADA-USD,Crypto,Crypto,-0.11794521467365837
2022-05-06,ADA-USD,Crypto,Crypto,-0.009850204861960754
2022-05-07,ADA-USD,Crypto,Crypto,-0.02741652839476072
2022-05-08,ADA-USD,Crypto,Crypto,-0.029294587130490823
2022-05-09,ADA-USD,Crypto,Crypto,-0.17506960133490135
2022-05-10,ADA-USD,Crypto,Crypto,0.030938164898943743
2022-05-11,ADA-USD,Crypto,Crypto,-0.1846897457300094
2022-05-12,ADA-USD,Crypto,Crypto,-0.07615830380609612
2022-05-13,ADA-USD,Crypto,Crypto,0.11637252443622348
2022-05-14,ADA-USD,Crypto,Crypto,0.01981746143730856
2022-05-15,ADA-USD,Crypto,Crypto,0.10779853874371392
2022-05-16,ADA-USD,Crypto,Crypto,-0.06825773984982819
2022-05-17,ADA-USD,Crypto,Crypto,0.0383696398717579
2022-05-18,ADA-USD,Crypto,Crypto,-0.12535011774473293
2022-05-19,ADA-USD,Crypto,Crypto,0.054796687702143965
2022-05-20,ADA-USD,Crypto,Crypto,-0.028901916281406925
2022-05-21,ADA-USD,Crypto,Crypto,0.020094284315478772
2022-05-22,ADA-USD,Crypto,Crypto,0.027074774488759612
2022-05-23,ADA-USD,Crypto,Crypto,-0.0553114096712527
2022-05-24,ADA-USD,Crypto,Crypto,0.01681413613935212
2022-05-25,ADA-USD,Crypto,Crypto,-0.014095757332908798
2022-05-26,ADA-USD,Crypto,Crypto,-0.0642059752303129
2022-05-27,ADA-USD,Crypto,Crypto,-0.05276957584137987
2022-05-28,ADA-USD,Crypto,Crypto,0.020322384850472774
2022-05-29,ADA-USD,Crypto,Crypto,0.03520498891560142
2022-05-30,ADA-USD,Crypto,Crypto,0.18487256185149703
2022-05-31,ADA-USD,Crypto,Crypto,0.09679631560820634
2022-06-01,ADA-USD,Crypto,Crypto,-0.11595925308443134
2022-06-02,ADA-USD,Crypto,Crypto,0.06340122709547935
2022-06-03,ADA-USD,Crypto,Crypto,-0.0478687761900648
2022-06-04,ADA-USD,Crypto,Crypto,0.011455238898161024
2022-06-05,ADA-USD,Crypto,Crypto,0.0018036104218335236
2022-06-06,ADA-USD,Crypto,Crypto,0.07448200272624339
2022-06-07,ADA-USD,Crypto,Crypto,0.010039003888063558
2022-06-08,ADA-USD,Crypto,Crypto,0.04252045479065614
2022-06-09,ADA-USD,Crypto,Crypto,-0.013550191894707186
2022-06-10,ADA-USD,Crypto,Crypto,-0.09275108403753551
2022-06-11,ADA-USD,Crypto,Crypto,-0.03733615148250746
2022-06-12,ADA-USD,Crypto,Crypto,-0.10115468318672549
2022-06-13,ADA-USD,Crypto,Crypto,-0.06788216980091455
2022-06-14,ADA-USD,Crypto,Crypto,0.045889602845272215
2022-06-15,ADA-USD,Crypto,Crypto,0.10097317485799961
2022-06-16,ADA-USD,Crypto,Crypto,-0.10927140290025217
2022-06-17,ADA-USD,Crypto,Crypto,0.026040942229272446
2022-06-18,ADA-USD,Crypto,Crypto,-0.0640347087181844
2022-06-19,ADA-USD,Crypto,Crypto,0.06177797399974705
2022-06-20,ADA-USD,Crypto,Crypto,0.01630383252261991
2022-06-21,ADA-USD,Crypto,Crypto,-0.02652453410429567
2022-06-22,ADA-USD,Crypto,Crypto,-0.043063063600933815
2022-06-23,ADA-USD,Crypto,Crypto,0.04737353097477359
2022-06-24,ADA-USD,Crypto,Crypto,0.039417718809190205
2022-06-25,ADA-USD,Crypto,Crypto,-0.0005568563595945708
2022-06-26,ADA-USD,Crypto,Crypto,-0.018625301265989158
2022-06-27,ADA-USD,Crypto,Crypto,-0.007889213578942122
2022-06-28,ADA-USD,Crypto,Crypto,-0.033181009947726436
2022-06-29,ADA-USD,Crypto,Crypto,-0.008861550816444907
2022-06-30,ADA-USD,Crypto,Crypto,-0.014306886924299711
2022-07-01,ADA-USD,Crypto,Crypto,-0.02344999986360463
2022-07-02,ADA-USD,Crypto,Crypto,0.018438319983037355
2022-07-03,ADA-USD,Crypto,Crypto,-0.0016741769310356647
2022-07-04,ADA-USD,Crypto,Crypto,0.03085472241935827
2022-07-05,ADA-USD,Crypto,Crypto,-0.025576829672716683
2022-07-06,ADA-USD,Crypto,Crypto,0.009935930790510028
2022-07-07,ADA-USD,Crypto,Crypto,0.03382452869632324
2022-07-08,ADA-USD,Crypto,Crypto,-0.021977257743700185
2022-07-09,ADA-USD,Crypto,Crypto,0.024499764195389684
2022-07-10,ADA-USD,Crypto,Crypto,-0.03245885964846751
2022-07-11,ADA-USD,Crypto,Crypto,-0.05979881470112369
2022-07-12,ADA-USD,Crypto,Crypto,-0.040393055084343876
2022-07-13,ADA-USD,Crypto,Crypto,0.04828579674010536
2022-07-14,ADA-USD,Crypto,Crypto,0.006658156731776943
2022-07-15,ADA-USD,Crypto,Crypto,0.003244755172927105
2022-07-16,ADA-USD,Crypto,Crypto,0.03339087830282983
2022-07-17,ADA-USD,Crypto,Crypto,-0.02160181143472406
2022-07-18,ADA-USD,Crypto,Crypto,0.10101643656821313
2022-07-19,ADA-USD,Crypto,Crypto,0.04715320099514719
2022-07-20,ADA-USD,Crypto,Crypto,-0.04793820193360776
2022-07-21,ADA-USD,Crypto,Crypto,0.018440317032526465
2022-07-22,ADA-USD,Crypto,Crypto,-0.03229765923598005
2022-07-23,ADA-USD,Crypto,Crypto,0.06906147248646177
2022-07-24,ADA-USD,Crypto,Crypto,-0.0068694740031531865
2022-07-25,ADA-USD,Crypto,Crypto,-0.07310813181061415
2022-07-26,ADA-USD,Crypto,Crypto,-0.018148034536026758
2022-07-27,ADA-USD,Crypto,Crypto,0.09184210588372288
2022-07-28,ADA-USD,Crypto,Crypto,0.005435309231351493
2022-07-29,ADA-USD,Crypto,Crypto,0.019494288054815234
2022-07-30,ADA-USD,Crypto,Crypto,0.0042821816233611365
2022-07-31,ADA-USD,Crypto,Crypto,-0.016279298166347655
2022-08-01,ADA-USD,Crypto,Crypto,-0.005603196437785951
2022-08-02,ADA-USD,Crypto,Crypto,-0.03363013362737444
2022-08-03,ADA-USD,Crypto,Crypto,0.00836299121303763
2022-08-04,ADA-USD,Crypto,Crypto,-0.0026348025218722038
2022-08-05,ADA-USD,Crypto,Crypto,0.035693742531049066
2022-08-06,ADA-USD,Crypto,Crypto,-0.012071511334606377
2022-08-07,ADA-USD,Crypto,Crypto,0.031714080125426536
2022-08-08,ADA-USD,Crypto,Crypto,0.017301472471031643
2022-08-09,ADA-USD,Crypto,Crypto,-0.04201303469769302
2022-08-10,ADA-USD,Crypto,Crypto,0.04482233524315604
2022-08-11,ADA-USD,Crypto,Crypto,-0.010864034491464558
2022-08-12,ADA-USD,Crypto,Crypto,0.017872709953854038
2022-08-13,ADA-USD,Crypto,Crypto,0.035247174650833824
2022-08-14,ADA-USD,Crypto,Crypto,0.01880984282116116
2022-08-15,ADA-USD,Crypto,Crypto,-0.03361488124699019
2022-08-16,ADA-USD,Crypto,Crypto,0.012235708110043042
2022-08-17,ADA-USD,Crypto,Crypto,-0.03741958022533565
2022-08-18,ADA-USD,Crypto,Crypto,-0.04544371405869674
2022-08-19,ADA-USD,Crypto,Crypto,-0.12026735483930984
2022-08-20,ADA-USD,Crypto,Crypto,0.0009046826612446601
2022-08-21,ADA-USD,Crypto,Crypto,0.02693471335266695
2022-08-22,ADA-USD,Crypto,Crypto,-0.004530339192632016
2022-08-23,ADA-USD,Crypto,Crypto,0.008150516825654597
2022-08-24,ADA-USD,Crypto,Crypto,-0.015257764742910518
2022-08-25,ADA-USD,Crypto,Crypto,0.015040086622155613
2022-08-26,ADA-USD,Crypto,Crypto,-0.07341090627649172
2022-08-27,ADA-USD,Crypto,Crypto,0.043726231401950644
2022-08-28,ADA-USD,Crypto,Crypto,-0.04370441251015855
2022-08-29,ADA-USD,Crypto,Crypto,0.048027068513276205
2022-08-30,ADA-USD,Crypto,Crypto,0.0032527097814645245
2022-08-31,ADA-USD,Crypto,Crypto,-0.01217246669813632
2022-09-01,ADA-USD,Crypto,Crypto,0.02421503390471713
2022-09-02,ADA-USD,Crypto,Crypto,-0.006387147271606164
2022-09-03,ADA-USD,Crypto,Crypto,0.056819915516628905
2022-09-04,ADA-USD,Crypto,Crypto,0.04724732682251198
2022-09-05,ADA-USD,Crypto,Crypto,-0.007877399382418937
2022-09-06,ADA-USD,Crypto,Crypto,-0.07223698840952819
2022-09-07,ADA-USD,Crypto,Crypto,0.03501872226502423
2022-09-08,ADA-USD,Crypto,Crypto,-1.6664557688117476e-05
2022-09-09,ADA-USD,Crypto,Crypto,0.04933705357128981
2022-09-10,ADA-USD,Crypto,Crypto,0.0188937679768304
2022-09-11,ADA-USD,Crypto,Crypto,-0.005210645788102042
2022-09-12,ADA-USD,Crypto,Crypto,-0.016097927333245332
2022-09-13,ADA-USD,Crypto,Crypto,-0.06512864746357083
2022-09-14,ADA-USD,Crypto,Crypto,0.026648512086287823
2022-09-15,ADA-USD,Crypto,Crypto,-0.032681294017730456
2022-09-16,ADA-USD,Crypto,Crypto,0.01821565216500831
2022-09-17,ADA-USD,Crypto,Crypto,0.02748212980188791
2022-09-18,ADA-USD,Crypto,Crypto,-0.08204766073769976
2022-09-19,ADA-USD,Crypto,Crypto,0.014128356065202574
2022-09-20,ADA-USD,Crypto,Crypto,-0.025589619130990338
2022-09-21,ADA-USD,Crypto,Crypto,-0.0016745719320702124
2022-09-22,ADA-USD,Crypto,Crypto,0.040364078784881796
2022-09-23,ADA-USD,Crypto,Crypto,0.006220510802908752
2022-09-24,ADA-USD,Crypto,Crypto,-0.022131961757446583
2022-09-25,ADA-USD,Crypto,Crypto,-0.011984018405112429
2022-09-26,ADA-USD,Crypto,Crypto,0.0012752156835766915
2022-09-27,ADA-USD,Crypto,Crypto,-0.010894037674215817
2022-09-28,ADA-USD,Crypto,Crypto,-0.010409804356376617
2022-09-29,ADA-USD,Crypto,Crypto,0.0020123331137467115
2022-09-30,ADA-USD,Crypto,Crypto,-0.008571985326349951
2022-10-01,ADA-USD,Crypto,Crypto,-0.009486355277650405
2022-10-02,ADA-USD,Crypto,Crypto,-0.0247738002915453
2022-10-03,ADA-USD,Crypto,Crypto,0.0199340977307203
2022-10-04,ADA-USD,Crypto,Crypto,0.018147261759612565
2022-10-05,ADA-USD,Crypto,Crypto,-0.010308273640122212
2022-10-06,ADA-USD,Crypto,Crypto,-0.005996218261183794
2022-10-07,ADA-USD,Crypto,Crypto,-0.010186905225950782
2022-10-08,ADA-USD,Crypto,Crypto,-0.0060897678344932205
2022-10-09,ADA-USD,Crypto,Crypto,0.0031678782557864604
2022-10-10,ADA-USD,Crypto,Crypto,-0.05027754060121836
2022-10-11,ADA-USD,Crypto,Crypto,-0.02802627819605752
2022-10-12,ADA-USD,Crypto,Crypto,-0.02365955177625012
2022-10-13,ADA-USD,Crypto,Crypto,-0.009603960512118426
2022-10-14,ADA-USD,Crypto,Crypto,-0.028564418425104265
2022-10-15,ADA-USD,Crypto,Crypto,-0.008469409382705684
2022-10-16,ADA-USD,Crypto,Crypto,0.01797148646935831
2022-10-17,ADA-USD,Crypto,Crypto,0.005574116896932102
2022-10-18,ADA-USD,Crypto,Crypto,-0.02826676378130799
2022-10-19,ADA-USD,Crypto,Crypto,-0.0325797639585641
2022-10-20,ADA-USD,Crypto,Crypto,-0.027934568597609677
2022-10-21,ADA-USD,Crypto,Crypto,0.025930561625922
2022-10-22,ADA-USD,Crypto,Crypto,0.006680480283580481
2022-10-23,ADA-USD,Crypto,Crypto,0.03042040468890317
2022-10-24,ADA-USD,Crypto,Crypto,-0.011715036659180833
2022-10-25,ADA-USD,Crypto,Crypto,0.12332024283109289
2022-10-26,ADA-USD,Crypto,Crypto,0.003741415173645679
2022-10-27,ADA-USD,Crypto,Crypto,-0.036667406507670974
2022-10-28,ADA-USD,Crypto,Crypto,0.040674388750567614
2022-10-29,ADA-USD,Crypto,Crypto,0.03775207299372152
2022-10-30,ADA-USD,Crypto,Crypto,-0.03271015430716551
2022-10-31,ADA-USD,Crypto,Crypto,0.000711796742909776
2022-11-01,ADA-USD,Crypto,Crypto,-0.012142691699670305
2022-11-02,ADA-USD,Crypto,Crypto,-0.0381811586111207
2022-11-03,ADA-USD,Crypto,Crypto,0.008661505395667124
2022-11-04,ADA-USD,Crypto,Crypto,0.08244311695463757
2022-11-05,ADA-USD,Crypto,Crypto,0.012359912647256444
2022-11-06,ADA-USD,Crypto,Crypto,-0.05560830264942351
2022-11-07,ADA-USD,Crypto,Crypto,0.0031116048358732495
2022-11-08,ADA-USD,Crypto,Crypto,-0.08020844721670939
2022-11-09,ADA-USD,Crypto,Crypto,-0.1452180504122932
2022-11-10,ADA-USD,Crypto,Crypto,0.1609001166449755
2022-11-11,ADA-USD,Crypto,Crypto,-0.038782910396683135
2022-11-12,ADA-USD,Crypto,Crypto,-0.0437678614193342
2022-11-13,ADA-USD,Crypto,Crypto,-0.02658749937608662
2022-11-14,ADA-USD,Crypto,Crypto,0.005216198571049935
2022-11-15,ADA-USD,Crypto,Crypto,0.015549252110798273
2022-11-16,ADA-USD,Crypto,Crypto,-0.013729660016770229
2022-11-17,ADA-USD,Crypto,Crypto,-0.022633597447262344
2022-11-18,ADA-USD,Crypto,Crypto,0.004192575743828808
2022-11-19,ADA-USD,Crypto,Crypto,0.007022919453032017
2022-11-20,ADA-USD,Crypto,Crypto,-0.04932852425203438
2022-11-21,ADA-USD,Crypto,Crypto,-0.024844159200189675
2022-11-22,ADA-USD,Crypto,Crypto,0.024212992841230463
2022-11-23,ADA-USD,Crypto,Crypto,0.020501862824212402
2022-11-24,ADA-USD,Crypto,Crypto,-0.005840119405153832
2022-11-25,ADA-USD,Crypto,Crypto,-0.004641963021755902
2022-11-26,ADA-USD,Crypto,Crypto,-0.0038065044562650696
2022-11-27,ADA-USD,Crypto,Crypto,-0.004257651097511639
2022-11-28,ADA-USD,Crypto,Crypto,-0.01841549239351803
2022-11-29,ADA-USD,Crypto,Crypto,0.008712150952314035
2022-11-30,ADA-USD,Crypto,Crypto,0.030742904064637866
2022-12-01,ADA-USD,Crypto,Crypto,-0.013795033204865303
2022-12-02,ADA-USD,Crypto,Crypto,0.015654170092449737
2022-12-03,ADA-USD,Crypto,Crypto,0.0007733132291798395
2022-12-04,ADA-USD,Crypto,Crypto,0.009685517398782428
2022-12-05,ADA-USD,Crypto,Crypto,-0.010017089127087875
2022-12-06,ADA-USD,Crypto,Crypto,-0.003295523238932563
2022-12-07,ADA-USD,Crypto,Crypto,-0.025572814365575347
2022-12-08,ADA-USD,Crypto,Crypto,0.014575306808253918
2022-12-09,ADA-USD,Crypto,Crypto,-0.010055774225420588
2022-12-10,ADA-USD,Crypto,Crypto,0.0029806433167640645
2022-12-11,ADA-USD,Crypto,Crypto,-0.015658693506927057
2022-12-12,ADA-USD,Crypto,Crypto,-0.002476400155427494
2022-12-13,ADA-USD,Crypto,Crypto,0.019273558840094962
2022-12-14,ADA-USD,Crypto,Crypto,-0.015121536878380804
2022-12-15,ADA-USD,Crypto,Crypto,-0.025745263612167224
2022-12-16,ADA-USD,Crypto,Crypto,-0.12035601048895306
2022-12-17,ADA-USD,Crypto,Crypto,0.010716850404577816
2022-12-18,ADA-USD,Crypto,Crypto,-0.00211686932022348
2022-12-19,ADA-USD,Crypto,Crypto,-0.05027884951078243
2022-12-20,ADA-USD,Crypto,Crypto,0.023969789541946396
2022-12-21,ADA-USD,Crypto,Crypto,-0.022597833832499137
2022-12-22,ADA-USD,Crypto,Crypto,0.013308118405465086
2022-12-23,ADA-USD,Crypto,Crypto,0.01132839747364045
2022-12-24,ADA-USD,Crypto,Crypto,-0.00023515240046723118
2022-12-25,ADA-USD,Crypto,Crypto,-0.0003778031025356565
2022-12-26,ADA-USD,Crypto,Crypto,0.023245971278411215
2022-12-27,ADA-USD,Crypto,Crypto,-0.018571674105161917
2022-12-28,ADA-USD,Crypto,Crypto,-0.046057507485491755
2022-12-29,ADA-USD,Crypto,Crypto,-0.01706268131277422
2022-12-30,ADA-USD,Crypto,Crypto,0.005804030991778619
2022-12-31,ADA-USD,Crypto,Crypto,0.003701790837348673
2023-01-01,ADA-USD,Crypto,Crypto,0.013409570090253009
2023-01-02,ADA-USD,Crypto,Crypto,0.01624283909506885
2023-01-03,ADA-USD,Crypto,Crypto,-0.004065725073482018
2023-01-04,ADA-USD,Crypto,Crypto,0.05886570657969781
2023-01-05,ADA-USD,Crypto,Crypto,0.005323572800400855
2023-01-06,ADA-USD,Crypto,Crypto,0.03548842053853085
2023-01-07,ADA-USD,Crypto,Crypto,-0.005551758768172488
2023-01-08,ADA-USD,Crypto,Crypto,0.06536506755519222
2023-01-09,ADA-USD,Crypto,Crypto,0.07412825443333015
2023-01-10,ADA-USD,Crypto,Crypto,0.01701033732803503
2023-01-11,ADA-USD,Crypto,Crypto,0.0007844807908941043
2023-01-12,ADA-USD,Crypto,Crypto,0.02171656559084645
2023-01-13,ADA-USD,Crypto,Crypto,0.04855993424940008
2023-01-14,ADA-USD,Crypto,Crypto,0.01961119275306733
2023-01-15,ADA-USD,Crypto,Crypto,-0.0061948410785682695
2023-01-16,ADA-USD,Crypto,Crypto,-0.0009361710163120485
2023-01-17,ADA-USD,Crypto,Crypto,-0.012224282320736357
2023-01-18,ADA-USD,Crypto,Crypto,-0.05473721609396598
2023-01-19,ADA-USD,Crypto,Crypto,0.037523469778639296
2023-01-20,ADA-USD,Crypto,Crypto,0.07516096026515084
2023-01-21,ADA-USD,Crypto,Crypto,0.012178223098651575
2023-01-22,ADA-USD,Crypto,Crypto,0.02050804452556987
2023-01-23,ADA-USD,Crypto,Crypto,-0.0028944165892843543
2023-01-24,ADA-USD,Crypto,Crypto,-0.04316060630375518
2023-01-25,ADA-USD,Crypto,Crypto,0.03927942311247823
2023-01-26,ADA-USD,Crypto,Crypto,0.017806211870169397
2023-01-27,ADA-USD,Crypto,Crypto,0.023469998111766976
2023-01-28,ADA-USD,Crypto,Crypto,-0.017039421408371447
2023-01-29,ADA-USD,Crypto,Crypto,0.036516185927027545
2023-01-30,ADA-USD,Crypto,Crypto,-0.06005861908558374
2023-01-31,ADA-USD,Crypto,Crypto,0.049434792643964
2023-02-01,ADA-USD,Crypto,Crypto,0.016159041875995817
2023-02-02,ADA-USD,Crypto,Crypto,0.0008055959282970981
2023-02-03,ADA-USD,Crypto,Crypto,0.017036280581987917
2023-02-04,ADA-USD,Crypto,Crypto,-0.011401413623158385
2023-02-05,ADA-USD,Crypto,Crypto,-0.018147442039297634
2023-02-06,ADA-USD,Crypto,Crypto,-0.025609500974814292
2023-02-07,ADA-USD,Crypto,Crypto,0.04390192924378655
2023-02-08,ADA-USD,Crypto,Crypto,-0.012968089843687358
2023-02-09,ADA-USD,Crypto,Crypto,-0.0799476370175548
2023-02-10,ADA-USD,Crypto,Crypto,-0.01074666147999892
2023-02-11,ADA-USD,Crypto,Crypto,0.029464439893187366
2023-02-12,ADA-USD,Crypto,Crypto,-0.013288115629159436
2023-02-13,ADA-USD,Crypto,Crypto,-0.012816448641557843
2023-02-14,ADA-USD,Crypto,Crypto,0.07456053991520739
2023-02-15,ADA-USD,Crypto,Crypto,0.08196334826581841
2023-02-16,ADA-USD,Crypto,Crypto,-0.0722600220348234
2023-02-17,ADA-USD,Crypto,Crypto,0.04135325666106149
2023-02-18,ADA-USD,Crypto,Crypto,0.005911726345384727
2023-02-19,ADA-USD,Crypto,Crypto,-0.015317576982480707
2023-02-20,ADA-USD,Crypto,Crypto,0.009737390340953889
2023-02-21,ADA-USD,Crypto,Crypto,-0.028677957384617758
2023-02-22,ADA-USD,Crypto,Crypto,-0.008908943574741479
2023-02-23,ADA-USD,Crypto,Crypto,-0.015165030743623964
2023-02-24,ADA-USD,Crypto,Crypto,-0.0449163285836367
2023-02-25,ADA-USD,Crypto,Crypto,-0.009444596833736996
2023-02-26,ADA-USD,Crypto,Crypto,0.01823854721283591
2023-02-27,ADA-USD,Crypto,Crypto,-0.011041397648707263
2023-02-28,ADA-USD,Crypto,Crypto,-0.03410533454851561
2023-03-01,ADA-USD,Crypto,Crypto,0.02241993628827177
2023-03-02,ADA-USD,Crypto,Crypto,-0.028166633185960355
2023-03-03,ADA-USD,Crypto,Crypto,-0.021327443546541702
2023-03-04,ADA-USD,Crypto,Crypto,-0.018200497463336962
2023-03-05,ADA-USD,Crypto,Crypto,0.0017919529594856431
2023-03-06,ADA-USD,Crypto,Crypto,-0.018632308708857126
2023-03-07,ADA-USD,Crypto,Crypto,-0.0010217547642626945
2023-03-08,ADA-USD,Crypto,Crypto,-0.03905188928043213
2023-03-09,ADA-USD,Crypto,Crypto,-0.024872758517268445
2023-03-10,ADA-USD,Crypto,Crypto,0.01829003348933589
2023-03-11,ADA-USD,Crypto,Crypto,-0.025416869779972262
2023-03-12,ADA-USD,Crypto,Crypto,0.07878254293974418
2023-03-13,ADA-USD,Crypto,Crypto,0.039349808707780376
2023-03-14,ADA-USD,Crypto,Crypto,-0.0008039020427846877
2023-03-15,ADA-USD,Crypto,Crypto,-0.05713196825187161
2023-03-16,ADA-USD,Crypto,Crypto,0.0022979874249633436
2023-03-17,ADA-USD,Crypto,Crypto,0.0772658687336063
2023-03-18,ADA-USD,Crypto,Crypto,-0.036553849575662656
2023-03-19,ADA-USD,Crypto,Crypto,0.024574245296447472
2023-03-20,ADA-USD,Crypto,Crypto,-0.038770581203426024
2023-03-21,ADA-USD,Crypto,Crypto,0.1161803599916702
2023-03-22,ADA-USD,Crypto,Crypto,-0.02861524236162749
2023-03-23,ADA-USD,Crypto,Crypto,0.031701636440629954
2023-03-24,ADA-USD,Crypto,Crypto,-0.03215201446935978
2023-03-25,ADA-USD,Crypto,Crypto,-0.022458735575380362
2023-03-26,ADA-USD,Crypto,Crypto,0.012071178236336078
2023-03-27,ADA-USD,Crypto,Crypto,-0.030133769754197015
2023-03-28,ADA-USD,Crypto,Crypto,0.06611671545307884
2023-03-29,ADA-USD,Crypto,Crypto,0.035930118902979036
2023-03-30,ADA-USD,Crypto,Crypto,-0.01344376547270143
2023-03-31,ADA-USD,Crypto,Crypto,0.059671855342376956
2023-04-01,ADA-USD,Crypto,Crypto,-0.03392890961093742
2023-04-02,ADA-USD,Crypto,Crypto,-0.009432025349003115
2023-04-03,ADA-USD,Crypto,Crypto,0.014108585772830473
2023-04-04,ADA-USD,Crypto,Crypto,0.006571323723392419
2023-04-05,ADA-USD,Crypto,Crypto,0.0068799179417651235
2023-04-06,ADA-USD,Crypto,Crypto,-0.023330356625408277
2023-04-07,ADA-USD,Crypto,Crypto,0.0011299233792338992
2023-04-08,ADA-USD,Crypto,Crypto,0.00519229393355336
2023-04-09,ADA-USD,Crypto,Crypto,0.010522912977617871
2023-04-10,ADA-USD,Crypto,Crypto,0.018722420215408153
2023-04-11,ADA-USD,Crypto,Crypto,0.01125222772909007
2023-04-12,ADA-USD,Crypto,Crypto,0.012721233189722181
2023-04-13,ADA-USD,Crypto,Crypto,0.04721524885920236
2023-04-14,ADA-USD,Crypto,Crypto,0.029526110728182564
2023-04-15,ADA-USD,Crypto,Crypto,0.03410674008564363
2023-04-16,ADA-USD,Crypto,Crypto,-0.0033643986775943047
2023-04-17,ADA-USD,Crypto,Crypto,-0.03893258528515775
2023-04-18,ADA-USD,Crypto,Crypto,0.02207674276354976
2023-04-19,ADA-USD,Crypto,Crypto,-0.06300589005420199
2023-04-20,ADA-USD,Crypto,Crypto,-0.036224766333101566
2023-04-21,ADA-USD,Crypto,Crypto,-0.04439882760321967
2023-04-22,ADA-USD,Crypto,Crypto,0.03450677978514172
2023-04-23,ADA-USD,Crypto,Crypto,-0.018056166062412227
2023-04-24,ADA-USD,Crypto,Crypto,-0.013069429298548374
2023-04-25,ADA-USD,Crypto,Crypto,0.028659961281106483
2023-04-26,ADA-USD,Crypto,Crypto,0.016659066144764978
2023-04-27,ADA-USD,Crypto,Crypto,0.020784681633519764
2023-04-28,ADA-USD,Crypto,Crypto,-0.011982650730811062
2023-04-29,ADA-USD,Crypto,Crypto,-0.0053046003451909796
2023-04-30,ADA-USD,Crypto,Crypto,-0.013481129526278113
2023-05-01,ADA-USD,Crypto,Crypto,-0.026417259207013433
2023-05-02,ADA-USD,Crypto,Crypto,0.01270749255417658
2023-05-03,ADA-USD,Crypto,Crypto,0.0055364027227111645
2023-05-04,ADA-USD,Crypto,Crypto,-0.016484623822672795
2023-05-05,ADA-USD,Crypto,Crypto,0.018675987058441423
2023-05-06,ADA-USD,Crypto,Crypto,-0.03690291848836069
2023-05-07,ADA-USD,Crypto,Crypto,-0.00845258566720275
2023-05-08,ADA-USD,Crypto,Crypto,-0.029391943475012394
2023-05-09,ADA-USD,Crypto,Crypto,-0.005527182516940066
2023-05-10,ADA-USD,Crypto,Crypto,0.01685236969604431
2023-05-11,ADA-USD,Crypto,Crypto,-0.026755925589779683
2023-05-12,ADA-USD,Crypto,Crypto,0.028952469119860602
2023-05-13,ADA-USD,Crypto,Crypto,-0.014662758485540106
2023-05-14,ADA-USD,Crypto,Crypto,0.015697305315107046
2023-05-15,ADA-USD,Crypto,Crypto,-0.008843973498222524
2023-05-16,ADA-USD,Crypto,Crypto,0.0009469898180549663
2023-05-17,ADA-USD,Crypto,Crypto,0.020648132236327887
2023-05-18,ADA-USD,Crypto,Crypto,-0.008915254239979076
2023-05-19,ADA-USD,Crypto,Crypto,-0.010382249997717197
2023-05-20,ADA-USD,Crypto,Crypto,-0.005045954167642974
2023-05-21,ADA-USD,Crypto,Crypto,-0.016361068880323737
2023-05-22,ADA-USD,Crypto,Crypto,0.021184150285284753
2023-05-23,ADA-USD,Crypto,Crypto,0.006758217774153197
2023-05-24,ADA-USD,Crypto,Crypto,-0.01686980850074571
2023-05-25,ADA-USD,Crypto,Crypto,-0.015973273690614187
2023-05-26,ADA-USD,Crypto,Crypto,0.01246602799081531
2023-05-27,ADA-USD,Crypto,Crypto,0.010719617764477718
2023-05-28,ADA-USD,Crypto,Crypto,0.04423707917181052
2023-05-29,ADA-USD,Crypto,Crypto,-0.010080992496175889
2023-05-30,ADA-USD,Crypto,Crypto,-0.0031755826237879203
2023-05-31,ADA-USD,Crypto,Crypto,-0.009342924627727234
2023-06-01,ADA-USD,Crypto,Crypto,-0.025851795129779198
2023-06-02,ADA-USD,Crypto,Crypto,0.03723361791165902
2023-06-03,ADA-USD,Crypto,Crypto,-0.006016334304307924
2023-06-04,ADA-USD,Crypto,Crypto,0.004427851493405299
2023-06-05,ADA-USD,Crypto,Crypto,-0.06798645716963114
2023-06-06,ADA-USD,Crypto,Crypto,0.0048293792330511565
2023-06-07,ADA-USD,Crypto,Crypto,-0.08887666439795538
2023-06-08,ADA-USD,Crypto,Crypto,0.0027275194646128043
2023-06-09,ADA-USD,Crypto,Crypto,-0.08589015387311116
2023-06-10,ADA-USD,Crypto,Crypto,-0.06502009228599681
2023-06-11,ADA-USD,Crypto,Crypto,-0.012903973473846864
2023-06-12,ADA-USD,Crypto,Crypto,0.008869095736802057
2023-06-13,ADA-USD,Crypto,Crypto,-0.00022537460130089837
2023-06-14,ADA-USD,Crypto,Crypto,-0.042765800668234655
2023-06-15,ADA-USD,Crypto,Crypto,-0.00482100050054346
2023-06-16,ADA-USD,Crypto,Crypto,0.004687810373320556
2023-06-17,ADA-USD,Crypto,Crypto,0.014221908379131065
2023-06-18,ADA-USD,Crypto,Crypto,-0.022346830282013896
2023-06-19,ADA-USD,Crypto,Crypto,0.00798963965481514
2023-06-20,ADA-USD,Crypto,Crypto,0.027679380079774107
2023-06-21,ADA-USD,Crypto,Crypto,0.06166930665824699
2023-06-22,ADA-USD,Crypto,Crypto,0.011543571306780853
2023-06-23,ADA-USD,Crypto,Crypto,0.021249448738195564
2023-06-24,ADA-USD,Crypto,Crypto,-0.021822555344966466
2023-06-25,ADA-USD,Crypto,Crypto,0.00797549076227888
2023-06-26,ADA-USD,Crypto,Crypto,-0.04095098696588639
2023-06-27,ADA-USD,Crypto,Crypto,0.021993662459250274
2023-06-28,ADA-USD,Crypto,Crypto,-0.06753806109746441
2023-06-29,ADA-USD,Crypto,Crypto,0.03142200791013283
2023-06-30,ADA-USD,Crypto,Crypto,0.041340769314044845
2023-07-01,ADA-USD,Crypto,Crypto,0.018762451127604107
2023-07-02,ADA-USD,Crypto,Crypto,-0.000974890876548562
2023-07-03,ADA-USD,Crypto,Crypto,0.014572529475271878
2023-07-04,ADA-USD,Crypto,Crypto,-0.01247336321367154
2023-07-05,ADA-USD,Crypto,Crypto,-0.027831763003219434
2023-07-06,ADA-USD,Crypto,Crypto,-0.016771460356828305
2023-07-07,ADA-USD,Crypto,Crypto,0.017250610670552335
2023-07-08,ADA-USD,Crypto,Crypto,0.02153057350026044
2023-07-09,ADA-USD,Crypto,Crypto,-0.02084976266399552
2023-07-10,ADA-USD,Crypto,Crypto,0.011946962752933832
2023-07-11,ADA-USD,Crypto,Crypto,0.016761019494847318
2023-07-12,ADA-USD,Crypto,Crypto,-0.01386526799779586
2023-07-13,ADA-USD,Crypto,Crypto,0.23860806218444597
2023-07-14,ADA-USD,Crypto,Crypto,-0.08068320244019445
2023-07-15,ADA-USD,Crypto,Crypto,-0.007408773040872618
2023-07-16,ADA-USD,Crypto,Crypto,-0.03517836557637888
2023-07-17,ADA-USD,Crypto,Crypto,-0.007605988176518252
2023-07-18,ADA-USD,Crypto,Crypto,-0.01628856758894348
2023-07-19,ADA-USD,Crypto,Crypto,0.05242045764454817
2023-07-20,ADA-USD,Crypto,Crypto,-0.02293571938855643
2023-07-21,ADA-USD,Crypto,Crypto,-0.008861319584802296
2023-07-22,ADA-USD,Crypto,Crypto,-0.011235467667269017
2023-07-23,ADA-USD,Crypto,Crypto,0.02385940499261907
2023-07-24,ADA-USD,Crypto,Crypto,-0.037375082501552304
2023-07-25,ADA-USD,Crypto,Crypto,-0.00423174649347402
2023-07-26,ADA-USD,Crypto,Crypto,0.00863111278587314
2023-07-27,ADA-USD,Crypto,Crypto,0.002882838403310606
2023-07-28,ADA-USD,Crypto,Crypto,0.00870166735036837
2023-07-29,ADA-USD,Crypto,Crypto,0.008265650636808841
2023-07-30,ADA-USD,Crypto,Crypto,0.009169813348741895
2023-07-31,ADA-USD,Crypto,Crypto,-0.02580530089739419
2023-08-01,ADA-USD,Crypto,Crypto,0.008010110893198252
2023-08-02,ADA-USD,Crypto,Crypto,-0.034076361772768515
2023-08-03,ADA-USD,Crypto,Crypto,-0.02275641191547373
2023-08-04,ADA-USD,Crypto,Crypto,0.0027754290139745397
2023-08-05,ADA-USD,Crypto,Crypto,0.0008213750098025052
2023-08-06,ADA-USD,Crypto,Crypto,-0.005268481654604473
2023-08-07,ADA-USD,Crypto,Crypto,-0.006114801003933801
2023-08-08,ADA-USD,Crypto,Crypto,0.025660020715107423
2023-08-09,ADA-USD,Crypto,Crypto,0.011402445322953536
2023-08-10,ADA-USD,Crypto,Crypto,-0.016636808924901603
2023-08-11,ADA-USD,Crypto,Crypto,-0.009050091611974231
2023-08-12,ADA-USD,Crypto,Crypto,-0.00549664714984377
2023-08-13,ADA-USD,Crypto,Crypto,-0.007901719951901587
2023-08-14,ADA-USD,Crypto,Crypto,0.0037301925837114336
2023-08-15,ADA-USD,Crypto,Crypto,-0.030260415881513847
2023-08-16,ADA-USD,Crypto,Crypto,-0.025850105470384577
2023-08-17,ADA-USD,Crypto,Crypto,-0.06765695824850071
2023-08-18,ADA-USD,Crypto,Crypto,0.03099728998867679
2023-08-19,ADA-USD,Crypto,Crypto,0.01699935831022148
2023-08-20,ADA-USD,Crypto,Crypto,0.00868557981208995
2023-08-21,ADA-USD,Crypto,Crypto,-0.027815859702336798
2023-08-22,ADA-USD,Crypto,Crypto,-0.01828799176339413
2023-08-23,ADA-USD,Crypto,Crypto,0.03715272378792167
2023-08-24,ADA-USD,Crypto,Crypto,-0.0077658539319681585
2023-08-25,ADA-USD,Crypto,Crypto,-0.01806808586857922
2023-08-26,ADA-USD,Crypto,Crypto,-0.00048639381507054047
2023-08-27,ADA-USD,Crypto,Crypto,0.009553421431614195
2023-08-28,ADA-USD,Crypto,Crypto,0.015137818459529662
2023-08-29,ADA-USD,Crypto,Crypto,0.018752237118764947
2023-08-30,ADA-USD,Crypto,Crypto,-0.024940408806906178
2023-08-31,ADA-USD,Crypto,Crypto,-0.038700703364610844
2023-09-01,ADA-USD,Crypto,Crypto,-0.0007361508413685769
2023-09-02,ADA-USD,Crypto,Crypto,0.004095023607348702
2023-09-03,ADA-USD,Crypto,Crypto,-0.0017054656317794237
2023-09-04,ADA-USD,Crypto,Crypto,0.0013800553629976786
2023-09-05,ADA-USD,Crypto,Crypto,0.0057310007383504225
2023-09-06,ADA-USD,Crypto,Crypto,0.00020580532990677192
2023-09-07,ADA-USD,Crypto,Crypto,0.00020564732062822166
2023-09-08,ADA-USD,Crypto,Crypto,-0.012998563308774802
2023-09-09,ADA-USD,Crypto,Crypto,-0.0034516892961780066
2023-09-10,ADA-USD,Crypto,Crypto,-0.01751532487320384
2023-09-11,ADA-USD,Crypto,Crypto,-0.02882533305068924
2023-09-12,ADA-USD,Crypto,Crypto,0.01652519353649895
2023-09-13,ADA-USD,Crypto,Crypto,0.012258564455781329
2023-09-14,ADA-USD,Crypto,Crypto,0.009229195244278232
2023-09-15,ADA-USD,Crypto,Crypto,-0.0021419665989419467
2023-09-16,ADA-USD,Crypto,Crypto,-0.0008257846470165475
2023-09-17,ADA-USD,Crypto,Crypto,-0.012458292862822629
2023-09-18,ADA-USD,Crypto,Crypto,0.017900119394380853
2023-09-19,ADA-USD,Crypto,Crypto,0.013970605035365402
2023-09-20,ADA-USD,Crypto,Crypto,-0.014220726333270428
2023-09-21,ADA-USD,Crypto,Crypto,-0.024540043693806024
2023-09-22,ADA-USD,Crypto,Crypto,-0.0021714760002394806
2023-09-23,ADA-USD,Crypto,Crypto,0.004944441426082857
2023-09-24,ADA-USD,Crypto,Crypto,-0.012623241992562373
2023-09-25,ADA-USD,Crypto,Crypto,0.011747725930623565
2023-09-26,ADA-USD,Crypto,Crypto,-0.0019765714318613625
2023-09-27,ADA-USD,Crypto,Crypto,-0.0024613527420759285
2023-09-28,ADA-USD,Crypto,Crypto,0.01768445704271926
2023-09-29,ADA-USD,Crypto,Crypto,0.0016698607980782931
2023-09-30,ADA-USD,Crypto,Crypto,0.018077607071793622
2023-10-01,ADA-USD,Crypto,Crypto,0.04663704895228449
2023-10-02,ADA-USD,Crypto,Crypto,-0.024002023771468983
2023-10-03,ADA-USD,Crypto,Crypto,0.0058378621217203275
2023-10-04,ADA-USD,Crypto,Crypto,-0.006562429855025531
2023-10-05,ADA-USD,Crypto,Crypto,0.0032161199507927396
2023-10-06,ADA-USD,Crypto,Crypto,0.01815502811727865
2023-10-07,ADA-USD,Crypto,Crypto,-0.023169731413211436
2023-10-08,ADA-USD,Crypto,Crypto,-0.008139644443154403
2023-10-09,ADA-USD,Crypto,Crypto,-0.019432728218658823
2023-10-10,ADA-USD,Crypto,Crypto,-0.009938706993992241
2023-10-11,ADA-USD,Crypto,Crypto,-0.004575716036699262
2023-10-12,ADA-USD,Crypto,Crypto,-0.008383011182135025
2023-10-13,ADA-USD,Crypto,Crypto,0.0009108345564037279
2023-10-14,ADA-USD,Crypto,Crypto,0.00351422501379961
2023-10-15,ADA-USD,Crypto,Crypto,0.0013966652325190232
2023-10-16,ADA-USD,Crypto,Crypto,0.017007936249757494
2023-10-17,ADA-USD,Crypto,Crypto,-0.01768150043821537
2023-10-18,ADA-USD,Crypto,Crypto,-0.014819031830650586
2023-10-19,ADA-USD,Crypto,Crypto,0.014253279531081686
2023-10-20,ADA-USD,Crypto,Crypto,0.01707010714439594
2023-10-21,ADA-USD,Crypto,Crypto,0.029653036451708248
2023-10-22,ADA-USD,Crypto,Crypto,0.0192895364386787
2023-10-23,ADA-USD,Crypto,Crypto,0.06214975008033652
2023-10-24,ADA-USD,Crypto,Crypto,-0.0034326208307549066
2023-10-25,ADA-USD,Crypto,Crypto,0.005602229226833622
2023-10-26,ADA-USD,Crypto,Crypto,0.02400950424675341
2023-10-27,ADA-USD,Crypto,Crypto,0.007574129245885963
2023-10-28,ADA-USD,Crypto,Crypto,0.006156121312056673
2023-10-29,ADA-USD,Crypto,Crypto,0.01384720827183572
2023-10-30,ADA-USD,Crypto,Crypto,0.025233413668659166
2023-10-31,ADA-USD,Crypto,Crypto,-0.03180014465350545
2023-11-01,ADA-USD,Crypto,Crypto,0.04896503206545488
2023-11-02,ADA-USD,Crypto,Crypto,0.05100841245168475
2023-11-03,ADA-USD,Crypto,Crypto,0.018193286153838306
2023-11-04,ADA-USD,Crypto,Crypto,-0.00145587277956305
2023-11-05,ADA-USD,Crypto,Crypto,0.04361087223921545
2023-11-06,ADA-USD,Crypto,Crypto,0.05990026083008071
2023-11-07,ADA-USD,Crypto,Crypto,-0.03257222086134692
2023-11-08,ADA-USD,Crypto,Crypto,0.019282065888402533
2023-11-09,ADA-USD,Crypto,Crypto,0.027863819316179095
2023-11-10,ADA-USD,Crypto,Crypto,0.048529152849779544
2023-11-11,ADA-USD,Crypto,Crypto,-0.004261884178763942
2023-11-12,ADA-USD,Crypto,Crypto,-0.0030710269131785095
2023-11-13,ADA-USD,Crypto,Crypto,-0.06512546952981679
2023-11-14,ADA-USD,Crypto,Crypto,-0.001520569892333623
2023-11-15,ADA-USD,Crypto,Crypto,0.059859719981262716
2023-11-16,ADA-USD,Crypto,Crypto,-0.01984225887032598
2023-11-17,ADA-USD,Crypto,Crypto,-0.013871612391364474
2023-11-18,ADA-USD,Crypto,Crypto,0.030236582842039228
2023-11-19,ADA-USD,Crypto,Crypto,0.01808604351760401
2023-11-20,ADA-USD,Crypto,Crypto,-0.00999417323037255
2023-11-21,ADA-USD,Crypto,Crypto,-0.057924927475236365
2023-11-22,ADA-USD,Crypto,Crypto,0.06142520230752746
2023-11-23,ADA-USD,Crypto,Crypto,0.01580150992379914
2023-11-24,ADA-USD,Crypto,Crypto,-0.001194790460790518
2023-11-25,ADA-USD,Crypto,Crypto,0.022262325993710474
2023-11-26,ADA-USD,Crypto,Crypto,-0.016782738746521142
2023-11-27,ADA-USD,Crypto,Crypto,-0.02531268504813733
2023-11-28,ADA-USD,Crypto,Crypto,0.01920134509371385
2023-11-29,ADA-USD,Crypto,Crypto,-0.009978597142957346
2023-11-30,ADA-USD,Crypto,Crypto,-0.015404350741205719
2023-12-01,ADA-USD,Crypto,Crypto,0.022099283252132285
2023-12-02,ADA-USD,Crypto,Crypto,0.035387629851190816
2023-12-03,ADA-USD,Crypto,Crypto,-0.006644048353424692
2023-12-04,ADA-USD,Crypto,Crypto,0.029497250287008114
2023-12-05,ADA-USD,Crypto,Crypto,0.046328611389981456
2023-12-06,ADA-USD,Crypto,Crypto,0.039346168990875174
2023-12-07,ADA-USD,Crypto,Crypto,0.03170394623475259
2023-12-08,ADA-USD,Crypto,Crypto,0.19606208608022935
2023-12-09,ADA-USD,Crypto,Crypto,0.059860236367695885
2023-12-10,ADA-USD,Crypto,Crypto,0.02688389981268724
2023-12-11,ADA-USD,Crypto,Crypto,-0.07259727292617668
2023-12-12,ADA-USD,Crypto,Crypto,0.04607090540875869
2023-12-13,ADA-USD,Crypto,Crypto,0.1541219408914012
2023-12-14,ADA-USD,Crypto,Crypto,-0.03271883323110181
2023-12-15,ADA-USD,Crypto,Crypto,-0.0653790387697254
2023-12-16,ADA-USD,Crypto,Crypto,0.010310752717158644
2023-12-17,ADA-USD,Crypto,Crypto,-0.0449219721390659
2023-12-18,ADA-USD,Crypto,Crypto,0.035703071871116654
2023-12-19,ADA-USD,Crypto,Crypto,-0.04065160864210016
2023-12-20,ADA-USD,Crypto,Crypto,0.0220759430966897
2023-12-21,ADA-USD,Crypto,Crypto,0.08020986518058515
2023-12-22,ADA-USD,Crypto,Crypto,-0.019451780600258872
2023-12-23,ADA-USD,Crypto,Crypto,-0.015488216066925853
2023-12-24,ADA-USD,Crypto,Crypto,-0.033509255940964544
2023-12-25,ADA-USD,Crypto,Crypto,0.05348216356372881
2023-12-26,ADA-USD,Crypto,Crypto,-0.0270439983173707
2023-12-27,ADA-USD,Crypto,Crypto,0.0406308938988551
2023-12-28,ADA-USD,Crypto,Crypto,-0.025433546894642722
2023-12-29,ADA-USD,Crypto,Crypto,-0.014460127997720118
2023-12-30,ADA-USD,Crypto,Crypto,-0.010731390996132295
2023-12-31,ADA-USD,Crypto,Crypto,-0.012889433702204522
2020-01-02,BCH-USD,Crypto,Crypto,-0.04255909697935789
2020-01-03,BCH-USD,Crypto,Crypto,0.13650798527067698
2020-01-04,BCH-USD,Crypto,Crypto,0.01621179170745557
2020-01-05,BCH-USD,Crypto,Crypto,-0.008504451113499067
2020-01-06,BCH-USD,Crypto,Crypto,0.09130296825836703
2020-01-07,BCH-USD,Crypto,Crypto,-0.005310438732011091
2020-01-08,BCH-USD,Crypto,Crypto,-0.009057350907080597
2020-01-09,BCH-USD,Crypto,Crypto,-0.0076024533803610295
2020-01-10,BCH-USD,Crypto,Crypto,0.131687678793047
2020-01-11,BCH-USD,Crypto,Crypto,-0.03710509804505091
2020-01-12,BCH-USD,Crypto,Crypto,0.02898982692734986
2020-01-13,BCH-USD,Crypto,Crypto,-0.0026626946961815223
2020-01-14,BCH-USD,Crypto,Crypto,0.30928460580585315
2020-01-15,BCH-USD,Crypto,Crypto,-0.031028622684423857
2020-01-16,BCH-USD,Crypto,Crypto,-0.039531598177408256
2020-01-17,BCH-USD,Crypto,Crypto,0.125770584599046
2020-01-18,BCH-USD,Crypto,Crypto,-0.07591952234583954
2020-01-19,BCH-USD,Crypto,Crypto,-0.0023919737671210806
2020-01-20,BCH-USD,Crypto,Crypto,0.016263557474925472
2020-01-21,BCH-USD,Crypto,Crypto,-0.0011209073633263733
2020-01-22,BCH-USD,Crypto,Crypto,0.011092889206624434
2020-01-23,BCH-USD,Crypto,Crypto,-0.06440464978437477
2020-01-24,BCH-USD,Crypto,Crypto,-0.016459321154220996
2020-01-25,BCH-USD,Crypto,Crypto,-0.025546269501199648
2020-01-26,BCH-USD,Crypto,Crypto,0.11446466044406378
2020-01-27,BCH-USD,Crypto,Crypto,0.045105346096971255
2020-01-28,BCH-USD,Crypto,Crypto,0.04469830037852307
2020-01-29,BCH-USD,Crypto,Crypto,0.0070326883433313725
2020-01-30,BCH-USD,Crypto,Crypto,0.03000760772700617
2020-01-31,BCH-USD,Crypto,Crypto,-0.04474256287086242
2020-02-01,BCH-USD,Crypto,Crypto,0.014981263360449582
2020-02-02,BCH-USD,Crypto,Crypto,-0.007192284273522143
2020-02-03,BCH-USD,Crypto,Crypto,0.014819144430326059
2020-02-04,BCH-USD,Crypto,Crypto,-0.008541023776492351
2020-02-05,BCH-USD,Crypto,Crypto,0.1613457082147296
2020-02-06,BCH-USD,Crypto,Crypto,0.0017596304486078296
2020-02-07,BCH-USD,Crypto,Crypto,-0.0068486848593882765
2020-02-08,BCH-USD,Crypto,Crypto,0.008534098921292754
2020-02-09,BCH-USD,Crypto,Crypto,0.014221401703661707
2020-02-10,BCH-USD,Crypto,Crypto,0.006833749765595698
2020-02-11,BCH-USD,Crypto,Crypto,0.018482882124777333
2020-02-12,BCH-USD,Crypto,Crypto,0.03083381873892299
2020-02-13,BCH-USD,Crypto,Crypto,-0.0024449720824931687
2020-02-14,BCH-USD,Crypto,Crypto,0.035509197647835666
2020-02-15,BCH-USD,Crypto,Crypto,-0.10891690451408043
2020-02-16,BCH-USD,Crypto,Crypto,-0.049636838231679525
2020-02-17,BCH-USD,Crypto,Crypto,-0.01585819862045268
2020-02-18,BCH-USD,Crypto,Crypto,0.023280147476371305
2020-02-19,BCH-USD,Crypto,Crypto,-0.08750779288062394
2020-02-20,BCH-USD,Crypto,Crypto,-0.02547705046226756
2020-02-21,BCH-USD,Crypto,Crypto,0.01856625513283916
2020-02-22,BCH-USD,Crypto,Crypto,-0.014665518347804385
2020-02-23,BCH-USD,Crypto,Crypto,0.07437114706862924
2020-02-24,BCH-USD,Crypto,Crypto,-0.05989745450749051
2020-02-25,BCH-USD,Crypto,Crypto,-0.06250655183129994
2020-02-26,BCH-USD,Crypto,Crypto,-0.1054680552417151
2020-02-27,BCH-USD,Crypto,Crypto,0.0209747783181915
2020-02-28,BCH-USD,Crypto,Crypto,-0.029874946016043014
2020-02-29,BCH-USD,Crypto,Crypto,-0.016903171729892197
2020-03-01,BCH-USD,Crypto,Crypto,0.016142751914882014
2020-03-02,BCH-USD,Crypto,Crypto,0.07497461604577604
2020-03-03,BCH-USD,Crypto,Crypto,-0.022432227061114807
2020-03-04,BCH-USD,Crypto,Crypto,-0.030337177279577632
2020-03-05,BCH-USD,Crypto,Crypto,0.05636559216463666
2020-03-06,BCH-USD,Crypto,Crypto,0.03454072894743376
2020-03-07,BCH-USD,Crypto,Crypto,-0.0518421012579704
2020-03-08,BCH-USD,Crypto,Crypto,-0.16507047372866146
2020-03-09,BCH-USD,Crypto,Crypto,-0.010835184517124175
2020-03-10,BCH-USD,Crypto,Crypto,-0.0054606274862604165
2020-03-11,BCH-USD,Crypto,Crypto,-0.01788553236821433
2020-03-12,BCH-USD,Crypto,Crypto,-0.4295601601954183
2020-03-13,BCH-USD,Crypto,Crypto,0.15943328017022895
2020-03-14,BCH-USD,Crypto,Crypto,-0.050483117222647866
2020-03-15,BCH-USD,Crypto,Crypto,0.06400680625907773
2020-03-16,BCH-USD,Crypto,Crypto,-0.04247981825475822
2020-03-17,BCH-USD,Crypto,Crypto,0.056166833655111104
2020-03-18,BCH-USD,Crypto,Crypto,-0.006843449792559908
2020-03-19,BCH-USD,Crypto,Crypto,0.2354998873220957
2020-03-20,BCH-USD,Crypto,Crypto,-0.03092898889570528
2020-03-21,BCH-USD,Crypto,Crypto,0.023050331139117475
2020-03-22,BCH-USD,Crypto,Crypto,-0.07154761019552158
2020-03-23,BCH-USD,Crypto,Crypto,0.07687932461418745
2020-03-24,BCH-USD,Crypto,Crypto,0.03608991820115737
2020-03-25,BCH-USD,Crypto,Crypto,-0.029948767189514447
2020-03-26,BCH-USD,Crypto,Crypto,0.028954620265181585
2020-03-27,BCH-USD,Crypto,Crypto,-0.04073560317199776
2020-03-28,BCH-USD,Crypto,Crypto,-0.015436260154779169
2020-03-29,BCH-USD,Crypto,Crypto,-0.03622911132846718
2020-03-30,BCH-USD,Crypto,Crypto,0.07301339049480626
2020-03-31,BCH-USD,Crypto,Crypto,-0.008623831258965597
2020-04-01,BCH-USD,Crypto,Crypto,0.020003662760879726
2020-04-02,BCH-USD,Crypto,Crypto,0.03853137809330254
2020-04-03,BCH-USD,Crypto,Crypto,0.013584849033585478
2020-04-04,BCH-USD,Crypto,Crypto,0.01274735650609804
2020-04-05,BCH-USD,Crypto,Crypto,-0.028562804895502336
2020-04-06,BCH-USD,Crypto,Crypto,0.1031109126282046
2020-04-07,BCH-USD,Crypto,Crypto,-0.015091395802072083
2020-04-08,BCH-USD,Crypto,Crypto,0.05626651864971777
2020-04-09,BCH-USD,Crypto,Crypto,-0.03289560934523883
2020-04-10,BCH-USD,Crypto,Crypto,-0.09472823606340386
2020-04-11,BCH-USD,Crypto,Crypto,-0.0044505572197666154
2020-04-12,BCH-USD,Crypto,Crypto,0.016110622840014077
2020-04-13,BCH-USD,Crypto,Crypto,-0.050638127746174155
2020-04-14,BCH-USD,Crypto,Crypto,-0.008405384517542136
2020-04-15,BCH-USD,Crypto,Crypto,-0.029118622554899165
2020-04-16,BCH-USD,Crypto,Crypto,0.09320309516267189
2020-04-17,BCH-USD,Crypto,Crypto,-0.008375751822820576
2020-04-18,BCH-USD,Crypto,Crypto,0.040491001985044406
2020-04-19,BCH-USD,Crypto,Crypto,-0.03904164515384867
2020-04-20,BCH-USD,Crypto,Crypto,-0.05146012257915955
2020-04-21,BCH-USD,Crypto,Crypto,0.0008085698904716221
2020-04-22,BCH-USD,Crypto,Crypto,0.05209717019303017
2020-04-23,BCH-USD,Crypto,Crypto,0.014128156512763335
2020-04-24,BCH-USD,Crypto,Crypto,0.013409970828513584
2020-04-25,BCH-USD,Crypto,Crypto,-0.00021198358275931195
2020-04-26,BCH-USD,Crypto,Crypto,0.027314252250933313
2020-04-27,BCH-USD,Crypto,Crypto,-0.012157310052796078
2020-04-28,BCH-USD,Crypto,Crypto,0.0017648441317787977
2020-04-29,BCH-USD,Crypto,Crypto,0.05659165742711192
2020-04-30,BCH-USD,Crypto,Crypto,-0.029707572564044993
2020-05-01,BCH-USD,Crypto,Crypto,0.029559706329195468
2020-05-02,BCH-USD,Crypto,Crypto,0.018468937951833242
2020-05-03,BCH-USD,Crypto,Crypto,-0.03601240930338967
2020-05-04,BCH-USD,Crypto,Crypto,-0.028013706927569215
2020-05-05,BCH-USD,Crypto,Crypto,-0.00357460169811763
2020-05-06,BCH-USD,Crypto,Crypto,0.005003430528094155
2020-05-07,BCH-USD,Crypto,Crypto,0.027846705779492664
2020-05-08,BCH-USD,Crypto,Crypto,0.034748143088617844
2020-05-09,BCH-USD,Crypto,Crypto,0.01796392437303984
2020-05-10,BCH-USD,Crypto,Crypto,-0.12527149212565336
2020-05-11,BCH-USD,Crypto,Crypto,0.009264292889614945
2020-05-12,BCH-USD,Crypto,Crypto,-0.007809658718959556
2020-05-13,BCH-USD,Crypto,Crypto,0.025911373881370103
2020-05-14,BCH-USD,Crypto,Crypto,0.01127558586101296
2020-05-15,BCH-USD,Crypto,Crypto,-0.026225578816134187
2020-05-16,BCH-USD,Crypto,Crypto,0.004806719533454684
2020-05-17,BCH-USD,Crypto,Crypto,0.019210342905878308
2020-05-18,BCH-USD,Crypto,Crypto,0.027501899028915755
2020-05-19,BCH-USD,Crypto,Crypto,-0.00763791277875614
2020-05-20,BCH-USD,Crypto,Crypto,-0.026062781232836896
2020-05-21,BCH-USD,Crypto,Crypto,-0.046454235657288456
2020-05-22,BCH-USD,Crypto,Crypto,0.026739903932041287
2020-05-23,BCH-USD,Crypto,Crypto,0.00202200606295988
2020-05-24,BCH-USD,Crypto,Crypto,-0.043175040501378104
2020-05-25,BCH-USD,Crypto,Crypto,0.02549291623262606
2020-05-26,BCH-USD,Crypto,Crypto,-0.014499050345424869
2020-05-27,BCH-USD,Crypto,Crypto,0.027726675453543015
2020-05-28,BCH-USD,Crypto,Crypto,0.02520793707330271
2020-05-29,BCH-USD,Crypto,Crypto,-0.0052595913832491625
2020-05-30,BCH-USD,Crypto,Crypto,0.055222655566725454
2020-05-31,BCH-USD,Crypto,Crypto,-0.04545372850088458
2020-06-01,BCH-USD,Crypto,Crypto,0.0645128828253867
2020-06-02,BCH-USD,Crypto,Crypto,-0.024667755936281344
2020-06-03,BCH-USD,Crypto,Crypto,0.012087341023916842
2020-06-04,BCH-USD,Crypto,Crypto,0.018333469437245897
2020-06-05,BCH-USD,Crypto,Crypto,0.00027499545835429906
2020-06-06,BCH-USD,Crypto,Crypto,-0.013574182779034438
2020-06-07,BCH-USD,Crypto,Crypto,0.004204945406198757
2020-06-08,BCH-USD,Crypto,Crypto,0.003079233707868889
2020-06-09,BCH-USD,Crypto,Crypto,0.0007295103847122508
2020-06-10,BCH-USD,Crypto,Crypto,0.0076308166030445435
2020-06-11,BCH-USD,Crypto,Crypto,-0.08091388815174239
2020-06-12,BCH-USD,Crypto,Crypto,0.02453715529384226
2020-06-13,BCH-USD,Crypto,Crypto,-0.0044485917517088636
2020-06-14,BCH-USD,Crypto,Crypto,-0.009948535685944337
2020-06-15,BCH-USD,Crypto,Crypto,-0.010429586725141604
2020-06-16,BCH-USD,Crypto,Crypto,0.005320096017212839
2020-06-17,BCH-USD,Crypto,Crypto,0.01231373282108561
2020-06-18,BCH-USD,Crypto,Crypto,-0.014519459469441331
2020-06-19,BCH-USD,Crypto,Crypto,-0.019543881651296613
2020-06-20,BCH-USD,Crypto,Crypto,-0.00183645694768797
2020-06-21,BCH-USD,Crypto,Crypto,-0.0026642153069700303
2020-06-22,BCH-USD,Crypto,Crypto,0.03676385550355743
2020-06-23,BCH-USD,Crypto,Crypto,0.0042485909989509185
2020-06-24,BCH-USD,Crypto,Crypto,-0.031779050861879043
2020-06-25,BCH-USD,Crypto,Crypto,-0.0031831602127159186
2020-06-26,BCH-USD,Crypto,Crypto,-0.009921636528713362
2020-06-27,BCH-USD,Crypto,Crypto,-0.05084043872226207
2020-06-28,BCH-USD,Crypto,Crypto,0.019702945028615027
2020-06-29,BCH-USD,Crypto,Crypto,0.011157009052275013
2020-06-30,BCH-USD,Crypto,Crypto,-0.014233480990495484
2020-07-01,BCH-USD,Crypto,Crypto,0.007634285638872695
2020-07-02,BCH-USD,Crypto,Crypto,-0.006181241751943456
2020-07-03,BCH-USD,Crypto,Crypto,-0.003334362923762213
2020-07-04,BCH-USD,Crypto,Crypto,0.01699363140844956
2020-07-05,BCH-USD,Crypto,Crypto,-0.015463725890198288
2020-07-06,BCH-USD,Crypto,Crypto,0.08920179429813668
2020-07-07,BCH-USD,Crypto,Crypto,-0.018562794048675557
2020-07-08,BCH-USD,Crypto,Crypto,0.025652813652709217
2020-07-09,BCH-USD,Crypto,Crypto,-0.017984440101164734
2020-07-10,BCH-USD,Crypto,Crypto,-0.003917039960694146
2020-07-11,BCH-USD,Crypto,Crypto,-0.0052875960062700456
2020-07-12,BCH-USD,Crypto,Crypto,0.0004514537332458435
2020-07-13,BCH-USD,Crypto,Crypto,-0.01833182239980069
2020-07-14,BCH-USD,Crypto,Crypto,-0.010415071934615328
2020-07-15,BCH-USD,Crypto,Crypto,-0.011896869780056107
2020-07-16,BCH-USD,Crypto,Crypto,-0.014325052002535754
2020-07-17,BCH-USD,Crypto,Crypto,-0.005392851299582224
2020-07-18,BCH-USD,Crypto,Crypto,0.006486060848535757
2020-07-19,BCH-USD,Crypto,Crypto,0.012680042877833753
2020-07-20,BCH-USD,Crypto,Crypto,-0.0191201473467163
2020-07-21,BCH-USD,Crypto,Crypto,0.030561648868059565
2020-07-22,BCH-USD,Crypto,Crypto,0.039784363523897914
2020-07-23,BCH-USD,Crypto,Crypto,-0.004780121200901211
2020-07-24,BCH-USD,Crypto,Crypto,-0.008577342404220034
2020-07-25,BCH-USD,Crypto,Crypto,0.05941681033005475
2020-07-26,BCH-USD,Crypto,Crypto,-0.010763768405054441
2020-07-27,BCH-USD,Crypto,Crypto,0.0834730165630495
2020-07-28,BCH-USD,Crypto,Crypto,0.07899139890275864
2020-07-29,BCH-USD,Crypto,Crypto,-0.0006166927984643245
2020-07-30,BCH-USD,Crypto,Crypto,0.013246811135131376
2020-07-31,BCH-USD,Crypto,Crypto,0.02844113170456186
2020-08-01,BCH-USD,Crypto,Crypto,0.05820858720259259
2020-08-02,BCH-USD,Crypto,Crypto,-0.1075938944202881
2020-08-03,BCH-USD,Crypto,Crypto,0.044940363274720285
2020-08-04,BCH-USD,Crypto,Crypto,-0.027482006288652494
2020-08-05,BCH-USD,Crypto,Crypto,0.021154882395743035
2020-08-06,BCH-USD,Crypto,Crypto,0.04846970974755993
2020-08-07,BCH-USD,Crypto,Crypto,-0.017171012718807388
2020-08-08,BCH-USD,Crypto,Crypto,0.0033622188693560595
2020-08-09,BCH-USD,Crypto,Crypto,-0.013393485363175306
2020-08-10,BCH-USD,Crypto,Crypto,0.007272590588645267
2020-08-11,BCH-USD,Crypto,Crypto,-0.06490489326254445
2020-08-12,BCH-USD,Crypto,Crypto,0.016471405152712393
2020-08-13,BCH-USD,Crypto,Crypto,0.041409339835249304
2020-08-14,BCH-USD,Crypto,Crypto,-0.020427420382772454
2020-08-15,BCH-USD,Crypto,Crypto,0.03274108657657582
2020-08-16,BCH-USD,Crypto,Crypto,0.016042958483980296
2020-08-17,BCH-USD,Crypto,Crypto,0.030641555967260592
2020-08-18,BCH-USD,Crypto,Crypto,-0.04136095269843576
2020-08-19,BCH-USD,Crypto,Crypto,-0.03772963055042711
2020-08-20,BCH-USD,Crypto,Crypto,0.00715086527190123
2020-08-21,BCH-USD,Crypto,Crypto,-0.035595915083358465
2020-08-22,BCH-USD,Crypto,Crypto,0.01077804202177246
2020-08-23,BCH-USD,Crypto,Crypto,-0.008370492333925061
2020-08-24,BCH-USD,Crypto,Crypto,0.022350372525842932
2020-08-25,BCH-USD,Crypto,Crypto,-0.0498642963475715
2020-08-26,BCH-USD,Crypto,Crypto,-0.004437079141747957
2020-08-27,BCH-USD,Crypto,Crypto,-0.039868831486821965
2020-08-28,BCH-USD,Crypto,Crypto,0.016366741988574462
2020-08-29,BCH-USD,Crypto,Crypto,0.00014718904668375998
2020-08-30,BCH-USD,Crypto,Crypto,0.03760960679643266
2020-08-31,BCH-USD,Crypto,Crypto,-0.016219495085105895
2020-09-01,BCH-USD,Crypto,Crypto,0.06620672590554877
2020-09-02,BCH-USD,Crypto,Crypto,-0.09770834423669617
2020-09-03,BCH-USD,Crypto,Crypto,-0.18194935687092206
2020-09-04,BCH-USD,Crypto,Crypto,0.0731834609169324
2020-09-05,BCH-USD,Crypto,Crypto,-0.02835063181201214
2020-09-06,BCH-USD,Crypto,Crypto,0.01399225238284818
2020-09-07,BCH-USD,Crypto,Crypto,0.000681409203926675
2020-09-08,BCH-USD,Crypto,Crypto,-0.02656046715964555
2020-09-09,BCH-USD,Crypto,Crypto,0.00961623907103748
2020-09-10,BCH-USD,Crypto,Crypto,0.013515091145469782
2020-09-11,BCH-USD,Crypto,Crypto,-0.009554840304484946
2020-09-12,BCH-USD,Crypto,Crypto,0.021087908400334587
2020-09-13,BCH-USD,Crypto,Crypto,-0.036769696175003586
2020-09-14,BCH-USD,Crypto,Crypto,0.020007719299259374
2020-09-15,BCH-USD,Crypto,Crypto,0.041390292028440134
2020-09-16,BCH-USD,Crypto,Crypto,-0.016372594927655082
2020-09-17,BCH-USD,Crypto,Crypto,0.006022958938805889
2020-09-18,BCH-USD,Crypto,Crypto,0.004465323718954917
2020-09-19,BCH-USD,Crypto,Crypto,-0.0024779959368294024
2020-09-20,BCH-USD,Crypto,Crypto,-0.03087192776046499
2020-09-21,BCH-USD,Crypto,Crypto,-0.05697508757694569
2020-09-22,BCH-USD,Crypto,Crypto,0.03052970486162976
2020-09-23,BCH-USD,Crypto,Crypto,-0.05506928042352921
2020-09-24,BCH-USD,Crypto,Crypto,0.04073974455555929
2020-09-25,BCH-USD,Crypto,Crypto,0.0011446863684163588
2020-09-26,BCH-USD,Crypto,Crypto,0.025010265956959765
2020-09-27,BCH-USD,Crypto,Crypto,0.030449151282759823
2020-09-28,BCH-USD,Crypto,Crypto,-0.011626808980393033
2020-09-29,BCH-USD,Crypto,Crypto,0.012485518260233253
2020-09-30,BCH-USD,Crypto,Crypto,-0.004246016107099515
2020-10-01,BCH-USD,Crypto,Crypto,-0.0025725133904207498
2020-10-02,BCH-USD,Crypto,Crypto,-0.03252759551118167
2020-10-03,BCH-USD,Crypto,Crypto,-0.005263205710604568
2020-10-04,BCH-USD,Crypto,Crypto,0.011553351468896134
2020-10-05,BCH-USD,Crypto,Crypto,0.002971775370779195
2020-10-06,BCH-USD,Crypto,Crypto,-0.009085099321137768
2020-10-07,BCH-USD,Crypto,Crypto,0.014726963045491814
2020-10-08,BCH-USD,Crypto,Crypto,0.04634919181312491
2020-10-09,BCH-USD,Crypto,Crypto,0.01602479633943621
2020-10-10,BCH-USD,Crypto,Crypto,-0.00017761638807212154
2020-10-11,BCH-USD,Crypto,Crypto,0.009886625508238378
2020-10-12,BCH-USD,Crypto,Crypto,0.0006054624169868905
2020-10-13,BCH-USD,Crypto,Crypto,0.05719112121117442
2020-10-14,BCH-USD,Crypto,Crypto,0.022100877994924994
2020-10-15,BCH-USD,Crypto,Crypto,0.00868761221798442
2020-10-16,BCH-USD,Crypto,Crypto,-0.04231052807016422
2020-10-17,BCH-USD,Crypto,Crypto,-0.01600108403819589
2020-10-18,BCH-USD,Crypto,Crypto,0.014177631756230102
2020-10-19,BCH-USD,Crypto,Crypto,0.003593214872746886
2020-10-20,BCH-USD,Crypto,Crypto,-0.03136791130796435
2020-10-21,BCH-USD,Crypto,Crypto,0.06452264342739111
2020-10-22,BCH-USD,Crypto,Crypto,0.030783710931145514
2020-10-23,BCH-USD,Crypto,Crypto,0.01441814522247764
2020-10-24,BCH-USD,Crypto,Crypto,0.017784245994234782
2020-10-25,BCH-USD,Crypto,Crypto,-0.014693742722012293
2020-10-26,BCH-USD,Crypto,Crypto,-0.04167355737779288
2020-10-27,BCH-USD,Crypto,Crypto,0.018310834019770406
2020-10-28,BCH-USD,Crypto,Crypto,0.014932695985938826
2020-10-29,BCH-USD,Crypto,Crypto,-0.005339700934464675
2020-10-30,BCH-USD,Crypto,Crypto,-0.01957617354023189
2020-10-31,BCH-USD,Crypto,Crypto,-0.000266912708121958
2020-11-01,BCH-USD,Crypto,Crypto,0.022148593717319143
2020-11-02,BCH-USD,Crypto,Crypto,-0.038706352000834054
2020-11-03,BCH-USD,Crypto,Crypto,-0.050749947792575134
2020-11-04,BCH-USD,Crypto,Crypto,-0.01235624818793668
2020-11-05,BCH-USD,Crypto,Crypto,0.034907384825708876
2020-11-06,BCH-USD,Crypto,Crypto,0.03275077008643512
2020-11-07,BCH-USD,Crypto,Crypto,-0.01602426294926862
2020-11-08,BCH-USD,Crypto,Crypto,0.06746065914565236
2020-11-09,BCH-USD,Crypto,Crypto,-0.024811659230741023
2020-11-10,BCH-USD,Crypto,Crypto,-0.025113581976707877
2020-11-11,BCH-USD,Crypto,Crypto,-0.0008949467466959904
2020-11-12,BCH-USD,Crypto,Crypto,0.010501038709695099
2020-11-13,BCH-USD,Crypto,Crypto,-0.0025007540670287653
2020-11-14,BCH-USD,Crypto,Crypto,-0.013129286040538424
2020-11-15,BCH-USD,Crypto,Crypto,-0.05630476647289595
2020-11-16,BCH-USD,Crypto,Crypto,0.03633982044208928
2020-11-17,BCH-USD,Crypto,Crypto,0.020585453820316957
2020-11-18,BCH-USD,Crypto,Crypto,-0.03197353063899899
2020-11-19,BCH-USD,Crypto,Crypto,-0.003463707205878075
2020-11-20,BCH-USD,Crypto,Crypto,0.05110165360187113
2020-11-21,BCH-USD,Crypto,Crypto,0.1663863330989983
2020-11-22,BCH-USD,Crypto,Crypto,-0.04945402382500297
2020-11-23,BCH-USD,Crypto,Crypto,0.1255513493970779
2020-11-24,BCH-USD,Crypto,Crypto,0.06989941341022265
2020-11-25,BCH-USD,Crypto,Crypto,-0.09498578737316876
2020-11-26,BCH-USD,Crypto,Crypto,-0.1351337849829668
2020-11-27,BCH-USD,Crypto,Crypto,-0.020536781190095388
2020-11-28,BCH-USD,Crypto,Crypto,0.04006700716973022
2020-11-29,BCH-USD,Crypto,Crypto,0.030337699558800058
2020-11-30,BCH-USD,Crypto,Crypto,0.11442446458015798
2020-12-01,BCH-USD,Crypto,Crypto,-0.08938861394708975
2020-12-02,BCH-USD,Crypto,Crypto,0.021223442761767464
2020-12-03,BCH-USD,Crypto,Crypto,-0.00664642954966177
2020-12-04,BCH-USD,Crypto,Crypto,-0.039642369638379193
2020-12-05,BCH-USD,Crypto,Crypto,0.030638680739210722
2020-12-06,BCH-USD,Crypto,Crypto,-0.010205310850222138
2020-12-07,BCH-USD,Crypto,Crypto,-0.008595574464765443
2020-12-08,BCH-USD,Crypto,Crypto,-0.05757857267091937
2020-12-09,BCH-USD,Crypto,Crypto,0.0043412659341341975
2020-12-10,BCH-USD,Crypto,Crypto,-0.010156968334671945
2020-12-11,BCH-USD,Crypto,Crypto,-0.025000530654322617
2020-12-12,BCH-USD,Crypto,Crypto,0.03232758189541496
2020-12-13,BCH-USD,Crypto,Crypto,0.0285152267815989
2020-12-14,BCH-USD,Crypto,Crypto,0.004374782491116669
2020-12-15,BCH-USD,Crypto,Crypto,0.04281737594365631
2020-12-16,BCH-USD,Crypto,Crypto,0.07983740289924768
2020-12-17,BCH-USD,Crypto,Crypto,-0.003588291099515195
2020-12-18,BCH-USD,Crypto,Crypto,0.00798537602717242
2020-12-19,BCH-USD,Crypto,Crypto,0.017483486690661465
2020-12-20,BCH-USD,Crypto,Crypto,0.09399158908007288
2020-12-21,BCH-USD,Crypto,Crypto,-0.09671294054226998
2020-12-22,BCH-USD,Crypto,Crypto,0.029882079611860846
2020-12-23,BCH-USD,Crypto,Crypto,-0.15356644181589318
2020-12-24,BCH-USD,Crypto,Crypto,0.08073930556661013
2020-12-25,BCH-USD,Crypto,Crypto,0.07445368024225951
2020-12-26,BCH-USD,Crypto,Crypto,0.014096710128543188
2020-12-27,BCH-USD,Crypto,Crypto,0.0475484686377734
2020-12-28,BCH-USD,Crypto,Crypto,0.07070814812568815
2020-12-29,BCH-USD,Crypto,Crypto,-0.0248594356930516
2020-12-30,BCH-USD,Crypto,Crypto,0.016192376989118573
2020-12-31,BCH-USD,Crypto,Crypto,-0.04391030992255873
2021-01-01,BCH-USD,Crypto,Crypto,-0.003110269243829067
2021-01-02,BCH-USD,Crypto,Crypto,0.036885430957508625
2021-01-03,BCH-USD,Crypto,Crypto,0.1894808835227515
2021-01-04,BCH-USD,Crypto,Crypto,-0.03284321705552551
2021-01-05,BCH-USD,Crypto,Crypto,0.029002541056043052
2021-01-06,BCH-USD,Crypto,Crypto,0.08270280935708874
2021-01-07,BCH-USD,Crypto,Crypto,-0.010815350723342165
2021-01-08,BCH-USD,Crypto,Crypto,-0.018930360504465726
2021-01-09,BCH-USD,Crypto,Crypto,0.30121453612901106
2021-01-10,BCH-USD,Crypto,Crypto,0.0517237968793669
2021-01-11,BCH-USD,Crypto,Crypto,-0.20545010117479245
2021-01-12,BCH-USD,Crypto,Crypto,-0.0611101997452389
2021-01-13,BCH-USD,Crypto,Crypto,0.10105963063861956
2021-01-14,BCH-USD,Crypto,Crypto,0.061608931497995734
2021-01-15,BCH-USD,Crypto,Crypto,-0.06410372820040577
2021-01-16,BCH-USD,Crypto,Crypto,-0.003264816261310144
2021-01-17,BCH-USD,Crypto,Crypto,-0.024872259577439437
2021-01-18,BCH-USD,Crypto,Crypto,0.06609754295693304
2021-01-19,BCH-USD,Crypto,Crypto,0.0012870928568109452
2021-01-20,BCH-USD,Crypto,Crypto,-0.022986518750788165
2021-01-21,BCH-USD,Crypto,Crypto,-0.1596944480351109
2021-01-22,BCH-USD,Crypto,Crypto,0.05229295061170425
2021-01-23,BCH-USD,Crypto,Crypto,-0.022697979117967004
2021-01-24,BCH-USD,Crypto,Crypto,0.019927017463855057
2021-01-25,BCH-USD,Crypto,Crypto,-0.014316733865850972
2021-01-26,BCH-USD,Crypto,Crypto,-0.013273663298355776
2021-01-27,BCH-USD,Crypto,Crypto,-0.11684348036315295
2021-01-28,BCH-USD,Crypto,Crypto,0.0723337271778206
2021-01-29,BCH-USD,Crypto,Crypto,0.005251476834352564
2021-01-30,BCH-USD,Crypto,Crypto,0.01825460635713072
2021-01-31,BCH-USD,Crypto,Crypto,-0.03656457100309385
2021-02-01,BCH-USD,Crypto,Crypto,0.035646800325596306
2021-02-02,BCH-USD,Crypto,Crypto,0.03896179903884689
2021-02-03,BCH-USD,Crypto,Crypto,0.034161553697492186
2021-02-04,BCH-USD,Crypto,Crypto,-0.05401065644689795
2021-02-05,BCH-USD,Crypto,Crypto,0.06092693687289774
2021-02-06,BCH-USD,Crypto,Crypto,0.025034100467101972
2021-02-07,BCH-USD,Crypto,Crypto,-0.027239821702112255
2021-02-08,BCH-USD,Crypto,Crypto,0.0865612737637893
2021-02-09,BCH-USD,Crypto,Crypto,0.061667000104794756
2021-02-10,BCH-USD,Crypto,Crypto,-0.03615142885667699
2021-02-11,BCH-USD,Crypto,Crypto,0.07024617389468624
2021-02-12,BCH-USD,Crypto,Crypto,0.09035976402018764
2021-02-13,BCH-USD,Crypto,Crypto,0.14902082946538941
2021-02-14,BCH-USD,Crypto,Crypto,0.09091182477243542
2021-02-15,BCH-USD,Crypto,Crypto,-0.01600123349041116
2021-02-16,BCH-USD,Crypto,Crypto,-0.007213388229492579
2021-02-17,BCH-USD,Crypto,Crypto,0.013299662486115249
2021-02-18,BCH-USD,Crypto,Crypto,-0.014943217663465957
2021-02-19,BCH-USD,Crypto,Crypto,0.02101087455038786
2021-02-20,BCH-USD,Crypto,Crypto,-0.053604732824349965
2021-02-21,BCH-USD,Crypto,Crypto,0.03724806133233827
2021-02-22,BCH-USD,Crypto,Crypto,-0.10916249654754329
2021-02-23,BCH-USD,Crypto,Crypto,-0.18586896615029247
2021-02-24,BCH-USD,Crypto,Crypto,0.026995995034289733
2021-02-25,BCH-USD,Crypto,Crypto,-0.05716576379558369
2021-02-26,BCH-USD,Crypto,Crypto,-0.02495493106421154
2021-02-27,BCH-USD,Crypto,Crypto,-0.001582842865148426
2021-02-28,BCH-USD,Crypto,Crypto,-0.049263196038549895
2021-03-01,BCH-USD,Crypto,Crypto,0.08922722955436457
2021-03-02,BCH-USD,Crypto,Crypto,0.03206453784379404
2021-03-03,BCH-USD,Crypto,Crypto,0.012696971700296045
2021-03-04,BCH-USD,Crypto,Crypto,-0.03190621512644731
2021-03-05,BCH-USD,Crypto,Crypto,-0.015553105644978138
2021-03-06,BCH-USD,Crypto,Crypto,0.0044548011980749536
2021-03-07,BCH-USD,Crypto,Crypto,0.029849234078137332
2021-03-08,BCH-USD,Crypto,Crypto,0.024843126754244826
2021-03-09,BCH-USD,Crypto,Crypto,0.030300960472869454
2021-03-10,BCH-USD,Crypto,Crypto,0.0033275451621812557
2021-03-11,BCH-USD,Crypto,Crypto,0.00538293773480869
2021-03-12,BCH-USD,Crypto,Crypto,-0.019219778570388146
2021-03-13,BCH-USD,Crypto,Crypto,0.10574289070275777
2021-03-14,BCH-USD,Crypto,Crypto,-0.0645345122810983
2021-03-15,BCH-USD,Crypto,Crypto,-0.06063988762889172
2021-03-16,BCH-USD,Crypto,Crypto,0.008072089166226926
2021-03-17,BCH-USD,Crypto,Crypto,0.024010569670624538
2021-03-18,BCH-USD,Crypto,Crypto,-0.02050148213342806
2021-03-19,BCH-USD,Crypto,Crypto,0.010162859919500278
2021-03-20,BCH-USD,Crypto,Crypto,0.007467819010432919
2021-03-21,BCH-USD,Crypto,Crypto,-0.023327027599190808
2021-03-22,BCH-USD,Crypto,Crypto,-0.0251098360448615
2021-03-23,BCH-USD,Crypto,Crypto,0.005676442087616085
2021-03-24,BCH-USD,Crypto,Crypto,-0.06998475578757513
2021-03-25,BCH-USD,Crypto,Crypto,-0.003813844569784397
2021-03-26,BCH-USD,Crypto,Crypto,0.06423496582811405
2021-03-27,BCH-USD,Crypto,Crypto,-0.010523272012030627
2021-03-28,BCH-USD,Crypto,Crypto,-0.005271787119776827
2021-03-29,BCH-USD,Crypto,Crypto,0.039185750574134426
2021-03-30,BCH-USD,Crypto,Crypto,0.0135650274551391
2021-03-31,BCH-USD,Crypto,Crypto,0.029447912791956465
2021-04-01,BCH-USD,Crypto,Crypto,0.03390855409004234
2021-04-02,BCH-USD,Crypto,Crypto,0.042818197239380185
2021-04-03,BCH-USD,Crypto,Crypto,-0.08370838509410616
2021-04-04,BCH-USD,Crypto,Crypto,0.055590469906217965
2021-04-05,BCH-USD,Crypto,Crypto,0.1448296926764887
2021-04-06,BCH-USD,Crypto,Crypto,0.029584916200539046
2021-04-07,BCH-USD,Crypto,Crypto,-0.07360713641639749
2021-04-08,BCH-USD,Crypto,Crypto,0.04682616909035553
2021-04-09,BCH-USD,Crypto,Crypto,-0.01831071407364404
2021-04-10,BCH-USD,Crypto,Crypto,0.06017059899366517
2021-04-11,BCH-USD,Crypto,Crypto,0.033608760490851264
2021-04-12,BCH-USD,Crypto,Crypto,-0.03132635599395894
2021-04-13,BCH-USD,Crypto,Crypto,0.10681767899231698
2021-04-14,BCH-USD,Crypto,Crypto,0.09618611053588078
2021-04-15,BCH-USD,Crypto,Crypto,0.06040293173283273
2021-04-16,BCH-USD,Crypto,Crypto,0.2793264275660756
2021-04-17,BCH-USD,Crypto,Crypto,-0.09393569035707061
2021-04-18,BCH-USD,Crypto,Crypto,-0.040386190459554605
2021-04-19,BCH-USD,Crypto,Crypto,-0.0740966988215711
2021-04-20,BCH-USD,Crypto,Crypto,0.05240656531784049
2021-04-21,BCH-USD,Crypto,Crypto,-0.028779545868783618
2021-04-22,BCH-USD,Crypto,Crypto,-0.06546388296283712
2021-04-23,BCH-USD,Crypto,Crypto,-0.01783293086441262
2021-04-24,BCH-USD,Crypto,Crypto,-0.08305610880002745
2021-04-25,BCH-USD,Crypto,Crypto,-0.014908297193413467
2021-04-26,BCH-USD,Crypto,Crypto,0.12110372715336348
2021-04-27,BCH-USD,Crypto,Crypto,0.045195771318257805
2021-04-28,BCH-USD,Crypto,Crypto,0.024759774354941477
2021-04-29,BCH-USD,Crypto,Crypto,-0.03207189630261498
2021-04-30,BCH-USD,Crypto,Crypto,0.12803991400267556
2021-05-01,BCH-USD,Crypto,Crypto,0.011731546127906611
2021-05-02,BCH-USD,Crypto,Crypto,-0.030270843332990016
2021-05-03,BCH-USD,Crypto,Crypto,0.043753442268980924
2021-05-04,BCH-USD,Crypto,Crypto,-0.061061195769501087
2021-05-05,BCH-USD,Crypto,Crypto,0.5232012301314997
2021-05-06,BCH-USD,Crypto,Crypto,0.03493674042447803
2021-05-07,BCH-USD,Crypto,Crypto,-0.10793067305660131
2021-05-08,BCH-USD,Crypto,Crypto,0.0440131906164396
2021-05-09,BCH-USD,Crypto,Crypto,0.018654708192293645
2021-05-10,BCH-USD,Crypto,Crypto,-0.07499161718154779
2021-05-11,BCH-USD,Crypto,Crypto,0.16726482362268236
2021-05-12,BCH-USD,Crypto,Crypto,-0.21564624116757602
2021-05-13,BCH-USD,Crypto,Crypto,0.03462143787879368
2021-05-14,BCH-USD,Crypto,Crypto,0.03752732385124746
2021-05-15,BCH-USD,Crypto,Crypto,-0.09880641005419666
2021-05-16,BCH-USD,Crypto,Crypto,-0.0013836775282466407
2021-05-17,BCH-USD,Crypto,Crypto,-0.08562476264404817
2021-05-18,BCH-USD,Crypto,Crypto,0.02142250838060744
2021-05-19,BCH-USD,Crypto,Crypto,-0.3524843326069095
2021-05-20,BCH-USD,Crypto,Crypto,0.16242977310383822
2021-05-21,BCH-USD,Crypto,Crypto,-0.16266222760497417
2021-05-22,BCH-USD,Crypto,Crypto,-0.08165468806697251
2021-05-23,BCH-USD,Crypto,Crypto,-0.11972868636437406
2021-05-24,BCH-USD,Crypto,Crypto,0.34574387875757506
2021-05-25,BCH-USD,Crypto,Crypto,-0.038045232068363966
2021-05-26,BCH-USD,Crypto,Crypto,0.06264483653897113
2021-05-27,BCH-USD,Crypto,Crypto,-0.024957557345451242
2021-05-28,BCH-USD,Crypto,Crypto,-0.07508119964705484
2021-05-29,BCH-USD,Crypto,Crypto,-0.055609881931397265
2021-05-30,BCH-USD,Crypto,Crypto,0.018312515233498416
2021-05-31,BCH-USD,Crypto,Crypto,0.06084372698287299
2021-06-01,BCH-USD,Crypto,Crypto,-0.017728381538918314
2021-06-02,BCH-USD,Crypto,Crypto,0.009414315603664347
2021-06-03,BCH-USD,Crypto,Crypto,0.02942375102386552
2021-06-04,BCH-USD,Crypto,Crypto,-0.06584889799597404
2021-06-05,BCH-USD,Crypto,Crypto,-0.0323342861695185
2021-06-06,BCH-USD,Crypto,Crypto,0.012406678772730162
2021-06-07,BCH-USD,Crypto,Crypto,-0.09341178065075506
2021-06-08,BCH-USD,Crypto,Crypto,0.0017017982539673238
2021-06-09,BCH-USD,Crypto,Crypto,0.06037795059880846
2021-06-10,BCH-USD,Crypto,Crypto,-0.04785228559560328
2021-06-11,BCH-USD,Crypto,Crypto,-0.04076427420345241
2021-06-12,BCH-USD,Crypto,Crypto,0.003910959648003143
2021-06-13,BCH-USD,Crypto,Crypto,0.05825985614188367
2021-06-14,BCH-USD,Crypto,Crypto,0.01792870383865197
2021-06-15,BCH-USD,Crypto,Crypto,0.02212305342134635
2021-06-16,BCH-USD,Crypto,Crypto,-0.0722115574853085
2021-06-17,BCH-USD,Crypto,Crypto,0.010642129924470556
2021-06-18,BCH-USD,Crypto,Crypto,-0.06018291465883496
2021-06-19,BCH-USD,Crypto,Crypto,-0.014894855730769874
2021-06-20,BCH-USD,Crypto,Crypto,0.004744799166863656
2021-06-21,BCH-USD,Crypto,Crypto,-0.18157985629310203
2021-06-22,BCH-USD,Crypto,Crypto,-0.027416989392063496
2021-06-23,BCH-USD,Crypto,Crypto,0.05766863867076433
2021-06-24,BCH-USD,Crypto,Crypto,0.035860925466602245
2021-06-25,BCH-USD,Crypto,Crypto,-0.07052484110654866
2021-06-26,BCH-USD,Crypto,Crypto,0.015175385627696159
2021-06-27,BCH-USD,Crypto,Crypto,0.0394770154387849
2021-06-28,BCH-USD,Crypto,Crypto,0.0498718758725083
2021-06-29,BCH-USD,Crypto,Crypto,0.043143737954463246
2021-06-30,BCH-USD,Crypto,Crypto,0.007705716583610744
2021-07-01,BCH-USD,Crypto,Crypto,-0.0533963265660663
2021-07-02,BCH-USD,Crypto,Crypto,-0.003700993218480275
2021-07-03,BCH-USD,Crypto,Crypto,0.01807236656722866
2021-07-04,BCH-USD,Crypto,Crypto,0.04177493798436749
2021-07-05,BCH-USD,Crypto,Crypto,-0.04060226383138177
2021-07-06,BCH-USD,Crypto,Crypto,0.013090966175311136
2021-07-07,BCH-USD,Crypto,Crypto,-0.005477353750151792
2021-07-08,BCH-USD,Crypto,Crypto,-0.035124228513848665
2021-07-09,BCH-USD,Crypto,Crypto,0.026623560061521
2021-07-10,BCH-USD,Crypto,Crypto,-0.013020235469393682
2021-07-11,BCH-USD,Crypto,Crypto,0.0014346636401405544
2021-07-12,BCH-USD,Crypto,Crypto,-0.0348624636587731
2021-07-13,BCH-USD,Crypto,Crypto,-0.03208902636598987
2021-07-14,BCH-USD,Crypto,Crypto,0.004967438905819188
2021-07-15,BCH-USD,Crypto,Crypto,-0.02799332892831896
2021-07-16,BCH-USD,Crypto,Crypto,-0.03266549125171492
2021-07-17,BCH-USD,Crypto,Crypto,-0.006242123096271812
2021-07-18,BCH-USD,Crypto,Crypto,0.0059789057184322925
2021-07-19,BCH-USD,Crypto,Crypto,-0.05449599697247165
2021-07-20,BCH-USD,Crypto,Crypto,-0.03877978260052439
2021-07-21,BCH-USD,Crypto,Crypto,0.07724417867002442
2021-07-22,BCH-USD,Crypto,Crypto,0.028777956215568112
2021-07-23,BCH-USD,Crypto,Crypto,0.029268159893483414
2021-07-24,BCH-USD,Crypto,Crypto,0.009574959074604372
2021-07-25,BCH-USD,Crypto,Crypto,-0.008959348077271723
2021-07-26,BCH-USD,Crypto,Crypto,0.05889734709512462
2021-07-27,BCH-USD,Crypto,Crypto,0.040199910005106476
2021-07-28,BCH-USD,Crypto,Crypto,0.015626936605941166
2021-07-29,BCH-USD,Crypto,Crypto,0.05519742121740823
2021-07-30,BCH-USD,Crypto,Crypto,0.026816760339150703
2021-07-31,BCH-USD,Crypto,Crypto,-0.008929037769248915
2021-08-01,BCH-USD,Crypto,Crypto,-0.036439485698884555
2021-08-02,BCH-USD,Crypto,Crypto,0.030590332714820034
2021-08-03,BCH-USD,Crypto,Crypto,-0.012858270781256453
2021-08-04,BCH-USD,Crypto,Crypto,0.016708370723013566
2021-08-05,BCH-USD,Crypto,Crypto,0.004821071452806525
2021-08-06,BCH-USD,Crypto,Crypto,0.014299697649103882
2021-08-07,BCH-USD,Crypto,Crypto,0.04795244714652491
2021-08-08,BCH-USD,Crypto,Crypto,-0.046352643079310196
2021-08-09,BCH-USD,Crypto,Crypto,0.06544283104904558
2021-08-10,BCH-USD,Crypto,Crypto,-0.00017718556592816181
2021-08-11,BCH-USD,Crypto,Crypto,0.0486192686152771
2021-08-12,BCH-USD,Crypto,Crypto,-0.02604314204170244
2021-08-13,BCH-USD,Crypto,Crypto,0.08090972124631635
2021-08-14,BCH-USD,Crypto,Crypto,0.05375933225167939
2021-08-15,BCH-USD,Crypto,Crypto,0.020419632223954043
2021-08-16,BCH-USD,Crypto,Crypto,-0.038868484129639724
2021-08-17,BCH-USD,Crypto,Crypto,-0.05482434573345141
2021-08-18,BCH-USD,Crypto,Crypto,-0.006838446339235582
2021-08-19,BCH-USD,Crypto,Crypto,0.03854693826032651
2021-08-20,BCH-USD,Crypto,Crypto,0.05280612003861718
2021-08-21,BCH-USD,Crypto,Crypto,-0.025398142412681457
2021-08-22,BCH-USD,Crypto,Crypto,-0.005095867215125005
2021-08-23,BCH-USD,Crypto,Crypto,0.007570476629324752
2021-08-24,BCH-USD,Crypto,Crypto,-0.05947239122137438
2021-08-25,BCH-USD,Crypto,Crypto,0.018683938177088244
2021-08-26,BCH-USD,Crypto,Crypto,-0.06455275240029745
2021-08-27,BCH-USD,Crypto,Crypto,0.04587799811347537
2021-08-28,BCH-USD,Crypto,Crypto,0.018943344061419287
2021-08-29,BCH-USD,Crypto,Crypto,0.019886736518138104
2021-08-30,BCH-USD,Crypto,Crypto,-0.04319244737509231
2021-08-31,BCH-USD,Crypto,Crypto,0.008086608622887903
2021-09-01,BCH-USD,Crypto,Crypto,0.03148894052531004
2021-09-02,BCH-USD,Crypto,Crypto,0.012213125729989116
2021-09-03,BCH-USD,Crypto,Crypto,0.07216709875953842
2021-09-04,BCH-USD,Crypto,Crypto,-0.004553629409008608
2021-09-05,BCH-USD,Crypto,Crypto,0.07698314973762721
2021-09-06,BCH-USD,Crypto,Crypto,0.02639223814361169
2021-09-07,BCH-USD,Crypto,Crypto,-0.1429381700809116
2021-09-08,BCH-USD,Crypto,Crypto,-0.014961023330618328
2021-09-09,BCH-USD,Crypto,Crypto,-0.001459163066611202
2021-09-10,BCH-USD,Crypto,Crypto,-0.0481025637144058
2021-09-11,BCH-USD,Crypto,Crypto,0.01026345130695816
2021-09-12,BCH-USD,Crypto,Crypto,0.018005599592023858
2021-09-13,BCH-USD,Crypto,Crypto,-0.04973945501377264
2021-09-14,BCH-USD,Crypto,Crypto,0.04037112545676025
2021-09-15,BCH-USD,Crypto,Crypto,0.019551767779124596
2021-09-16,BCH-USD,Crypto,Crypto,-0.019780464227309613
2021-09-17,BCH-USD,Crypto,Crypto,-0.02972848731674438
2021-09-18,BCH-USD,Crypto,Crypto,0.015562464469146997
2021-09-19,BCH-USD,Crypto,Crypto,-0.0332136710401012
2021-09-20,BCH-USD,Crypto,Crypto,-0.1122751703205439
2021-09-21,BCH-USD,Crypto,Crypto,-0.06814342011037589
2021-09-22,BCH-USD,Crypto,Crypto,0.08655652536045566
2021-09-23,BCH-USD,Crypto,Crypto,0.008506771212902553
2021-09-24,BCH-USD,Crypto,Crypto,-0.07006651051586676
2021-09-25,BCH-USD,Crypto,Crypto,0.0083542119310267
2021-09-26,BCH-USD,Crypto,Crypto,-0.027474842423004575
2021-09-27,BCH-USD,Crypto,Crypto,-0.02909754829293487
2021-09-28,BCH-USD,Crypto,Crypto,-0.029631034009544366
2021-09-29,BCH-USD,Crypto,Crypto,0.022966226357128416
2021-09-30,BCH-USD,Crypto,Crypto,0.035193542258441735
2021-10-01,BCH-USD,Crypto,Crypto,0.08119165756864777
2021-10-02,BCH-USD,Crypto,Crypto,0.017164689166016656
2021-10-03,BCH-USD,Crypto,Crypto,0.03233813729510615
2021-10-04,BCH-USD,Crypto,Crypto,-0.03313287460090397
2021-10-05,BCH-USD,Crypto,Crypto,0.07695018659197816
2021-10-06,BCH-USD,Crypto,Crypto,0.04157665738909677
2021-10-07,BCH-USD,Crypto,Crypto,-0.010641137564180392
2021-10-08,BCH-USD,Crypto,Crypto,-0.026764541192967672
2021-10-09,BCH-USD,Crypto,Crypto,0.031405966045560785
2021-10-10,BCH-USD,Crypto,Crypto,-0.04530768059467816
2021-10-11,BCH-USD,Crypto,Crypto,0.02585648749999092
2021-10-12,BCH-USD,Crypto,Crypto,-0.023864121100916735
2021-10-13,BCH-USD,Crypto,Crypto,0.012016388544061174
2021-10-14,BCH-USD,Crypto,Crypto,0.005228415550981413
2021-10-15,BCH-USD,Crypto,Crypto,0.044990406842608355
2021-10-16,BCH-USD,Crypto,Crypto,0.0029089498880507936
2021-10-17,BCH-USD,Crypto,Crypto,-0.02335699915266909
2021-10-18,BCH-USD,Crypto,Crypto,-0.0008594132441637203
2021-10-19,BCH-USD,Crypto,Crypto,0.012957313647862456
2021-10-20,BCH-USD,Crypto,Crypto,0.0408847917798596
2021-10-21,BCH-USD,Crypto,Crypto,-0.03205407194785648
2021-10-22,BCH-USD,Crypto,Crypto,-0.00023641390634354664
2021-10-23,BCH-USD,Crypto,Crypto,0.009400849509966225
2021-10-24,BCH-USD,Crypto,Crypto,-0.018426457410973707
2021-10-25,BCH-USD,Crypto,Crypto,0.006211124902634646
2021-10-26,BCH-USD,Crypto,Crypto,-0.016174905555162877
2021-10-27,BCH-USD,Crypto,Crypto,-0.10225669176541263
2021-10-28,BCH-USD,Crypto,Crypto,0.05531747166243428
2021-10-29,BCH-USD,Crypto,Crypto,0.02424705746292033
2021-10-30,BCH-USD,Crypto,Crypto,-0.014612688729790158
2021-10-31,BCH-USD,Crypto,Crypto,0.01947908621085337
2021-11-01,BCH-USD,Crypto,Crypto,-0.014366388248924555
2021-11-02,BCH-USD,Crypto,Crypto,0.018153838548166545
2021-11-03,BCH-USD,Crypto,Crypto,0.02133389777343675
2021-11-04,BCH-USD,Crypto,Crypto,-0.02404956031371608
2021-11-05,BCH-USD,Crypto,Crypto,0.00410210311072734
2021-11-06,BCH-USD,Crypto,Crypto,-0.01604224444454183
2021-11-07,BCH-USD,Crypto,Crypto,0.019740827257947124
2021-11-08,BCH-USD,Crypto,Crypto,0.06334141167773288
2021-11-09,BCH-USD,Crypto,Crypto,0.121101216276565
2021-11-10,BCH-USD,Crypto,Crypto,-0.06927723573051636
2021-11-11,BCH-USD,Crypto,Crypto,0.015448706710494253
2021-11-12,BCH-USD,Crypto,Crypto,-0.012867811295541598
2021-11-13,BCH-USD,Crypto,Crypto,-0.0019847229940995748
2021-11-14,BCH-USD,Crypto,Crypto,0.017672907490196232
2021-11-15,BCH-USD,Crypto,Crypto,-0.019303408661624943
2021-11-16,BCH-USD,Crypto,Crypto,-0.09935815234728418
2021-11-17,BCH-USD,Crypto,Crypto,-0.0065674207996458955
2021-11-18,BCH-USD,Crypto,Crypto,-0.06844025568967327
2021-11-19,BCH-USD,Crypto,Crypto,0.037481537285936506
2021-11-20,BCH-USD,Crypto,Crypto,0.015233525335006215
2021-11-21,BCH-USD,Crypto,Crypto,-0.014446786708053772
2021-11-22,BCH-USD,Crypto,Crypto,-0.032312981222640036
2021-11-23,BCH-USD,Crypto,Crypto,0.024917079961792155
2021-11-24,BCH-USD,Crypto,Crypto,-0.021153577787119127
2021-11-25,BCH-USD,Crypto,Crypto,0.09578579570549572
2021-11-26,BCH-USD,Crypto,Crypto,-0.09278591350531884
2021-11-27,BCH-USD,Crypto,Crypto,0.013510268205738196
2021-11-28,BCH-USD,Crypto,Crypto,0.008871650405639864
2021-11-29,BCH-USD,Crypto,Crypto,0.01369890523883055
2021-11-30,BCH-USD,Crypto,Crypto,-0.009706458580772792
2021-12-01,BCH-USD,Crypto,Crypto,0.00092409161836704
2021-12-02,BCH-USD,Crypto,Crypto,-0.016821900695539127
2021-12-03,BCH-USD,Crypto,Crypto,-0.05182215476419927
2021-12-04,BCH-USD,Crypto,Crypto,-0.10989703746973922
2021-12-05,BCH-USD,Crypto,Crypto,-0.04296823955314899
2021-12-06,BCH-USD,Crypto,Crypto,0.049100304314228405
2021-12-07,BCH-USD,Crypto,Crypto,-0.001253784735180452
2021-12-08,BCH-USD,Crypto,Crypto,0.011975810999218295
2021-12-09,BCH-USD,Crypto,Crypto,-0.06524741890910402
2021-12-10,BCH-USD,Crypto,Crypto,-0.022688479516233984
2021-12-11,BCH-USD,Crypto,Crypto,0.04667486622114714
2021-12-12,BCH-USD,Crypto,Crypto,-0.0023276051864417058
2021-12-13,BCH-USD,Crypto,Crypto,-0.08076475772402225
2021-12-14,BCH-USD,Crypto,Crypto,0.006590827686397738
2021-12-15,BCH-USD,Crypto,Crypto,0.05484195701986749
2021-12-16,BCH-USD,Crypto,Crypto,-0.02040243347083681
2021-12-17,BCH-USD,Crypto,Crypto,-0.029088808985793135
2021-12-18,BCH-USD,Crypto,Crypto,0.024026692040425957
2021-12-19,BCH-USD,Crypto,Crypto,-0.006971203979625917
2021-12-20,BCH-USD,Crypto,Crypto,-0.0059457318504183565
2021-12-21,BCH-USD,Crypto,Crypto,0.01851716489522537
2021-12-22,BCH-USD,Crypto,Crypto,-0.00011200066601768643
2021-12-23,BCH-USD,Crypto,Crypto,0.03886141389912012
2021-12-24,BCH-USD,Crypto,Crypto,-0.008137055500460177
2021-12-25,BCH-USD,Crypto,Crypto,0.010489237642075766
2021-12-26,BCH-USD,Crypto,Crypto,-0.009229679500928789
2021-12-27,BCH-USD,Crypto,Crypto,0.028851869850019307
2021-12-28,BCH-USD,Crypto,Crypto,-0.05523045216231304
2021-12-29,BCH-USD,Crypto,Crypto,-0.02158564220196224
2021-12-30,BCH-USD,Crypto,Crypto,0.0033799137910175414
2021-12-31,BCH-USD,Crypto,Crypto,-0.002079049567641933
2022-01-01,BCH-USD,Crypto,Crypto,0.03208395432364819
2022-01-02,BCH-USD,Crypto,Crypto,0.00759684535915417
2022-01-03,BCH-USD,Crypto,Crypto,-0.028780380767286062
2022-01-04,BCH-USD,Crypto,Crypto,-0.017058581668565775
2022-01-05,BCH-USD,Crypto,Crypto,-0.06070254106664963
2022-01-06,BCH-USD,Crypto,Crypto,-0.0023240088251691438
2022-01-07,BCH-USD,Crypto,Crypto,-0.03639416895621295
2022-01-08,BCH-USD,Crypto,Crypto,-0.03056624717132539
2022-01-09,BCH-USD,Crypto,Crypto,0.007601385717261877
2022-01-10,BCH-USD,Crypto,Crypto,-0.03456253531426068
2022-01-11,BCH-USD,Crypto,Crypto,0.015825385462647334
2022-01-12,BCH-USD,Crypto,Crypto,0.038079272101578576
2022-01-13,BCH-USD,Crypto,Crypto,-0.016484391755157035
2022-01-14,BCH-USD,Crypto,Crypto,0.022743769815287695
2022-01-15,BCH-USD,Crypto,Crypto,0.012899209260802236
2022-01-16,BCH-USD,Crypto,Crypto,-0.0062442767947819
2022-01-17,BCH-USD,Crypto,Crypto,-0.019571805708932688
2022-01-18,BCH-USD,Crypto,Crypto,0.002474933956651215
2022-01-19,BCH-USD,Crypto,Crypto,-0.03001162161231674
2022-01-20,BCH-USD,Crypto,Crypto,-0.0336575091713851
2022-01-21,BCH-USD,Crypto,Crypto,-0.11979528047822086
2022-01-22,BCH-USD,Crypto,Crypto,-0.07540132854321191
2022-01-23,BCH-USD,Crypto,Crypto,0.035569591689175395
2022-01-24,BCH-USD,Crypto,Crypto,-0.03173815273210567
2022-01-25,BCH-USD,Crypto,Crypto,1.6082267691563956e-05
2022-01-26,BCH-USD,Crypto,Crypto,-0.007810426112671354
2022-01-27,BCH-USD,Crypto,Crypto,-0.0015211881202291666
2022-01-28,BCH-USD,Crypto,Crypto,0.0251660408237957
2022-01-29,BCH-USD,Crypto,Crypto,0.006992298015046083
2022-01-30,BCH-USD,Crypto,Crypto,-0.028007586319709787
2022-01-31,BCH-USD,Crypto,Crypto,-0.017078980343577688
2022-02-01,BCH-USD,Crypto,Crypto,0.00913766194402199
2022-02-02,BCH-USD,Crypto,Crypto,-0.03317066382208611
2022-02-03,BCH-USD,Crypto,Crypto,0.004973463795928668
2022-02-04,BCH-USD,Crypto,Crypto,0.09289085288815402
2022-02-05,BCH-USD,Crypto,Crypto,0.048680515695726845
2022-02-06,BCH-USD,Crypto,Crypto,0.01287349679700922
2022-02-07,BCH-USD,Crypto,Crypto,0.054729304208947616
2022-02-08,BCH-USD,Crypto,Crypto,-0.01908674521838738
2022-02-09,BCH-USD,Crypto,Crypto,0.028489235977874117
2022-02-10,BCH-USD,Crypto,Crypto,-0.011570931420049169
2022-02-11,BCH-USD,Crypto,Crypto,-0.06225082920042513
2022-02-12,BCH-USD,Crypto,Crypto,0.027091250454237326
2022-02-13,BCH-USD,Crypto,Crypto,0.01711416133240462
2022-02-14,BCH-USD,Crypto,Crypto,-0.010562496235100638
2022-02-15,BCH-USD,Crypto,Crypto,0.03560302937249005
2022-02-16,BCH-USD,Crypto,Crypto,-0.022642429360974492
2022-02-17,BCH-USD,Crypto,Crypto,-0.06722716604746382
2022-02-18,BCH-USD,Crypto,Crypto,-0.005876475960212568
2022-02-19,BCH-USD,Crypto,Crypto,0.003363550496191081
2022-02-20,BCH-USD,Crypto,Crypto,-0.02848597472712333
2022-02-21,BCH-USD,Crypto,Crypto,-0.06198528402073544
2022-02-22,BCH-USD,Crypto,Crypto,0.03281105462563261
2022-02-23,BCH-USD,Crypto,Crypto,-0.014870176659336432
2022-02-24,BCH-USD,Crypto,Crypto,0.03975746556771398
2022-02-25,BCH-USD,Crypto,Crypto,0.0254264017939001
2022-02-26,BCH-USD,Crypto,Crypto,0.019684324229346073
2022-02-27,BCH-USD,Crypto,Crypto,-0.03315174325601
2022-02-28,BCH-USD,Crypto,Crypto,0.10857616062512432
2022-03-01,BCH-USD,Crypto,Crypto,-0.0263721286517542
2022-03-02,BCH-USD,Crypto,Crypto,-0.023843645931016066
2022-03-03,BCH-USD,Crypto,Crypto,-0.01647551260896718
2022-03-04,BCH-USD,Crypto,Crypto,-0.07999605657879738
2022-03-05,BCH-USD,Crypto,Crypto,0.014012293664799502
2022-03-06,BCH-USD,Crypto,Crypto,-0.037067383692032885
2022-03-07,BCH-USD,Crypto,Crypto,-0.028782056858857152
2022-03-08,BCH-USD,Crypto,Crypto,0.03431551725688098
2022-03-09,BCH-USD,Crypto,Crypto,0.08432433047327481
2022-03-10,BCH-USD,Crypto,Crypto,-0.05993392502773909
2022-03-11,BCH-USD,Crypto,Crypto,-0.005764862020006256
2022-03-12,BCH-USD,Crypto,Crypto,0.010424466220631423
2022-03-13,BCH-USD,Crypto,Crypto,-0.037051196519338414
2022-03-14,BCH-USD,Crypto,Crypto,0.03257435233510231
2022-03-15,BCH-USD,Crypto,Crypto,0.0005147631304385225
2022-03-16,BCH-USD,Crypto,Crypto,0.034609595982952435
2022-03-17,BCH-USD,Crypto,Crypto,-0.010886866817706009
2022-03-18,BCH-USD,Crypto,Crypto,0.03172499269123241
2022-03-19,BCH-USD,Crypto,Crypto,0.07113031536491521
2022-03-20,BCH-USD,Crypto,Crypto,-0.0020045726985954415
2022-03-21,BCH-USD,Crypto,Crypto,0.0252880010939025
2022-03-22,BCH-USD,Crypto,Crypto,0.12381057980755172
2022-03-23,BCH-USD,Crypto,Crypto,-0.032997400062471094
2022-03-24,BCH-USD,Crypto,Crypto,0.004943136630410905
2022-03-25,BCH-USD,Crypto,Crypto,-0.003731482937916142
2022-03-26,BCH-USD,Crypto,Crypto,-0.007804761891215484
2022-03-27,BCH-USD,Crypto,Crypto,0.04046489761585015
2022-03-28,BCH-USD,Crypto,Crypto,-0.022303659175974433
2022-03-29,BCH-USD,Crypto,Crypto,0.014643061187473716
2022-03-30,BCH-USD,Crypto,Crypto,0.01635169769514766
2022-03-31,BCH-USD,Crypto,Crypto,0.011607180466322697
2022-04-01,BCH-USD,Crypto,Crypto,-0.01863161152747872
2022-04-02,BCH-USD,Crypto,Crypto,-0.009540078792553586
2022-04-03,BCH-USD,Crypto,Crypto,0.014692269400810698
2022-04-04,BCH-USD,Crypto,Crypto,-0.007815226740755299
2022-04-05,BCH-USD,Crypto,Crypto,-0.026164057136152108
2022-04-06,BCH-USD,Crypto,Crypto,-0.09540524607278322
2022-04-07,BCH-USD,Crypto,Crypto,0.017236865707990656
2022-04-08,BCH-USD,Crypto,Crypto,-0.039883096503651405
2022-04-09,BCH-USD,Crypto,Crypto,0.00846035506309395
2022-04-10,BCH-USD,Crypto,Crypto,-0.015757599013190515
2022-04-11,BCH-USD,Crypto,Crypto,-0.08156441866840436
2022-04-12,BCH-USD,Crypto,Crypto,0.03332611020859444
2022-04-13,BCH-USD,Crypto,Crypto,0.1227558274318501
2022-04-14,BCH-USD,Crypto,Crypto,-0.012910822631353014
2022-04-15,BCH-USD,Crypto,Crypto,0.009041610611079554
2022-04-16,BCH-USD,Crypto,Crypto,0.007589951765060388
2022-04-17,BCH-USD,Crypto,Crypto,-0.04223461723930566
2022-04-18,BCH-USD,Crypto,Crypto,0.034425654190206156
2022-04-19,BCH-USD,Crypto,Crypto,0.001106020447242173
2022-04-20,BCH-USD,Crypto,Crypto,-0.02841106430208884
2022-04-21,BCH-USD,Crypto,Crypto,-0.04488182386344186
2022-04-22,BCH-USD,Crypto,Crypto,0.01610342564554812
2022-04-23,BCH-USD,Crypto,Crypto,-0.023430177356476345
2022-04-24,BCH-USD,Crypto,Crypto,-0.016936655659662736
2022-04-25,BCH-USD,Crypto,Crypto,0.02153603037076368
2022-04-26,BCH-USD,Crypto,Crypto,-0.059928857640629274
2022-04-27,BCH-USD,Crypto,Crypto,0.03860425609855711
2022-04-28,BCH-USD,Crypto,Crypto,-0.0019503085878518345
2022-04-29,BCH-USD,Crypto,Crypto,-0.0392038740540438
2022-04-30,BCH-USD,Crypto,Crypto,-0.05442769579721807
2022-05-01,BCH-USD,Crypto,Crypto,0.020609057384490592
2022-05-02,BCH-USD,Crypto,Crypto,0.002387223845799591
2022-05-03,BCH-USD,Crypto,Crypto,-0.019671350245026198
2022-05-04,BCH-USD,Crypto,Crypto,0.07289650803939196
2022-05-05,BCH-USD,Crypto,Crypto,-0.07524553501913256
2022-05-06,BCH-USD,Crypto,Crypto,-0.008336903708388022
2022-05-07,BCH-USD,Crypto,Crypto,-0.022801157970145147
2022-05-08,BCH-USD,Crypto,Crypto,-0.02583376556178585
2022-05-09,BCH-USD,Crypto,Crypto,-0.15193263953988456
2022-05-10,BCH-USD,Crypto,Crypto,0.04466870288171143
2022-05-11,BCH-USD,Crypto,Crypto,-0.161904559507418
2022-05-12,BCH-USD,Crypto,Crypto,-0.0009990564466891838
2022-05-13,BCH-USD,Crypto,Crypto,0.041792043609526264
2022-05-14,BCH-USD,Crypto,Crypto,0.04414393816932494
2022-05-15,BCH-USD,Crypto,Crypto,0.015730444224346662
2022-05-16,BCH-USD,Crypto,Crypto,-0.08037993535739063
2022-05-17,BCH-USD,Crypto,Crypto,0.04757574829496347
2022-05-18,BCH-USD,Crypto,Crypto,-0.09026554957708255
2022-05-19,BCH-USD,Crypto,Crypto,0.04512050184927063
2022-05-20,BCH-USD,Crypto,Crypto,-0.028563832253011845
2022-05-21,BCH-USD,Crypto,Crypto,0.007135570728157514
2022-05-22,BCH-USD,Crypto,Crypto,0.03471919308130467
2022-05-23,BCH-USD,Crypto,Crypto,-0.03629535529168337
2022-05-24,BCH-USD,Crypto,Crypto,0.021313831199143207
2022-05-25,BCH-USD,Crypto,Crypto,-0.026554479451341706
2022-05-26,BCH-USD,Crypto,Crypto,-0.05031070022431905
2022-05-27,BCH-USD,Crypto,Crypto,-0.03825755717373669
2022-05-28,BCH-USD,Crypto,Crypto,0.028373727655969905
2022-05-29,BCH-USD,Crypto,Crypto,0.035116073401101344
2022-05-30,BCH-USD,Crypto,Crypto,0.06201063552805208
2022-05-31,BCH-USD,Crypto,Crypto,0.0348260550296251
2022-06-01,BCH-USD,Crypto,Crypto,-0.08506691393607146
2022-06-02,BCH-USD,Crypto,Crypto,0.014334964231581981
2022-06-03,BCH-USD,Crypto,Crypto,-0.030389563753247306
2022-06-04,BCH-USD,Crypto,Crypto,0.029288180007811748
2022-06-05,BCH-USD,Crypto,Crypto,-0.045587656545073574
2022-06-06,BCH-USD,Crypto,Crypto,0.03201332191135564
2022-06-07,BCH-USD,Crypto,Crypto,-0.018387879116393613
2022-06-08,BCH-USD,Crypto,Crypto,-0.029257740824032985
2022-06-09,BCH-USD,Crypto,Crypto,-0.008103390781945885
2022-06-10,BCH-USD,Crypto,Crypto,-0.04381535656365332
2022-06-11,BCH-USD,Crypto,Crypto,-0.06524994222641012
2022-06-12,BCH-USD,Crypto,Crypto,-0.0626926013659932
2022-06-13,BCH-USD,Crypto,Crypto,-0.13871808682605014
2022-06-14,BCH-USD,Crypto,Crypto,-0.003282751420047858
2022-06-15,BCH-USD,Crypto,Crypto,0.010147405975256873
2022-06-16,BCH-USD,Crypto,Crypto,-0.1426040334024513
2022-06-17,BCH-USD,Crypto,Crypto,0.10565067377608539
2022-06-18,BCH-USD,Crypto,Crypto,-0.0365241045867416
2022-06-19,BCH-USD,Crypto,Crypto,0.031524547837456174
2022-06-20,BCH-USD,Crypto,Crypto,-0.010106108104824485
2022-06-21,BCH-USD,Crypto,Crypto,-0.000780140393208506
2022-06-22,BCH-USD,Crypto,Crypto,-0.046905678518216254
2022-06-23,BCH-USD,Crypto,Crypto,0.025231024598969753
2022-06-24,BCH-USD,Crypto,Crypto,-0.014009531023243538
2022-06-25,BCH-USD,Crypto,Crypto,0.00639027709651474
2022-06-26,BCH-USD,Crypto,Crypto,-0.01901561205543667
2022-06-27,BCH-USD,Crypto,Crypto,-0.014617589090945349
2022-06-28,BCH-USD,Crypto,Crypto,-0.07408027694738906
2022-06-29,BCH-USD,Crypto,Crypto,0.0119468295575198
2022-06-30,BCH-USD,Crypto,Crypto,-0.015996569564280416
2022-07-01,BCH-USD,Crypto,Crypto,-0.012817053877743567
2022-07-02,BCH-USD,Crypto,Crypto,0.049920097422242016
2022-07-03,BCH-USD,Crypto,Crypto,-0.008459405814602805
2022-07-04,BCH-USD,Crypto,Crypto,0.024174429922010132
2022-07-05,BCH-USD,Crypto,Crypto,-0.03529735741486584
2022-07-06,BCH-USD,Crypto,Crypto,0.017728923476479475
2022-07-07,BCH-USD,Crypto,Crypto,0.05158969361693555
2022-07-08,BCH-USD,Crypto,Crypto,-0.023598688019471403
2022-07-09,BCH-USD,Crypto,Crypto,0.023594080580936705
2022-07-10,BCH-USD,Crypto,Crypto,-0.04065421445806672
2022-07-11,BCH-USD,Crypto,Crypto,-0.07230197306356412
2022-07-12,BCH-USD,Crypto,Crypto,-0.017743550005335784
2022-07-13,BCH-USD,Crypto,Crypto,0.0492313956864423
2022-07-14,BCH-USD,Crypto,Crypto,0.006459618253945365
2022-07-15,BCH-USD,Crypto,Crypto,0.029915043011045084
2022-07-16,BCH-USD,Crypto,Crypto,0.03310475289666592
2022-07-17,BCH-USD,Crypto,Crypto,0.009456138387076818
2022-07-18,BCH-USD,Crypto,Crypto,0.09941010041160991
2022-07-19,BCH-USD,Crypto,Crypto,0.05598855499038469
2022-07-20,BCH-USD,Crypto,Crypto,-0.05152947893458948
2022-07-21,BCH-USD,Crypto,Crypto,0.009503961199824884
2022-07-22,BCH-USD,Crypto,Crypto,0.004286852213961634
2022-07-23,BCH-USD,Crypto,Crypto,-0.006459660371339826
2022-07-24,BCH-USD,Crypto,Crypto,0.07883406721777586
2022-07-25,BCH-USD,Crypto,Crypto,-0.09863572079792438
2022-07-26,BCH-USD,Crypto,Crypto,-0.005822003925580077
2022-07-27,BCH-USD,Crypto,Crypto,0.07132273384648391
2022-07-28,BCH-USD,Crypto,Crypto,0.21755684499047323
2022-07-29,BCH-USD,Crypto,Crypto,-0.015784349774895956
2022-07-30,BCH-USD,Crypto,Crypto,-0.04764058803533067
2022-07-31,BCH-USD,Crypto,Crypto,-0.034884661611818135
2022-08-01,BCH-USD,Crypto,Crypto,-0.012661158491369395
2022-08-02,BCH-USD,Crypto,Crypto,-0.03013027428011983
2022-08-03,BCH-USD,Crypto,Crypto,0.003397932873893561
2022-08-04,BCH-USD,Crypto,Crypto,0.001067510934329663
2022-08-05,BCH-USD,Crypto,Crypto,0.048866041393840653
2022-08-06,BCH-USD,Crypto,Crypto,0.004359670021674589
2022-08-07,BCH-USD,Crypto,Crypto,-0.003430986756696619
2022-08-08,BCH-USD,Crypto,Crypto,0.01541142062790768
2022-08-09,BCH-USD,Crypto,Crypto,-0.06127560596146697
2022-08-10,BCH-USD,Crypto,Crypto,0.054412734457253586
2022-08-11,BCH-USD,Crypto,Crypto,0.006354969227213347
2022-08-12,BCH-USD,Crypto,Crypto,0.0008635010865534198
2022-08-13,BCH-USD,Crypto,Crypto,0.00846857327482109
2022-08-14,BCH-USD,Crypto,Crypto,-0.032647620344649075
2022-08-15,BCH-USD,Crypto,Crypto,-0.014925335611825852
2022-08-16,BCH-USD,Crypto,Crypto,-0.006859486222606681
2022-08-17,BCH-USD,Crypto,Crypto,-0.020668079494349456
2022-08-18,BCH-USD,Crypto,Crypto,-0.03354364925214348
2022-08-19,BCH-USD,Crypto,Crypto,-0.11346965222357397
2022-08-20,BCH-USD,Crypto,Crypto,0.000739468925893938
2022-08-21,BCH-USD,Crypto,Crypto,0.040375758764384706
2022-08-22,BCH-USD,Crypto,Crypto,0.02973267849441963
2022-08-23,BCH-USD,Crypto,Crypto,0.08658090946435237
2022-08-24,BCH-USD,Crypto,Crypto,-0.017098952612855656
2022-08-25,BCH-USD,Crypto,Crypto,-0.004051456839407774
2022-08-26,BCH-USD,Crypto,Crypto,-0.1101490608094775
2022-08-27,BCH-USD,Crypto,Crypto,-0.00804139488539568
2022-08-28,BCH-USD,Crypto,Crypto,-0.016318924988476646
2022-08-29,BCH-USD,Crypto,Crypto,0.05415541049821471
2022-08-30,BCH-USD,Crypto,Crypto,-0.04146009026524211
2022-08-31,BCH-USD,Crypto,Crypto,0.00599913295211163
2022-09-01,BCH-USD,Crypto,Crypto,0.011837022494801008
2022-09-02,BCH-USD,Crypto,Crypto,-0.002917870651941268
2022-09-03,BCH-USD,Crypto,Crypto,0.011490722262263109
2022-09-04,BCH-USD,Crypto,Crypto,0.0036789572757280897
2022-09-05,BCH-USD,Crypto,Crypto,0.06374994760889585
2022-09-06,BCH-USD,Crypto,Crypto,-0.10478316208439542
2022-09-07,BCH-USD,Crypto,Crypto,0.05462323384773238
2022-09-08,BCH-USD,Crypto,Crypto,0.07162727984864392
2022-09-09,BCH-USD,Crypto,Crypto,0.04429263485185864
2022-09-10,BCH-USD,Crypto,Crypto,0.00023122229598904198
2022-09-11,BCH-USD,Crypto,Crypto,-0.01920149087819456
2022-09-12,BCH-USD,Crypto,Crypto,-0.011478393945602572
2022-09-13,BCH-USD,Crypto,Crypto,-0.07551038764290474
2022-09-14,BCH-USD,Crypto,Crypto,0.010016414583502886
2022-09-15,BCH-USD,Crypto,Crypto,-0.019940007123606773
2022-09-16,BCH-USD,Crypto,Crypto,0.01462021870501462
2022-09-17,BCH-USD,Crypto,Crypto,0.02254728854825605
2022-09-18,BCH-USD,Crypto,Crypto,-0.08490099925928785
2022-09-19,BCH-USD,Crypto,Crypto,0.0031857691309651326
2022-09-20,BCH-USD,Crypto,Crypto,0.00591208091828932
2022-09-21,BCH-USD,Crypto,Crypto,-0.03037538109034954
2022-09-22,BCH-USD,Crypto,Crypto,0.06464364545559032
2022-09-23,BCH-USD,Crypto,Crypto,0.030221284686267946
2022-09-24,BCH-USD,Crypto,Crypto,-0.01782773472897048
2022-09-25,BCH-USD,Crypto,Crypto,-0.037488861201889656
2022-09-26,BCH-USD,Crypto,Crypto,0.023810959421790345
2022-09-27,BCH-USD,Crypto,Crypto,-0.01544990065266627
2022-09-28,BCH-USD,Crypto,Crypto,-0.001267372523030219
2022-09-29,BCH-USD,Crypto,Crypto,0.0216855163119285
2022-09-30,BCH-USD,Crypto,Crypto,0.02826944609698434
2022-10-01,BCH-USD,Crypto,Crypto,-0.0238012493007147
2022-10-02,BCH-USD,Crypto,Crypto,-0.02371688802355032
2022-10-03,BCH-USD,Crypto,Crypto,0.016225105212302804
2022-10-04,BCH-USD,Crypto,Crypto,0.04288151259428852
2022-10-05,BCH-USD,Crypto,Crypto,0.008026980783861992
2022-10-06,BCH-USD,Crypto,Crypto,-0.03092818256687313
2022-10-07,BCH-USD,Crypto,Crypto,-0.013847707171611656
2022-10-08,BCH-USD,Crypto,Crypto,0.0015307293558930457
2022-10-09,BCH-USD,Crypto,Crypto,0.002140815351675762
2022-10-10,BCH-USD,Crypto,Crypto,-0.046896448491080545
2022-10-11,BCH-USD,Crypto,Crypto,-0.005524857351337897
2022-10-12,BCH-USD,Crypto,Crypto,0.007098828246340894
2022-10-13,BCH-USD,Crypto,Crypto,-0.026132735100460214
2022-10-14,BCH-USD,Crypto,Crypto,-0.013109371219520938
2022-10-15,BCH-USD,Crypto,Crypto,0.004818946003557922
2022-10-16,BCH-USD,Crypto,Crypto,0.02097132128572521
2022-10-17,BCH-USD,Crypto,Crypto,0.002275054433690471
2022-10-18,BCH-USD,Crypto,Crypto,-0.016841660231481814
2022-10-19,BCH-USD,Crypto,Crypto,-0.023603583360800373
2022-10-20,BCH-USD,Crypto,Crypto,0.002207263731793585
2022-10-21,BCH-USD,Crypto,Crypto,0.0057848202896397805
2022-10-22,BCH-USD,Crypto,Crypto,0.015838005795183685
2022-10-23,BCH-USD,Crypto,Crypto,0.02011079078369482
2022-10-24,BCH-USD,Crypto,Crypto,-0.02664973178603014
2022-10-25,BCH-USD,Crypto,Crypto,0.045069918762403516
2022-10-26,BCH-USD,Crypto,Crypto,0.015902741605001935
2022-10-27,BCH-USD,Crypto,Crypto,-0.017753742622664492
2022-10-28,BCH-USD,Crypto,Crypto,0.026854917114541133
2022-10-29,BCH-USD,Crypto,Crypto,0.02492135627299863
2022-10-30,BCH-USD,Crypto,Crypto,-0.0183042606570204
2022-10-31,BCH-USD,Crypto,Crypto,-0.010146468913219242
2022-11-01,BCH-USD,Crypto,Crypto,-0.0009115377561749183
2022-11-02,BCH-USD,Crypto,Crypto,-0.013031498471069769
2022-11-03,BCH-USD,Crypto,Crypto,0.019834109247641063
2022-11-04,BCH-USD,Crypto,Crypto,0.07105988011007214
2022-11-05,BCH-USD,Crypto,Crypto,-0.0019463106493695648
2022-11-06,BCH-USD,Crypto,Crypto,-0.05703948001608228
2022-11-07,BCH-USD,Crypto,Crypto,0.008823663835989981
2022-11-08,BCH-USD,Crypto,Crypto,-0.12345588833863852
2022-11-09,BCH-USD,Crypto,Crypto,-0.13402882533850757
2022-11-10,BCH-USD,Crypto,Crypto,0.15081810914690985
2022-11-11,BCH-USD,Crypto,Crypto,-0.0009385044043078716
2022-11-12,BCH-USD,Crypto,Crypto,-0.004018959125531074
2022-11-13,BCH-USD,Crypto,Crypto,-0.026112398854020613
2022-11-14,BCH-USD,Crypto,Crypto,0.040093433307298865
2022-11-15,BCH-USD,Crypto,Crypto,0.0020968717191520714
2022-11-16,BCH-USD,Crypto,Crypto,0.0059539380241264706
2022-11-17,BCH-USD,Crypto,Crypto,-0.006873273064857743
2022-11-18,BCH-USD,Crypto,Crypto,0.009268720769621375
2022-11-19,BCH-USD,Crypto,Crypto,0.0009435385676033192
2022-11-20,BCH-USD,Crypto,Crypto,0.0006784366188365976
2022-11-21,BCH-USD,Crypto,Crypto,-0.015651943180304717
2022-11-22,BCH-USD,Crypto,Crypto,0.055355050892354596
2022-11-23,BCH-USD,Crypto,Crypto,0.054395338868709064
2022-11-24,BCH-USD,Crypto,Crypto,0.008941513902274156
2022-11-25,BCH-USD,Crypto,Crypto,-0.01807890015713054
2022-11-26,BCH-USD,Crypto,Crypto,-0.012141860526221238
2022-11-27,BCH-USD,Crypto,Crypto,-0.010672685252440584
2022-11-28,BCH-USD,Crypto,Crypto,-0.01043070214483477
2022-11-29,BCH-USD,Crypto,Crypto,0.009365822865873286
2022-11-30,BCH-USD,Crypto,Crypto,0.020509268996204977
2022-12-01,BCH-USD,Crypto,Crypto,-0.02718964545913971
2022-12-02,BCH-USD,Crypto,Crypto,0.014747915151816171
2022-12-03,BCH-USD,Crypto,Crypto,-0.01824935677909978
2022-12-04,BCH-USD,Crypto,Crypto,0.011493827536767975
2022-12-05,BCH-USD,Crypto,Crypto,-0.006815845801629972
2022-12-06,BCH-USD,Crypto,Crypto,0.014789512883325528
2022-12-07,BCH-USD,Crypto,Crypto,-0.02526153149005106
2022-12-08,BCH-USD,Crypto,Crypto,0.024249064507368745
2022-12-09,BCH-USD,Crypto,Crypto,-0.01877426011033334
2022-12-10,BCH-USD,Crypto,Crypto,-0.006155068804131414
2022-12-11,BCH-USD,Crypto,Crypto,-0.025054503414577378
2022-12-12,BCH-USD,Crypto,Crypto,-0.0008846215326494544
2022-12-13,BCH-USD,Crypto,Crypto,0.03570658676528815
2022-12-14,BCH-USD,Crypto,Crypto,-0.008459290035039646
2022-12-15,BCH-USD,Crypto,Crypto,-0.017008378884123987
2022-12-16,BCH-USD,Crypto,Crypto,-0.06580944101547381
2022-12-17,BCH-USD,Crypto,Crypto,0.028893312285606543
2022-12-18,BCH-USD,Crypto,Crypto,-0.009581975912031693
2022-12-19,BCH-USD,Crypto,Crypto,-0.03468748045512904
2022-12-20,BCH-USD,Crypto,Crypto,0.03279455377639562
2022-12-21,BCH-USD,Crypto,Crypto,-0.014262285780713424
2022-12-22,BCH-USD,Crypto,Crypto,0.010157908159036833
2022-12-23,BCH-USD,Crypto,Crypto,0.005816001108583935
2022-12-24,BCH-USD,Crypto,Crypto,-0.0014004670468547031
2022-12-25,BCH-USD,Crypto,Crypto,-0.004466361625036552
2022-12-26,BCH-USD,Crypto,Crypto,0.020055671431062017
2022-12-27,BCH-USD,Crypto,Crypto,-0.01637593473270471
2022-12-28,BCH-USD,Crypto,Crypto,-0.024727861850782462
2022-12-29,BCH-USD,Crypto,Crypto,-0.007825423174807056
2022-12-30,BCH-USD,Crypto,Crypto,-0.017828394367560008
2022-12-31,BCH-USD,Crypto,Crypto,0.004405796854328514
2023-01-01,BCH-USD,Crypto,Crypto,-0.001206041762290666
2023-01-02,BCH-USD,Crypto,Crypto,0.02428939978808775
2023-01-03,BCH-USD,Crypto,Crypto,0.003416593382980615
2023-01-04,BCH-USD,Crypto,Crypto,0.018398329714483408
2023-01-05,BCH-USD,Crypto,Crypto,-0.003923679542489289
2023-01-06,BCH-USD,Crypto,Crypto,0.005361468944070857
2023-01-07,BCH-USD,Crypto,Crypto,-0.0010648336873019248
2023-01-08,BCH-USD,Crypto,Crypto,0.018768836135559575
2023-01-09,BCH-USD,Crypto,Crypto,0.0356513613064906
2023-01-10,BCH-USD,Crypto,Crypto,0.003255162887781049
2023-01-11,BCH-USD,Crypto,Crypto,0.021331513327430107
2023-01-12,BCH-USD,Crypto,Crypto,0.09073797031140418
2023-01-13,BCH-USD,Crypto,Crypto,0.038762986203920935
2023-01-14,BCH-USD,Crypto,Crypto,0.012850063329395978
2023-01-15,BCH-USD,Crypto,Crypto,-0.008254004791514613
2023-01-16,BCH-USD,Crypto,Crypto,-0.0076742187466597445
2023-01-17,BCH-USD,Crypto,Crypto,-0.009246329366660921
2023-01-18,BCH-USD,Crypto,Crypto,-0.030212980967527336
2023-01-19,BCH-USD,Crypto,Crypto,0.02161133259431569
2023-01-20,BCH-USD,Crypto,Crypto,0.05128422350593964
2023-01-21,BCH-USD,Crypto,Crypto,0.002463211386793507
2023-01-22,BCH-USD,Crypto,Crypto,0.0032112762743625733
2023-01-23,BCH-USD,Crypto,Crypto,0.03703239762444155
2023-01-24,BCH-USD,Crypto,Crypto,-0.038245094926139034
2023-01-25,BCH-USD,Crypto,Crypto,0.02803976630415983
2023-01-26,BCH-USD,Crypto,Crypto,0.01611574655631065
2023-01-27,BCH-USD,Crypto,Crypto,0.00668489640824288
2023-01-28,BCH-USD,Crypto,Crypto,-0.016923822159680912
2023-01-29,BCH-USD,Crypto,Crypto,0.030820992710672623
2023-01-30,BCH-USD,Crypto,Crypto,-0.042522701575357535
2023-01-31,BCH-USD,Crypto,Crypto,0.01902692079722068
2023-02-01,BCH-USD,Crypto,Crypto,0.021702556584729304
2023-02-02,BCH-USD,Crypto,Crypto,0.002894530664850903
2023-02-03,BCH-USD,Crypto,Crypto,0.008878894451717967
2023-02-04,BCH-USD,Crypto,Crypto,0.0027001104741537496
2023-02-05,BCH-USD,Crypto,Crypto,-0.02754946307636108
2023-02-06,BCH-USD,Crypto,Crypto,-0.02127151089596402
2023-02-07,BCH-USD,Crypto,Crypto,0.033179534996754745
2023-02-08,BCH-USD,Crypto,Crypto,-0.03290281833058428
2023-02-09,BCH-USD,Crypto,Crypto,-0.038543936103489496
2023-02-10,BCH-USD,Crypto,Crypto,-0.013805280063406977
2023-02-11,BCH-USD,Crypto,Crypto,0.0006645338353277186
2023-02-12,BCH-USD,Crypto,Crypto,-0.014941347972068697
2023-02-13,BCH-USD,Crypto,Crypto,0.007791825650630191
2023-02-14,BCH-USD,Crypto,Crypto,0.023202508857468773
2023-02-15,BCH-USD,Crypto,Crypto,0.061880986206789945
2023-02-16,BCH-USD,Crypto,Crypto,-0.04874565902734096
2023-02-17,BCH-USD,Crypto,Crypto,0.04269112664314689
2023-02-18,BCH-USD,Crypto,Crypto,0.020085162947384605
2023-02-19,BCH-USD,Crypto,Crypto,-0.001429387901472512
2023-02-20,BCH-USD,Crypto,Crypto,0.06307309964654628
2023-02-21,BCH-USD,Crypto,Crypto,0.004854176759301332
2023-02-22,BCH-USD,Crypto,Crypto,-0.023133955249321603
2023-02-23,BCH-USD,Crypto,Crypto,-0.020946298010043662
2023-02-24,BCH-USD,Crypto,Crypto,-0.04390302951214109
2023-02-25,BCH-USD,Crypto,Crypto,0.0030182681567711978
2023-02-26,BCH-USD,Crypto,Crypto,0.022843969641714423
2023-02-27,BCH-USD,Crypto,Crypto,-0.008278102866355108
2023-02-28,BCH-USD,Crypto,Crypto,-0.02361462827336991
2023-03-01,BCH-USD,Crypto,Crypto,0.01745032993101603
2023-03-02,BCH-USD,Crypto,Crypto,-0.018791155666985637
2023-03-03,BCH-USD,Crypto,Crypto,-0.042467778013715374
2023-03-04,BCH-USD,Crypto,Crypto,-0.01355074271058776
2023-03-05,BCH-USD,Crypto,Crypto,-0.0030214150016618646
2023-03-06,BCH-USD,Crypto,Crypto,0.0012754344956193986
2023-03-07,BCH-USD,Crypto,Crypto,-0.016412464735413912
2023-03-08,BCH-USD,Crypto,Crypto,-0.04566272186873088
2023-03-09,BCH-USD,Crypto,Crypto,-0.05506720365016149
2023-03-10,BCH-USD,Crypto,Crypto,0.013926270364160276
2023-03-11,BCH-USD,Crypto,Crypto,0.023590559896273566
2023-03-12,BCH-USD,Crypto,Crypto,0.05850193835100237
2023-03-13,BCH-USD,Crypto,Crypto,0.04977583665813601
2023-03-14,BCH-USD,Crypto,Crypto,0.034137111875386816
2023-03-15,BCH-USD,Crypto,Crypto,-0.06012543958849903
2023-03-16,BCH-USD,Crypto,Crypto,0.021551504422351098
2023-03-17,BCH-USD,Crypto,Crypto,0.07500398281745424
2023-03-18,BCH-USD,Crypto,Crypto,-0.031653572528517304
2023-03-19,BCH-USD,Crypto,Crypto,0.03668013789317581
2023-03-20,BCH-USD,Crypto,Crypto,-0.040565944783146346
2023-03-21,BCH-USD,Crypto,Crypto,0.029538424942909813
2023-03-22,BCH-USD,Crypto,Crypto,-0.06117513619081072
2023-03-23,BCH-USD,Crypto,Crypto,0.020411629172932377
2023-03-24,BCH-USD,Crypto,Crypto,-0.038192841159600865
2023-03-25,BCH-USD,Crypto,Crypto,0.010167559358385203
2023-03-26,BCH-USD,Crypto,Crypto,-0.002231039577391236
2023-03-27,BCH-USD,Crypto,Crypto,-0.03688047482638368
2023-03-28,BCH-USD,Crypto,Crypto,0.006722247258524883
2023-03-29,BCH-USD,Crypto,Crypto,0.01845650440233948
2023-03-30,BCH-USD,Crypto,Crypto,-0.01775247911170974
2023-03-31,BCH-USD,Crypto,Crypto,0.023832813346320147
2023-04-01,BCH-USD,Crypto,Crypto,0.012614063668937359
2023-04-02,BCH-USD,Crypto,Crypto,-0.02020382633082829
2023-04-03,BCH-USD,Crypto,Crypto,0.03901554285588138
2023-04-04,BCH-USD,Crypto,Crypto,-0.005468388184122985
2023-04-05,BCH-USD,Crypto,Crypto,0.0008734327792510044
2023-04-06,BCH-USD,Crypto,Crypto,-0.009231001862976318
2023-04-07,BCH-USD,Crypto,Crypto,-0.011022027776918741
2023-04-08,BCH-USD,Crypto,Crypto,-0.006930296426068572
2023-04-09,BCH-USD,Crypto,Crypto,0.013992319585304003
2023-04-10,BCH-USD,Crypto,Crypto,0.019394560833347896
2023-04-11,BCH-USD,Crypto,Crypto,0.009008032686554035
2023-04-12,BCH-USD,Crypto,Crypto,-0.0021137022708149766
2023-04-13,BCH-USD,Crypto,Crypto,0.018376737323958725
2023-04-14,BCH-USD,Crypto,Crypto,0.009595310127362255
2023-04-15,BCH-USD,Crypto,Crypto,0.0023463737849218624
2023-04-16,BCH-USD,Crypto,Crypto,0.012408830409625482
2023-04-17,BCH-USD,Crypto,Crypto,-0.02110761078542156
2023-04-18,BCH-USD,Crypto,Crypto,0.015088857895767971
2023-04-19,BCH-USD,Crypto,Crypto,-0.06368756652793828
2023-04-20,BCH-USD,Crypto,Crypto,-0.01584698483713798
2023-04-21,BCH-USD,Crypto,Crypto,-0.027290931796281837
2023-04-22,BCH-USD,Crypto,Crypto,0.020777558676993158
2023-04-23,BCH-USD,Crypto,Crypto,-0.01889502978293045
2023-04-24,BCH-USD,Crypto,Crypto,-0.005008982872647616
2023-04-25,BCH-USD,Crypto,Crypto,0.007296129738071144
2023-04-26,BCH-USD,Crypto,Crypto,-0.021221046089185736
2023-04-27,BCH-USD,Crypto,Crypto,-0.0038318059739675947
2023-04-28,BCH-USD,Crypto,Crypto,0.007938772437285246
2023-04-29,BCH-USD,Crypto,Crypto,0.013678896062439438
2023-04-30,BCH-USD,Crypto,Crypto,-0.012754203376463491
2023-05-01,BCH-USD,Crypto,Crypto,-0.010483267282495823
2023-05-02,BCH-USD,Crypto,Crypto,0.01941908029547279
2023-05-03,BCH-USD,Crypto,Crypto,0.007823258427857693
2023-05-04,BCH-USD,Crypto,Crypto,-0.023049469013329826
2023-05-05,BCH-USD,Crypto,Crypto,0.023693545568856944
2023-05-06,BCH-USD,Crypto,Crypto,-0.02486033714590763
2023-05-07,BCH-USD,Crypto,Crypto,-0.006961170028563335
2023-05-08,BCH-USD,Crypto,Crypto,-0.04282910598331613
2023-05-09,BCH-USD,Crypto,Crypto,0.09490698699442346
2023-05-10,BCH-USD,Crypto,Crypto,-0.048600564927932854
2023-05-11,BCH-USD,Crypto,Crypto,-0.021873253714780105
2023-05-12,BCH-USD,Crypto,Crypto,0.012869611670107695
2023-05-13,BCH-USD,Crypto,Crypto,-0.016142870177592306
2023-05-14,BCH-USD,Crypto,Crypto,0.019694047587411445
2023-05-15,BCH-USD,Crypto,Crypto,0.00803566579922177
2023-05-16,BCH-USD,Crypto,Crypto,0.005099989599624877
2023-05-17,BCH-USD,Crypto,Crypto,0.009793728216991315
2023-05-18,BCH-USD,Crypto,Crypto,-0.0218605710242602
2023-05-19,BCH-USD,Crypto,Crypto,0.0008055153910480062
2023-05-20,BCH-USD,Crypto,Crypto,0.008831875509315967
2023-05-21,BCH-USD,Crypto,Crypto,-0.01619143509547405
2023-05-22,BCH-USD,Crypto,Crypto,0.0010071845744252794
2023-05-23,BCH-USD,Crypto,Crypto,0.00767125749991715
2023-05-24,BCH-USD,Crypto,Crypto,-0.0299347576809047
2023-05-25,BCH-USD,Crypto,Crypto,-0.0021765684914543115
2023-05-26,BCH-USD,Crypto,Crypto,0.01184130464058919
2023-05-27,BCH-USD,Crypto,Crypto,0.006097179429788824
2023-05-28,BCH-USD,Crypto,Crypto,0.022480730644499625
2023-05-29,BCH-USD,Crypto,Crypto,-0.013231121489728048
2023-05-30,BCH-USD,Crypto,Crypto,-0.007351777061542553
2023-05-31,BCH-USD,Crypto,Crypto,-0.007621400053917204
2023-06-01,BCH-USD,Crypto,Crypto,0.0008860319958992058
2023-06-02,BCH-USD,Crypto,Crypto,0.012895919334114048
2023-06-03,BCH-USD,Crypto,Crypto,0.0008343110814277299
2023-06-04,BCH-USD,Crypto,Crypto,0.0070040438687464235
2023-06-05,BCH-USD,Crypto,Crypto,-0.05990136861170714
2023-06-06,BCH-USD,Crypto,Crypto,0.055048502226831886
2023-06-07,BCH-USD,Crypto,Crypto,-0.031365080529825784
2023-06-08,BCH-USD,Crypto,Crypto,0.005326461212089795
2023-06-09,BCH-USD,Crypto,Crypto,-0.00894784498592649
2023-06-10,BCH-USD,Crypto,Crypto,-0.0646323973429952
2023-06-11,BCH-USD,Crypto,Crypto,-0.007616690466446752
2023-06-12,BCH-USD,Crypto,Crypto,-0.0009718121789330514
2023-06-13,BCH-USD,Crypto,Crypto,0.024773901460955816
2023-06-14,BCH-USD,Crypto,Crypto,-0.03306023144292691
2023-06-15,BCH-USD,Crypto,Crypto,0.02873481333269079
2023-06-16,BCH-USD,Crypto,Crypto,0.03193303257657454
2023-06-17,BCH-USD,Crypto,Crypto,-0.012687043306366386
2023-06-18,BCH-USD,Crypto,Crypto,0.0032298591818009648
2023-06-19,BCH-USD,Crypto,Crypto,-0.0030446845502948294
2023-06-20,BCH-USD,Crypto,Crypto,0.029808489565015917
2023-06-21,BCH-USD,Crypto,Crypto,0.2376461564331187
2023-06-22,BCH-USD,Crypto,Crypto,-0.015014028530962342
2023-06-23,BCH-USD,Crypto,Crypto,0.3568941754827186
2023-06-24,BCH-USD,Crypto,Crypto,0.17577438532143352
2023-06-25,BCH-USD,Crypto,Crypto,-0.08574427537731677
2023-06-26,BCH-USD,Crypto,Crypto,0.1437126524727126
2023-06-27,BCH-USD,Crypto,Crypto,0.02998372260700477
2023-06-28,BCH-USD,Crypto,Crypto,-0.020841122412236013
2023-06-29,BCH-USD,Crypto,Crypto,0.12450795760915545
2023-06-30,BCH-USD,Crypto,Crypto,0.2034338281160586
2023-07-01,BCH-USD,Crypto,Crypto,-0.046643803352014346
2023-07-02,BCH-USD,Crypto,Crypto,0.02762857293986065
2023-07-03,BCH-USD,Crypto,Crypto,-0.03377445899475884
2023-07-04,BCH-USD,Crypto,Crypto,-0.056435810066276404
2023-07-05,BCH-USD,Crypto,Crypto,-0.0017725064235574184
2023-07-06,BCH-USD,Crypto,Crypto,0.01968795266658918
2023-07-07,BCH-USD,Crypto,Crypto,0.004050063142950755
2023-07-08,BCH-USD,Crypto,Crypto,-0.02335781928651892
2023-07-09,BCH-USD,Crypto,Crypto,-0.023424324301574928
2023-07-10,BCH-USD,Crypto,Crypto,0.034029614863352986
2023-07-11,BCH-USD,Crypto,Crypto,-0.002021090470833542
2023-07-12,BCH-USD,Crypto,Crypto,0.030911194504151807
2023-07-13,BCH-USD,Crypto,Crypto,-0.029012753378579115
2023-07-14,BCH-USD,Crypto,Crypto,-0.036125898335715445
2023-07-15,BCH-USD,Crypto,Crypto,-0.04184107227941092
2023-07-16,BCH-USD,Crypto,Crypto,-0.013467188469926006
2023-07-17,BCH-USD,Crypto,Crypto,-0.030215635565844168
2023-07-18,BCH-USD,Crypto,Crypto,0.00827899071143623
2023-07-19,BCH-USD,Crypto,Crypto,-2.841007717302446e-05
2023-07-20,BCH-USD,Crypto,Crypto,-0.0012503286764667942
2023-07-21,BCH-USD,Crypto,Crypto,0.008836905863814026
2023-07-22,BCH-USD,Crypto,Crypto,-0.02832778817909498
2023-07-23,BCH-USD,Crypto,Crypto,0.04352038257041735
2023-07-24,BCH-USD,Crypto,Crypto,-0.044229068481814404
2023-07-25,BCH-USD,Crypto,Crypto,-0.004587824475043467
2023-07-26,BCH-USD,Crypto,Crypto,0.01828144098910922
2023-07-27,BCH-USD,Crypto,Crypto,0.011562424747209032
2023-07-28,BCH-USD,Crypto,Crypto,-0.011779707813651674
2023-07-29,BCH-USD,Crypto,Crypto,0.0011629434846196496
2023-07-30,BCH-USD,Crypto,Crypto,0.04451950113357239
2023-07-31,BCH-USD,Crypto,Crypto,-0.018390140184527226
2023-08-01,BCH-USD,Crypto,Crypto,-0.013776567495940029
2023-08-02,BCH-USD,Crypto,Crypto,-0.06462693578114342
2023-08-03,BCH-USD,Crypto,Crypto,-0.01545107930220646
2023-08-04,BCH-USD,Crypto,Crypto,0.007872199752905651
2023-08-05,BCH-USD,Crypto,Crypto,-0.002082910335922006
2023-08-06,BCH-USD,Crypto,Crypto,-0.018296822585298966
2023-08-07,BCH-USD,Crypto,Crypto,0.06818616390421961
2023-08-08,BCH-USD,Crypto,Crypto,0.008240953310870713
2023-08-09,BCH-USD,Crypto,Crypto,-0.005723897386172183
2023-08-10,BCH-USD,Crypto,Crypto,-0.026555287512402437
2023-08-11,BCH-USD,Crypto,Crypto,-0.012967802636048797
2023-08-12,BCH-USD,Crypto,Crypto,-0.001803821275762063
2023-08-13,BCH-USD,Crypto,Crypto,-0.0009973991919871583
2023-08-14,BCH-USD,Crypto,Crypto,0.007803197576962573
2023-08-15,BCH-USD,Crypto,Crypto,-0.006875243091107097
2023-08-16,BCH-USD,Crypto,Crypto,-0.09012055799055463
2023-08-17,BCH-USD,Crypto,Crypto,-0.11299249471759731
2023-08-18,BCH-USD,Crypto,Crypto,0.015345154717225862
2023-08-19,BCH-USD,Crypto,Crypto,-0.0016942491017912786
2023-08-20,BCH-USD,Crypto,Crypto,0.010430357953294944
2023-08-21,BCH-USD,Crypto,Crypto,-0.015032449624150401
2023-08-22,BCH-USD,Crypto,Crypto,-0.007194888824453294
2023-08-23,BCH-USD,Crypto,Crypto,0.04830037561654277
2023-08-24,BCH-USD,Crypto,Crypto,0.004130619119333989
2023-08-25,BCH-USD,Crypto,Crypto,-0.012390316023090264
2023-08-26,BCH-USD,Crypto,Crypto,-0.009897967015304432
2023-08-27,BCH-USD,Crypto,Crypto,0.04133410550995964
2023-08-28,BCH-USD,Crypto,Crypto,-0.038372290692077704
2023-08-29,BCH-USD,Crypto,Crypto,0.17732030108133845
2023-08-30,BCH-USD,Crypto,Crypto,-0.03675782572233055
2023-08-31,BCH-USD,Crypto,Crypto,-0.039125925848457976
2023-09-01,BCH-USD,Crypto,Crypto,-0.037855645411625116
2023-09-02,BCH-USD,Crypto,Crypto,-0.022680451612572816
2023-09-03,BCH-USD,Crypto,Crypto,0.006145421837481013
2023-09-04,BCH-USD,Crypto,Crypto,-0.013936409051312548
2023-09-05,BCH-USD,Crypto,Crypto,-0.007989931982548826
2023-09-06,BCH-USD,Crypto,Crypto,0.005384462630867892
2023-09-07,BCH-USD,Crypto,Crypto,0.001488288481682476
2023-09-08,BCH-USD,Crypto,Crypto,-0.001226190907435698
2023-09-09,BCH-USD,Crypto,Crypto,1.0746392254290527e-05
2023-09-10,BCH-USD,Crypto,Crypto,-0.013090861508464391
2023-09-11,BCH-USD,Crypto,Crypto,-0.035001954383206746
2023-09-12,BCH-USD,Crypto,Crypto,0.0810983161952703
2023-09-13,BCH-USD,Crypto,Crypto,0.005283282059971972
2023-09-14,BCH-USD,Crypto,Crypto,0.04018207496755477
2023-09-15,BCH-USD,Crypto,Crypto,0.04487695540920256
2023-09-16,BCH-USD,Crypto,Crypto,-0.009524255049007113
2023-09-17,BCH-USD,Crypto,Crypto,-0.025115709895616067
2023-09-18,BCH-USD,Crypto,Crypto,0.036519538880045
2023-09-19,BCH-USD,Crypto,Crypto,0.007647506984306718
2023-09-20,BCH-USD,Crypto,Crypto,-0.016384806357517157
2023-09-21,BCH-USD,Crypto,Crypto,-0.03168719186359881
2023-09-22,BCH-USD,Crypto,Crypto,-0.0040417418509235414
2023-09-23,BCH-USD,Crypto,Crypto,0.001620408780603766
2023-09-24,BCH-USD,Crypto,Crypto,-0.01629053905963085
2023-09-25,BCH-USD,Crypto,Crypto,0.027103426542749665
2023-09-26,BCH-USD,Crypto,Crypto,0.018597784885592494
2023-09-27,BCH-USD,Crypto,Crypto,0.06817246336357585
2023-09-28,BCH-USD,Crypto,Crypto,0.04523207453302347
2023-09-29,BCH-USD,Crypto,Crypto,-0.01626535327157419
2023-09-30,BCH-USD,Crypto,Crypto,-0.004021221445122292
2023-10-01,BCH-USD,Crypto,Crypto,0.033456154046995756
2023-10-02,BCH-USD,Crypto,Crypto,0.01834294086842303
2023-10-03,BCH-USD,Crypto,Crypto,-0.06713992494652121
2023-10-04,BCH-USD,Crypto,Crypto,0.014358280744157792
2023-10-05,BCH-USD,Crypto,Crypto,-0.008945127706044498
2023-10-06,BCH-USD,Crypto,Crypto,-0.0012768934340562366
2023-10-07,BCH-USD,Crypto,Crypto,-0.002936613317795045
2023-10-08,BCH-USD,Crypto,Crypto,-0.009689433685584281
2023-10-09,BCH-USD,Crypto,Crypto,-0.04229065406067967
2023-10-10,BCH-USD,Crypto,Crypto,-0.027192729083839295
2023-10-11,BCH-USD,Crypto,Crypto,0.007191458112275173
2023-10-12,BCH-USD,Crypto,Crypto,-0.00020682229836677113
2023-10-13,BCH-USD,Crypto,Crypto,0.015283842639065126
2023-10-14,BCH-USD,Crypto,Crypto,-0.012056284997971622
2023-10-15,BCH-USD,Crypto,Crypto,0.002438308096557762
2023-10-16,BCH-USD,Crypto,Crypto,0.07561013854082477
2023-10-17,BCH-USD,Crypto,Crypto,-0.0200154838628005
2023-10-18,BCH-USD,Crypto,Crypto,0.0015609033539776274
2023-10-19,BCH-USD,Crypto,Crypto,0.0014064526599737448
2023-10-20,BCH-USD,Crypto,Crypto,0.05774490057740067
2023-10-21,BCH-USD,Crypto,Crypto,0.012470266797994789
2023-10-22,BCH-USD,Crypto,Crypto,-0.00046677749395862556
2023-10-23,BCH-USD,Crypto,Crypto,0.07031340084004034
2023-10-24,BCH-USD,Crypto,Crypto,-0.03436262357179798
2023-10-25,BCH-USD,Crypto,Crypto,0.009667150140388436
2023-10-26,BCH-USD,Crypto,Crypto,-0.02608407239876609
2023-10-27,BCH-USD,Crypto,Crypto,-0.032423604151481156
2023-10-28,BCH-USD,Crypto,Crypto,0.02302407399169981
2023-10-29,BCH-USD,Crypto,Crypto,0.005628919167908419
2023-10-30,BCH-USD,Crypto,Crypto,-0.0009551918393166936
2023-10-31,BCH-USD,Crypto,Crypto,-0.004991959912534316
2023-11-01,BCH-USD,Crypto,Crypto,0.0008417550380672711
2023-11-02,BCH-USD,Crypto,Crypto,-0.038961313079465154
2023-11-03,BCH-USD,Crypto,Crypto,0.009315280284767802
2023-11-04,BCH-USD,Crypto,Crypto,0.011000092432357444
2023-11-05,BCH-USD,Crypto,Crypto,-0.008722991835726668
2023-11-06,BCH-USD,Crypto,Crypto,0.019465071921111576
2023-11-07,BCH-USD,Crypto,Crypto,0.004750563977903521
2023-11-08,BCH-USD,Crypto,Crypto,0.006818337715502221
2023-11-09,BCH-USD,Crypto,Crypto,-0.024119735902915385
2023-11-10,BCH-USD,Crypto,Crypto,0.0006851590888363734
2023-11-11,BCH-USD,Crypto,Crypto,-0.014332571966060637
2023-11-12,BCH-USD,Crypto,Crypto,7.213582233323024e-05
2023-11-13,BCH-USD,Crypto,Crypto,-0.0075898443959315776
2023-11-14,BCH-USD,Crypto,Crypto,-0.0130152615206105
2023-11-15,BCH-USD,Crypto,Crypto,0.027687988355544757
2023-11-16,BCH-USD,Crypto,Crypto,-0.016521738127230012
2023-11-17,BCH-USD,Crypto,Crypto,-0.02081717515520487
2023-11-18,BCH-USD,Crypto,Crypto,-0.007754025465608216
2023-11-19,BCH-USD,Crypto,Crypto,0.013166881153299004
2023-11-20,BCH-USD,Crypto,Crypto,-0.017277595333498708
2023-11-21,BCH-USD,Crypto,Crypto,-0.041475324024390026
2023-11-22,BCH-USD,Crypto,Crypto,0.03213055481113858
2023-11-23,BCH-USD,Crypto,Crypto,0.005368158369558396
2023-11-24,BCH-USD,Crypto,Crypto,0.005440686312027765
2023-11-25,BCH-USD,Crypto,Crypto,0.0044399737895430835
2023-11-26,BCH-USD,Crypto,Crypto,-0.0026547302728853195
2023-11-27,BCH-USD,Crypto,Crypto,-0.015511489879181162
2023-11-28,BCH-USD,Crypto,Crypto,0.0003093554934507914
2023-11-29,BCH-USD,Crypto,Crypto,-0.0007425923088332231
2023-11-30,BCH-USD,Crypto,Crypto,-0.007665625991499558
2023-12-01,BCH-USD,Crypto,Crypto,0.016404537463936553
2023-12-02,BCH-USD,Crypto,Crypto,0.013179639415461297
2023-12-03,BCH-USD,Crypto,Crypto,0.00830661812513167
2023-12-04,BCH-USD,Crypto,Crypto,0.09218465873500792
2023-12-05,BCH-USD,Crypto,Crypto,0.0008780967239845339
2023-12-06,BCH-USD,Crypto,Crypto,-0.027691928561210277
2023-12-07,BCH-USD,Crypto,Crypto,0.009969309123645687
2023-12-08,BCH-USD,Crypto,Crypto,0.02683061374944007
2023-12-09,BCH-USD,Crypto,Crypto,-0.0033340450984742365
2023-12-10,BCH-USD,Crypto,Crypto,-0.007171946890950021
2023-12-11,BCH-USD,Crypto,Crypto,-0.08153494934341987
2023-12-12,BCH-USD,Crypto,Crypto,0.006747355743179861
2023-12-13,BCH-USD,Crypto,Crypto,0.014724415325570117
2023-12-14,BCH-USD,Crypto,Crypto,0.007902696562152922
2023-12-15,BCH-USD,Crypto,Crypto,-0.0437317851738388
2023-12-16,BCH-USD,Crypto,Crypto,0.011753911022670982
2023-12-17,BCH-USD,Crypto,Crypto,-0.015988533689298645
2023-12-18,BCH-USD,Crypto,Crypto,0.00881462979615133
2023-12-19,BCH-USD,Crypto,Crypto,-0.012012181684147527
2023-12-20,BCH-USD,Crypto,Crypto,0.01936558163486546
2023-12-21,BCH-USD,Crypto,Crypto,0.01581193555924032
2023-12-22,BCH-USD,Crypto,Crypto,0.02376259833165406
2023-12-23,BCH-USD,Crypto,Crypto,-0.023022615526462564
2023-12-24,BCH-USD,Crypto,Crypto,-0.017301829482714193
2023-12-25,BCH-USD,Crypto,Crypto,0.025226136527956466
2023-12-26,BCH-USD,Crypto,Crypto,-0.024683815683942067
2023-12-27,BCH-USD,Crypto,Crypto,0.1523254145564743
2023-12-28,BCH-USD,Crypto,Crypto,-0.006021541559938393
2023-12-29,BCH-USD,Crypto,Crypto,-0.030415311765752184
2023-12-30,BCH-USD,Crypto,Crypto,0.06518972171398763
2023-12-31,BCH-USD,Crypto,Crypto,-0.04367838657239054
2020-01-02,BTC-USD,Crypto,Crypto,-0.029819292162590716
2020-01-03,BTC-USD,Crypto,Crypto,0.05145166344511276
2020-01-04,BTC-USD,Crypto,Crypto,0.008954866877941559
2020-01-05,BTC-USD,Crypto,Crypto,8.914790612779555e-05
2020-01-06,BTC-USD,Crypto,Crypto,0.04829126010697582
2020-01-07,BTC-USD,Crypto,Crypto,0.050773846435889336
2020-01-08,BTC-USD,Crypto,Crypto,-0.010268587535248286
2020-01-09,BTC-USD,Crypto,Crypto,-0.024850855645838776
2020-01-10,BTC-USD,Crypto,Crypto,0.03648690303834745
2020-01-11,BTC-USD,Crypto,Crypto,-0.015798168776598898
2020-01-12,BTC-USD,Crypto,Crypto,0.019279106453440997
2020-01-13,BTC-USD,Crypto,Crypto,-0.005895616628883604
2020-01-14,BTC-USD,Crypto,Crypto,0.08393344808628167
2020-01-15,BTC-USD,Crypto,Crypto,-0.002350980919464507
2020-01-16,BTC-USD,Crypto,Crypto,-0.009449813541879348
2020-01-17,BTC-USD,Crypto,Crypto,0.02352785247141642
2020-01-18,BTC-USD,Crypto,Crypto,0.0015422162701026476
2020-01-19,BTC-USD,Crypto,Crypto,-0.026452928527155417
2020-01-20,BTC-USD,Crypto,Crypto,-0.005582491465413786
2020-01-21,BTC-USD,Crypto,Crypto,0.010193531591149663
2020-01-22,BTC-USD,Crypto,Crypto,-0.007434180055016837
2020-01-23,BTC-USD,Crypto,Crypto,-0.03160514587505292
2020-01-24,BTC-USD,Crypto,Crypto,0.004629616722148233
2020-01-25,BTC-USD,Crypto,Crypto,-0.00918684685986848
2020-01-26,BTC-USD,Crypto,Crypto,0.027364554337216074
2020-01-27,BTC-USD,Crypto,Crypto,0.036407519395889265
2020-01-28,BTC-USD,Crypto,Crypto,0.05036808165148732
2020-01-29,BTC-USD,Crypto,Crypto,-0.004483577295090302
2020-01-30,BTC-USD,Crypto,Crypto,0.02064730312029206
2020-01-31,BTC-USD,Crypto,Crypto,-0.016664631518128026
2020-02-01,BTC-USD,Crypto,Crypto,0.00452869583961979
2020-02-02,BTC-USD,Crypto,Crypto,-0.0051645279666768795
2020-02-03,BTC-USD,Crypto,Crypto,-0.005441113304621492
2020-02-04,BTC-USD,Crypto,Crypto,-0.012111511652417528
2020-02-05,BTC-USD,Crypto,Crypto,0.047104093835473426
2020-02-06,BTC-USD,Crypto,Crypto,0.012105773319493585
2020-02-07,BTC-USD,Crypto,Crypto,0.006797836503646293
2020-02-08,BTC-USD,Crypto,Crypto,0.007061676319697785
2020-02-09,BTC-USD,Crypto,Crypto,0.02549940694219166
2020-02-10,BTC-USD,Crypto,Crypto,-0.025706324471686526
2020-02-11,BTC-USD,Crypto,Crypto,0.03567402510806805
2020-02-12,BTC-USD,Crypto,Crypto,0.011541499979814906
2020-02-13,BTC-USD,Crypto,Crypto,-0.010814856987217514
2020-02-14,BTC-USD,Crypto,Crypto,0.009568503349817403
2020-02-15,BTC-USD,Crypto,Crypto,-0.0409897830477971
2020-02-16,BTC-USD,Crypto,Crypto,0.004551203932625647
2020-02-17,BTC-USD,Crypto,Crypto,-0.024590331529186438
2020-02-18,BTC-USD,Crypto,Crypto,0.0466302236506857
2020-02-19,BTC-USD,Crypto,Crypto,-0.05014884351152826
2020-02-20,BTC-USD,Crypto,Crypto,-0.0025859164113087862
2020-02-21,BTC-USD,Crypto,Crypto,0.008114275736580634
2020-02-22,BTC-USD,Crypto,Crypto,-0.002401270461409255
2020-02-23,BTC-USD,Crypto,Crypto,0.02704430011708836
2020-02-24,BTC-USD,Crypto,Crypto,-0.027642741538078885
2020-02-25,BTC-USD,Crypto,Crypto,-0.031965195740564556
2020-02-26,BTC-USD,Crypto,Crypto,-0.05579095174048332
2020-02-27,BTC-USD,Crypto,Crypto,-0.0040846016176541156
2020-02-28,BTC-USD,Crypto,Crypto,-0.012754184897438958
2020-02-29,BTC-USD,Crypto,Crypto,-0.008411261679117432
2020-03-01,BTC-USD,Crypto,Crypto,-0.0043089307085921735
2020-03-02,BTC-USD,Crypto,Crypto,0.03587941221856461
2020-03-03,BTC-USD,Crypto,Crypto,-0.009231886844013548
2020-03-04,BTC-USD,Crypto,Crypto,-0.0037028710724991143
2020-03-05,BTC-USD,Crypto,Crypto,0.03695117168590434
2020-03-06,BTC-USD,Crypto,Crypto,0.004822595830994203
2020-03-07,BTC-USD,Crypto,Crypto,-0.02330399860322019
2020-03-08,BTC-USD,Crypto,Crypto,-0.08999349283790192
2020-03-09,BTC-USD,Crypto,Crypto,-0.022751484424786028
2020-03-10,BTC-USD,Crypto,Crypto,-0.0017561412564156553
2020-03-11,BTC-USD,Crypto,Crypto,0.00021501160000858555
2020-03-12,BTC-USD,Crypto,Crypto,-0.37169538560117077
2020-03-13,BTC-USD,Crypto,Crypto,0.11928067241286833
2020-03-14,BTC-USD,Crypto,Crypto,-0.06530552710121185
2020-03-15,BTC-USD,Crypto,Crypto,0.036910617960911996
2020-03-16,BTC-USD,Crypto,Crypto,-0.07006915676163483
2020-03-17,BTC-USD,Crypto,Crypto,0.04210793838741411
2020-03-18,BTC-USD,Crypto,Crypto,0.0024512036855608432
2020-03-19,BTC-USD,Crypto,Crypto,0.18187755736638023
2020-03-20,BTC-USD,Crypto,Crypto,0.001225199953657663
2020-03-21,BTC-USD,Crypto,Crypto,-0.00221203491300348
2020-03-22,BTC-USD,Crypto,Crypto,-0.05736583896317804
2020-03-23,BTC-USD,Crypto,Crypto,0.10052048673231173
2020-03-24,BTC-USD,Crypto,Crypto,0.04963733427047878
2020-03-25,BTC-USD,Crypto,Crypto,-0.007979552925792555
2020-03-26,BTC-USD,Crypto,Crypto,0.005295181540467819
2020-03-27,BTC-USD,Crypto,Crypto,-0.03672214358569481
2020-03-28,BTC-USD,Crypto,Crypto,-0.035179534234601295
2020-03-29,BTC-USD,Crypto,Crypto,-0.051288198783903005
2020-03-30,BTC-USD,Crypto,Crypto,0.08574723804008189
2020-03-31,BTC-USD,Crypto,Crypto,0.0013690436954885143
2020-04-01,BTC-USD,Crypto,Crypto,0.026112924097839496
2020-04-02,BTC-USD,Crypto,Crypto,0.028281287899985408
2020-04-03,BTC-USD,Crypto,Crypto,-0.008866740365705117
2020-04-04,BTC-USD,Crypto,Crypto,0.01992164308903499
2020-04-05,BTC-USD,Crypto,Crypto,-0.011124520572645125
2020-04-06,BTC-USD,Crypto,Crypto,0.0707764242948763
2020-04-07,BTC-USD,Crypto,Crypto,-0.013114627068677276
2020-04-08,BTC-USD,Crypto,Crypto,0.02197254365887824
2020-04-09,BTC-USD,Crypto,Crypto,-0.004364445986660415
2020-04-10,BTC-USD,Crypto,Crypto,-0.05979058460566089
2020-04-11,BTC-USD,Crypto,Crypto,-0.0009336774645052337
2020-04-12,BTC-USD,Crypto,Crypto,0.016329994685138294
2020-04-13,BTC-USD,Crypto,Crypto,-0.018082418492216368
2020-04-14,BTC-USD,Crypto,Crypto,-0.0003812781513637953
2020-04-15,BTC-USD,Crypto,Crypto,-0.029275847531044064
2020-04-16,BTC-USD,Crypto,Crypto,0.07146740203164859
2020-04-17,BTC-USD,Crypto,Crypto,-0.002897315751431484
2020-04-18,BTC-USD,Crypto,Crypto,0.02275595669052466
2020-04-19,BTC-USD,Crypto,Crypto,-0.009402505352301915
2020-04-20,BTC-USD,Crypto,Crypto,-0.04276646838190479
2020-04-21,BTC-USD,Crypto,Crypto,-0.00023761461322069355
2020-04-22,BTC-USD,Crypto,Crypto,0.034429236680519004
2020-04-23,BTC-USD,Crypto,Crypto,0.043910071328696176
2020-04-24,BTC-USD,Crypto,Crypto,0.016309658285092787
2020-04-25,BTC-USD,Crypto,Crypto,0.002520911948821203
2020-04-26,BTC-USD,Crypto,Crypto,0.014522071498782596
2020-04-27,BTC-USD,Crypto,Crypto,0.015069777105927384
2020-04-28,BTC-USD,Crypto,Crypto,0.001469741643032707
2020-04-29,BTC-USD,Crypto,Crypto,0.1273180520232342
2020-04-30,BTC-USD,Crypto,Crypto,-0.01618949646720247
2020-05-01,BTC-USD,Crypto,Crypto,0.023816089558295506
2020-05-02,BTC-USD,Crypto,Crypto,0.013968791699848548
2020-05-03,BTC-USD,Crypto,Crypto,-0.010138170944239966
2020-05-04,BTC-USD,Crypto,Crypto,0.0017067266322232655
2020-05-05,BTC-USD,Crypto,Crypto,0.010144678859214995
2020-05-06,BTC-USD,Crypto,Crypto,0.029511199738283755
2020-05-07,BTC-USD,Crypto,Crypto,0.07366214135771076
2020-05-08,BTC-USD,Crypto,Crypto,-0.010938284289408906
2020-05-09,BTC-USD,Crypto,Crypto,-0.025274608612654736
2020-05-10,BTC-USD,Crypto,Crypto,-0.0872915214038874
2020-05-11,BTC-USD,Crypto,Crypto,-0.017659566044374797
2020-05-12,BTC-USD,Crypto,Crypto,0.023562712138033515
2020-05-13,BTC-USD,Crypto,Crypto,0.05287193516704303
2020-05-14,BTC-USD,Crypto,Crypto,0.05002535168149658
2020-05-15,BTC-USD,Crypto,Crypto,-0.04166180495059313
2020-05-16,BTC-USD,Crypto,Crypto,0.005233209039209763
2020-05-17,BTC-USD,Crypto,Crypto,0.03132400103227817
2020-05-18,BTC-USD,Crypto,Crypto,0.005773698991511145
2020-05-19,BTC-USD,Crypto,Crypto,0.00025321252090737545
2020-05-20,BTC-USD,Crypto,Crypto,-0.02117954918100662
2020-05-21,BTC-USD,Crypto,Crypto,-0.04633209978369557
2020-05-22,BTC-USD,Crypto,Crypto,0.01110086707949609
2020-05-23,BTC-USD,Crypto,Crypto,0.0029087652089092586
2020-05-24,BTC-USD,Crypto,Crypto,-0.045488748514099786
2020-05-25,BTC-USD,Crypto,Crypto,0.013260696716498988
2020-05-26,BTC-USD,Crypto,Crypto,-0.008070322664891605
2020-05-27,BTC-USD,Crypto,Crypto,0.039158209254817056
2020-05-28,BTC-USD,Crypto,Crypto,0.037548495632866885
2020-05-29,BTC-USD,Crypto,Crypto,-0.009093976247976698
2020-05-30,BTC-USD,Crypto,Crypto,0.02768159825145977
2020-05-31,BTC-USD,Crypto,Crypto,-0.024674768232348376
2020-06-01,BTC-USD,Crypto,Crypto,0.07464386293982206
2020-06-02,BTC-USD,Crypto,Crypto,-0.06269774820259899
2020-06-03,BTC-USD,Crypto,Crypto,0.013317594606312655
2020-06-04,BTC-USD,Crypto,Crypto,0.014903505382374727
2020-06-05,BTC-USD,Crypto,Crypto,-0.013785177382049874
2020-06-06,BTC-USD,Crypto,Crypto,-0.0012263695520872142
2020-06-07,BTC-USD,Crypto,Crypto,0.010894586827723485
2020-06-08,BTC-USD,Crypto,Crypto,0.0012948980117710729
2020-06-09,BTC-USD,Crypto,Crypto,0.0024777121338637187
2020-06-10,BTC-USD,Crypto,Crypto,0.007594610876882513
2020-06-11,BTC-USD,Crypto,Crypto,-0.05555301055894357
2020-06-12,BTC-USD,Crypto,Crypto,0.01706353064227928
2020-06-13,BTC-USD,Crypto,Crypto,-0.0005871213994007585
2020-06-14,BTC-USD,Crypto,Crypto,-0.009338962291258746
2020-06-15,BTC-USD,Crypto,Crypto,0.006808938469139436
2020-06-16,BTC-USD,Crypto,Crypto,0.009239764861221245
2020-06-17,BTC-USD,Crypto,Crypto,-0.006056760681470541
2020-06-18,BTC-USD,Crypto,Crypto,-0.007216479234543938
2020-06-19,BTC-USD,Crypto,Crypto,-0.013156009327927487
2020-06-20,BTC-USD,Crypto,Crypto,0.004771982890003024
2020-06-21,BTC-USD,Crypto,Crypto,-0.0030764990320015784
2020-06-22,BTC-USD,Crypto,Crypto,0.03709174751916078
2020-06-23,BTC-USD,Crypto,Crypto,-0.0019753474772544743
2020-06-24,BTC-USD,Crypto,Crypto,-0.03282025643027875
2020-06-25,BTC-USD,Crypto,Crypto,-0.005239308190707503
2020-06-26,BTC-USD,Crypto,Crypto,-0.010998117562784016
2020-06-27,BTC-USD,Crypto,Crypto,-0.012826410118569775
2020-06-28,BTC-USD,Crypto,Crypto,0.010855408054862181
2020-06-29,BTC-USD,Crypto,Crypto,0.005170015512075743
2020-06-30,BTC-USD,Crypto,Crypto,-0.005751513982724221
2020-07-01,BTC-USD,Crypto,Crypto,0.00988532488788163
2020-07-02,BTC-USD,Crypto,Crypto,-0.011368806022981404
2020-07-03,BTC-USD,Crypto,Crypto,-0.00395756024273064
2020-07-04,BTC-USD,Crypto,Crypto,0.004972274697731871
2020-07-05,BTC-USD,Crypto,Crypto,-0.00641072801130238
2020-07-06,BTC-USD,Crypto,Crypto,0.0332305643833104
2020-07-07,BTC-USD,Crypto,Crypto,-0.01314037643510968
2020-07-08,BTC-USD,Crypto,Crypto,0.019028359994139876
2020-07-09,BTC-USD,Crypto,Crypto,-0.015948231171979632
2020-07-10,BTC-USD,Crypto,Crypto,9.052022711308894e-05
2020-07-11,BTC-USD,Crypto,Crypto,-0.004145030168397623
2020-07-12,BTC-USD,Crypto,Crypto,0.003912550206798482
2020-07-13,BTC-USD,Crypto,Crypto,-0.003545059255915528
2020-07-14,BTC-USD,Crypto,Crypto,-4.331537576462985e-05
2020-07-15,BTC-USD,Crypto,Crypto,-0.005450155524782674
2020-07-16,BTC-USD,Crypto,Crypto,-0.006593108913667822
2020-07-17,BTC-USD,Crypto,Crypto,0.002098616025556055
2020-07-18,BTC-USD,Crypto,Crypto,0.0008356608977502233
2020-07-19,BTC-USD,Crypto,Crypto,0.002923597193133398
2020-07-20,BTC-USD,Crypto,Crypto,-0.0023499201650132306
2020-07-21,BTC-USD,Crypto,Crypto,0.02298678850016933
2020-07-22,BTC-USD,Crypto,Crypto,0.016050921443329758
2020-07-23,BTC-USD,Crypto,Crypto,0.00584848921034431
2020-07-24,BTC-USD,Crypto,Crypto,-0.004611142289210002
2020-07-25,BTC-USD,Crypto,Crypto,0.014702976045533722
2020-07-26,BTC-USD,Crypto,Crypto,0.023566295475673238
2020-07-27,BTC-USD,Crypto,Crypto,0.1096100707382146
2020-07-28,BTC-USD,Crypto,Crypto,-0.007101328925793737
2020-07-29,BTC-USD,Crypto,Crypto,0.017194865809297744
2020-07-30,BTC-USD,Crypto,Crypto,0.0009680757576464583
2020-07-31,BTC-USD,Crypto,Crypto,0.0191025870102548
2020-08-01,BTC-USD,Crypto,Crypto,0.03851523428168302
2020-08-02,BTC-USD,Crypto,Crypto,-0.060034265575901635
2020-08-03,BTC-USD,Crypto,Crypto,0.017436321777176023
2020-08-04,BTC-USD,Crypto,Crypto,-0.00359726129861071
2020-08-05,BTC-USD,Crypto,Crypto,0.04828976175167332
2020-08-06,BTC-USD,Crypto,Crypto,0.002788023660583505
2020-08-07,BTC-USD,Crypto,Crypto,-0.01513618086086388
2020-08-08,BTC-USD,Crypto,Crypto,0.013151196120374076
2020-08-09,BTC-USD,Crypto,Crypto,-0.006662100973708895
2020-08-10,BTC-USD,Crypto,Crypto,0.017332698670629254
2020-08-11,BTC-USD,Crypto,Crypto,-0.03936534391564839
2020-08-12,BTC-USD,Crypto,Crypto,0.015284938573538076
2020-08-13,BTC-USD,Crypto,Crypto,0.017195015111304723
2020-08-14,BTC-USD,Crypto,Crypto,-0.0012955213149429268
2020-08-15,BTC-USD,Crypto,Crypto,0.008227394765919493
2020-08-16,BTC-USD,Crypto,Crypto,0.0022843551383793237
2020-08-17,BTC-USD,Crypto,Crypto,0.03040482644811049
2020-08-18,BTC-USD,Crypto,Crypto,-0.021475461465219614
2020-08-19,BTC-USD,Crypto,Crypto,-0.019426708460436926
2020-08-20,BTC-USD,Crypto,Crypto,0.01021312934149976
2020-08-21,BTC-USD,Crypto,Crypto,-0.024067507803910648
2020-08-22,BTC-USD,Crypto,Crypto,0.007706363621583279
2020-08-23,BTC-USD,Crypto,Crypto,-0.0014533293195752028
2020-08-24,BTC-USD,Crypto,Crypto,0.00940844236539995
2020-08-25,BTC-USD,Crypto,Crypto,-0.034690018052305094
2020-08-26,BTC-USD,Crypto,Crypto,0.010753745063331488
2020-08-27,BTC-USD,Crypto,Crypto,-0.01435938403704018
2020-08-28,BTC-USD,Crypto,Crypto,0.01934954061432026
2020-08-29,BTC-USD,Crypto,Crypto,-0.0030872658111327222
2020-08-30,BTC-USD,Crypto,Crypto,0.017784220187846422
2020-08-31,BTC-USD,Crypto,Crypto,-0.0026201196706430174
2020-09-01,BTC-USD,Crypto,Crypto,0.024797762089964426
2020-09-02,BTC-USD,Crypto,Crypto,-0.04648471948812871
2020-09-03,BTC-USD,Crypto,Crypto,-0.10239476124641311
2020-09-04,BTC-USD,Crypto,Crypto,0.02601355576262887
2020-09-05,BTC-USD,Crypto,Crypto,-0.03255823502891142
2020-09-06,BTC-USD,Crypto,Crypto,0.010893696409813414
2020-09-07,BTC-USD,Crypto,Crypto,0.00867790498409815
2020-09-08,BTC-USD,Crypto,Crypto,-0.022956306264775628
2020-09-09,BTC-USD,Crypto,Crypto,0.010939236349907233
2020-09-10,BTC-USD,Crypto,Crypto,0.011793293850096198
2020-09-11,BTC-USD,Crypto,Crypto,0.0036452631180188266
2020-09-12,BTC-USD,Crypto,Crypto,0.003966560559340859
2020-09-13,BTC-USD,Crypto,Crypto,-0.011340078630605377
2020-09-14,BTC-USD,Crypto,Crypto,0.0345883839286778
2020-09-15,BTC-USD,Crypto,Crypto,0.010871177190313608
2020-09-16,BTC-USD,Crypto,Crypto,0.01648188444401355
2020-09-17,BTC-USD,Crypto,Crypto,-0.0023612995663134795
2020-09-18,BTC-USD,Crypto,Crypto,-0.00040225598714782596
2020-09-19,BTC-USD,Crypto,Crypto,0.013683545731443925
2020-09-20,BTC-USD,Crypto,Crypto,-0.014067993350005525
2020-09-21,BTC-USD,Crypto,Crypto,-0.04351800185522625
2020-09-22,BTC-USD,Crypto,Crypto,0.0072833400259153525
2020-09-23,BTC-USD,Crypto,Crypto,-0.027733979972724532
2020-09-24,BTC-USD,Crypto,Crypto,0.050153282066164984
2020-09-25,BTC-USD,Crypto,Crypto,-0.006259218747560857
2020-09-26,BTC-USD,Crypto,Crypto,0.005424892199001441
2020-09-27,BTC-USD,Crypto,Crypto,0.0022831856976197606
2020-09-28,BTC-USD,Crypto,Crypto,-0.006089609852421796
2020-09-29,BTC-USD,Crypto,Crypto,0.012604356977915954
2020-09-30,BTC-USD,Crypto,Crypto,-0.00554646448346463
2020-10-01,BTC-USD,Crypto,Crypto,-0.015303370300178809
2020-10-02,BTC-USD,Crypto,Crypto,-0.00409414143543152
2020-10-03,BTC-USD,Crypto,Crypto,-0.0025194375739971964
2020-10-04,BTC-USD,Crypto,Crypto,0.011399199427022166
2020-10-05,BTC-USD,Crypto,Crypto,0.01159903211277169
2020-10-06,BTC-USD,Crypto,Crypto,-0.017504646058134066
2020-10-07,BTC-USD,Crypto,Crypto,0.0060882710901424275
2020-10-08,BTC-USD,Crypto,Crypto,0.023124708925124526
2020-10-09,BTC-USD,Crypto,Crypto,0.013629236597062944
2020-10-10,BTC-USD,Crypto,Crypto,0.02095930231275278
2020-10-11,BTC-USD,Crypto,Crypto,0.0077742124166433335
2020-10-12,BTC-USD,Crypto,Crypto,0.01503679807902314
2020-10-13,BTC-USD,Crypto,Crypto,-0.011203790312466544
2020-10-14,BTC-USD,Crypto,Crypto,0.0003157232305546209
2020-10-15,BTC-USD,Crypto,Crypto,0.005760771167350187
2020-10-16,BTC-USD,Crypto,Crypto,-0.01506927308750361
2020-10-17,BTC-USD,Crypto,Crypto,0.0031777181254826203
2020-10-18,BTC-USD,Crypto,Crypto,0.011028058853915557
2020-10-19,BTC-USD,Crypto,Crypto,0.02252631185070797
2020-10-20,BTC-USD,Crypto,Crypto,0.014843919324981414
2020-10-21,BTC-USD,Crypto,Crypto,0.07614375520341321
2020-10-22,BTC-USD,Crypto,Crypto,0.011089019970212055
2020-10-23,BTC-USD,Crypto,Crypto,-0.0026494544392426933
2020-10-24,BTC-USD,Crypto,Crypto,0.0136506131750318
2020-10-25,BTC-USD,Crypto,Crypto,-0.0058657541398662305
2020-10-26,BTC-USD,Crypto,Crypto,0.003382214014740148
2020-10-27,BTC-USD,Crypto,Crypto,0.04427990207523247
2020-10-28,BTC-USD,Crypto,Crypto,-0.02804507535445777
2020-10-29,BTC-USD,Crypto,Crypto,0.012553242153156674
2020-10-30,BTC-USD,Crypto,Crypto,0.00808458072996765
2020-10-31,BTC-USD,Crypto,Crypto,0.01730869726353168
2020-11-01,BTC-USD,Crypto,Crypto,-0.003184511845067406
2020-11-02,BTC-USD,Crypto,Crypto,-0.013585108198026608
2020-11-03,BTC-USD,Crypto,Crypto,0.02950532012761009
2020-11-04,BTC-USD,Crypto,Crypto,0.013147117963686394
2020-11-05,BTC-USD,Crypto,Crypto,0.10231863433740651
2020-11-06,BTC-USD,Crypto,Crypto,-0.0008965281862933772
2020-11-07,BTC-USD,Crypto,Crypto,-0.0470340843373509
2020-11-08,BTC-USD,Crypto,Crypto,0.04353675277640923
2020-11-09,BTC-USD,Crypto,Crypto,-0.009512665921690977
2020-11-10,BTC-USD,Crypto,Crypto,-0.0027010327388199418
2020-11-11,BTC-USD,Crypto,Crypto,0.02684194109497806
2020-11-12,BTC-USD,Crypto,Crypto,0.03662132734990031
2020-11-13,BTC-USD,Crypto,Crypto,0.002547552717421464
2020-11-14,BTC-USD,Crypto,Crypto,-0.015300456580341737
2020-11-15,BTC-USD,Crypto,Crypto,-0.007004593596581565
2020-11-16,BTC-USD,Crypto,Crypto,0.04766502135260464
2020-11-17,BTC-USD,Crypto,Crypto,0.05559276937282975
2020-11-18,BTC-USD,Crypto,Crypto,0.008988152900985202
2020-11-19,BTC-USD,Crypto,Crypto,0.0007348899162549216
2020-11-20,BTC-USD,Crypto,Crypto,0.045137820846602006
2020-11-21,BTC-USD,Crypto,Crypto,0.0011233347035009
2020-11-22,BTC-USD,Crypto,Crypto,-0.014602889964538845
2020-11-23,BTC-USD,Crypto,Crypto,-0.000320133845930215
2020-11-24,BTC-USD,Crypto,Crypto,0.040478046632625775
2020-11-25,BTC-USD,Crypto,Crypto,-0.01964382784787766
2020-11-26,BTC-USD,Crypto,Crypto,-0.08442706722639481
2020-11-27,BTC-USD,Crypto,Crypto,-0.0024617591448197196
2020-11-28,BTC-USD,Crypto,Crypto,0.03559722915754793
2020-11-29,BTC-USD,Crypto,Crypto,0.02596712538731971
2020-11-30,BTC-USD,Crypto,Crypto,0.07967832801396635
2020-12-01,BTC-USD,Crypto,Crypto,-0.04192625951044282
2020-12-02,BTC-USD,Crypto,Crypto,0.021171823185194727
2020-12-03,BTC-USD,Crypto,Crypto,0.012723580680175761
2020-12-04,BTC-USD,Crypto,Crypto,-0.038344949058079725
2020-12-05,BTC-USD,Crypto,Crypto,0.024303237423597412
2020-12-06,BTC-USD,Crypto,Crypto,0.009965977245154134
2020-12-07,BTC-USD,Crypto,Crypto,-0.007934312410408761
2020-12-08,BTC-USD,Crypto,Crypto,-0.0453576006387062
2020-12-09,BTC-USD,Crypto,Crypto,0.012705073309037251
2020-12-10,BTC-USD,Crypto,Crypto,-0.015572121156616547
2020-12-11,BTC-USD,Crypto,Crypto,-0.011283218109780502
2020-12-12,BTC-USD,Crypto,Crypto,0.041240151721379625
2020-12-13,BTC-USD,Crypto,Crypto,0.018013866983980886
2020-12-14,BTC-USD,Crypto,Crypto,0.005446642655266398
2020-12-15,BTC-USD,Crypto,Crypto,0.008855135259981495
2020-12-16,BTC-USD,Crypto,Crypto,0.09751836309514528
2020-12-17,BTC-USD,Crypto,Crypto,0.07013245133867341
2020-12-18,BTC-USD,Crypto,Crypto,0.014593135822884129
2020-12-19,BTC-USD,Crypto,Crypto,0.03163075154837203
2020-12-20,BTC-USD,Crypto,Crypto,-0.01644490454985592
2020-12-21,BTC-USD,Crypto,Crypto,-0.028717656479103182
2020-12-22,BTC-USD,Crypto,Crypto,0.042974334095805755
2020-12-23,BTC-USD,Crypto,Crypto,-0.022776055438033516
2020-12-24,BTC-USD,Crypto,Crypto,0.021281190940612982
2020-12-25,BTC-USD,Crypto,Crypto,0.03913227940938091
2020-12-26,BTC-USD,Crypto,Crypto,0.07185327832809496
2020-12-27,BTC-USD,Crypto,Crypto,-0.0062314920850786715
2020-12-28,BTC-USD,Crypto,Crypto,0.03092663485588698
2020-12-29,BTC-USD,Crypto,Crypto,0.010250355112868093
2020-12-30,BTC-USD,Crypto,Crypto,0.054034499850387885
2020-12-31,BTC-USD,Crypto,Crypto,0.005574281038085438
2021-01-01,BTC-USD,Crypto,Crypto,0.012841708408869223
2021-01-02,BTC-USD,Crypto,Crypto,0.09372577639540935
2021-01-03,BTC-USD,Crypto,Crypto,0.020380066800975483
2021-01-04,BTC-USD,Crypto,Crypto,-0.024712000360334718
2021-01-05,BTC-USD,Crypto,Crypto,0.06319658000613337
2021-01-06,BTC-USD,Crypto,Crypto,0.08331071417326141
2021-01-07,BTC-USD,Crypto,Crypto,0.0691574669750421
2021-01-08,BTC-USD,Crypto,Crypto,0.0362338992996023
2021-01-09,BTC-USD,Crypto,Crypto,-0.013311135341493308
2021-01-10,BTC-USD,Crypto,Crypto,-0.047152573214749416
2021-01-11,BTC-USD,Crypto,Crypto,-0.07273315912449108
2021-01-12,BTC-USD,Crypto,Crypto,-0.046214502171538774
2021-01-13,BTC-USD,Crypto,Crypto,0.10003249550509552
2021-01-14,BTC-USD,Crypto,Crypto,0.050138030111625875
2021-01-15,BTC-USD,Crypto,Crypto,-0.06027358971670127
2021-01-16,BTC-USD,Crypto,Crypto,-0.017575563040677422
2021-01-17,BTC-USD,Crypto,Crypto,-0.010693288117263444
2021-01-18,BTC-USD,Crypto,Crypto,0.023435790428599335
2021-01-19,BTC-USD,Crypto,Crypto,-0.015295342507474663
2021-01-20,BTC-USD,Crypto,Crypto,-0.014473454791977813
2021-01-21,BTC-USD,Crypto,Crypto,-0.1328368400602007
2021-01-22,BTC-USD,Crypto,Crypto,0.07072224005462169
2021-01-23,BTC-USD,Crypto,Crypto,-0.02842289017956734
2021-01-24,BTC-USD,Crypto,Crypto,0.006914643868341619
2021-01-25,BTC-USD,Crypto,Crypto,0.0023851084933719235
2021-01-26,BTC-USD,Crypto,Crypto,0.006286058316783416
2021-01-27,BTC-USD,Crypto,Crypto,-0.06562212475675022
2021-01-28,BTC-USD,Crypto,Crypto,0.09968113394222766
2021-01-29,BTC-USD,Crypto,Crypto,0.02540747568580648
2021-01-30,BTC-USD,Crypto,Crypto,-0.0013656239986477026
2021-01-31,BTC-USD,Crypto,Crypto,-0.03370820328466961
2021-02-01,BTC-USD,Crypto,Crypto,0.012768370405776608
2021-02-02,BTC-USD,Crypto,Crypto,0.05883361479570781
2021-02-03,BTC-USD,Crypto,Crypto,0.055245981743407446
2021-02-04,BTC-USD,Crypto,Crypto,-0.014571470120209207
2021-02-05,BTC-USD,Crypto,Crypto,0.032991388091470286
2021-02-06,BTC-USD,Crypto,Crypto,0.029406828078771152
2021-02-07,BTC-USD,Crypto,Crypto,-0.009233693380855112
2021-02-08,BTC-USD,Crypto,Crypto,0.18746473766529936
2021-02-09,BTC-USD,Crypto,Crypto,0.006161523959955284
2021-02-10,BTC-USD,Crypto,Crypto,-0.03362488605290981
2021-02-11,BTC-USD,Crypto,Crypto,0.0665910372634968
2021-02-12,BTC-USD,Crypto,Crypto,-0.008442623839676311
2021-02-13,BTC-USD,Crypto,Crypto,-0.008406213773231364
2021-02-14,BTC-USD,Crypto,Crypto,0.03421623595697554
2021-02-15,BTC-USD,Crypto,Crypto,-0.01585126109458379
2021-02-16,BTC-USD,Crypto,Crypto,0.026171883752032166
2021-02-17,BTC-USD,Crypto,Crypto,0.05994196027730325
2021-02-18,BTC-USD,Crypto,Crypto,-0.008997504596578998
2021-02-19,BTC-USD,Crypto,Crypto,0.08143096900475189
2021-02-20,BTC-USD,Crypto,Crypto,0.0037823185014820293
2021-02-21,BTC-USD,Crypto,Crypto,0.025676258785917394
2021-02-22,BTC-USD,Crypto,Crypto,-0.05791845963531039
2021-02-23,BTC-USD,Crypto,Crypto,-0.09930198541853996
2021-02-24,BTC-USD,Crypto,Crypto,0.018042326886684945
2021-02-25,BTC-USD,Crypto,Crypto,-0.052539242009451814
2021-02-26,BTC-USD,Crypto,Crypto,-0.016012490351298148
2021-02-27,BTC-USD,Crypto,Crypto,-0.003265200081699504
2021-02-28,BTC-USD,Crypto,Crypto,-0.022747754528746222
2021-03-01,BTC-USD,Crypto,Crypto,0.09955017057586457
2021-03-02,BTC-USD,Crypto,Crypto,-0.025231161886280384
2021-03-03,BTC-USD,Crypto,Crypto,0.04463205996986197
2021-03-04,BTC-USD,Crypto,Crypto,-0.039120359814156846
2021-03-05,BTC-USD,Crypto,Crypto,0.007539701660092213
2021-03-06,BTC-USD,Crypto,Crypto,-0.0003049805235605385
2021-03-07,BTC-USD,Crypto,Crypto,0.046906498146797926
2021-03-08,BTC-USD,Crypto,Crypto,0.020306565464276005
2021-03-09,BTC-USD,Crypto,Crypto,0.049335220420617
2021-03-10,BTC-USD,Crypto,Crypto,0.021604243798385436
2021-03-11,BTC-USD,Crypto,Crypto,0.032076714848716215
2021-03-12,BTC-USD,Crypto,Crypto,-0.008183206626845796
2021-03-13,BTC-USD,Crypto,Crypto,0.06821652767950437
2021-03-14,BTC-USD,Crypto,Crypto,-0.031689610370558396
2021-03-15,BTC-USD,Crypto,Crypto,-0.05725100456855314
2021-03-16,BTC-USD,Crypto,Crypto,0.01605702194966918
2021-03-17,BTC-USD,Crypto,Crypto,0.036369962842253134
2021-03-18,BTC-USD,Crypto,Crypto,-0.017189693893861602
2021-03-19,BTC-USD,Crypto,Crypto,0.008429650137686817
2021-03-20,BTC-USD,Crypto,Crypto,-0.0005657190459794625
2021-03-21,BTC-USD,Crypto,Crypto,-0.013551247955811196
2021-03-22,BTC-USD,Crypto,Crypto,-0.05205318540083803
2021-03-23,BTC-USD,Crypto,Crypto,0.0038474981233158623
2021-03-24,BTC-USD,Crypto,Crypto,-0.035891807492523076
2021-03-25,BTC-USD,Crypto,Crypto,-0.020277031922222966
2021-03-26,BTC-USD,Crypto,Crypto,0.06639992475218648
2021-03-27,BTC-USD,Crypto,Crypto,0.015165759461888806
2021-03-28,BTC-USD,Crypto,Crypto,-0.0004067213991215679
2021-03-29,BTC-USD,Crypto,Crypto,0.03216137854506651
2021-03-30,BTC-USD,Crypto,Crypto,0.020216245195582738
2021-03-31,BTC-USD,Crypto,Crypto,1.9359634988669328e-05
2021-04-01,BTC-USD,Crypto,Crypto,0.0030037350775407035
2021-04-02,BTC-USD,Crypto,Crypto,0.004881969011259368
2021-04-03,BTC-USD,Crypto,Crypto,-0.029981350293480258
2021-04-04,BTC-USD,Crypto,Crypto,0.0200448971410081
2021-04-05,BTC-USD,Crypto,Crypto,0.005094138552963257
2021-04-06,BTC-USD,Crypto,Crypto,-0.014655445594718208
2021-04-07,BTC-USD,Crypto,Crypto,-0.036833390122360865
2021-04-08,BTC-USD,Crypto,Crypto,0.04058980823677527
2021-04-09,BTC-USD,Crypto,Crypto,-0.0013536328475677317
2021-04-10,BTC-USD,Crypto,Crypto,0.026581343719059625
2021-04-11,BTC-USD,Crypto,Crypto,0.006885903949730876
2021-04-12,BTC-USD,Crypto,Crypto,-0.005174186540237491
2021-04-13,BTC-USD,Crypto,Crypto,0.06027376479221824
2021-04-14,BTC-USD,Crypto,Crypto,-0.00620063437737306
2021-04-15,BTC-USD,Crypto,Crypto,0.003237480473297971
2021-04-16,BTC-USD,Crypto,Crypto,-0.027501379378466195
2021-04-17,BTC-USD,Crypto,Crypto,-0.014437688523377457
2021-04-18,BTC-USD,Crypto,Crypto,-0.0736215468265391
2021-04-19,BTC-USD,Crypto,Crypto,-0.008750468945115109
2021-04-20,BTC-USD,Crypto,Crypto,0.013436976092944253
2021-04-21,BTC-USD,Crypto,Crypto,-0.045454287638402646
2021-04-22,BTC-USD,Crypto,Crypto,-0.0397694659817468
2021-04-23,BTC-USD,Crypto,Crypto,-0.012917150838772984
2021-04-24,BTC-USD,Crypto,Crypto,-0.02040928977310741
2021-04-25,BTC-USD,Crypto,Crypto,-0.02091099195802515
2021-04-26,BTC-USD,Crypto,Crypto,0.10238907033660749
2021-04-27,BTC-USD,Crypto,Crypto,0.018721407731506323
2021-04-28,BTC-USD,Crypto,Crypto,-0.003787066282106566
2021-04-29,BTC-USD,Crypto,Crypto,-0.02315733013830157
2021-04-30,BTC-USD,Crypto,Crypto,0.07833176806484676
2021-05-01,BTC-USD,Crypto,Crypto,0.0013484807439372304
2021-05-02,BTC-USD,Crypto,Crypto,-0.020698824187899145
2021-05-03,BTC-USD,Crypto,Crypto,0.010051280367532334
2021-05-04,BTC-USD,Crypto,Crypto,-0.06760024652955021
2021-05-05,BTC-USD,Crypto,Crypto,0.07669599321369813
2021-05-06,BTC-USD,Crypto,Crypto,-0.01789307689659958
2021-05-07,BTC-USD,Crypto,Crypto,0.017020319573156195
2021-05-08,BTC-USD,Crypto,Crypto,0.02523475916996243
2021-05-09,BTC-USD,Crypto,Crypto,-0.009718099130935132
2021-05-10,BTC-USD,Crypto,Crypto,-0.04074231762821234
2021-05-11,BTC-USD,Crypto,Crypto,0.01512317249631967
2021-05-12,BTC-USD,Crypto,Crypto,-0.1332174549686006
2021-05-13,BTC-USD,Crypto,Crypto,0.011508648851976444
2021-05-14,BTC-USD,Crypto,Crypto,0.00330563837155351
2021-05-15,BTC-USD,Crypto,Crypto,-0.06255641898138342
2021-05-16,BTC-USD,Crypto,Crypto,-0.0065040138312105755
2021-05-17,BTC-USD,Crypto,Crypto,-0.06282381595309616
2021-05-18,BTC-USD,Crypto,Crypto,-0.014426855146374762
2021-05-19,BTC-USD,Crypto,Crypto,-0.13766122609163733
2021-05-20,BTC-USD,Crypto,Crypto,0.10216344466291027
2021-05-21,BTC-USD,Crypto,Crypto,-0.08528232829817228
2021-05-22,BTC-USD,Crypto,Crypto,0.006217486259949112
2021-05-23,BTC-USD,Crypto,Crypto,-0.0736893688644572
2021-05-24,BTC-USD,Crypto,Crypto,0.11318183957815453
2021-05-25,BTC-USD,Crypto,Crypto,-0.007847826326095597
2021-05-26,BTC-USD,Crypto,Crypto,0.023227211885217036
2021-05-27,BTC-USD,Crypto,Crypto,-0.021815700174415475
2021-05-28,BTC-USD,Crypto,Crypto,-0.07126897282320166
2021-05-29,BTC-USD,Crypto,Crypto,-0.03029724398312339
2021-05-30,BTC-USD,Crypto,Crypto,0.03068120125307594
2021-05-31,BTC-USD,Crypto,Crypto,0.04637929771620186
2021-06-01,BTC-USD,Crypto,Crypto,-0.017355481635803582
2021-06-02,BTC-USD,Crypto,Crypto,0.02426756732611457
2021-06-03,BTC-USD,Crypto,Crypto,0.043475133082156336
2021-06-04,BTC-USD,Crypto,Crypto,-0.05902658087058821
2021-06-05,BTC-USD,Crypto,Crypto,-0.03638625350557034
2021-06-06,BTC-USD,Crypto,Crypto,0.008731498936251025
2021-06-07,BTC-USD,Crypto,Crypto,-0.06418068028941804
2021-06-08,BTC-USD,Crypto,Crypto,-0.0026243254847995168
2021-06-09,BTC-USD,Crypto,Crypto,0.11569117681725527
2021-06-10,BTC-USD,Crypto,Crypto,-0.01720501684509279
2021-06-11,BTC-USD,Crypto,Crypto,0.01721406171757467
2021-06-12,BTC-USD,Crypto,Crypto,-0.047727642256857994
2021-06-13,BTC-USD,Crypto,Crypto,0.09972131894675185
2021-06-14,BTC-USD,Crypto,Crypto,0.028661855288592664
2021-06-15,BTC-USD,Crypto,Crypto,0.004669320789865594
2021-06-16,BTC-USD,Crypto,Crypto,-0.05096256237308472
2021-06-17,BTC-USD,Crypto,Crypto,-0.007655308506355651
2021-06-18,BTC-USD,Crypto,Crypto,-0.0595545108824469
2021-06-19,BTC-USD,Crypto,Crypto,-0.004788717174578294
2021-06-20,BTC-USD,Crypto,Crypto,0.002314299179515533
2021-06-21,BTC-USD,Crypto,Crypto,-0.11265533282181261
2021-06-22,BTC-USD,Crypto,Crypto,0.02616961270137308
2021-06-23,BTC-USD,Crypto,Crypto,0.0374509295196066
2021-06-24,BTC-USD,Crypto,Crypto,0.027856637741157764
2021-06-25,BTC-USD,Crypto,Crypto,-0.0872604012088013
2021-06-26,BTC-USD,Crypto,Crypto,0.017336806155961115
2021-06-27,BTC-USD,Crypto,Crypto,0.07653470332064805
2021-06-28,BTC-USD,Crypto,Crypto,-0.006213875976586625
2021-06-29,BTC-USD,Crypto,Crypto,0.04162825758718758
2021-06-30,BTC-USD,Crypto,Crypto,-0.02305527321430456
2021-07-01,BTC-USD,Crypto,Crypto,-0.04191448950075438
2021-07-02,BTC-USD,Crypto,Crypto,0.00967855812266083
2021-07-03,BTC-USD,Crypto,Crypto,0.022760094790705843
2021-07-04,BTC-USD,Crypto,Crypto,0.017861561294527206
2021-07-05,BTC-USD,Crypto,Crypto,-0.043691535402215154
2021-07-06,BTC-USD,Crypto,Crypto,0.014496276584600176
2021-07-07,BTC-USD,Crypto,Crypto,-0.011095808977648836
2021-07-08,BTC-USD,Crypto,Crypto,-0.028886355129662422
2021-07-09,BTC-USD,Crypto,Crypto,0.02800225791699673
2021-07-10,BTC-USD,Crypto,Crypto,-0.008210311003178261
2021-07-11,BTC-USD,Crypto,Crypto,0.021469475378479208
2021-07-12,BTC-USD,Crypto,Crypto,-0.031668630428790756
2021-07-13,BTC-USD,Crypto,Crypto,-0.013687548281983153
2021-07-14,BTC-USD,Crypto,Crypto,0.003679352094793975
2021-07-15,BTC-USD,Crypto,Crypto,-0.031734999531688124
2021-07-16,BTC-USD,Crypto,Crypto,-0.011302175908234458
2021-07-17,BTC-USD,Crypto,Crypto,0.003549453661488622
2021-07-18,BTC-USD,Crypto,Crypto,0.008363987433579023
2021-07-19,BTC-USD,Crypto,Crypto,-0.030788575922789052
2021-07-20,BTC-USD,Crypto,Crypto,-0.03278895069501786
2021-07-21,BTC-USD,Crypto,Crypto,0.07727442675168827
2021-07-22,BTC-USD,Crypto,Crypto,0.006303573302191001
2021-07-23,BTC-USD,Crypto,Crypto,0.03925482537500802
2021-07-24,BTC-USD,Crypto,Crypto,0.021169199000986128
2021-07-25,BTC-USD,Crypto,Crypto,0.030844758309330533
2021-07-26,BTC-USD,Crypto,Crypto,0.05621887171744144
2021-07-27,BTC-USD,Crypto,Crypto,0.055424286615063156
2021-07-28,BTC-USD,Crypto,Crypto,0.014945713184850051
2021-07-29,BTC-USD,Crypto,Crypto,0.00031292265067750513
2021-07-30,BTC-USD,Crypto,Crypto,0.055666404612466414
2021-07-31,BTC-USD,Crypto,Crypto,-0.014427457617713135
2021-08-01,BTC-USD,Crypto,Crypto,-0.039669750474507826
2021-08-02,BTC-USD,Crypto,Crypto,-0.019335866368471732
2021-08-03,BTC-USD,Crypto,Crypto,-0.02675797936526192
2021-08-04,BTC-USD,Crypto,Crypto,0.041792893187100555
2021-08-05,BTC-USD,Crypto,Crypto,0.02822946527400849
2021-08-06,BTC-USD,Crypto,Crypto,0.04763803587748594
2021-08-07,BTC-USD,Crypto,Crypto,0.04062220829002827
2021-08-08,BTC-USD,Crypto,Crypto,-0.017005273846830926
2021-08-09,BTC-USD,Crypto,Crypto,0.058616336068955555
2021-08-10,BTC-USD,Crypto,Crypto,-0.016830892309838696
2021-08-11,BTC-USD,Crypto,Crypto,0.00018877838873909702
2021-08-12,BTC-USD,Crypto,Crypto,-0.02555943636254754
2021-08-13,BTC-USD,Crypto,Crypto,0.07574073458615982
2021-08-14,BTC-USD,Crypto,Crypto,-0.01457055076832292
2021-08-15,BTC-USD,Crypto,Crypto,-0.0010603958689597848
2021-08-16,BTC-USD,Crypto,Crypto,-0.02215910567498447
2021-08-17,BTC-USD,Crypto,Crypto,-0.028456465011732934
2021-08-18,BTC-USD,Crypto,Crypto,0.002367765389513554
2021-08-19,BTC-USD,Crypto,Crypto,0.04277544261522093
2021-08-20,BTC-USD,Crypto,Crypto,0.056115872471717454
2021-08-21,BTC-USD,Crypto,Crypto,-0.008789842693618932
2021-08-22,BTC-USD,Crypto,Crypto,0.00850947690403503
2021-08-23,BTC-USD,Crypto,Crypto,0.004551674225862445
2021-08-24,BTC-USD,Crypto,Crypto,-0.037137725293038826
2021-08-25,BTC-USD,Crypto,Crypto,0.02630002081428562
2021-08-26,BTC-USD,Crypto,Crypto,-0.04122830434622349
2021-08-27,BTC-USD,Crypto,Crypto,0.04508626296557394
2021-08-28,BTC-USD,Crypto,Crypto,-0.003185280633781984
2021-08-29,BTC-USD,Crypto,Crypto,-0.0014839825657210204
2021-08-30,BTC-USD,Crypto,Crypto,-0.0363476092875793
2021-08-31,BTC-USD,Crypto,Crypto,0.0023738850726162664
2021-09-01,BTC-USD,Crypto,Crypto,0.03562556399047523
2021-09-02,BTC-USD,Crypto,Crypto,0.009840830417728652
2021-09-03,BTC-USD,Crypto,Crypto,0.014143210068944922
2021-09-04,BTC-USD,Crypto,Crypto,-0.0016141808032423821
2021-09-05,BTC-USD,Crypto,Crypto,0.03621581213694158
2021-09-06,BTC-USD,Crypto,Crypto,0.017006125728580734
2021-09-07,BTC-USD,Crypto,Crypto,-0.1106216071695616
2021-09-08,BTC-USD,Crypto,Crypto,-0.015375366885328479
2021-09-09,BTC-USD,Crypto,Crypto,0.006509485739778498
2021-09-10,BTC-USD,Crypto,Crypto,-0.032495484247323514
2021-09-11,BTC-USD,Crypto,Crypto,0.0070748487352050304
2021-09-12,BTC-USD,Crypto,Crypto,0.019066033632592516
2021-09-13,BTC-USD,Crypto,Crypto,-0.023884438158555232
2021-09-14,BTC-USD,Crypto,Crypto,0.0473592610325122
2021-09-15,BTC-USD,Crypto,Crypto,0.023015462091804384
2021-09-16,BTC-USD,Crypto,Crypto,-0.008157286726135138
2021-09-17,BTC-USD,Crypto,Crypto,-0.010795386730801604
2021-09-18,BTC-USD,Crypto,Crypto,0.021385589090024082
2021-09-19,BTC-USD,Crypto,Crypto,-0.021089044077959085
2021-09-20,BTC-USD,Crypto,Crypto,-0.09344895316951951
2021-09-21,BTC-USD,Crypto,Crypto,-0.050185206746199196
2021-09-22,BTC-USD,Crypto,Crypto,0.07079311406361999
2021-09-23,BTC-USD,Crypto,Crypto,0.0303064775724482
2021-09-24,BTC-USD,Crypto,Crypto,-0.04578111561282838
2021-09-25,BTC-USD,Crypto,Crypto,-0.002874812528084303
2021-09-26,BTC-USD,Crypto,Crypto,0.011516492054097771
2021-09-27,BTC-USD,Crypto,Crypto,-0.02251426719942695
2021-09-28,BTC-USD,Crypto,Crypto,-0.02844007873591181
2021-09-29,BTC-USD,Crypto,Crypto,0.012911568502261384
2021-09-30,BTC-USD,Crypto,Crypto,0.05356827518164842
2021-10-01,BTC-USD,Crypto,Crypto,0.09878873042688929
2021-10-02,BTC-USD,Crypto,Crypto,-0.008426411013467638
2021-10-03,BTC-USD,Crypto,Crypto,0.010237887379882071
2021-10-04,BTC-USD,Crypto,Crypto,0.018940873580984396
2021-10-05,BTC-USD,Crypto,Crypto,0.048905889117254686
2021-10-06,BTC-USD,Crypto,Crypto,0.0746704982911468
2021-10-07,BTC-USD,Crypto,Crypto,-0.02809653406297008
2021-10-08,BTC-USD,Crypto,Crypto,0.0030082765538104184
2021-10-09,BTC-USD,Crypto,Crypto,0.01853649985027972
2021-10-10,BTC-USD,Crypto,Crypto,-0.003577422040362044
2021-10-11,BTC-USD,Crypto,Crypto,0.04953684064585273
2021-10-12,BTC-USD,Crypto,Crypto,-0.025114999851183484
2021-10-13,BTC-USD,Crypto,Crypto,0.02426861834211813
2021-10-14,BTC-USD,Crypto,Crypto,-0.001386283921372633
2021-10-15,BTC-USD,Crypto,Crypto,0.07453440740995654
2021-10-16,BTC-USD,Crypto,Crypto,-0.01139348166745524
2021-10-17,BTC-USD,Crypto,Crypto,0.01086243756414218
2021-10-18,BTC-USD,Crypto,Crypto,0.007675599893030238
2021-10-19,BTC-USD,Crypto,Crypto,0.036047967727284025
2021-10-20,BTC-USD,Crypto,Crypto,0.026934175102288238
2021-10-21,BTC-USD,Crypto,Crypto,-0.057319313661295834
2021-10-22,BTC-USD,Crypto,Crypto,-0.024399647264276236
2021-10-23,BTC-USD,Crypto,Crypto,0.011555863919028075
2021-10-24,BTC-USD,Crypto,Crypto,-0.007537937512081094
2021-10-25,BTC-USD,Crypto,Crypto,0.0346128236844363
2021-10-26,BTC-USD,Crypto,Crypto,-0.04244985266320056
2021-10-27,BTC-USD,Crypto,Crypto,-0.03116779376295975
2021-10-28,BTC-USD,Crypto,Crypto,0.03658793903693369
2021-10-29,BTC-USD,Crypto,Crypto,0.02648913766352501
2021-10-30,BTC-USD,Crypto,Crypto,-0.005449845794435637
2021-10-31,BTC-USD,Crypto,Crypto,-0.009208042570786446
2021-11-01,BTC-USD,Crypto,Crypto,-0.005129747739996526
2021-11-02,BTC-USD,Crypto,Crypto,0.03642353446805324
2021-11-03,BTC-USD,Crypto,Crypto,-0.004054563588107407
2021-11-04,BTC-USD,Crypto,Crypto,-0.024103783966732184
2021-11-05,BTC-USD,Crypto,Crypto,-0.005313959884109654
2021-11-06,BTC-USD,Crypto,Crypto,0.006573419146120196
2021-11-07,BTC-USD,Crypto,Crypto,0.029247220896912562
2021-11-08,BTC-USD,Crypto,Crypto,0.06695154718111462
2021-11-09,BTC-USD,Crypto,Crypto,-0.008806096371717143
2021-11-10,BTC-USD,Crypto,Crypto,-0.029513867421399387
2021-11-11,BTC-USD,Crypto,Crypto,-0.0006965054346836919
2021-11-12,BTC-USD,Crypto,Crypto,-0.01222509636324598
2021-11-13,BTC-USD,Crypto,Crypto,0.0048878705639170406
2021-11-14,BTC-USD,Crypto,Crypto,0.015469517787564335
2021-11-15,BTC-USD,Crypto,Crypto,-0.02915932332393234
2021-11-16,BTC-USD,Crypto,Crypto,-0.05344145330150951
2021-11-17,BTC-USD,Crypto,Crypto,0.003436857419438999
2021-11-18,BTC-USD,Crypto,Crypto,-0.05674983989800575
2021-11-19,BTC-USD,Crypto,Crypto,0.020677857806173483
2021-11-20,BTC-USD,Crypto,Crypto,0.027144333086984274
2021-11-21,BTC-USD,Crypto,Crypto,-0.01619370466132397
2021-11-22,BTC-USD,Crypto,Crypto,-0.041565940596482776
2021-11-23,BTC-USD,Crypto,Crypto,0.022735855747423095
2021-11-24,BTC-USD,Crypto,Crypto,-0.02238438701660228
2021-11-25,BTC-USD,Crypto,Crypto,0.017666069374003168
2021-11-26,BTC-USD,Crypto,Crypto,-0.06468677053655503
2021-11-27,BTC-USD,Crypto,Crypto,0.02324655494514305
2021-11-28,BTC-USD,Crypto,Crypto,0.044392510044424904
2021-11-29,BTC-USD,Crypto,Crypto,0.009748898117819094
2021-11-30,BTC-USD,Crypto,Crypto,-0.013858989986877734
2021-12-01,BTC-USD,Crypto,Crypto,0.003936508510805847
2021-12-02,BTC-USD,Crypto,Crypto,-0.013140205787574133
2021-12-03,BTC-USD,Crypto,Crypto,-0.05098586481791345
2021-12-04,BTC-USD,Crypto,Crypto,-0.08204639683653359
2021-12-05,BTC-USD,Crypto,Crypto,0.003417522933012007
2021-12-06,BTC-USD,Crypto,Crypto,0.02458589579002135
2021-12-07,BTC-USD,Crypto,Crypto,0.002322159783127109
2021-12-08,BTC-USD,Crypto,Crypto,-0.00385184874717448
2021-12-09,BTC-USD,Crypto,Crypto,-0.05608726213196957
2021-12-10,BTC-USD,Crypto,Crypto,-0.00899511908452133
2021-12-11,BTC-USD,Crypto,Crypto,0.044857216044006165
2021-12-12,BTC-USD,Crypto,Crypto,0.014906619570362878
2021-12-13,BTC-USD,Crypto,Crypto,-0.0670851717099511
2021-12-14,BTC-USD,Crypto,Crypto,-0.00267125345649466
2021-12-15,BTC-USD,Crypto,Crypto,0.04900151967252708
2021-12-16,BTC-USD,Crypto,Crypto,-0.025181582897818466
2021-12-17,BTC-USD,Crypto,Crypto,-0.030699007215741814
2021-12-18,BTC-USD,Crypto,Crypto,0.013995731563123393
2021-12-19,BTC-USD,Crypto,Crypto,-0.0030259427628138713
2021-12-20,BTC-USD,Crypto,Crypto,0.003709543768351198
2021-12-21,BTC-USD,Crypto,Crypto,0.04386356169401262
2021-12-22,BTC-USD,Crypto,Crypto,-0.006295931447672265
2021-12-23,BTC-USD,Crypto,Crypto,0.04433669194360079
2021-12-24,BTC-USD,Crypto,Crypto,0.0007414904357732066
2021-12-25,BTC-USD,Crypto,Crypto,-0.007719775485643066
2021-12-26,BTC-USD,Crypto,Crypto,0.0075284019171428795
2021-12-27,BTC-USD,Crypto,Crypto,-0.003328070621613999
2021-12-28,BTC-USD,Crypto,Crypto,-0.06025942562091624
2021-12-29,BTC-USD,Crypto,Crypto,-0.02404227880624954
2021-12-30,BTC-USD,Crypto,Crypto,0.01579112126431248
2021-12-31,BTC-USD,Crypto,Crypto,-0.018476352917798256
2022-01-01,BTC-USD,Crypto,Crypto,0.029809396471367267
2022-01-02,BTC-USD,Crypto,Crypto,-0.007163274962024402
2022-01-03,BTC-USD,Crypto,Crypto,-0.0187368774698079
2022-01-04,BTC-USD,Crypto,Crypto,-0.012065555013512697
2022-01-05,BTC-USD,Crypto,Crypto,-0.050734060615097554
2022-01-06,BTC-USD,Crypto,Crypto,-0.009366159015892994
2022-01-07,BTC-USD,Crypto,Crypto,-0.03714070469186992
2022-01-08,BTC-USD,Crypto,Crypto,0.004235994902819673
2022-01-09,BTC-USD,Crypto,Crypto,0.004256970472081845
2022-01-10,BTC-USD,Crypto,Crypto,-0.0021554853640055605
2022-01-11,BTC-USD,Crypto,Crypto,0.021869109453241498
2022-01-12,BTC-USD,Crypto,Crypto,0.028389418684672707
2022-01-13,BTC-USD,Crypto,Crypto,-0.030888714484173407
2022-01-14,BTC-USD,Crypto,Crypto,0.011930269358978673
2022-01-15,BTC-USD,Crypto,Crypto,0.001802778677309158
2022-01-16,BTC-USD,Crypto,Crypto,-0.0014711291913973579
2022-01-17,BTC-USD,Crypto,Crypto,-0.020024366790964976
2022-01-18,BTC-USD,Crypto,Crypto,0.0029604828561313745
2022-01-19,BTC-USD,Crypto,Crypto,-0.014897823244158781
2022-01-20,BTC-USD,Crypto,Crypto,-0.02548634039729203
2022-01-21,BTC-USD,Crypto,Crypto,-0.10381165615712484
2022-01-22,BTC-USD,Crypto,Crypto,-0.039143484680769114
2022-01-23,BTC-USD,Crypto,Crypto,0.03558509252717301
2022-01-24,BTC-USD,Crypto,Crypto,0.010406744495611076
2022-01-25,BTC-USD,Crypto,Crypto,0.008175727030871549
2022-01-26,BTC-USD,Crypto,Crypto,-0.002757016878562668
2022-01-27,BTC-USD,Crypto,Crypto,0.007763821260712289
2022-01-28,BTC-USD,Crypto,Crypto,0.017397102127314046
2022-01-29,BTC-USD,Crypto,Crypto,0.00936493083845824
2022-01-30,BTC-USD,Crypto,Crypto,-0.005783656346668664
2022-01-31,BTC-USD,Crypto,Crypto,0.01491453610450133
2022-02-01,BTC-USD,Crypto,Crypto,0.00676006528835682
2022-02-02,BTC-USD,Crypto,Crypto,-0.046209029430310355
2022-02-03,BTC-USD,Crypto,Crypto,0.005456046132945147
2022-02-04,BTC-USD,Crypto,Crypto,0.116978066100073
2022-02-05,BTC-USD,Crypto,Crypto,-0.001438787435204647
2022-02-06,BTC-USD,Crypto,Crypto,0.023437312952531153
2022-02-07,BTC-USD,Crypto,Crypto,0.033665872045371525
2022-02-08,BTC-USD,Crypto,Crypto,0.0063448528050995545
2022-02-09,BTC-USD,Crypto,Crypto,0.004994545046617338
2022-02-10,BTC-USD,Crypto,Crypto,-0.01744935921313273
2022-02-11,BTC-USD,Crypto,Crypto,-0.026561982607033352
2022-02-12,BTC-USD,Crypto,Crypto,-0.0038546734323026133
2022-02-13,BTC-USD,Crypto,Crypto,-0.001111462077505676
2022-02-14,BTC-USD,Crypto,Crypto,0.009228086961576842
2022-02-15,BTC-USD,Crypto,Crypto,0.04668769779745485
2022-02-16,BTC-USD,Crypto,Crypto,-0.013759752216496501
2022-02-17,BTC-USD,Crypto,Crypto,-0.07788223029977337
2022-02-18,BTC-USD,Crypto,Crypto,-0.012507647384577658
2022-02-19,BTC-USD,Crypto,Crypto,0.0022777282826873524
2022-02-20,BTC-USD,Crypto,Crypto,-0.04214073972532317
2022-02-21,BTC-USD,Crypto,Crypto,-0.03528620868790788
2022-02-22,BTC-USD,Crypto,Crypto,0.03265642371222732
2022-02-23,BTC-USD,Crypto,Crypto,-0.025843815613622922
2022-02-24,BTC-USD,Crypto,Crypto,0.027778400368163814
2022-02-25,BTC-USD,Crypto,Crypto,0.022998939789759643
2022-02-26,BTC-USD,Crypto,Crypto,-0.002781397053842838
2022-02-27,BTC-USD,Crypto,Crypto,-0.03568234201898368
2022-02-28,BTC-USD,Crypto,Crypto,0.1454118392886461
2022-03-01,BTC-USD,Crypto,Crypto,0.026888524570001016
2022-03-02,BTC-USD,Crypto,Crypto,-0.009706302725009275
2022-03-03,BTC-USD,Crypto,Crypto,-0.03351981142193561
2022-03-04,BTC-USD,Crypto,Crypto,-0.07806935036049167
2022-03-05,BTC-USD,Crypto,Crypto,0.00671938064683042
2022-03-06,BTC-USD,Crypto,Crypto,-0.024887994408395286
2022-03-07,BTC-USD,Crypto,Crypto,-0.009316643885282638
2022-03-08,BTC-USD,Crypto,Crypto,0.017740259990833174
2022-03-09,BTC-USD,Crypto,Crypto,0.08378639716414904
2022-03-10,BTC-USD,Crypto,Crypto,-0.060630954045771346
2022-03-11,BTC-USD,Crypto,Crypto,-0.016291319622939393
2022-03-12,BTC-USD,Crypto,Crypto,0.002810649293818468
2022-03-13,BTC-USD,Crypto,Crypto,-0.027101257933814904
2022-03-14,BTC-USD,Crypto,Crypto,0.0480080837903738
2022-03-15,BTC-USD,Crypto,Crypto,-0.008268101563720931
2022-03-16,BTC-USD,Crypto,Crypto,0.04588714481344902
2022-03-17,BTC-USD,Crypto,Crypto,-0.00467993171076464
2022-03-18,BTC-USD,Crypto,Crypto,0.020750884742987363
2022-03-19,BTC-USD,Crypto,Crypto,0.009317830622209256
2022-03-20,BTC-USD,Crypto,Crypto,-0.022346848712323064
2022-03-21,BTC-USD,Crypto,Crypto,-0.004117262624553253
2022-03-22,BTC-USD,Crypto,Crypto,0.031180014163224357
2022-03-23,BTC-USD,Crypto,Crypto,0.012610091153007819
2022-03-24,BTC-USD,Crypto,Crypto,0.024898646221148013
2022-03-25,BTC-USD,Crypto,Crypto,0.008821397620525806
2022-03-26,BTC-USD,Crypto,Crypto,0.003429583093865096
2022-03-27,BTC-USD,Crypto,Crypto,0.052126312256127294
2022-03-28,BTC-USD,Crypto,Crypto,0.0065678873583499
2022-03-29,BTC-USD,Crypto,Crypto,0.0071661546110000085
2022-03-30,BTC-USD,Crypto,Crypto,-0.008491735032190584
2022-03-31,BTC-USD,Crypto,Crypto,-0.03238210822970233
2022-04-01,BTC-USD,Crypto,Crypto,0.016315115388267687
2022-04-02,BTC-USD,Crypto,Crypto,-0.008917040798352427
2022-04-03,BTC-USD,Crypto,Crypto,0.012745379989237415
2022-04-04,BTC-USD,Crypto,Crypto,0.003640395949819908
2022-04-05,BTC-USD,Crypto,Crypto,-0.02287907280900814
2022-04-06,BTC-USD,Crypto,Crypto,-0.05156849392240015
2022-04-07,BTC-USD,Crypto,Crypto,0.006876459247305178
2022-04-08,BTC-USD,Crypto,Crypto,-0.02795577079433975
2022-04-09,BTC-USD,Crypto,Crypto,0.011693070951357853
2022-04-10,BTC-USD,Crypto,Crypto,-0.013427680050824398
2022-04-11,BTC-USD,Crypto,Crypto,-0.06363225953812457
2022-04-12,BTC-USD,Crypto,Crypto,0.015315083892861292
2022-04-13,BTC-USD,Crypto,Crypto,0.025906300465151855
2022-04-14,BTC-USD,Crypto,Crypto,-0.029908006531745968
2022-04-15,BTC-USD,Crypto,Crypto,0.015473675726454417
2022-04-16,BTC-USD,Crypto,Crypto,-0.0031805042860567623
2022-04-17,BTC-USD,Crypto,Crypto,-0.017502542356175654
2022-04-18,BTC-USD,Crypto,Crypto,0.027929174608607443
2022-04-19,BTC-USD,Crypto,Crypto,0.016571096753378534
2022-04-20,BTC-USD,Crypto,Crypto,-0.003093074404708074
2022-04-21,BTC-USD,Crypto,Crypto,-0.020471984048854197
2022-04-22,BTC-USD,Crypto,Crypto,-0.019420038833716236
2022-04-23,BTC-USD,Crypto,Crypto,-0.0063811726165236005
2022-04-24,BTC-USD,Crypto,Crypto,-0.0004416040475622163
2022-04-25,BTC-USD,Crypto,Crypto,0.025057850055308917
2022-04-26,BTC-USD,Crypto,Crypto,-0.057858267871623625
2022-04-27,BTC-USD,Crypto,Crypto,0.029478882606909007
2022-04-28,BTC-USD,Crypto,Crypto,0.013575224570606004
2022-04-29,BTC-USD,Crypto,Crypto,-0.02926557389929385
2022-04-30,BTC-USD,Crypto,Crypto,-0.023179313474195662
2022-05-01,BTC-USD,Crypto,Crypto,0.019997911964443782
2022-05-02,BTC-USD,Crypto,Crypto,0.001565786170879102
2022-05-03,BTC-USD,Crypto,Crypto,-0.020215120218891713
2022-05-04,BTC-USD,Crypto,Crypto,0.051599856624237495
2022-05-05,BTC-USD,Crypto,Crypto,-0.07867402068901796
2022-05-06,BTC-USD,Crypto,Crypto,-0.014606061408683924
2022-05-07,BTC-USD,Crypto,Crypto,-0.014954355270636377
2022-05-08,BTC-USD,Crypto,Crypto,-0.040636848764922684
2022-05-09,BTC-USD,Crypto,Crypto,-0.11046369999353145
2022-05-10,BTC-USD,Crypto,Crypto,0.02396125848050934
2022-05-11,BTC-USD,Crypto,Crypto,-0.06725839173272163
2022-05-12,BTC-USD,Crypto,Crypto,0.003849706798608521
2022-05-13,BTC-USD,Crypto,Crypto,0.008102229834508146
2022-05-14,BTC-USD,Crypto,Crypto,0.027939733537411415
2022-05-15,BTC-USD,Crypto,Crypto,0.03999325713567892
2022-05-16,BTC-USD,Crypto,Crypto,-0.046069001557128786
2022-05-17,BTC-USD,Crypto,Crypto,0.018850785235190015
2022-05-18,BTC-USD,Crypto,Crypto,-0.05605711989808215
2022-05-19,BTC-USD,Crypto,Crypto,0.05550304428240649
2022-05-20,BTC-USD,Crypto,Crypto,-0.036734890846488066
2022-05-21,BTC-USD,Crypto,Crypto,0.007927413013061102
2022-05-22,BTC-USD,Crypto,Crypto,0.030289794482822652
2022-05-23,BTC-USD,Crypto,Crypto,-0.04039123144227663
2022-05-24,BTC-USD,Crypto,Crypto,0.019130468401079792
2022-05-25,BTC-USD,Crypto,Crypto,-0.003143576713387941
2022-05-26,BTC-USD,Crypto,Crypto,-0.009983529917456657
2022-05-27,BTC-USD,Crypto,Crypto,-0.02185551924250806
2022-05-28,BTC-USD,Crypto,Crypto,0.006543557286537771
2022-05-29,BTC-USD,Crypto,Crypto,0.02190035821988534
2022-05-30,BTC-USD,Crypto,Crypto,0.07744470968730455
2022-05-31,BTC-USD,Crypto,Crypto,0.0020777630413166825
2022-06-01,BTC-USD,Crypto,Crypto,-0.06269536357891181
2022-06-02,BTC-USD,Crypto,Crypto,0.02243049790035867
2022-06-03,BTC-USD,Crypto,Crypto,-0.02504629358369581
2022-06-04,BTC-USD,Crypto,Crypto,0.004326748833952898
2022-06-05,BTC-USD,Crypto,Crypto,0.00247203631266113
2022-06-06,BTC-USD,Crypto,Crypto,0.048952630028413324
2022-06-07,BTC-USD,Crypto,Crypto,-0.006859698773187373
2022-06-08,BTC-USD,Crypto,Crypto,-0.03020730515832104
2022-06-09,BTC-USD,Crypto,Crypto,-0.003387708269364409
2022-06-10,BTC-USD,Crypto,Crypto,-0.03414563715680452
2022-06-11,BTC-USD,Crypto,Crypto,-0.024858994495164377
2022-06-12,BTC-USD,Crypto,Crypto,-0.056351073137826724
2022-06-13,BTC-USD,Crypto,Crypto,-0.15974726027617203
2022-06-14,BTC-USD,Crypto,Crypto,-0.012477914053041661
2022-06-15,BTC-USD,Crypto,Crypto,0.01648355417709846
2022-06-16,BTC-USD,Crypto,Crypto,-0.09707194434960298
2022-06-17,BTC-USD,Crypto,Crypto,0.004407495444594733
2022-06-18,BTC-USD,Crypto,Crypto,-0.07101780974085614
2022-06-19,BTC-USD,Crypto,Crypto,0.0807475952890373
2022-06-20,BTC-USD,Crypto,Crypto,0.002251010260589048
2022-06-21,BTC-USD,Crypto,Crypto,0.0053914098304885805
2022-06-22,BTC-USD,Crypto,Crypto,-0.034937106663198714
2022-06-23,BTC-USD,Crypto,Crypto,0.05497803800296652
2022-06-24,BTC-USD,Crypto,Crypto,0.006913598955313738
2022-06-25,BTC-USD,Crypto,Crypto,0.012748964915301864
2022-06-26,BTC-USD,Crypto,Crypto,-0.02209261947079333
2022-06-27,BTC-USD,Crypto,Crypto,-0.013877981325425726
2022-06-28,BTC-USD,Crypto,Crypto,-0.02193553187871977
2022-06-29,BTC-USD,Crypto,Crypto,-0.008708372798288844
2022-06-30,BTC-USD,Crypto,Crypto,-0.01588223750298734
2022-07-01,BTC-USD,Crypto,Crypto,-0.02604834458398897
2022-07-02,BTC-USD,Crypto,Crypto,-0.0014069651515379311
2022-07-03,BTC-USD,Crypto,Crypto,0.002848954556089245
2022-07-04,BTC-USD,Crypto,Crypto,0.04841073013105235
2022-07-05,BTC-USD,Crypto,Crypto,-0.0020338071321012174
2022-07-06,BTC-USD,Crypto,Crypto,0.017737930428710857
2022-07-07,BTC-USD,Crypto,Crypto,0.053013857820514154
2022-07-08,BTC-USD,Crypto,Crypto,0.004322538045727464
2022-07-09,BTC-USD,Crypto,Crypto,-0.006392223420980114
2022-07-10,BTC-USD,Crypto,Crypto,-0.03388990349346599
2022-07-11,BTC-USD,Crypto,Crypto,-0.04265931997884009
2022-07-12,BTC-USD,Crypto,Crypto,-0.03237979740682695
2022-07-13,BTC-USD,Crypto,Crypto,0.04596171114078618
2022-07-14,BTC-USD,Crypto,Crypto,0.017704551212910147
2022-07-15,BTC-USD,Crypto,Crypto,0.012951348577769028
2022-07-16,BTC-USD,Crypto,Crypto,0.01698899533192111
2022-07-17,BTC-USD,Crypto,Crypto,-0.01939436147960416
2022-07-18,BTC-USD,Crypto,Crypto,0.08211740099467768
2022-07-19,BTC-USD,Crypto,Crypto,0.0401919693193753
2022-07-20,BTC-USD,Crypto,Crypto,-0.006742410894342465
2022-07-21,BTC-USD,Crypto,Crypto,-0.0028884421706671937
2022-07-22,BTC-USD,Crypto,Crypto,-0.01941107679491816
2022-07-23,BTC-USD,Crypto,Crypto,-0.010983941711781742
2022-07-24,BTC-USD,Crypto,Crypto,0.006395837363315726
2022-07-25,BTC-USD,Crypto,Crypto,-0.05517510011323534
2022-07-26,BTC-USD,Crypto,Crypto,-0.005708686992848544
2022-07-27,BTC-USD,Crypto,Crypto,0.0796052030234431
2022-07-28,BTC-USD,Crypto,Crypto,0.0398306162434614
2022-07-29,BTC-USD,Crypto,Crypto,-0.0016462880701044735
2022-07-30,BTC-USD,Crypto,Crypto,-0.006235163651508224
2022-07-31,BTC-USD,Crypto,Crypto,-0.013497960448739299
2022-08-01,BTC-USD,Crypto,Crypto,-0.0009725914343493569
2022-08-02,BTC-USD,Crypto,Crypto,-0.014415336683737068
2022-08-03,BTC-USD,Crypto,Crypto,-0.0057275961266136655
2022-08-04,BTC-USD,Crypto,Crypto,-0.009434736504108754
2022-08-05,BTC-USD,Crypto,Crypto,0.029091011085651708
2022-08-06,BTC-USD,Crypto,Crypto,-0.014085221654344782
2022-08-07,BTC-USD,Crypto,Crypto,0.009346662498644243
2022-08-08,BTC-USD,Crypto,Crypto,0.02733856978257987
2022-08-09,BTC-USD,Crypto,Crypto,-0.02709709734425869
2022-08-10,BTC-USD,Crypto,Crypto,0.033815983988709775
2022-08-11,BTC-USD,Crypto,Crypto,0.00041284726535173455
2022-08-12,BTC-USD,Crypto,Crypto,0.018586602023192844
2022-08-13,BTC-USD,Crypto,Crypto,0.0008708010561344626
2022-08-14,BTC-USD,Crypto,Crypto,-0.004288162539464846
2022-08-15,BTC-USD,Crypto,Crypto,-0.007498615226969818
2022-08-16,BTC-USD,Crypto,Crypto,-0.010510085263709001
2022-08-17,BTC-USD,Crypto,Crypto,-0.02291530796119967
2022-08-18,BTC-USD,Crypto,Crypto,-0.005281958173694035
2022-08-19,BTC-USD,Crypto,Crypto,-0.10059931398792521
2022-08-20,BTC-USD,Crypto,Crypto,0.013819043648011897
2022-08-21,BTC-USD,Crypto,Crypto,0.01738918520335342
2022-08-22,BTC-USD,Crypto,Crypto,-0.006279006699941081
2022-08-23,BTC-USD,Crypto,Crypto,0.006036741981122917
2022-08-24,BTC-USD,Crypto,Crypto,-0.006181150878381003
2022-08-25,BTC-USD,Crypto,Crypto,0.009623023027591993
2022-08-26,BTC-USD,Crypto,Crypto,-0.06207539958496022
2022-08-27,BTC-USD,Crypto,Crypto,-0.010773990107132536
2022-08-28,BTC-USD,Crypto,Crypto,-0.021201944769558057
2022-08-29,BTC-USD,Crypto,Crypto,0.03472427641744291
2022-08-30,BTC-USD,Crypto,Crypto,-0.024691382971281484
2022-08-31,BTC-USD,Crypto,Crypto,0.012777568511970205
2022-09-01,BTC-USD,Crypto,Crypto,0.0038592451457939436
2022-09-02,BTC-USD,Crypto,Crypto,-0.007818752974256604
2022-09-03,BTC-USD,Crypto,Crypto,-0.006894600364241943
2022-09-04,BTC-USD,Crypto,Crypto,0.007796708085036963
2022-09-05,BTC-USD,Crypto,Crypto,-0.008722884940063236
2022-09-06,BTC-USD,Crypto,Crypto,-0.04919669232863699
2022-09-07,BTC-USD,Crypto,Crypto,0.024029314602578067
2022-09-08,BTC-USD,Crypto,Crypto,0.0020481649337233954
2022-09-09,BTC-USD,Crypto,Crypto,0.10612188190716765
2022-09-10,BTC-USD,Crypto,Crypto,0.014002365912589188
2022-09-11,BTC-USD,Crypto,Crypto,0.004092001431295067
2022-09-12,BTC-USD,Crypto,Crypto,0.027616624254801714
2022-09-13,BTC-USD,Crypto,Crypto,-0.09270006906083372
2022-09-14,BTC-USD,Crypto,Crypto,-0.0027402074343571003
2022-09-15,BTC-USD,Crypto,Crypto,-0.026672422800232853
2022-09-16,BTC-USD,Crypto,Crypto,0.003622774615297697
2022-09-17,BTC-USD,Crypto,Crypto,0.017953757980268437
2022-09-18,BTC-USD,Crypto,Crypto,-0.035179114785287124
2022-09-19,BTC-USD,Crypto,Crypto,0.006417415961943007
2022-09-20,BTC-USD,Crypto,Crypto,-0.033428956945789956
2022-09-21,BTC-USD,Crypto,Crypto,-0.018177571658806957
2022-09-22,BTC-USD,Crypto,Crypto,0.04669928789927913
2022-09-23,BTC-USD,Crypto,Crypto,-0.005970680514919002
2022-09-24,BTC-USD,Crypto,Crypto,-0.01868762076318642
2022-09-25,BTC-USD,Crypto,Crypto,-0.007124358610731463
2022-09-26,BTC-USD,Crypto,Crypto,0.022368473265013344
2022-09-27,BTC-USD,Crypto,Crypto,-0.005832956039052206
2022-09-28,BTC-USD,Crypto,Crypto,0.016544467837213528
2022-09-29,BTC-USD,Crypto,Crypto,0.007532412719634118
2022-09-30,BTC-USD,Crypto,Crypto,-0.0072171538473359
2022-10-01,BTC-USD,Crypto,Crypto,-0.0061596674907298254
2022-10-02,BTC-USD,Crypto,Crypto,-0.013876706359042923
2022-10-03,BTC-USD,Crypto,Crypto,0.030427924155919772
2022-10-04,BTC-USD,Crypto,Crypto,0.036347275524413414
2022-10-05,BTC-USD,Crypto,Crypto,-0.008660486125090072
2022-10-06,BTC-USD,Crypto,Crypto,-0.01018185214187517
2022-10-07,BTC-USD,Crypto,Crypto,-0.02047530303595302
2022-10-08,BTC-USD,Crypto,Crypto,-0.006665076603316944
2022-10-09,BTC-USD,Crypto,Crypto,0.0015377290838616275
2022-10-10,BTC-USD,Crypto,Crypto,-0.01568110303046133
2022-10-11,BTC-USD,Crypto,Crypto,-0.00470529894576166
2022-10-12,BTC-USD,Crypto,Crypto,0.005565325579645286
2022-10-13,BTC-USD,Crypto,Crypto,0.011768739552548313
2022-10-14,BTC-USD,Crypto,Crypto,-0.010176392755898878
2022-10-15,BTC-USD,Crypto,Crypto,-0.0061515479500473536
2022-10-16,BTC-USD,Crypto,Crypto,0.010513049302600663
2022-10-17,BTC-USD,Crypto,Crypto,0.014670058500208416
2022-10-18,BTC-USD,Crypto,Crypto,-0.011065647631146036
2022-10-19,BTC-USD,Crypto,Crypto,-0.010079479991405349
2022-10-20,BTC-USD,Crypto,Crypto,-0.004482602172654282
2022-10-21,BTC-USD,Crypto,Crypto,0.006231244583192241
2022-10-22,BTC-USD,Crypto,Crypto,0.0018631248583989013
2022-10-23,BTC-USD,Crypto,Crypto,0.018680488353712166
2022-10-24,BTC-USD,Crypto,Crypto,-0.011316781236911488
2022-10-25,BTC-USD,Crypto,Crypto,0.03878330120960949
2022-10-26,BTC-USD,Crypto,Crypto,0.03356831063305088
2022-10-27,BTC-USD,Crypto,Crypto,-0.0233314959115013
2022-10-28,BTC-USD,Crypto,Crypto,0.015257721000682789
2022-10-29,BTC-USD,Crypto,Crypto,0.01083375534148523
2022-10-30,BTC-USD,Crypto,Crypto,-0.008784170461560437
2022-10-31,BTC-USD,Crypto,Crypto,-0.006776156462742766
2022-11-01,BTC-USD,Crypto,Crypto,-0.0005123007449325812
2022-11-02,BTC-USD,Crypto,Crypto,-0.015902620594443806
2022-11-03,BTC-USD,Crypto,Crypto,0.0025042468919260763
2022-11-04,BTC-USD,Crypto,Crypto,0.0463751969796804
2022-11-05,BTC-USD,Crypto,Crypto,0.006405611254872046
2022-11-06,BTC-USD,Crypto,Crypto,-0.01673684363155281
2022-11-07,BTC-USD,Crypto,Crypto,-0.015466997985227438
2022-11-08,BTC-USD,Crypto,Crypto,-0.10006131594948431
2022-11-09,BTC-USD,Crypto,Crypto,-0.14349022466876316
2022-11-10,BTC-USD,Crypto,Crypto,0.10742489862358795
2022-11-11,BTC-USD,Crypto,Crypto,-0.03141443647663533
2022-11-12,BTC-USD,Crypto,Crypto,-0.013802006476365758
2022-11-13,BTC-USD,Crypto,Crypto,-0.026538209918333333
2022-11-14,BTC-USD,Crypto,Crypto,0.016194463988263186
2022-11-15,BTC-USD,Crypto,Crypto,0.016031463998783302
2022-11-16,BTC-USD,Crypto,Crypto,-0.0127437818409466
2022-11-17,BTC-USD,Crypto,Crypto,0.0010845070736082985
2022-11-18,BTC-USD,Crypto,Crypto,0.0006148167681003791
2022-11-19,BTC-USD,Crypto,Crypto,0.0008246325823211276
2022-11-20,BTC-USD,Crypto,Crypto,-0.025115259939095247
2022-11-21,BTC-USD,Crypto,Crypto,-0.030969374751391165
2022-11-22,BTC-USD,Crypto,Crypto,0.025494274188105903
2022-11-23,BTC-USD,Crypto,Crypto,0.02600021570334854
2022-11-24,BTC-USD,Crypto,Crypto,-0.0003757930043709612
2022-11-25,BTC-USD,Crypto,Crypto,-0.004975953615638518
2022-11-26,BTC-USD,Crypto,Crypto,-0.0034839061881034583
2022-11-27,BTC-USD,Crypto,Crypto,-0.0011937537130568554
2022-11-28,BTC-USD,Crypto,Crypto,-0.013822428939733733
2022-11-29,BTC-USD,Crypto,Crypto,0.014038085481754337
2022-11-30,BTC-USD,Crypto,Crypto,0.044000289316970864
2022-12-01,BTC-USD,Crypto,Crypto,-0.011732697360023692
2022-12-02,BTC-USD,Crypto,Crypto,0.007162515027905547
2022-12-03,BTC-USD,Crypto,Crypto,-0.010558102652595158
2022-12-04,BTC-USD,Crypto,Crypto,0.013144481522908036
2022-12-05,BTC-USD,Crypto,Crypto,-0.00908673304822849
2022-12-06,BTC-USD,Crypto,Crypto,0.006755753090715411
2022-12-07,BTC-USD,Crypto,Crypto,-0.01412428087141393
2022-12-08,BTC-USD,Crypto,Crypto,0.022871839541696026
2022-12-09,BTC-USD,Crypto,Crypto,-0.005821360340788395
2022-12-10,BTC-USD,Crypto,Crypto,-0.00025843080632004245
2022-12-11,BTC-USD,Crypto,Crypto,-0.0014321702613265819
2022-12-12,BTC-USD,Crypto,Crypto,0.005977723618808328
2022-12-13,BTC-USD,Crypto,Crypto,0.033410801008343594
2022-12-14,BTC-USD,Crypto,Crypto,0.0019307922256450727
2022-12-15,BTC-USD,Crypto,Crypto,-0.02530276169357326
2022-12-16,BTC-USD,Crypto,Crypto,-0.04131220425223303
2022-12-17,BTC-USD,Crypto,Crypto,0.008866650272798315
2022-12-18,BTC-USD,Crypto,Crypto,-0.0022098857704312413
2022-12-19,BTC-USD,Crypto,Crypto,-0.01899375344110854
2022-12-20,BTC-USD,Crypto,Crypto,0.028384068842582266
2022-12-21,BTC-USD,Crypto,Crypto,-0.005250676176186131
2022-12-22,BTC-USD,Crypto,Crypto,0.0007615052090579333
2022-12-23,BTC-USD,Crypto,Crypto,-0.001983838015767403
2022-12-24,BTC-USD,Crypto,Crypto,0.003024520816182319
2022-12-25,BTC-USD,Crypto,Crypto,-0.000342451024228807
2022-12-26,BTC-USD,Crypto,Crypto,0.004620497716771643
2022-12-27,BTC-USD,Crypto,Crypto,-0.011975957353969946
2022-12-28,BTC-USD,Crypto,Crypto,-0.009846255365429935
2022-12-29,BTC-USD,Crypto,Crypto,0.0054232979508825885
2022-12-30,BTC-USD,Crypto,Crypto,-0.002388838052975517
2022-12-31,BTC-USD,Crypto,Crypto,-0.0033181483870876605
2023-01-01,BTC-USD,Crypto,Crypto,0.0046885633896178724
2023-01-02,BTC-USD,Crypto,Crypto,0.0038129515588565255
2023-01-03,BTC-USD,Crypto,Crypto,-0.000516121662866742
2023-01-04,BTC-USD,Crypto,Crypto,0.010994150293785143
2023-01-05,BTC-USD,Crypto,Crypto,-0.0015715814888571655
2023-01-06,BTC-USD,Crypto,Crypto,0.006844106816741524
2023-01-07,BTC-USD,Crypto,Crypto,0.00018342264818071996
2023-01-08,BTC-USD,Crypto,Crypto,0.008025112314249405
2023-01-09,BTC-USD,Crypto,Crypto,0.006167530562816603
2023-01-10,BTC-USD,Crypto,Crypto,0.014522576515372032
2023-01-11,BTC-USD,Crypto,Crypto,0.02800615102017323
2023-01-12,BTC-USD,Crypto,Crypto,0.052115795988246116
2023-01-13,BTC-USD,Crypto,Crypto,0.05511441660269112
2023-01-14,BTC-USD,Crypto,Crypto,0.05357847423830919
2023-01-15,BTC-USD,Crypto,Crypto,-0.004552757413617381
2023-01-16,BTC-USD,Crypto,Crypto,0.013832516023570829
2023-01-17,BTC-USD,Crypto,Crypto,-0.00038325091993141047
2023-01-18,BTC-USD,Crypto,Crypto,-0.022339524368838015
2023-01-19,BTC-USD,Crypto,Crypto,0.019238045679950355
2023-01-20,BTC-USD,Crypto,Crypto,0.07539125404137925
2023-01-21,BTC-USD,Crypto,Crypto,0.004457126566322689
2023-01-22,BTC-USD,Crypto,Crypto,-0.002511630794474806
2023-01-23,BTC-USD,Crypto,Crypto,0.009419529327844067
2023-01-24,BTC-USD,Crypto,Crypto,-0.012991945703908492
2023-01-25,BTC-USD,Crypto,Crypto,0.021266153759075257
2023-01-26,BTC-USD,Crypto,Crypto,-0.003680359408276712
2023-01-27,BTC-USD,Crypto,Crypto,0.0019950339114214177
2023-01-28,BTC-USD,Crypto,Crypto,-0.0020641809553220147
2023-01-29,BTC-USD,Crypto,Crypto,0.03228143207915801
2023-01-30,BTC-USD,Crypto,Crypto,-0.03930367092328346
2023-01-31,BTC-USD,Crypto,Crypto,0.013097316769725253
2023-02-01,BTC-USD,Crypto,Crypto,0.025259482888651652
2023-02-02,BTC-USD,Crypto,Crypto,-0.01061797692681965
2023-02-03,BTC-USD,Crypto,Crypto,-0.0009606745041729203
2023-02-04,BTC-USD,Crypto,Crypto,-0.005009723012217249
2023-02-05,BTC-USD,Crypto,Crypto,-0.01612309690031044
2023-02-06,BTC-USD,Crypto,Crypto,-0.008518883333286542
2023-02-07,BTC-USD,Crypto,Crypto,0.022151986720186922
2023-02-08,BTC-USD,Crypto,Crypto,-0.013965290320121615
2023-02-09,BTC-USD,Crypto,Crypto,-0.04883996317743455
2023-02-10,BTC-USD,Crypto,Crypto,-0.007693073387383564
2023-02-11,BTC-USD,Crypto,Crypto,0.010146854341645195
2023-02-12,BTC-USD,Crypto,Crypto,-0.003779998514005456
2023-02-13,BTC-USD,Crypto,Crypto,0.0009132665684197239
2023-02-14,BTC-USD,Crypto,Crypto,0.018924303145655852
2023-02-15,BTC-USD,Crypto,Crypto,0.09392266116037784
2023-02-16,BTC-USD,Crypto,Crypto,-0.028154173176657027
2023-02-17,BTC-USD,Crypto,Crypto,0.03988096453648349
2023-02-18,BTC-USD,Crypto,Crypto,0.0030805588480080637
2023-02-19,BTC-USD,Crypto,Crypto,-0.012728023845912761
2023-02-20,BTC-USD,Crypto,Crypto,0.020614650916729094
2023-02-21,BTC-USD,Crypto,Crypto,-0.01581991113645098
2023-02-22,BTC-USD,Crypto,Crypto,-0.01012875204423358
2023-02-23,BTC-USD,Crypto,Crypto,-0.00997780485063493
2023-02-24,BTC-USD,Crypto,Crypto,-0.03129201289670536
2023-02-25,BTC-USD,Crypto,Crypto,-0.0009807668166905703
2023-02-26,BTC-USD,Crypto,Crypto,0.016648614774302573
2023-02-27,BTC-USD,Crypto,Crypto,-0.0016273269569350157
2023-02-28,BTC-USD,Crypto,Crypto,-0.01596393470118429
2023-03-01,BTC-USD,Crypto,Crypto,0.02156606219747892
2023-03-02,BTC-USD,Crypto,Crypto,-0.007235050302163204
2023-03-03,BTC-USD,Crypto,Crypto,-0.047402129167592566
2023-03-04,BTC-USD,Crypto,Crypto,-0.0004172164631153219
2023-03-05,BTC-USD,Crypto,Crypto,0.0036756935285233716
2023-03-06,BTC-USD,Crypto,Crypto,-0.00025655126328649747
2023-03-07,BTC-USD,Crypto,Crypto,-0.00936203961743065
2023-03-08,BTC-USD,Crypto,Crypto,-0.022578517406286358
2023-03-09,BTC-USD,Crypto,Crypto,-0.06239311158608585
2023-03-10,BTC-USD,Crypto,Crypto,-0.008632183779056501
2023-03-11,BTC-USD,Crypto,Crypto,0.022051846825845045
2023-03-12,BTC-USD,Crypto,Crypto,0.07422977009964415
2023-03-13,BTC-USD,Crypto,Crypto,0.09175187888693825
2023-03-14,BTC-USD,Crypto,Crypto,0.022669294883089997
2023-03-15,BTC-USD,Crypto,Crypto,-0.014956444322371198
2023-03-16,BTC-USD,Crypto,Crypto,0.027766213062754286
2023-03-17,BTC-USD,Crypto,Crypto,0.0946457745317153
2023-03-18,BTC-USD,Crypto,Crypto,-0.01670259464889101
2023-03-19,BTC-USD,Crypto,Crypto,0.039783493752593824
2023-03-20,BTC-USD,Crypto,Crypto,-0.00968089417783835
2023-03-21,BTC-USD,Crypto,Crypto,0.014714466837708162
2023-03-22,BTC-USD,Crypto,Crypto,-0.030820008681536337
2023-03-23,BTC-USD,Crypto,Crypto,0.03759177902540278
2023-03-24,BTC-USD,Crypto,Crypto,-0.02967065403073854
2023-03-25,BTC-USD,Crypto,Crypto,5.17171735541222e-05
2023-03-26,BTC-USD,Crypto,Crypto,0.018171608313816145
2023-03-27,BTC-USD,Crypto,Crypto,-0.03052194511765327
2023-03-28,BTC-USD,Crypto,Crypto,0.004725228944394866
2023-03-29,BTC-USD,Crypto,Crypto,0.0396180637553154
2023-03-30,BTC-USD,Crypto,Crypto,-0.0111074503792854
2023-03-31,BTC-USD,Crypto,Crypto,0.015871042968584437
2023-04-01,BTC-USD,Crypto,Crypto,-0.0023684272611504964
2023-04-02,BTC-USD,Crypto,Crypto,-0.00745226498561502
2023-04-03,BTC-USD,Crypto,Crypto,-0.014507018470504951
2023-04-04,BTC-USD,Crypto,Crypto,0.0135971982612757
2023-04-05,BTC-USD,Crypto,Crypto,0.000351267384649967
2023-04-06,BTC-USD,Crypto,Crypto,-0.004749940528704033
2023-04-07,BTC-USD,Crypto,Crypto,-0.004217681389550476
2023-04-08,BTC-USD,Crypto,Crypto,0.0007854922772632111
2023-04-09,BTC-USD,Crypto,Crypto,0.013784839213681899
2023-04-10,BTC-USD,Crypto,Crypto,0.04658621825410658
2023-04-11,BTC-USD,Crypto,Crypto,0.019629666758571807
2023-04-12,BTC-USD,Crypto,Crypto,-0.003175315803583212
2023-04-13,BTC-USD,Crypto,Crypto,0.00862713483952482
2023-04-14,BTC-USD,Crypto,Crypto,0.002849851088919886
2023-04-15,BTC-USD,Crypto,Crypto,-0.005484641300179338
2023-04-16,BTC-USD,Crypto,Crypto,-0.00010358775680330279
2023-04-17,BTC-USD,Crypto,Crypto,-0.028708571396173888
2023-04-18,BTC-USD,Crypto,Crypto,0.032348662229154
2023-04-19,BTC-USD,Crypto,Crypto,-0.0518092051895368
2023-04-20,BTC-USD,Crypto,Crypto,-0.020008250880993006
2023-04-21,BTC-USD,Crypto,Crypto,-0.034308522518338824
2023-04-22,BTC-USD,Crypto,Crypto,0.01981858797984626
2023-04-23,BTC-USD,Crypto,Crypto,-0.008128524647254443
2023-04-24,BTC-USD,Crypto,Crypto,-0.002393679129772508
2023-04-25,BTC-USD,Crypto,Crypto,0.02841955147295372
2023-04-26,BTC-USD,Crypto,Crypto,0.004066170397882152
2023-04-27,BTC-USD,Crypto,Crypto,0.036980508331842854
2023-04-28,BTC-USD,Crypto,Crypto,-0.00453030993708059
2023-04-29,BTC-USD,Crypto,Crypto,-0.0031279011203009244
2023-04-30,BTC-USD,Crypto,Crypto,0.000694680667924441
2023-05-01,BTC-USD,Crypto,Crypto,-0.04022160164248023
2023-05-02,BTC-USD,Crypto,Crypto,0.020966033026897257
2023-05-03,BTC-USD,Crypto,Crypto,0.01135862564681589
2023-05-04,BTC-USD,Crypto,Crypto,-0.005467695268338013
2023-05-05,BTC-USD,Crypto,Crypto,0.023803407820215394
2023-05-06,BTC-USD,Crypto,Crypto,-0.021323001096775096
2023-05-07,BTC-USD,Crypto,Crypto,-0.015556145829018653
2023-05-08,BTC-USD,Crypto,Crypto,-0.026733637409259936
2023-05-09,BTC-USD,Crypto,Crypto,-0.0012817829272578907
2023-05-10,BTC-USD,Crypto,Crypto,-0.0013384371045779275
2023-05-11,BTC-USD,Crypto,Crypto,-0.022481076150133283
2023-05-12,BTC-USD,Crypto,Crypto,-0.007251596524522896
2023-05-13,BTC-USD,Crypto,Crypto,-0.0007801573211611013
2023-05-14,BTC-USD,Crypto,Crypto,0.005471927993601522
2023-05-15,BTC-USD,Crypto,Crypto,0.009730726801279843
2023-05-16,BTC-USD,Crypto,Crypto,-0.005738415341494774
2023-05-17,BTC-USD,Crypto,Crypto,0.013394867282656264
2023-05-18,BTC-USD,Crypto,Crypto,-0.02067950762275983
2023-05-19,BTC-USD,Crypto,Crypto,0.0021585968530852817
2023-05-20,BTC-USD,Crypto,Crypto,0.008905016115201336
2023-05-21,BTC-USD,Crypto,Crypto,-0.013850552916312875
2023-05-22,BTC-USD,Crypto,Crypto,0.0036425134576618667
2023-05-23,BTC-USD,Crypto,Crypto,0.013945303754316907
2023-05-24,BTC-USD,Crypto,Crypto,-0.03272302765106416
2023-05-25,BTC-USD,Crypto,Crypto,0.005368887301425707
2023-05-26,BTC-USD,Crypto,Crypto,0.009181223884829448
2023-05-27,BTC-USD,Crypto,Crypto,0.005578834405180588
2023-05-28,BTC-USD,Crypto,Crypto,0.0453058267244435
2023-05-29,BTC-USD,Crypto,Crypto,-0.0120973437068298
2023-05-30,BTC-USD,Crypto,Crypto,-0.0015690671469931194
2023-05-31,BTC-USD,Crypto,Crypto,-0.01742420455507676
2023-06-01,BTC-USD,Crypto,Crypto,-0.014683709247646393
2023-06-02,BTC-USD,Crypto,Crypto,0.01601855426947596
2023-06-03,BTC-USD,Crypto,Crypto,-0.0064023326039167605
2023-06-04,BTC-USD,Crypto,Crypto,0.001622799291266075
2023-06-05,BTC-USD,Crypto,Crypto,-0.05011119223804861
2023-06-06,BTC-USD,Crypto,Crypto,0.057402171630208665
2023-06-07,BTC-USD,Crypto,Crypto,-0.03277624957004588
2023-06-08,BTC-USD,Crypto,Crypto,0.0061572444403654725
2023-06-09,BTC-USD,Crypto,Crypto,-0.0010503081775867784
2023-06-10,BTC-USD,Crypto,Crypto,-0.02375852931180167
2023-06-11,BTC-USD,Crypto,Crypto,0.0034399794195076883
2023-06-12,BTC-USD,Crypto,Crypto,-0.001452109670044499
2023-06-13,BTC-USD,Crypto,Crypto,0.0006265231396582749
2023-06-14,BTC-USD,Crypto,Crypto,-0.030636253390914137
2023-06-15,BTC-USD,Crypto,Crypto,0.017979087727655774
2023-06-16,BTC-USD,Crypto,Crypto,0.029365685552642073
2023-06-17,BTC-USD,Crypto,Crypto,0.006959002900740696
2023-06-18,BTC-USD,Crypto,Crypto,-0.006580854145875503
2023-06-19,BTC-USD,Crypto,Crypto,0.019547852547670663
2023-06-20,BTC-USD,Crypto,Crypto,0.05498705349618893
2023-06-21,BTC-USD,Crypto,Crypto,0.06000562340273241
2023-06-22,BTC-USD,Crypto,Crypto,-0.0038303689299371557
2023-06-23,BTC-USD,Crypto,Crypto,0.02618280743799839
2023-06-24,BTC-USD,Crypto,Crypto,-0.0047815994828226405
2023-06-25,BTC-USD,Crypto,Crypto,-0.002240147837737516
2023-06-26,BTC-USD,Crypto,Crypto,-0.006861189753050945
2023-06-27,BTC-USD,Crypto,Crypto,0.013776598074988877
2023-06-28,BTC-USD,Crypto,Crypto,-0.01961401038928634
2023-06-29,BTC-USD,Crypto,Crypto,0.011935868224670187
2023-06-30,BTC-USD,Crypto,Crypto,0.0010477918298796851
2023-07-01,BTC-USD,Crypto,Crypto,0.0037019798257575953
2023-07-02,BTC-USD,Crypto,Crypto,0.0010033124506771962
2023-07-03,BTC-USD,Crypto,Crypto,0.01749367929268808
2023-07-04,BTC-USD,Crypto,Crypto,-0.012159843310882601
2023-07-05,BTC-USD,Crypto,Crypto,-0.0085586975402272
2023-07-06,BTC-USD,Crypto,Crypto,-0.019821224171432172
2023-07-07,BTC-USD,Crypto,Crypto,0.014474667943441766
2023-07-08,BTC-USD,Crypto,Crypto,-0.0016387902600796256
2023-07-09,BTC-USD,Crypto,Crypto,-0.004004505286051452
2023-07-10,BTC-USD,Crypto,Crypto,0.008061862007427312
2023-07-11,BTC-USD,Crypto,Crypto,0.006788889103658935
2023-07-12,BTC-USD,Crypto,Crypto,-0.007488490028050299
2023-07-13,BTC-USD,Crypto,Crypto,0.03568093437476372
2023-07-14,BTC-USD,Crypto,Crypto,-0.036280934592069825
2023-07-15,BTC-USD,Crypto,Crypto,-0.001261344778969442
2023-07-16,BTC-USD,Crypto,Crypto,-0.001540603578530031
2023-07-17,BTC-USD,Crypto,Crypto,-0.0034131272874816654
2023-07-18,BTC-USD,Crypto,Crypto,-0.009597533349379406
2023-07-19,BTC-USD,Crypto,Crypto,0.0019212301525000086
2023-07-20,BTC-USD,Crypto,Crypto,-0.0040752996439197275
2023-07-21,BTC-USD,Crypto,Crypto,0.0039181140710413676
2023-07-22,BTC-USD,Crypto,Crypto,-0.004578641136054662
2023-07-23,BTC-USD,Crypto,Crypto,0.010504447141318263
2023-07-24,BTC-USD,Crypto,Crypto,-0.03016908602087709
2023-07-25,BTC-USD,Crypto,Crypto,0.0017299501204297574
2023-07-26,BTC-USD,Crypto,Crypto,0.004365152978824893
2023-07-27,BTC-USD,Crypto,Crypto,-0.004915119656712763
2023-07-28,BTC-USD,Crypto,Crypto,0.0037163327075591113
2023-07-29,BTC-USD,Crypto,Crypto,0.001284885528077373
2023-07-30,BTC-USD,Crypto,Crypto,-0.002779902682116475
2023-07-31,BTC-USD,Crypto,Crypto,-0.0015438698273756435
2023-08-01,BTC-USD,Crypto,Crypto,0.015245275282999904
2023-08-02,BTC-USD,Crypto,Crypto,-0.01764989082843693
2023-08-03,BTC-USD,Crypto,Crypto,0.0009166006009861949
2023-08-04,BTC-USD,Crypto,Crypto,-0.0035843942133476636
2023-08-05,BTC-USD,Crypto,Crypto,-0.0010994270766331304
2023-08-06,BTC-USD,Crypto,Crypto,-9.347950838400898e-06
2023-08-07,BTC-USD,Crypto,Crypto,0.004776645775930843
2023-08-08,BTC-USD,Crypto,Crypto,0.020044635853149417
2023-08-09,BTC-USD,Crypto,Crypto,-0.006853508270246889
2023-08-10,BTC-USD,Crypto,Crypto,-0.004461964714047806
2023-08-11,BTC-USD,Crypto,Crypto,-0.001083159880198692
2023-08-12,BTC-USD,Crypto,Crypto,0.0006207965516027425
2023-08-13,BTC-USD,Crypto,Crypto,-0.004523080645381872
2023-08-14,BTC-USD,Crypto,Crypto,0.004286776125049352
2023-08-15,BTC-USD,Crypto,Crypto,-0.008096168172366025
2023-08-16,BTC-USD,Crypto,Crypto,-0.016063173634291772
2023-08-17,BTC-USD,Crypto,Crypto,-0.07097917151940503
2023-08-18,BTC-USD,Crypto,Crypto,-0.02306411031148714
2023-08-19,BTC-USD,Crypto,Crypto,0.0017907574452629138
2023-08-20,BTC-USD,Crypto,Crypto,0.00357825614760654
2023-08-21,BTC-USD,Crypto,Crypto,-0.002498831574187843
2023-08-22,BTC-USD,Crypto,Crypto,-0.0035401882238949023
2023-08-23,BTC-USD,Crypto,Crypto,0.015365306423789304
2023-08-24,BTC-USD,Crypto,Crypto,-0.01018731988472621
2023-08-25,BTC-USD,Crypto,Crypto,-0.004384352975912553
2023-08-26,BTC-USD,Crypto,Crypto,-0.0015051281432193475
2023-08-27,BTC-USD,Crypto,Crypto,0.0031232321991347956
2023-08-28,BTC-USD,Crypto,Crypto,0.0006307866874213364
2023-08-29,BTC-USD,Crypto,Crypto,0.062101924766441385
2023-08-30,BTC-USD,Crypto,Crypto,-0.015512708305083889
2023-08-31,BTC-USD,Crypto,Crypto,-0.0500340578984273
2023-09-01,BTC-USD,Crypto,Crypto,-0.005042060225742162
2023-09-02,BTC-USD,Crypto,Crypto,0.0026384615075991658
2023-09-03,BTC-USD,Crypto,Crypto,0.0038953327054152
2023-09-04,BTC-USD,Crypto,Crypto,-0.006051329012069284
2023-09-05,BTC-USD,Crypto,Crypto,-0.0012565113521479931
2023-09-06,BTC-USD,Crypto,Crypto,-0.0010374752516241204
2023-09-07,BTC-USD,Crypto,Crypto,0.018908652030005024
2023-09-08,BTC-USD,Crypto,Crypto,-0.012749181613965876
2023-09-09,BTC-USD,Crypto,Crypto,-0.0003851113886439439
2023-09-10,BTC-USD,Crypto,Crypto,-0.0024502611024840304
2023-09-11,BTC-USD,Crypto,Crypto,-0.02592003689674205
2023-09-12,BTC-USD,Crypto,Crypto,0.026654161568650414
2023-09-13,BTC-USD,Crypto,Crypto,0.01528956036711282
2023-09-14,BTC-USD,Crypto,Crypto,0.011870739692642074
2023-09-15,BTC-USD,Crypto,Crypto,0.0026006171627044328
2023-09-16,BTC-USD,Crypto,Crypto,-0.001518755875352329
2023-09-17,BTC-USD,Crypto,Crypto,-0.0012832501161511578
2023-09-18,BTC-USD,Crypto,Crypto,0.008294723552398242
2023-09-19,BTC-USD,Crypto,Crypto,0.017075246134672373
2023-09-20,BTC-USD,Crypto,Crypto,-0.00290724465500225
2023-09-21,BTC-USD,Crypto,Crypto,-0.02080107760178318
2023-09-22,BTC-USD,Crypto,Crypto,0.0004492514240630463
2023-09-23,BTC-USD,Crypto,Crypto,-6.686879658768241e-06
2023-09-24,BTC-USD,Crypto,Crypto,-0.01213588594546644
2023-09-25,BTC-USD,Crypto,Crypto,0.0015864178176880905
2023-09-26,BTC-USD,Crypto,Crypto,-0.0030887894396227633
2023-09-27,BTC-USD,Crypto,Crypto,0.005167086436411061
2023-09-28,BTC-USD,Crypto,Crypto,0.02537992888096885
2023-09-29,BTC-USD,Crypto,Crypto,-0.004064392478456136
2023-09-30,BTC-USD,Crypto,Crypto,0.0020881352448591795
2023-10-01,BTC-USD,Crypto,Crypto,0.037668241913332734
2023-10-02,BTC-USD,Crypto,Crypto,-0.016186709920936293
2023-10-03,BTC-USD,Crypto,Crypto,-0.003661597010505724
2023-10-04,BTC-USD,Crypto,Crypto,0.013467601347721292
2023-10-05,BTC-USD,Crypto,Crypto,-0.01379463216164356
2023-10-06,BTC-USD,Crypto,Crypto,0.01935684447622399
2023-10-07,BTC-USD,Crypto,Crypto,0.0007958817661306572
2023-10-08,BTC-USD,Crypto,Crypto,-0.001206700034343422
2023-10-09,BTC-USD,Crypto,Crypto,-0.012579594744121514
2023-10-10,BTC-USD,Crypto,Crypto,-0.006984500217130485
2023-10-11,BTC-USD,Crypto,Crypto,-0.018900326735168282
2023-10-12,BTC-USD,Crypto,Crypto,-0.0043359541366684295
2023-10-13,BTC-USD,Crypto,Crypto,0.003945769916393171
2023-10-14,BTC-USD,Crypto,Crypto,-2.4866332556272575e-05
2023-10-15,BTC-USD,Crypto,Crypto,0.011091823470242623
2023-10-16,BTC-USD,Crypto,Crypto,0.05006744695824206
2023-10-17,BTC-USD,Crypto,Crypto,-0.0036367703063566736
2023-10-18,BTC-USD,Crypto,Crypto,-0.0030759792019486865
2023-10-19,BTC-USD,Crypto,Crypto,0.013818840741083749
2023-10-20,BTC-USD,Crypto,Crypto,0.033535830870205396
2023-10-21,BTC-USD,Crypto,Crypto,0.007932597562652743
2023-10-22,BTC-USD,Crypto,Crypto,0.002523007395046406
2023-10-23,BTC-USD,Crypto,Crypto,0.10309890521346299
2023-10-24,BTC-USD,Crypto,Crypto,0.02464145540134477
2023-10-25,BTC-USD,Crypto,Crypto,0.017736456610143003
2023-10-26,BTC-USD,Crypto,Crypto,-0.010033147199696724
2023-10-27,BTC-USD,Crypto,Crypto,-0.007226928505637331
2023-10-28,BTC-USD,Crypto,Crypto,0.005301518539129857
2023-10-29,BTC-USD,Crypto,Crypto,0.013168432293093613
2023-10-30,BTC-USD,Crypto,Crypto,-0.0010457086417764438
2023-10-31,BTC-USD,Crypto,Crypto,0.004794395311462418
2023-11-01,BTC-USD,Crypto,Crypto,0.022195613001625203
2023-11-02,BTC-USD,Crypto,Crypto,-0.014081557224217889
2023-11-03,BTC-USD,Crypto,Crypto,-0.005893770145759425
2023-11-04,BTC-USD,Crypto,Crypto,0.010073356782761111
2023-11-05,BTC-USD,Crypto,Crypto,-0.0009360829177728069
2023-11-06,BTC-USD,Crypto,Crypto,-0.0003419285416157436
2023-11-07,BTC-USD,Crypto,Crypto,0.011593090279608864
2023-11-08,BTC-USD,Crypto,Crypto,0.005973294692089626
2023-11-09,BTC-USD,Crypto,Crypto,0.029107827327892632
2023-11-10,BTC-USD,Crypto,Crypto,0.01691989303173269
2023-11-11,BTC-USD,Crypto,Crypto,-0.0047145338500075296
2023-11-12,BTC-USD,Crypto,Crypto,-0.002249209321512735
2023-11-13,BTC-USD,Crypto,Crypto,-0.014901395821212304
2023-11-14,BTC-USD,Crypto,Crypto,-0.026428838121854925
2023-11-15,BTC-USD,Crypto,Crypto,0.06592844558740318
2023-11-16,BTC-USD,Crypto,Crypto,-0.04555929205565723
2023-11-17,BTC-USD,Crypto,Crypto,0.012222842746045792
2023-11-18,BTC-USD,Crypto,Crypto,-0.000300039994658885
2023-11-19,BTC-USD,Crypto,Crypto,0.021889527372586093
2023-11-20,BTC-USD,Crypto,Crypto,0.0024182537251242753
2023-11-21,BTC-USD,Crypto,Crypto,-0.04437779006078835
2023-11-22,BTC-USD,Crypto,Crypto,0.045192824521265385
2023-11-23,BTC-USD,Crypto,Crypto,-0.003812712499291715
2023-11-24,BTC-USD,Crypto,Crypto,0.011549062275727495
2023-11-25,BTC-USD,Crypto,Crypto,0.0020283973558654633
2023-11-26,BTC-USD,Crypto,Crypto,-0.008404730932136117
2023-11-27,BTC-USD,Crypto,Crypto,-0.006002091789647501
2023-11-28,BTC-USD,Crypto,Crypto,0.01548599794884531
2023-11-29,BTC-USD,Crypto,Crypto,0.0007244373065387055
2023-11-30,BTC-USD,Crypto,Crypto,-0.0038497596002547985
2023-12-01,BTC-USD,Crypto,Crypto,0.025879947957747618
2023-12-02,BTC-USD,Crypto,Crypto,0.020356874575942596
2023-12-03,BTC-USD,Crypto,Crypto,0.012717964611113297
2023-12-04,BTC-USD,Crypto,Crypto,0.05006972516793251
2023-12-05,BTC-USD,Crypto,Crypto,0.05003682455553493
2023-12-06,BTC-USD,Crypto,Crypto,-0.007581629055975703
2023-12-07,BTC-USD,Crypto,Crypto,-0.010372985662227885
2023-12-08,BTC-USD,Crypto,Crypto,0.02018673414826888
2023-12-09,BTC-USD,Crypto,Crypto,-0.009976252913108663
2023-12-10,BTC-USD,Crypto,Crypto,0.0012284421841561866
2023-12-11,BTC-USD,Crypto,Crypto,-0.05792335792051162
2023-12-12,BTC-USD,Crypto,Crypto,0.005004157345118276
2023-12-13,BTC-USD,Crypto,Crypto,0.03475299863154757
2023-12-14,BTC-USD,Crypto,Crypto,0.0031062756659134827
2023-12-15,BTC-USD,Crypto,Crypto,-0.025432678020983368
2023-12-16,BTC-USD,Crypto,Crypto,0.007401888090740938
2023-12-17,BTC-USD,Crypto,Crypto,-0.02072563201266564
2023-12-18,BTC-USD,Crypto,Crypto,0.030433584522719714
2023-12-19,BTC-USD,Crypto,Crypto,-0.008282083715112631
2023-12-20,BTC-USD,Crypto,Crypto,0.032687613405284255
2023-12-21,BTC-USD,Crypto,Crypto,0.0049688697318006625
2023-12-22,BTC-USD,Crypto,Crypto,0.002934864092908329
2023-12-23,BTC-USD,Crypto,Crypto,-0.005872083923035065
2023-12-24,BTC-USD,Crypto,Crypto,-0.01653939964043194
2023-12-25,BTC-USD,Crypto,Crypto,0.013879063861056418
2023-12-26,BTC-USD,Crypto,Crypto,-0.025055253200995553
2023-12-27,BTC-USD,Crypto,Crypto,0.021694364920222586
2023-12-28,BTC-USD,Crypto,Crypto,-0.01876027694786908
2023-12-29,BTC-USD,Crypto,Crypto,-0.012396896798793966
2023-12-30,BTC-USD,Crypto,Crypto,0.0013658151137276864
2023-12-31,BTC-USD,Crypto,Crypto,0.002568622223877659
2020-01-02,EOS-USD,Crypto,Crypto,-0.051923988008735766
2020-01-03,EOS-USD,Crypto,Crypto,0.07118483634422224
2020-01-04,EOS-USD,Crypto,Crypto,0.011441947105128802
2020-01-05,EOS-USD,Crypto,Crypto,0.012665714365379221
2020-01-06,EOS-USD,Crypto,Crypto,0.05728237009487391
2020-01-07,EOS-USD,Crypto,Crypto,-0.0010310039893811629
2020-01-08,EOS-USD,Crypto,Crypto,-0.02245115661891761
2020-01-09,EOS-USD,Crypto,Crypto,-0.00921671629982912
2020-01-10,EOS-USD,Crypto,Crypto,0.07392384808679897
2020-01-11,EOS-USD,Crypto,Crypto,0.006989234830369728
2020-01-12,EOS-USD,Crypto,Crypto,0.06794827745890308
2020-01-13,EOS-USD,Crypto,Crypto,-0.025528876140535672
2020-01-14,EOS-USD,Crypto,Crypto,0.23159871852441127
2020-01-15,EOS-USD,Crypto,Crypto,-0.01600299795972182
2020-01-16,EOS-USD,Crypto,Crypto,0.016632017289520462
2020-01-17,EOS-USD,Crypto,Crypto,0.023739051116121512
2020-01-18,EOS-USD,Crypto,Crypto,-0.026945343010150058
2020-01-19,EOS-USD,Crypto,Crypto,-0.05289513883692787
2020-01-20,EOS-USD,Crypto,Crypto,-0.0013271528347885697
2020-01-21,EOS-USD,Crypto,Crypto,0.01459846977492485
2020-01-22,EOS-USD,Crypto,Crypto,-0.0034668415750764847
2020-01-23,EOS-USD,Crypto,Crypto,-0.02084010646481005
2020-01-24,EOS-USD,Crypto,Crypto,0.019054831481178702
2020-01-25,EOS-USD,Crypto,Crypto,-0.030870233684222925
2020-01-26,EOS-USD,Crypto,Crypto,0.03402143561700077
2020-01-27,EOS-USD,Crypto,Crypto,0.08591520971124944
2020-01-28,EOS-USD,Crypto,Crypto,0.02195815348741581
2020-01-29,EOS-USD,Crypto,Crypto,-0.017825211857798062
2020-01-30,EOS-USD,Crypto,Crypto,0.09065573538657579
2020-01-31,EOS-USD,Crypto,Crypto,-0.04625953168407937
2020-02-01,EOS-USD,Crypto,Crypto,0.004812628809916175
2020-02-02,EOS-USD,Crypto,Crypto,0.015402534528685008
2020-02-03,EOS-USD,Crypto,Crypto,-0.004814039908956569
2020-02-04,EOS-USD,Crypto,Crypto,0.010425823435465498
2020-02-05,EOS-USD,Crypto,Crypto,0.06350873185684991
2020-02-06,EOS-USD,Crypto,Crypto,0.015115507996545041
2020-02-07,EOS-USD,Crypto,Crypto,0.0038165124025211217
2020-02-08,EOS-USD,Crypto,Crypto,0.034761427741392126
2020-02-09,EOS-USD,Crypto,Crypto,0.05152582715587495
2020-02-10,EOS-USD,Crypto,Crypto,-0.01998942681871907
2020-02-11,EOS-USD,Crypto,Crypto,0.06910195360486071
2020-02-12,EOS-USD,Crypto,Crypto,0.020232633563778135
2020-02-13,EOS-USD,Crypto,Crypto,-0.0019446856455346273
2020-02-14,EOS-USD,Crypto,Crypto,0.0038138401790022147
2020-02-15,EOS-USD,Crypto,Crypto,-0.11541129434020181
2020-02-16,EOS-USD,Crypto,Crypto,-0.06975744239064507
2020-02-17,EOS-USD,Crypto,Crypto,-0.01493338653318288
2020-02-18,EOS-USD,Crypto,Crypto,0.055520485074127546
2020-02-19,EOS-USD,Crypto,Crypto,-0.12609169522731722
2020-02-20,EOS-USD,Crypto,Crypto,-0.00025119197251355363
2020-02-21,EOS-USD,Crypto,Crypto,0.016653382188488886
2020-02-22,EOS-USD,Crypto,Crypto,0.011578807564196936
2020-02-23,EOS-USD,Crypto,Crypto,0.06303374250338512
2020-02-24,EOS-USD,Crypto,Crypto,-0.056314471342472916
2020-02-25,EOS-USD,Crypto,Crypto,-0.011148004499468733
2020-02-26,EOS-USD,Crypto,Crypto,-0.1330242652928858
2020-02-27,EOS-USD,Crypto,Crypto,0.016065379246599232
2020-02-28,EOS-USD,Crypto,Crypto,-0.025954324080302515
2020-02-29,EOS-USD,Crypto,Crypto,0.009682740465684514
2020-03-01,EOS-USD,Crypto,Crypto,-0.0022604971990105582
2020-03-02,EOS-USD,Crypto,Crypto,0.042808576541525145
2020-03-03,EOS-USD,Crypto,Crypto,-0.01220467548885551
2020-03-04,EOS-USD,Crypto,Crypto,-0.012330455338696478
2020-03-05,EOS-USD,Crypto,Crypto,0.050488998989640654
2020-03-06,EOS-USD,Crypto,Crypto,0.013947381841150852
2020-03-07,EOS-USD,Crypto,Crypto,-0.04548394827344737
2020-03-08,EOS-USD,Crypto,Crypto,-0.158513079525899
2020-03-09,EOS-USD,Crypto,Crypto,-0.005520228360390234
2020-03-10,EOS-USD,Crypto,Crypto,0.006559163229971965
2020-03-11,EOS-USD,Crypto,Crypto,-0.006396576600946058
2020-03-12,EOS-USD,Crypto,Crypto,-0.39602797384785726
2020-03-13,EOS-USD,Crypto,Crypto,0.13726860716674438
2020-03-14,EOS-USD,Crypto,Crypto,-0.06692670524044786
2020-03-15,EOS-USD,Crypto,Crypto,0.045750617698350204
2020-03-16,EOS-USD,Crypto,Crypto,-0.08119581014104349
2020-03-17,EOS-USD,Crypto,Crypto,0.02452088411984965
2020-03-18,EOS-USD,Crypto,Crypto,0.007720709305896412
2020-03-19,EOS-USD,Crypto,Crypto,0.17751664751869844
2020-03-20,EOS-USD,Crypto,Crypto,-0.03760877968381526
2020-03-21,EOS-USD,Crypto,Crypto,0.033129515736744386
2020-03-22,EOS-USD,Crypto,Crypto,-0.06322381056011439
2020-03-23,EOS-USD,Crypto,Crypto,0.06629061752550647
2020-03-24,EOS-USD,Crypto,Crypto,0.03565390877294172
2020-03-25,EOS-USD,Crypto,Crypto,-0.025172683823793562
2020-03-26,EOS-USD,Crypto,Crypto,0.007760940447279596
2020-03-27,EOS-USD,Crypto,Crypto,-0.03036302053055362
2020-03-28,EOS-USD,Crypto,Crypto,-0.016706204081042952
2020-03-29,EOS-USD,Crypto,Crypto,-0.034294888899788045
2020-03-30,EOS-USD,Crypto,Crypto,0.05213631193322321
2020-03-31,EOS-USD,Crypto,Crypto,-0.00855346160708148
2020-04-01,EOS-USD,Crypto,Crypto,0.01984353255116411
2020-04-02,EOS-USD,Crypto,Crypto,0.013612607727176318
2020-04-03,EOS-USD,Crypto,Crypto,0.016712417161518944
2020-04-04,EOS-USD,Crypto,Crypto,0.01324720022325776
2020-04-05,EOS-USD,Crypto,Crypto,-0.0020355156340853275
2020-04-06,EOS-USD,Crypto,Crypto,0.15598193290399376
2020-04-07,EOS-USD,Crypto,Crypto,-0.03716090526638127
2020-04-08,EOS-USD,Crypto,Crypto,0.039905559529056056
2020-04-09,EOS-USD,Crypto,Crypto,-0.0007448883086014213
2020-04-10,EOS-USD,Crypto,Crypto,-0.0857730382549361
2020-04-11,EOS-USD,Crypto,Crypto,0.00125733249110338
2020-04-12,EOS-USD,Crypto,Crypto,0.012969766219189438
2020-04-13,EOS-USD,Crypto,Crypto,-0.035048043416016306
2020-04-14,EOS-USD,Crypto,Crypto,0.0045945998654355336
2020-04-15,EOS-USD,Crypto,Crypto,-0.02209597571211186
2020-04-16,EOS-USD,Crypto,Crypto,0.10560055076157027
2020-04-17,EOS-USD,Crypto,Crypto,-0.006400669235552936
2020-04-18,EOS-USD,Crypto,Crypto,0.03385641990916732
2020-04-19,EOS-USD,Crypto,Crypto,-0.03955633614360177
2020-04-20,EOS-USD,Crypto,Crypto,-0.036302448915003116
2020-04-21,EOS-USD,Crypto,Crypto,0.00709189923756437
2020-04-22,EOS-USD,Crypto,Crypto,0.0304098928512595
2020-04-23,EOS-USD,Crypto,Crypto,0.01817409710043205
2020-04-24,EOS-USD,Crypto,Crypto,0.019184492187692026
2020-04-25,EOS-USD,Crypto,Crypto,-0.0009992648441160545
2020-04-26,EOS-USD,Crypto,Crypto,0.0069304031567487545
2020-04-27,EOS-USD,Crypto,Crypto,0.004070015671273186
2020-04-28,EOS-USD,Crypto,Crypto,0.013497256663266732
2020-04-29,EOS-USD,Crypto,Crypto,0.08426468936767506
2020-04-30,EOS-USD,Crypto,Crypto,-0.06113136999398472
2020-05-01,EOS-USD,Crypto,Crypto,0.018817519171944408
2020-05-02,EOS-USD,Crypto,Crypto,0.02057234841414446
2020-05-03,EOS-USD,Crypto,Crypto,-0.03522012232511429
2020-05-04,EOS-USD,Crypto,Crypto,-0.021421566698991867
2020-05-05,EOS-USD,Crypto,Crypto,-0.004468908747086386
2020-05-06,EOS-USD,Crypto,Crypto,-0.027825583966418543
2020-05-07,EOS-USD,Crypto,Crypto,0.023881181029925314
2020-05-08,EOS-USD,Crypto,Crypto,0.0018895383035468782
2020-05-09,EOS-USD,Crypto,Crypto,-0.000279908895784442
2020-05-10,EOS-USD,Crypto,Crypto,-0.11165040662061931
2020-05-11,EOS-USD,Crypto,Crypto,-0.01802973220560533
2020-05-12,EOS-USD,Crypto,Crypto,0.011994264232595642
2020-05-13,EOS-USD,Crypto,Crypto,0.036435015525367875
2020-05-14,EOS-USD,Crypto,Crypto,0.03343666447746352
2020-05-15,EOS-USD,Crypto,Crypto,-0.007796570539225778
2020-05-16,EOS-USD,Crypto,Crypto,0.013613821511662572
2020-05-17,EOS-USD,Crypto,Crypto,-0.0036076031389525864
2020-05-18,EOS-USD,Crypto,Crypto,0.015893410770576155
2020-05-19,EOS-USD,Crypto,Crypto,-0.00851860501484003
2020-05-20,EOS-USD,Crypto,Crypto,-0.014584705017477329
2020-05-21,EOS-USD,Crypto,Crypto,-0.048117132142448504
2020-05-22,EOS-USD,Crypto,Crypto,0.0508714480090946
2020-05-23,EOS-USD,Crypto,Crypto,-0.010204023554088004
2020-05-24,EOS-USD,Crypto,Crypto,-0.024118469624518024
2020-05-25,EOS-USD,Crypto,Crypto,0.011899036862303758
2020-05-26,EOS-USD,Crypto,Crypto,-0.016092047945630017
2020-05-27,EOS-USD,Crypto,Crypto,0.026346429226344004
2020-05-28,EOS-USD,Crypto,Crypto,0.020904924558617255
2020-05-29,EOS-USD,Crypto,Crypto,-0.0030022350498415395
2020-05-30,EOS-USD,Crypto,Crypto,0.05847434124348294
2020-05-31,EOS-USD,Crypto,Crypto,-0.03313882883434305
2020-06-01,EOS-USD,Crypto,Crypto,0.054117075189098474
2020-06-02,EOS-USD,Crypto,Crypto,-0.048503355758136024
2020-06-03,EOS-USD,Crypto,Crypto,0.006771795012633586
2020-06-04,EOS-USD,Crypto,Crypto,0.010073453035427837
2020-06-05,EOS-USD,Crypto,Crypto,0.03641898536231958
2020-06-06,EOS-USD,Crypto,Crypto,-0.009745445355542781
2020-06-07,EOS-USD,Crypto,Crypto,0.007532695331811778
2020-06-08,EOS-USD,Crypto,Crypto,-0.011334064171842795
2020-06-09,EOS-USD,Crypto,Crypto,-0.007147637142092544
2020-06-10,EOS-USD,Crypto,Crypto,0.001362351994289801
2020-06-11,EOS-USD,Crypto,Crypto,-0.08433006472617344
2020-06-12,EOS-USD,Crypto,Crypto,0.02544081931346387
2020-06-13,EOS-USD,Crypto,Crypto,0.0015589154461506105
2020-06-14,EOS-USD,Crypto,Crypto,-0.010194613787864126
2020-06-15,EOS-USD,Crypto,Crypto,-0.018178593146309985
2020-06-16,EOS-USD,Crypto,Crypto,0.0062568872928134844
2020-06-17,EOS-USD,Crypto,Crypto,0.004432531869358991
2020-06-18,EOS-USD,Crypto,Crypto,-0.009241709851057545
2020-06-19,EOS-USD,Crypto,Crypto,-0.011190393192611947
2020-06-20,EOS-USD,Crypto,Crypto,0.006959731608140229
2020-06-21,EOS-USD,Crypto,Crypto,-0.002449656427108482
2020-06-22,EOS-USD,Crypto,Crypto,0.01753564121208262
2020-06-23,EOS-USD,Crypto,Crypto,0.00555731239135393
2020-06-24,EOS-USD,Crypto,Crypto,-0.031261864871682477
2020-06-25,EOS-USD,Crypto,Crypto,-0.005652466466948947
2020-06-26,EOS-USD,Crypto,Crypto,-0.003095087986251799
2020-06-27,EOS-USD,Crypto,Crypto,-0.049626939688446337
2020-06-28,EOS-USD,Crypto,Crypto,0.004772631083988399
2020-06-29,EOS-USD,Crypto,Crypto,0.0060973405266271374
2020-06-30,EOS-USD,Crypto,Crypto,-0.007208084907468049
2020-07-01,EOS-USD,Crypto,Crypto,0.00530121471046896
2020-07-02,EOS-USD,Crypto,Crypto,0.00636445967765864
2020-07-03,EOS-USD,Crypto,Crypto,0.014198616334954561
2020-07-04,EOS-USD,Crypto,Crypto,0.01647585772385529
2020-07-05,EOS-USD,Crypto,Crypto,-0.021298107980882053
2020-07-06,EOS-USD,Crypto,Crypto,0.08482251368506044
2020-07-07,EOS-USD,Crypto,Crypto,-0.021066398305835343
2020-07-08,EOS-USD,Crypto,Crypto,0.04701180504192903
2020-07-09,EOS-USD,Crypto,Crypto,-0.007218591279894659
2020-07-10,EOS-USD,Crypto,Crypto,-0.01417857561377589
2020-07-11,EOS-USD,Crypto,Crypto,0.0001511829863891645
2020-07-12,EOS-USD,Crypto,Crypto,-0.002753280361459276
2020-07-13,EOS-USD,Crypto,Crypto,-0.022369585656920377
2020-07-14,EOS-USD,Crypto,Crypto,0.0010336074093399983
2020-07-15,EOS-USD,Crypto,Crypto,-0.008990829760207819
2020-07-16,EOS-USD,Crypto,Crypto,-0.014612773132648749
2020-07-17,EOS-USD,Crypto,Crypto,-0.0005402813760196912
2020-07-18,EOS-USD,Crypto,Crypto,0.0016899368977485452
2020-07-19,EOS-USD,Crypto,Crypto,0.031078509294471424
2020-07-20,EOS-USD,Crypto,Crypto,-0.005619328209710339
2020-07-21,EOS-USD,Crypto,Crypto,0.02116305002966201
2020-07-22,EOS-USD,Crypto,Crypto,0.015536669893432942
2020-07-23,EOS-USD,Crypto,Crypto,-0.0023531777902430218
2020-07-24,EOS-USD,Crypto,Crypto,-0.02173173565877995
2020-07-25,EOS-USD,Crypto,Crypto,0.05098715821582167
2020-07-26,EOS-USD,Crypto,Crypto,-0.004464207237866558
2020-07-27,EOS-USD,Crypto,Crypto,0.04671966741267597
2020-07-28,EOS-USD,Crypto,Crypto,0.05373646135305932
2020-07-29,EOS-USD,Crypto,Crypto,0.010831415821009882
2020-07-30,EOS-USD,Crypto,Crypto,0.008366583087246582
2020-07-31,EOS-USD,Crypto,Crypto,0.013292356596070976
2020-08-01,EOS-USD,Crypto,Crypto,0.06487292110946541
2020-08-02,EOS-USD,Crypto,Crypto,-0.10700730494716404
2020-08-03,EOS-USD,Crypto,Crypto,0.036606539568049046
2020-08-04,EOS-USD,Crypto,Crypto,-0.004353569281402958
2020-08-05,EOS-USD,Crypto,Crypto,0.008184355028869827
2020-08-06,EOS-USD,Crypto,Crypto,0.01079468701385311
2020-08-07,EOS-USD,Crypto,Crypto,-0.024865464602511933
2020-08-08,EOS-USD,Crypto,Crypto,0.012673696398845635
2020-08-09,EOS-USD,Crypto,Crypto,-0.00665231301374003
2020-08-10,EOS-USD,Crypto,Crypto,0.06764830305639902
2020-08-11,EOS-USD,Crypto,Crypto,-0.06665001332929588
2020-08-12,EOS-USD,Crypto,Crypto,0.012420208454857029
2020-08-13,EOS-USD,Crypto,Crypto,0.039526068632677935
2020-08-14,EOS-USD,Crypto,Crypto,0.023207696460463723
2020-08-15,EOS-USD,Crypto,Crypto,0.14731995769699724
2020-08-16,EOS-USD,Crypto,Crypto,0.03867397177434295
2020-08-17,EOS-USD,Crypto,Crypto,-0.027740074746047005
2020-08-18,EOS-USD,Crypto,Crypto,-0.04838859775142357
2020-08-19,EOS-USD,Crypto,Crypto,-0.06736743417499225
2020-08-20,EOS-USD,Crypto,Crypto,0.027934227586875915
2020-08-21,EOS-USD,Crypto,Crypto,-0.05077796672338264
2020-08-22,EOS-USD,Crypto,Crypto,0.03167490020899977
2020-08-23,EOS-USD,Crypto,Crypto,-0.013015179776752595
2020-08-24,EOS-USD,Crypto,Crypto,0.019621905600077483
2020-08-25,EOS-USD,Crypto,Crypto,-0.07434703538429421
2020-08-26,EOS-USD,Crypto,Crypto,-0.004173596896674958
2020-08-27,EOS-USD,Crypto,Crypto,-0.046899825493988745
2020-08-28,EOS-USD,Crypto,Crypto,0.047539841305489494
2020-08-29,EOS-USD,Crypto,Crypto,0.005619045479710483
2020-08-30,EOS-USD,Crypto,Crypto,0.04094111182673932
2020-08-31,EOS-USD,Crypto,Crypto,-0.012484449545288823
2020-09-01,EOS-USD,Crypto,Crypto,0.07847972433611838
2020-09-02,EOS-USD,Crypto,Crypto,-0.10863107384510218
2020-09-03,EOS-USD,Crypto,Crypto,-0.1476647022510651
2020-09-04,EOS-USD,Crypto,Crypto,0.14048781851902636
2020-09-05,EOS-USD,Crypto,Crypto,-0.026789826500387637
2020-09-06,EOS-USD,Crypto,Crypto,-0.007326173442182449
2020-09-07,EOS-USD,Crypto,Crypto,-0.020115385059381152
2020-09-08,EOS-USD,Crypto,Crypto,-0.03331918791424748
2020-09-09,EOS-USD,Crypto,Crypto,-0.00012325237254329213
2020-09-10,EOS-USD,Crypto,Crypto,0.008768680633360226
2020-09-11,EOS-USD,Crypto,Crypto,0.0023530883642093325
2020-09-12,EOS-USD,Crypto,Crypto,0.007316005584228069
2020-09-13,EOS-USD,Crypto,Crypto,-0.03188943008232248
2020-09-14,EOS-USD,Crypto,Crypto,0.006911509188169518
2020-09-15,EOS-USD,Crypto,Crypto,-0.010164810767985144
2020-09-16,EOS-USD,Crypto,Crypto,0.0033689419822839906
2020-09-17,EOS-USD,Crypto,Crypto,0.00466879100938411
2020-09-18,EOS-USD,Crypto,Crypto,-0.013143165924551448
2020-09-19,EOS-USD,Crypto,Crypto,0.004162393560646294
2020-09-20,EOS-USD,Crypto,Crypto,-0.012710488435661138
2020-09-21,EOS-USD,Crypto,Crypto,-0.05930034787917848
2020-09-22,EOS-USD,Crypto,Crypto,0.02339816596285993
2020-09-23,EOS-USD,Crypto,Crypto,-0.048320844001012
2020-09-24,EOS-USD,Crypto,Crypto,0.03704539762258041
2020-09-25,EOS-USD,Crypto,Crypto,0.004315332194880561
2020-09-26,EOS-USD,Crypto,Crypto,0.011406578647923382
2020-09-27,EOS-USD,Crypto,Crypto,0.005360267707517297
2020-09-28,EOS-USD,Crypto,Crypto,-0.007792057625287785
2020-09-29,EOS-USD,Crypto,Crypto,0.011922119098355166
2020-09-30,EOS-USD,Crypto,Crypto,-0.006856902643096019
2020-10-01,EOS-USD,Crypto,Crypto,-0.014710072341459823
2020-10-02,EOS-USD,Crypto,Crypto,-0.024217932578820434
2020-10-03,EOS-USD,Crypto,Crypto,0.0004487913792170506
2020-10-04,EOS-USD,Crypto,Crypto,0.015369647885076665
2020-10-05,EOS-USD,Crypto,Crypto,0.0011686315948828963
2020-10-06,EOS-USD,Crypto,Crypto,0.06484047407161597
2020-10-07,EOS-USD,Crypto,Crypto,-0.017456352258207186
2020-10-08,EOS-USD,Crypto,Crypto,-0.013745787759198325
2020-10-09,EOS-USD,Crypto,Crypto,0.01365068135096048
2020-10-10,EOS-USD,Crypto,Crypto,0.0021026264489298896
2020-10-11,EOS-USD,Crypto,Crypto,0.005345864999775074
2020-10-12,EOS-USD,Crypto,Crypto,-0.004957622774433013
2020-10-13,EOS-USD,Crypto,Crypto,-0.002017797762054352
2020-10-14,EOS-USD,Crypto,Crypto,-0.012240903871044484
2020-10-15,EOS-USD,Crypto,Crypto,-0.006417520140997057
2020-10-16,EOS-USD,Crypto,Crypto,-0.020750440547094406
2020-10-17,EOS-USD,Crypto,Crypto,-0.003297590531646244
2020-10-18,EOS-USD,Crypto,Crypto,0.00840865898319798
2020-10-19,EOS-USD,Crypto,Crypto,0.013236968380109904
2020-10-20,EOS-USD,Crypto,Crypto,-0.01982659336241055
2020-10-21,EOS-USD,Crypto,Crypto,0.03311390124607594
2020-10-22,EOS-USD,Crypto,Crypto,0.01992352809211817
2020-10-23,EOS-USD,Crypto,Crypto,-0.012207199314530959
2020-10-24,EOS-USD,Crypto,Crypto,0.0029354771564660265
2020-10-25,EOS-USD,Crypto,Crypto,0.016650185787724814
2020-10-26,EOS-USD,Crypto,Crypto,-0.02444130135809297
2020-10-27,EOS-USD,Crypto,Crypto,0.013541491020730323
2020-10-28,EOS-USD,Crypto,Crypto,-0.003562979485997708
2020-10-29,EOS-USD,Crypto,Crypto,-0.010058322680030374
2020-10-30,EOS-USD,Crypto,Crypto,-0.046590947236821445
2020-10-31,EOS-USD,Crypto,Crypto,0.006215592899314615
2020-11-01,EOS-USD,Crypto,Crypto,-0.0036699277949319153
2020-11-02,EOS-USD,Crypto,Crypto,-0.032309076087843835
2020-11-03,EOS-USD,Crypto,Crypto,-0.02863805878648651
2020-11-04,EOS-USD,Crypto,Crypto,-0.004956326425221591
2020-11-05,EOS-USD,Crypto,Crypto,0.04041104071650614
2020-11-06,EOS-USD,Crypto,Crypto,0.03717052834465795
2020-11-07,EOS-USD,Crypto,Crypto,-0.014091948598587423
2020-11-08,EOS-USD,Crypto,Crypto,0.016085466609025545
2020-11-09,EOS-USD,Crypto,Crypto,-0.0158379553656256
2020-11-10,EOS-USD,Crypto,Crypto,8.394402612355023e-06
2020-11-11,EOS-USD,Crypto,Crypto,0.0015760358605869662
2020-11-12,EOS-USD,Crypto,Crypto,-0.016600624050813972
2020-11-13,EOS-USD,Crypto,Crypto,0.05511935858109496
2020-11-14,EOS-USD,Crypto,Crypto,-0.02227549623818814
2020-11-15,EOS-USD,Crypto,Crypto,-0.016439080452432364
2020-11-16,EOS-USD,Crypto,Crypto,0.031166595684609
2020-11-17,EOS-USD,Crypto,Crypto,0.05294985732670221
2020-11-18,EOS-USD,Crypto,Crypto,-0.02592236625929889
2020-11-19,EOS-USD,Crypto,Crypto,-0.0021140719851212575
2020-11-20,EOS-USD,Crypto,Crypto,0.05285343237328233
2020-11-21,EOS-USD,Crypto,Crypto,0.15872647595342593
2020-11-22,EOS-USD,Crypto,Crypto,-0.051181213561410366
2020-11-23,EOS-USD,Crypto,Crypto,0.1084569259278878
2020-11-24,EOS-USD,Crypto,Crypto,0.06017289305532181
2020-11-25,EOS-USD,Crypto,Crypto,-0.04087246939323541
2020-11-26,EOS-USD,Crypto,Crypto,-0.1449227642389137
2020-11-27,EOS-USD,Crypto,Crypto,-0.02366604487442958
2020-11-28,EOS-USD,Crypto,Crypto,0.0444875035932597
2020-11-29,EOS-USD,Crypto,Crypto,0.011277062812292238
2020-11-30,EOS-USD,Crypto,Crypto,0.07460055476692196
2020-12-01,EOS-USD,Crypto,Crypto,-0.08094725293970095
2020-12-02,EOS-USD,Crypto,Crypto,0.02128290583575554
2020-12-03,EOS-USD,Crypto,Crypto,0.007782648850232166
2020-12-04,EOS-USD,Crypto,Crypto,-0.07359968224477731
2020-12-05,EOS-USD,Crypto,Crypto,0.05430982121063077
2020-12-06,EOS-USD,Crypto,Crypto,-0.004971182754151204
2020-12-07,EOS-USD,Crypto,Crypto,-0.014825644638741142
2020-12-08,EOS-USD,Crypto,Crypto,-0.051954788560554355
2020-12-09,EOS-USD,Crypto,Crypto,0.004025893928136126
2020-12-10,EOS-USD,Crypto,Crypto,-0.023836435622929808
2020-12-11,EOS-USD,Crypto,Crypto,-0.017608716420681847
2020-12-12,EOS-USD,Crypto,Crypto,0.027390004315525518
2020-12-13,EOS-USD,Crypto,Crypto,0.02886295299473507
2020-12-14,EOS-USD,Crypto,Crypto,-0.0019262146767512478
2020-12-15,EOS-USD,Crypto,Crypto,0.007706728149389663
2020-12-16,EOS-USD,Crypto,Crypto,0.08148788172774024
2020-12-17,EOS-USD,Crypto,Crypto,-0.018658685523295415
2020-12-18,EOS-USD,Crypto,Crypto,0.007379315315292789
2020-12-19,EOS-USD,Crypto,Crypto,-0.0010817204578990047
2020-12-20,EOS-USD,Crypto,Crypto,0.024768569374010507
2020-12-21,EOS-USD,Crypto,Crypto,-0.06118958738015812
2020-12-22,EOS-USD,Crypto,Crypto,-0.01504284787102117
2020-12-23,EOS-USD,Crypto,Crypto,-0.20491226760039105
2020-12-24,EOS-USD,Crypto,Crypto,0.15914656240971592
2020-12-25,EOS-USD,Crypto,Crypto,-0.004152712001592063
2020-12-26,EOS-USD,Crypto,Crypto,-0.020438563201678916
2020-12-27,EOS-USD,Crypto,Crypto,0.04161951999727753
2020-12-28,EOS-USD,Crypto,Crypto,0.01818690564925185
2020-12-29,EOS-USD,Crypto,Crypto,-0.04418886689352086
2020-12-30,EOS-USD,Crypto,Crypto,-0.012114642895399874
2020-12-31,EOS-USD,Crypto,Crypto,-0.004577132516230709
2021-01-01,EOS-USD,Crypto,Crypto,0.014419680077601527
2021-01-02,EOS-USD,Crypto,Crypto,-0.003419899994861475
2021-01-03,EOS-USD,Crypto,Crypto,0.06420362546249647
2021-01-04,EOS-USD,Crypto,Crypto,0.005458532232141433
2021-01-05,EOS-USD,Crypto,Crypto,0.03113506157903978
2021-01-06,EOS-USD,Crypto,Crypto,0.16527969388252117
2021-01-07,EOS-USD,Crypto,Crypto,-0.051160600276280443
2021-01-08,EOS-USD,Crypto,Crypto,-0.025173549229641545
2021-01-09,EOS-USD,Crypto,Crypto,0.1611545089125752
2021-01-10,EOS-USD,Crypto,Crypto,-0.1487300428710826
2021-01-11,EOS-USD,Crypto,Crypto,-0.13444225603412274
2021-01-12,EOS-USD,Crypto,Crypto,-0.03051196417457047
2021-01-13,EOS-USD,Crypto,Crypto,0.0693026764043112
2021-01-14,EOS-USD,Crypto,Crypto,0.010113605937896342
2021-01-15,EOS-USD,Crypto,Crypto,-0.012143265690021665
2021-01-16,EOS-USD,Crypto,Crypto,0.007265881209975067
2021-01-17,EOS-USD,Crypto,Crypto,-0.007346021053684315
2021-01-18,EOS-USD,Crypto,Crypto,0.01750645085964453
2021-01-19,EOS-USD,Crypto,Crypto,-0.0029641593928305676
2021-01-20,EOS-USD,Crypto,Crypto,-0.009052241535163597
2021-01-21,EOS-USD,Crypto,Crypto,-0.08379349078951448
2021-01-22,EOS-USD,Crypto,Crypto,0.0329597794265013
2021-01-23,EOS-USD,Crypto,Crypto,0.029100003336490987
2021-01-24,EOS-USD,Crypto,Crypto,0.0032026749101714547
2021-01-25,EOS-USD,Crypto,Crypto,-0.02243225175957142
2021-01-26,EOS-USD,Crypto,Crypto,-0.008994890234687691
2021-01-27,EOS-USD,Crypto,Crypto,-0.045904541665741316
2021-01-28,EOS-USD,Crypto,Crypto,0.08138172667948584
2021-01-29,EOS-USD,Crypto,Crypto,0.004979065064973254
2021-01-30,EOS-USD,Crypto,Crypto,0.07151435598305778
2021-01-31,EOS-USD,Crypto,Crypto,-0.0026015589118670857
2021-02-01,EOS-USD,Crypto,Crypto,0.04981598837979795
2021-02-02,EOS-USD,Crypto,Crypto,-0.019522659603730674
2021-02-03,EOS-USD,Crypto,Crypto,0.020790768114702596
2021-02-04,EOS-USD,Crypto,Crypto,-0.01312804829863623
2021-02-05,EOS-USD,Crypto,Crypto,0.09427795925016769
2021-02-06,EOS-USD,Crypto,Crypto,-0.029813200056406752
2021-02-07,EOS-USD,Crypto,Crypto,0.07335363036675191
2021-02-08,EOS-USD,Crypto,Crypto,0.03932535457488373
2021-02-09,EOS-USD,Crypto,Crypto,0.1621891256466783
2021-02-10,EOS-USD,Crypto,Crypto,-0.00717573771175839
2021-02-11,EOS-USD,Crypto,Crypto,0.11037349764142901
2021-02-12,EOS-USD,Crypto,Crypto,0.03570275096793085
2021-02-13,EOS-USD,Crypto,Crypto,0.1565582250094777
2021-02-14,EOS-USD,Crypto,Crypto,-0.07240892404746824
2021-02-15,EOS-USD,Crypto,Crypto,-0.07791900663825246
2021-02-16,EOS-USD,Crypto,Crypto,-0.010284799688213275
2021-02-17,EOS-USD,Crypto,Crypto,0.041525684877950164
2021-02-18,EOS-USD,Crypto,Crypto,-0.0007621723832876848
2021-02-19,EOS-USD,Crypto,Crypto,0.08328638175681458
2021-02-20,EOS-USD,Crypto,Crypto,-0.07095884148518372
2021-02-21,EOS-USD,Crypto,Crypto,0.04985262708558014
2021-02-22,EOS-USD,Crypto,Crypto,-0.07946247503281245
2021-02-23,EOS-USD,Crypto,Crypto,-0.1849909816561497
2021-02-24,EOS-USD,Crypto,Crypto,0.01695666752331193
2021-02-25,EOS-USD,Crypto,Crypto,-0.06308294840358508
2021-02-26,EOS-USD,Crypto,Crypto,-0.02744291011190292
2021-02-27,EOS-USD,Crypto,Crypto,0.0335978952907694
2021-02-28,EOS-USD,Crypto,Crypto,-0.05714241774616813
2021-03-01,EOS-USD,Crypto,Crypto,0.0667485929586058
2021-03-02,EOS-USD,Crypto,Crypto,-0.007474774193548361
2021-03-03,EOS-USD,Crypto,Crypto,0.04650990913304809
2021-03-04,EOS-USD,Crypto,Crypto,-0.021166601323655665
2021-03-05,EOS-USD,Crypto,Crypto,-0.01456397824185618
2021-03-06,EOS-USD,Crypto,Crypto,0.006898026571459548
2021-03-07,EOS-USD,Crypto,Crypto,0.031182699494407107
2021-03-08,EOS-USD,Crypto,Crypto,0.013234182243835546
2021-03-09,EOS-USD,Crypto,Crypto,0.07131815040127387
2021-03-10,EOS-USD,Crypto,Crypto,-0.0428021486604353
2021-03-11,EOS-USD,Crypto,Crypto,-0.00959329275906684
2021-03-12,EOS-USD,Crypto,Crypto,-0.041690665594712906
2021-03-13,EOS-USD,Crypto,Crypto,0.1314705396996616
2021-03-14,EOS-USD,Crypto,Crypto,-0.07361796990401692
2021-03-15,EOS-USD,Crypto,Crypto,-0.038446257234202696
2021-03-16,EOS-USD,Crypto,Crypto,0.06409508117384122
2021-03-17,EOS-USD,Crypto,Crypto,0.00266703038639049
2021-03-18,EOS-USD,Crypto,Crypto,0.02243558739956808
2021-03-19,EOS-USD,Crypto,Crypto,-0.0012945494731025908
2021-03-20,EOS-USD,Crypto,Crypto,0.044548484762052976
2021-03-21,EOS-USD,Crypto,Crypto,-0.040928274437963985
2021-03-22,EOS-USD,Crypto,Crypto,-0.015260067992768023
2021-03-23,EOS-USD,Crypto,Crypto,0.00297032910494055
2021-03-24,EOS-USD,Crypto,Crypto,-0.09621750227315928
2021-03-25,EOS-USD,Crypto,Crypto,-0.0064870297513486275
2021-03-26,EOS-USD,Crypto,Crypto,0.13217262091828763
2021-03-27,EOS-USD,Crypto,Crypto,-0.020147714221778634
2021-03-28,EOS-USD,Crypto,Crypto,0.005108653016395959
2021-03-29,EOS-USD,Crypto,Crypto,0.039330467297111316
2021-03-30,EOS-USD,Crypto,Crypto,0.016923411031964042
2021-03-31,EOS-USD,Crypto,Crypto,0.10434967453941724
2021-04-01,EOS-USD,Crypto,Crypto,0.16815949940520492
2021-04-02,EOS-USD,Crypto,Crypto,0.12021296723543817
2021-04-03,EOS-USD,Crypto,Crypto,-0.1341278057654579
2021-04-04,EOS-USD,Crypto,Crypto,0.16404131824304446
2021-04-05,EOS-USD,Crypto,Crypto,0.05652049849767349
2021-04-06,EOS-USD,Crypto,Crypto,-0.006416170304671898
2021-04-07,EOS-USD,Crypto,Crypto,-0.11790988047448436
2021-04-08,EOS-USD,Crypto,Crypto,0.09543805383959225
2021-04-09,EOS-USD,Crypto,Crypto,-0.0349261965801112
2021-04-10,EOS-USD,Crypto,Crypto,0.06384229728287427
2021-04-11,EOS-USD,Crypto,Crypto,0.020075760662890296
2021-04-12,EOS-USD,Crypto,Crypto,-0.038790231069361414
2021-04-13,EOS-USD,Crypto,Crypto,0.13837246645863477
2021-04-14,EOS-USD,Crypto,Crypto,0.04099816494601671
2021-04-15,EOS-USD,Crypto,Crypto,0.027602431236623426
2021-04-16,EOS-USD,Crypto,Crypto,0.08111191033236831
2021-04-17,EOS-USD,Crypto,Crypto,-0.07647370527749431
2021-04-18,EOS-USD,Crypto,Crypto,-0.08104609446370337
2021-04-19,EOS-USD,Crypto,Crypto,-0.0851435279454249
2021-04-20,EOS-USD,Crypto,Crypto,0.008865664305948595
2021-04-21,EOS-USD,Crypto,Crypto,-0.05044269388534195
2021-04-22,EOS-USD,Crypto,Crypto,-0.07664703207234136
2021-04-23,EOS-USD,Crypto,Crypto,-0.04937025072495038
2021-04-24,EOS-USD,Crypto,Crypto,-0.08845117378031686
2021-04-25,EOS-USD,Crypto,Crypto,-0.019356109471848404
2021-04-26,EOS-USD,Crypto,Crypto,0.17574950949221368
2021-04-27,EOS-USD,Crypto,Crypto,0.03244591221567794
2021-04-28,EOS-USD,Crypto,Crypto,-0.014087673953691038
2021-04-29,EOS-USD,Crypto,Crypto,-0.012272877334662091
2021-04-30,EOS-USD,Crypto,Crypto,0.09434712856723682
2021-05-01,EOS-USD,Crypto,Crypto,0.02652025624414156
2021-05-02,EOS-USD,Crypto,Crypto,-0.012987662769336938
2021-05-03,EOS-USD,Crypto,Crypto,0.04400842035757302
2021-05-04,EOS-USD,Crypto,Crypto,-0.06579956962549782
2021-05-05,EOS-USD,Crypto,Crypto,0.37969096923150314
2021-05-06,EOS-USD,Crypto,Crypto,0.30140536599420753
2021-05-07,EOS-USD,Crypto,Crypto,-0.08800366979487373
2021-05-08,EOS-USD,Crypto,Crypto,-0.006431109634188026
2021-05-09,EOS-USD,Crypto,Crypto,0.01660638187202923
2021-05-10,EOS-USD,Crypto,Crypto,-0.1211164211986292
2021-05-11,EOS-USD,Crypto,Crypto,0.5520823759487123
2021-05-12,EOS-USD,Crypto,Crypto,-0.2840783960394502
2021-05-13,EOS-USD,Crypto,Crypto,0.035516910083254416
2021-05-14,EOS-USD,Crypto,Crypto,0.04963989208403752
2021-05-15,EOS-USD,Crypto,Crypto,-0.08481687613418265
2021-05-16,EOS-USD,Crypto,Crypto,-0.01069163136286444
2021-05-17,EOS-USD,Crypto,Crypto,-0.0958666476830663
2021-05-18,EOS-USD,Crypto,Crypto,0.019912106675915586
2021-05-19,EOS-USD,Crypto,Crypto,-0.3832731473391966
2021-05-20,EOS-USD,Crypto,Crypto,0.1591146041520224
2021-05-21,EOS-USD,Crypto,Crypto,-0.16657043073174693
2021-05-22,EOS-USD,Crypto,Crypto,-0.0801801963269374
2021-05-23,EOS-USD,Crypto,Crypto,-0.15513403647355373
2021-05-24,EOS-USD,Crypto,Crypto,0.29771353066962236
2021-05-25,EOS-USD,Crypto,Crypto,0.01781292214065955
2021-05-26,EOS-USD,Crypto,Crypto,0.12708118864291706
2021-05-27,EOS-USD,Crypto,Crypto,0.08410321633365148
2021-05-28,EOS-USD,Crypto,Crypto,-0.12230120397158895
2021-05-29,EOS-USD,Crypto,Crypto,-0.016758303780889827
2021-05-30,EOS-USD,Crypto,Crypto,0.003980546032035681
2021-05-31,EOS-USD,Crypto,Crypto,0.10005702505061698
2021-06-01,EOS-USD,Crypto,Crypto,-0.051981386144949626
2021-06-02,EOS-USD,Crypto,Crypto,0.011478773149791177
2021-06-03,EOS-USD,Crypto,Crypto,0.024330336686091858
2021-06-04,EOS-USD,Crypto,Crypto,-0.0776137195503388
2021-06-05,EOS-USD,Crypto,Crypto,-0.0403099306952347
2021-06-06,EOS-USD,Crypto,Crypto,0.01294852684795611
2021-06-07,EOS-USD,Crypto,Crypto,-0.11595916364930436
2021-06-08,EOS-USD,Crypto,Crypto,-0.020856006778354197
2021-06-09,EOS-USD,Crypto,Crypto,0.049210060323624294
2021-06-10,EOS-USD,Crypto,Crypto,-0.04435724939170238
2021-06-11,EOS-USD,Crypto,Crypto,-0.03175961307087083
2021-06-12,EOS-USD,Crypto,Crypto,-0.01759294413470147
2021-06-13,EOS-USD,Crypto,Crypto,0.05325564051241427
2021-06-14,EOS-USD,Crypto,Crypto,0.00732938887942769
2021-06-15,EOS-USD,Crypto,Crypto,0.03055074703689087
2021-06-16,EOS-USD,Crypto,Crypto,-0.07960278332129578
2021-06-17,EOS-USD,Crypto,Crypto,0.0010792312399012793
2021-06-18,EOS-USD,Crypto,Crypto,-0.06324873093463912
2021-06-19,EOS-USD,Crypto,Crypto,-0.01722272480493281
2021-06-20,EOS-USD,Crypto,Crypto,0.007701029998933073
2021-06-21,EOS-USD,Crypto,Crypto,-0.21956316962874234
2021-06-22,EOS-USD,Crypto,Crypto,-0.039305538731841616
2021-06-23,EOS-USD,Crypto,Crypto,0.08735903604754491
2021-06-24,EOS-USD,Crypto,Crypto,0.062033571006948174
2021-06-25,EOS-USD,Crypto,Crypto,-0.09217263707326684
2021-06-26,EOS-USD,Crypto,Crypto,0.003746007729062084
2021-06-27,EOS-USD,Crypto,Crypto,0.0568763563840089
2021-06-28,EOS-USD,Crypto,Crypto,0.01978056939686046
2021-06-29,EOS-USD,Crypto,Crypto,0.06993336501964276
2021-06-30,EOS-USD,Crypto,Crypto,0.006401713930921815
2021-07-01,EOS-USD,Crypto,Crypto,-0.04778175195702672
2021-07-02,EOS-USD,Crypto,Crypto,-0.0009900649039185083
2021-07-03,EOS-USD,Crypto,Crypto,0.028491817991480373
2021-07-04,EOS-USD,Crypto,Crypto,0.003338455519469763
2021-07-05,EOS-USD,Crypto,Crypto,-0.05927781412190569
2021-07-06,EOS-USD,Crypto,Crypto,0.01651072531067954
2021-07-07,EOS-USD,Crypto,Crypto,-0.014935102699019986
2021-07-08,EOS-USD,Crypto,Crypto,-0.05670806179850407
2021-07-09,EOS-USD,Crypto,Crypto,0.16776383053672528
2021-07-10,EOS-USD,Crypto,Crypto,-0.057116504641174126
2021-07-11,EOS-USD,Crypto,Crypto,0.025281885729984577
2021-07-12,EOS-USD,Crypto,Crypto,0.03054885749432068
2021-07-13,EOS-USD,Crypto,Crypto,-0.07360677473890875
2021-07-14,EOS-USD,Crypto,Crypto,-0.02294359894567699
2021-07-15,EOS-USD,Crypto,Crypto,-0.036959332934501266
2021-07-16,EOS-USD,Crypto,Crypto,-0.0006035462791805779
2021-07-17,EOS-USD,Crypto,Crypto,-7.988237662392983e-05
2021-07-18,EOS-USD,Crypto,Crypto,-0.002226581213737866
2021-07-19,EOS-USD,Crypto,Crypto,-0.05894548121267895
2021-07-20,EOS-USD,Crypto,Crypto,-0.0485228575716915
2021-07-21,EOS-USD,Crypto,Crypto,0.07055443858108879
2021-07-22,EOS-USD,Crypto,Crypto,0.01961543184736092
2021-07-23,EOS-USD,Crypto,Crypto,0.019225697071118875
2021-07-24,EOS-USD,Crypto,Crypto,0.010883861689659824
2021-07-25,EOS-USD,Crypto,Crypto,-0.003955592578183342
2021-07-26,EOS-USD,Crypto,Crypto,0.008519305967456647
2021-07-27,EOS-USD,Crypto,Crypto,0.017571509790886175
2021-07-28,EOS-USD,Crypto,Crypto,0.03881351749947015
2021-07-29,EOS-USD,Crypto,Crypto,0.0151207319898361
2021-07-30,EOS-USD,Crypto,Crypto,0.027994548376176542
2021-07-31,EOS-USD,Crypto,Crypto,0.004531845929422129
2021-08-01,EOS-USD,Crypto,Crypto,-0.03502814086057615
2021-08-02,EOS-USD,Crypto,Crypto,0.021789047580517806
2021-08-03,EOS-USD,Crypto,Crypto,-0.003877745913670738
2021-08-04,EOS-USD,Crypto,Crypto,0.024276677777818723
2021-08-05,EOS-USD,Crypto,Crypto,0.018494204483856524
2021-08-06,EOS-USD,Crypto,Crypto,0.0292587146552854
2021-08-07,EOS-USD,Crypto,Crypto,0.06441434208669672
2021-08-08,EOS-USD,Crypto,Crypto,-0.06476612236476376
2021-08-09,EOS-USD,Crypto,Crypto,0.05751710977662006
2021-08-10,EOS-USD,Crypto,Crypto,0.012186407111839825
2021-08-11,EOS-USD,Crypto,Crypto,0.03607671766503229
2021-08-12,EOS-USD,Crypto,Crypto,-0.024290456573679564
2021-08-13,EOS-USD,Crypto,Crypto,0.11032966581715797
2021-08-14,EOS-USD,Crypto,Crypto,0.06417947790042522
2021-08-15,EOS-USD,Crypto,Crypto,0.03652102820384062
2021-08-16,EOS-USD,Crypto,Crypto,-0.026152357614909305
2021-08-17,EOS-USD,Crypto,Crypto,-0.08675924382998712
2021-08-18,EOS-USD,Crypto,Crypto,-0.012668909048205501
2021-08-19,EOS-USD,Crypto,Crypto,0.05117581793114345
2021-08-20,EOS-USD,Crypto,Crypto,0.040352682428075326
2021-08-21,EOS-USD,Crypto,Crypto,-0.020331541289032362
2021-08-22,EOS-USD,Crypto,Crypto,0.013724433917108536
2021-08-23,EOS-USD,Crypto,Crypto,0.031159674864891018
2021-08-24,EOS-USD,Crypto,Crypto,-0.09537629901053668
2021-08-25,EOS-USD,Crypto,Crypto,0.028499906293081523
2021-08-26,EOS-USD,Crypto,Crypto,-0.08841233848537788
2021-08-27,EOS-USD,Crypto,Crypto,0.07165940456822772
2021-08-28,EOS-USD,Crypto,Crypto,-0.016875413332653078
2021-08-29,EOS-USD,Crypto,Crypto,0.012805703048331063
2021-08-30,EOS-USD,Crypto,Crypto,-0.047804108320666505
2021-08-31,EOS-USD,Crypto,Crypto,0.04588490450647309
2021-09-01,EOS-USD,Crypto,Crypto,0.052932601573148164
2021-09-02,EOS-USD,Crypto,Crypto,-0.008894467166825515
2021-09-03,EOS-USD,Crypto,Crypto,0.07881157827150598
2021-09-04,EOS-USD,Crypto,Crypto,0.003961008348921657
2021-09-05,EOS-USD,Crypto,Crypto,0.10391438022766275
2021-09-06,EOS-USD,Crypto,Crypto,-0.011611209022227231
2021-09-07,EOS-USD,Crypto,Crypto,-0.21595152705319043
2021-09-08,EOS-USD,Crypto,Crypto,-0.026826330719061375
2021-09-09,EOS-USD,Crypto,Crypto,0.014956193344668911
2021-09-10,EOS-USD,Crypto,Crypto,-0.050775003044955414
2021-09-11,EOS-USD,Crypto,Crypto,0.023699575731464195
2021-09-12,EOS-USD,Crypto,Crypto,0.0443650176723096
2021-09-13,EOS-USD,Crypto,Crypto,-0.029321507154740467
2021-09-14,EOS-USD,Crypto,Crypto,0.02471775591956127
2021-09-15,EOS-USD,Crypto,Crypto,0.050515894842778186
2021-09-16,EOS-USD,Crypto,Crypto,-0.016612237869593538
2021-09-17,EOS-USD,Crypto,Crypto,0.04442955703195217
2021-09-18,EOS-USD,Crypto,Crypto,0.04354647398101852
2021-09-19,EOS-USD,Crypto,Crypto,-0.1014109402760266
2021-09-20,EOS-USD,Crypto,Crypto,-0.1496458908131344
2021-09-21,EOS-USD,Crypto,Crypto,-0.07066521252560476
2021-09-22,EOS-USD,Crypto,Crypto,0.10697598065221237
2021-09-23,EOS-USD,Crypto,Crypto,0.01769994482690751
2021-09-24,EOS-USD,Crypto,Crypto,-0.078359549964649
2021-09-25,EOS-USD,Crypto,Crypto,-0.004725679682767825
2021-09-26,EOS-USD,Crypto,Crypto,-0.011150988767742787
2021-09-27,EOS-USD,Crypto,Crypto,-0.03436810017115943
2021-09-28,EOS-USD,Crypto,Crypto,-0.040282858400455535
2021-09-29,EOS-USD,Crypto,Crypto,0.018503766925024312
2021-09-30,EOS-USD,Crypto,Crypto,0.04873898826491918
2021-10-01,EOS-USD,Crypto,Crypto,0.08726063861400668
2021-10-02,EOS-USD,Crypto,Crypto,0.01341113966741947
2021-10-03,EOS-USD,Crypto,Crypto,0.0709968084086372
2021-10-04,EOS-USD,Crypto,Crypto,-0.01007140308831278
2021-10-05,EOS-USD,Crypto,Crypto,0.03047259697574889
2021-10-06,EOS-USD,Crypto,Crypto,0.005223569521123794
2021-10-07,EOS-USD,Crypto,Crypto,-0.008006637215376644
2021-10-08,EOS-USD,Crypto,Crypto,-0.015027794913300974
2021-10-09,EOS-USD,Crypto,Crypto,0.07153387647415532
2021-10-10,EOS-USD,Crypto,Crypto,-0.07629772371432009
2021-10-11,EOS-USD,Crypto,Crypto,-0.009362441674541144
2021-10-12,EOS-USD,Crypto,Crypto,-0.01457945783069503
2021-10-13,EOS-USD,Crypto,Crypto,0.02401653927445957
2021-10-14,EOS-USD,Crypto,Crypto,0.0033198365287152587
2021-10-15,EOS-USD,Crypto,Crypto,0.004926746742276
2021-10-16,EOS-USD,Crypto,Crypto,-0.014108567212980594
2021-10-17,EOS-USD,Crypto,Crypto,-0.034576658494700485
2021-10-18,EOS-USD,Crypto,Crypto,0.0017398908549093317
2021-10-19,EOS-USD,Crypto,Crypto,0.00977075034699082
2021-10-20,EOS-USD,Crypto,Crypto,0.07826487724901066
2021-10-21,EOS-USD,Crypto,Crypto,-0.030177408057551314
2021-10-22,EOS-USD,Crypto,Crypto,-0.011863986450613484
2021-10-23,EOS-USD,Crypto,Crypto,0.02951997328206124
2021-10-24,EOS-USD,Crypto,Crypto,0.0020245006343884153
2021-10-25,EOS-USD,Crypto,Crypto,0.010658756565907757
2021-10-26,EOS-USD,Crypto,Crypto,-0.019126206671533197
2021-10-27,EOS-USD,Crypto,Crypto,-0.11974668498151841
2021-10-28,EOS-USD,Crypto,Crypto,0.06212415530212079
2021-10-29,EOS-USD,Crypto,Crypto,0.019080823985950124
2021-10-30,EOS-USD,Crypto,Crypto,-0.004413662845806354
2021-10-31,EOS-USD,Crypto,Crypto,0.03522747300263851
2021-11-01,EOS-USD,Crypto,Crypto,1.2557371491084268e-05
2021-11-02,EOS-USD,Crypto,Crypto,0.014569147069779298
2021-11-03,EOS-USD,Crypto,Crypto,0.0016803154038143031
2021-11-04,EOS-USD,Crypto,Crypto,-0.03413229223140679
2021-11-05,EOS-USD,Crypto,Crypto,-0.006583247270445902
2021-11-06,EOS-USD,Crypto,Crypto,-0.014381483175423204
2021-11-07,EOS-USD,Crypto,Crypto,0.031854327465909105
2021-11-08,EOS-USD,Crypto,Crypto,0.05737939546513737
2021-11-09,EOS-USD,Crypto,Crypto,0.07252065858145218
2021-11-10,EOS-USD,Crypto,Crypto,-0.06883175478848658
2021-11-11,EOS-USD,Crypto,Crypto,0.01776389967825831
2021-11-12,EOS-USD,Crypto,Crypto,-0.01714917822790407
2021-11-13,EOS-USD,Crypto,Crypto,0.033006218743794724
2021-11-14,EOS-USD,Crypto,Crypto,-0.01020686419987471
2021-11-15,EOS-USD,Crypto,Crypto,-0.0326176293293442
2021-11-16,EOS-USD,Crypto,Crypto,-0.0970390778154091
2021-11-17,EOS-USD,Crypto,Crypto,0.008206312026434182
2021-11-18,EOS-USD,Crypto,Crypto,-0.06414086614338188
2021-11-19,EOS-USD,Crypto,Crypto,0.04994017611610424
2021-11-20,EOS-USD,Crypto,Crypto,0.010733055485564913
2021-11-21,EOS-USD,Crypto,Crypto,-0.019335574935309685
2021-11-22,EOS-USD,Crypto,Crypto,-0.028308948126421818
2021-11-23,EOS-USD,Crypto,Crypto,0.023668091215721443
2021-11-24,EOS-USD,Crypto,Crypto,-0.02576220956157682
2021-11-25,EOS-USD,Crypto,Crypto,0.005085492530783942
2021-11-26,EOS-USD,Crypto,Crypto,-0.07354885284052537
2021-11-27,EOS-USD,Crypto,Crypto,0.015820284370545945
2021-11-28,EOS-USD,Crypto,Crypto,0.016326678278759
2021-11-29,EOS-USD,Crypto,Crypto,0.01128969664404611
2021-11-30,EOS-USD,Crypto,Crypto,-0.000694243109714443
2021-12-01,EOS-USD,Crypto,Crypto,-0.003909228733405379
2021-12-02,EOS-USD,Crypto,Crypto,-0.00691615924291944
2021-12-03,EOS-USD,Crypto,Crypto,-0.04274925299949062
2021-12-04,EOS-USD,Crypto,Crypto,-0.16892127484449193
2021-12-05,EOS-USD,Crypto,Crypto,-0.03748799254205015
2021-12-06,EOS-USD,Crypto,Crypto,0.08346254571659673
2021-12-07,EOS-USD,Crypto,Crypto,-0.016861648279951624
2021-12-08,EOS-USD,Crypto,Crypto,0.13058782240971767
2021-12-09,EOS-USD,Crypto,Crypto,-0.11784079068167108
2021-12-10,EOS-USD,Crypto,Crypto,-0.055530173539787064
2021-12-11,EOS-USD,Crypto,Crypto,0.12153348895841165
2021-12-12,EOS-USD,Crypto,Crypto,-0.02297234492595679
2021-12-13,EOS-USD,Crypto,Crypto,-0.07299487537665927
2021-12-14,EOS-USD,Crypto,Crypto,0.0565678148655504
2021-12-15,EOS-USD,Crypto,Crypto,0.030187359909711997
2021-12-16,EOS-USD,Crypto,Crypto,-0.046338576725456715
2021-12-17,EOS-USD,Crypto,Crypto,-0.017011792472793053
2021-12-18,EOS-USD,Crypto,Crypto,0.028671984168347375
2021-12-19,EOS-USD,Crypto,Crypto,-0.017850637977510186
2021-12-20,EOS-USD,Crypto,Crypto,-0.0012035176087903388
2021-12-21,EOS-USD,Crypto,Crypto,0.04037772424860364
2021-12-22,EOS-USD,Crypto,Crypto,0.012255661812428986
2021-12-23,EOS-USD,Crypto,Crypto,0.0421637062376905
2021-12-24,EOS-USD,Crypto,Crypto,-0.0335877636649371
2021-12-25,EOS-USD,Crypto,Crypto,0.008677433295949832
2021-12-26,EOS-USD,Crypto,Crypto,-0.00281652104344976
2021-12-27,EOS-USD,Crypto,Crypto,-0.00218411569063659
2021-12-28,EOS-USD,Crypto,Crypto,-0.0747952893091145
2021-12-29,EOS-USD,Crypto,Crypto,-0.034378634655453655
2021-12-30,EOS-USD,Crypto,Crypto,0.017024248959128574
2021-12-31,EOS-USD,Crypto,Crypto,-0.01458109635462923
2022-01-01,EOS-USD,Crypto,Crypto,0.03281510286024636
2022-01-02,EOS-USD,Crypto,Crypto,0.03755033098271654
2022-01-03,EOS-USD,Crypto,Crypto,-0.01866139383111365
2022-01-04,EOS-USD,Crypto,Crypto,-0.005568216552409022
2022-01-05,EOS-USD,Crypto,Crypto,-0.08448724515869199
2022-01-06,EOS-USD,Crypto,Crypto,0.0063838677612626515
2022-01-07,EOS-USD,Crypto,Crypto,-0.029128685710857805
2022-01-08,EOS-USD,Crypto,Crypto,-0.028378224994820123
2022-01-09,EOS-USD,Crypto,Crypto,0.013356846890710816
2022-01-10,EOS-USD,Crypto,Crypto,-0.033044282723897034
2022-01-11,EOS-USD,Crypto,Crypto,0.02401550900951932
2022-01-12,EOS-USD,Crypto,Crypto,0.04142642639151628
2022-01-13,EOS-USD,Crypto,Crypto,-0.031145701827991146
2022-01-14,EOS-USD,Crypto,Crypto,0.026969022957418876
2022-01-15,EOS-USD,Crypto,Crypto,0.016277050751246858
2022-01-16,EOS-USD,Crypto,Crypto,-0.002155673090973753
2022-01-17,EOS-USD,Crypto,Crypto,-0.026346242019739008
2022-01-18,EOS-USD,Crypto,Crypto,-0.0006086050748118632
2022-01-19,EOS-USD,Crypto,Crypto,-0.028540503958342067
2022-01-20,EOS-USD,Crypto,Crypto,-0.04333079095834591
2022-01-21,EOS-USD,Crypto,Crypto,-0.10232436416201474
2022-01-22,EOS-USD,Crypto,Crypto,-0.05988600803723998
2022-01-23,EOS-USD,Crypto,Crypto,0.02332947273770203
2022-01-24,EOS-USD,Crypto,Crypto,-0.0317704954259439
2022-01-25,EOS-USD,Crypto,Crypto,0.010300968259154608
2022-01-26,EOS-USD,Crypto,Crypto,-0.0022464085567334147
2022-01-27,EOS-USD,Crypto,Crypto,0.0008369623202466592
2022-01-28,EOS-USD,Crypto,Crypto,0.04076309239415865
2022-01-29,EOS-USD,Crypto,Crypto,0.011262438905972783
2022-01-30,EOS-USD,Crypto,Crypto,-0.007241469653668675
2022-01-31,EOS-USD,Crypto,Crypto,0.00989100149050226
2022-02-01,EOS-USD,Crypto,Crypto,0.006375767563315593
2022-02-02,EOS-USD,Crypto,Crypto,-0.03250523657207571
2022-02-03,EOS-USD,Crypto,Crypto,0.007780083312927788
2022-02-04,EOS-USD,Crypto,Crypto,0.07925574815377057
2022-02-05,EOS-USD,Crypto,Crypto,2.9895892121878376e-05
2022-02-06,EOS-USD,Crypto,Crypto,0.024076239743660466
2022-02-07,EOS-USD,Crypto,Crypto,0.0587144466935654
2022-02-08,EOS-USD,Crypto,Crypto,-0.020629641010928013
2022-02-09,EOS-USD,Crypto,Crypto,0.01354688264815107
2022-02-10,EOS-USD,Crypto,Crypto,-0.04054216394517951
2022-02-11,EOS-USD,Crypto,Crypto,-0.056819366619897504
2022-02-12,EOS-USD,Crypto,Crypto,-0.008554788944695857
2022-02-13,EOS-USD,Crypto,Crypto,-0.0021453294982208826
2022-02-14,EOS-USD,Crypto,Crypto,-0.007066774000808351
2022-02-15,EOS-USD,Crypto,Crypto,0.06488716169583442
2022-02-16,EOS-USD,Crypto,Crypto,0.01062528217449743
2022-02-17,EOS-USD,Crypto,Crypto,-0.0894641422217144
2022-02-18,EOS-USD,Crypto,Crypto,-0.01120001164788087
2022-02-19,EOS-USD,Crypto,Crypto,-0.004355420659161502
2022-02-20,EOS-USD,Crypto,Crypto,-0.036297755387558306
2022-02-21,EOS-USD,Crypto,Crypto,-0.05674511536463034
2022-02-22,EOS-USD,Crypto,Crypto,0.04229661041417376
2022-02-23,EOS-USD,Crypto,Crypto,-0.02682189694976278
2022-02-24,EOS-USD,Crypto,Crypto,-0.020038652734212237
2022-02-25,EOS-USD,Crypto,Crypto,0.036585512041332535
2022-02-26,EOS-USD,Crypto,Crypto,0.008037190799440319
2022-02-27,EOS-USD,Crypto,Crypto,-0.031692227387608685
2022-02-28,EOS-USD,Crypto,Crypto,0.08911985839412706
2022-03-01,EOS-USD,Crypto,Crypto,-0.006564108314272232
2022-03-02,EOS-USD,Crypto,Crypto,-0.022891809823831433
2022-03-03,EOS-USD,Crypto,Crypto,-0.023853000441796057
2022-03-04,EOS-USD,Crypto,Crypto,-0.07283382145167805
2022-03-05,EOS-USD,Crypto,Crypto,0.020477334584255047
2022-03-06,EOS-USD,Crypto,Crypto,-0.03996595782214063
2022-03-07,EOS-USD,Crypto,Crypto,-0.017804654838013634
2022-03-08,EOS-USD,Crypto,Crypto,0.022117225763221615
2022-03-09,EOS-USD,Crypto,Crypto,0.049536520234753745
2022-03-10,EOS-USD,Crypto,Crypto,-0.039212404745216145
2022-03-11,EOS-USD,Crypto,Crypto,-0.004147987338392611
2022-03-12,EOS-USD,Crypto,Crypto,-0.002032002609604122
2022-03-13,EOS-USD,Crypto,Crypto,-0.032674270921681736
2022-03-14,EOS-USD,Crypto,Crypto,0.03073279483646396
2022-03-15,EOS-USD,Crypto,Crypto,0.01057586144671685
2022-03-16,EOS-USD,Crypto,Crypto,0.04951870839097383
2022-03-17,EOS-USD,Crypto,Crypto,-0.0003104643623921266
2022-03-18,EOS-USD,Crypto,Crypto,0.02113378679625355
2022-03-19,EOS-USD,Crypto,Crypto,0.040614438767215155
2022-03-20,EOS-USD,Crypto,Crypto,-0.0024142358624135163
2022-03-21,EOS-USD,Crypto,Crypto,0.06201230195793328
2022-03-22,EOS-USD,Crypto,Crypto,0.08744499095019354
2022-03-23,EOS-USD,Crypto,Crypto,-0.020756531525351285
2022-03-24,EOS-USD,Crypto,Crypto,0.014676690296062445
2022-03-25,EOS-USD,Crypto,Crypto,-0.011129677533832205
2022-03-26,EOS-USD,Crypto,Crypto,-0.0001721226638052853
2022-03-27,EOS-USD,Crypto,Crypto,0.06192257251012867
2022-03-28,EOS-USD,Crypto,Crypto,0.07538264491335767
2022-03-29,EOS-USD,Crypto,Crypto,0.011140099123862157
2022-03-30,EOS-USD,Crypto,Crypto,0.013638763930400755
2022-03-31,EOS-USD,Crypto,Crypto,-0.03948163155277162
2022-04-01,EOS-USD,Crypto,Crypto,0.0065325635205413235
2022-04-02,EOS-USD,Crypto,Crypto,-0.018338302206266865
2022-04-03,EOS-USD,Crypto,Crypto,0.019818059481889527
2022-04-04,EOS-USD,Crypto,Crypto,0.01622313131149644
2022-04-05,EOS-USD,Crypto,Crypto,-0.045429652251861796
2022-04-06,EOS-USD,Crypto,Crypto,-0.1192696782160777
2022-04-07,EOS-USD,Crypto,Crypto,0.033401504008569116
2022-04-08,EOS-USD,Crypto,Crypto,-0.05374638456840852
2022-04-09,EOS-USD,Crypto,Crypto,0.017890744999488506
2022-04-10,EOS-USD,Crypto,Crypto,-0.01593327003194922
2022-04-11,EOS-USD,Crypto,Crypto,-0.09216187421272837
2022-04-12,EOS-USD,Crypto,Crypto,0.03734962063428049
2022-04-13,EOS-USD,Crypto,Crypto,0.05156746118526412
2022-04-14,EOS-USD,Crypto,Crypto,-0.021024144796116362
2022-04-15,EOS-USD,Crypto,Crypto,0.049731962667561413
2022-04-16,EOS-USD,Crypto,Crypto,0.07855567409668085
2022-04-17,EOS-USD,Crypto,Crypto,-0.07370150792510244
2022-04-18,EOS-USD,Crypto,Crypto,0.010595106884493388
2022-04-19,EOS-USD,Crypto,Crypto,0.08286840932299344
2022-04-20,EOS-USD,Crypto,Crypto,0.044492385279305546
2022-04-21,EOS-USD,Crypto,Crypto,-0.0923783910289212
2022-04-22,EOS-USD,Crypto,Crypto,-0.019526410833798913
2022-04-23,EOS-USD,Crypto,Crypto,-0.019460041811041773
2022-04-24,EOS-USD,Crypto,Crypto,-0.024468770885959445
2022-04-25,EOS-USD,Crypto,Crypto,0.01001008880151133
2022-04-26,EOS-USD,Crypto,Crypto,-0.07997449186843053
2022-04-27,EOS-USD,Crypto,Crypto,0.029783721342979907
2022-04-28,EOS-USD,Crypto,Crypto,0.029612864540700556
2022-04-29,EOS-USD,Crypto,Crypto,-0.020434376111421737
2022-04-30,EOS-USD,Crypto,Crypto,-0.11263936735460767
2022-05-01,EOS-USD,Crypto,Crypto,0.046160887082798974
2022-05-02,EOS-USD,Crypto,Crypto,-0.006884133555628336
2022-05-03,EOS-USD,Crypto,Crypto,-0.019111553722717445
2022-05-04,EOS-USD,Crypto,Crypto,0.08618629981799941
2022-05-05,EOS-USD,Crypto,Crypto,-0.09539398107649522
2022-05-06,EOS-USD,Crypto,Crypto,0.003813731512545493
2022-05-07,EOS-USD,Crypto,Crypto,-0.022408691796301117
2022-05-08,EOS-USD,Crypto,Crypto,-0.016599361519496703
2022-05-09,EOS-USD,Crypto,Crypto,-0.12963145786639763
2022-05-10,EOS-USD,Crypto,Crypto,0.013281004698536547
2022-05-11,EOS-USD,Crypto,Crypto,-0.18566162309950152
2022-05-12,EOS-USD,Crypto,Crypto,-0.08903552257788949
2022-05-13,EOS-USD,Crypto,Crypto,0.04698108634097098
2022-05-14,EOS-USD,Crypto,Crypto,0.016101127896541056
2022-05-15,EOS-USD,Crypto,Crypto,0.03582603293964359
2022-05-16,EOS-USD,Crypto,Crypto,-0.06193896145087452
2022-05-17,EOS-USD,Crypto,Crypto,0.04438893246062747
2022-05-18,EOS-USD,Crypto,Crypto,-0.07780300417506503
2022-05-19,EOS-USD,Crypto,Crypto,0.04142087396676852
2022-05-20,EOS-USD,Crypto,Crypto,-0.03437519934984545
2022-05-21,EOS-USD,Crypto,Crypto,0.024528762392862724
2022-05-22,EOS-USD,Crypto,Crypto,0.03927809842571861
2022-05-23,EOS-USD,Crypto,Crypto,-0.03902083115951749
2022-05-24,EOS-USD,Crypto,Crypto,0.030885679826585966
2022-05-25,EOS-USD,Crypto,Crypto,-0.018241670689140288
2022-05-26,EOS-USD,Crypto,Crypto,-0.06082280231368886
2022-05-27,EOS-USD,Crypto,Crypto,-0.02493214299027391
2022-05-28,EOS-USD,Crypto,Crypto,0.038862004295535435
2022-05-29,EOS-USD,Crypto,Crypto,0.029001689941858366
2022-05-30,EOS-USD,Crypto,Crypto,0.07181939839837237
2022-05-31,EOS-USD,Crypto,Crypto,-0.004354977911227298
2022-06-01,EOS-USD,Crypto,Crypto,-0.08184876518951212
2022-06-02,EOS-USD,Crypto,Crypto,0.02189110438941544
2022-06-03,EOS-USD,Crypto,Crypto,-0.023542658070607292
2022-06-04,EOS-USD,Crypto,Crypto,0.017267202647555324
2022-06-05,EOS-USD,Crypto,Crypto,-0.010876080685232825
2022-06-06,EOS-USD,Crypto,Crypto,0.024655722996464347
2022-06-07,EOS-USD,Crypto,Crypto,-0.016331311601776477
2022-06-08,EOS-USD,Crypto,Crypto,-0.021470652102780097
2022-06-09,EOS-USD,Crypto,Crypto,-0.008936412112709569
2022-06-10,EOS-USD,Crypto,Crypto,-0.04872980906062441
2022-06-11,EOS-USD,Crypto,Crypto,-0.05584800150662761
2022-06-12,EOS-USD,Crypto,Crypto,-0.06804688669802161
2022-06-13,EOS-USD,Crypto,Crypto,-0.12075046774543385
2022-06-14,EOS-USD,Crypto,Crypto,0.028547712956813687
2022-06-15,EOS-USD,Crypto,Crypto,0.06957910586826577
2022-06-16,EOS-USD,Crypto,Crypto,-0.09574085957090117
2022-06-17,EOS-USD,Crypto,Crypto,0.03043260410211701
2022-06-18,EOS-USD,Crypto,Crypto,-0.05148297377698774
2022-06-19,EOS-USD,Crypto,Crypto,0.08437137836264941
2022-06-20,EOS-USD,Crypto,Crypto,-0.002215577069500041
2022-06-21,EOS-USD,Crypto,Crypto,0.0003469100583675111
2022-06-22,EOS-USD,Crypto,Crypto,-0.037201431442159594
2022-06-23,EOS-USD,Crypto,Crypto,0.049202155608338405
2022-06-24,EOS-USD,Crypto,Crypto,0.03177126483000858
2022-06-25,EOS-USD,Crypto,Crypto,0.004190675684260681
2022-06-26,EOS-USD,Crypto,Crypto,-0.016330605919206875
2022-06-27,EOS-USD,Crypto,Crypto,-0.006497321724115213
2022-06-28,EOS-USD,Crypto,Crypto,-0.04021922070737505
2022-06-29,EOS-USD,Crypto,Crypto,-0.012323711607813648
2022-06-30,EOS-USD,Crypto,Crypto,-0.012109164886676793
2022-07-01,EOS-USD,Crypto,Crypto,-0.013066114413600838
2022-07-02,EOS-USD,Crypto,Crypto,0.029708093629196686
2022-07-03,EOS-USD,Crypto,Crypto,0.005623920686488759
2022-07-04,EOS-USD,Crypto,Crypto,0.045472228501610035
2022-07-05,EOS-USD,Crypto,Crypto,-0.013548994680521398
2022-07-06,EOS-USD,Crypto,Crypto,0.028257901491694604
2022-07-07,EOS-USD,Crypto,Crypto,0.03106066734334001
2022-07-08,EOS-USD,Crypto,Crypto,-0.013753499891190346
2022-07-09,EOS-USD,Crypto,Crypto,0.02176034659353121
2022-07-10,EOS-USD,Crypto,Crypto,-0.03405581459180507
2022-07-11,EOS-USD,Crypto,Crypto,-0.06263654531430474
2022-07-12,EOS-USD,Crypto,Crypto,-0.0239569423268019
2022-07-13,EOS-USD,Crypto,Crypto,0.03416903178870734
2022-07-14,EOS-USD,Crypto,Crypto,0.02248908813679318
2022-07-15,EOS-USD,Crypto,Crypto,0.004210849448287535
2022-07-16,EOS-USD,Crypto,Crypto,0.032742007143210516
2022-07-17,EOS-USD,Crypto,Crypto,-0.022211979406177695
2022-07-18,EOS-USD,Crypto,Crypto,0.0747470613343344
2022-07-19,EOS-USD,Crypto,Crypto,0.018107492824805727
2022-07-20,EOS-USD,Crypto,Crypto,-0.03312489936573437
2022-07-21,EOS-USD,Crypto,Crypto,0.011012573502615863
2022-07-22,EOS-USD,Crypto,Crypto,0.12051977727065766
2022-07-23,EOS-USD,Crypto,Crypto,-0.011766117944875698
2022-07-24,EOS-USD,Crypto,Crypto,0.03381277135541838
2022-07-25,EOS-USD,Crypto,Crypto,-0.07655700693914969
2022-07-26,EOS-USD,Crypto,Crypto,-0.0025818076637355025
2022-07-27,EOS-USD,Crypto,Crypto,0.13025146656800435
2022-07-28,EOS-USD,Crypto,Crypto,0.04862842229474218
2022-07-29,EOS-USD,Crypto,Crypto,-0.009652333198266638
2022-07-30,EOS-USD,Crypto,Crypto,0.002730864124805832
2022-07-31,EOS-USD,Crypto,Crypto,0.020243941686647338
2022-08-01,EOS-USD,Crypto,Crypto,-0.056132251427279845
2022-08-02,EOS-USD,Crypto,Crypto,-0.0563570006755133
2022-08-03,EOS-USD,Crypto,Crypto,-0.011210974584221267
2022-08-04,EOS-USD,Crypto,Crypto,0.011963985907953001
2022-08-05,EOS-USD,Crypto,Crypto,0.059545405568852905
2022-08-06,EOS-USD,Crypto,Crypto,-0.02438145654529955
2022-08-07,EOS-USD,Crypto,Crypto,0.0009981865711150562
2022-08-08,EOS-USD,Crypto,Crypto,0.017166813554819305
2022-08-09,EOS-USD,Crypto,Crypto,-0.05842983166187332
2022-08-10,EOS-USD,Crypto,Crypto,0.08622359154483994
2022-08-11,EOS-USD,Crypto,Crypto,0.026733219264291064
2022-08-12,EOS-USD,Crypto,Crypto,0.010877312419439678
2022-08-13,EOS-USD,Crypto,Crypto,0.01720820611199403
2022-08-14,EOS-USD,Crypto,Crypto,-0.03186218233663651
2022-08-15,EOS-USD,Crypto,Crypto,-0.025558641949417593
2022-08-16,EOS-USD,Crypto,Crypto,0.07733857767137065
2022-08-17,EOS-USD,Crypto,Crypto,0.0755703106251353
2022-08-18,EOS-USD,Crypto,Crypto,0.0007329975773207043
2022-08-19,EOS-USD,Crypto,Crypto,-0.13774876590420926
2022-08-20,EOS-USD,Crypto,Crypto,0.10598501173467478
2022-08-21,EOS-USD,Crypto,Crypto,0.11360619181664866
2022-08-22,EOS-USD,Crypto,Crypto,0.17372981746148142
2022-08-23,EOS-USD,Crypto,Crypto,-0.018678007724924228
2022-08-24,EOS-USD,Crypto,Crypto,-0.017195784822717664
2022-08-25,EOS-USD,Crypto,Crypto,-0.02023029585897318
2022-08-26,EOS-USD,Crypto,Crypto,-0.11472877309289098
2022-08-27,EOS-USD,Crypto,Crypto,0.0002544556239993945
2022-08-28,EOS-USD,Crypto,Crypto,-0.07531711240649996
2022-08-29,EOS-USD,Crypto,Crypto,0.04877196352798019
2022-08-30,EOS-USD,Crypto,Crypto,-0.0684089256006083
2022-08-31,EOS-USD,Crypto,Crypto,-0.013800263442057759
2022-09-01,EOS-USD,Crypto,Crypto,0.0785574192548919
2022-09-02,EOS-USD,Crypto,Crypto,0.04624644276402701
2022-09-03,EOS-USD,Crypto,Crypto,-0.01798387978015925
2022-09-04,EOS-USD,Crypto,Crypto,-0.01888715149921305
2022-09-05,EOS-USD,Crypto,Crypto,0.05170796812176226
2022-09-06,EOS-USD,Crypto,Crypto,-0.11100585219810766
2022-09-07,EOS-USD,Crypto,Crypto,0.1921498620605171
2022-09-08,EOS-USD,Crypto,Crypto,-0.03703209792924278
2022-09-09,EOS-USD,Crypto,Crypto,0.03967407008107915
2022-09-10,EOS-USD,Crypto,Crypto,0.05319019721786544
2022-09-11,EOS-USD,Crypto,Crypto,-0.023696180337282935
2022-09-12,EOS-USD,Crypto,Crypto,-0.0337629156794087
2022-09-13,EOS-USD,Crypto,Crypto,-0.11126976200157168
2022-09-14,EOS-USD,Crypto,Crypto,0.002854640622988569
2022-09-15,EOS-USD,Crypto,Crypto,-0.06461166767165494
2022-09-16,EOS-USD,Crypto,Crypto,0.02977704718063512
2022-09-17,EOS-USD,Crypto,Crypto,0.03705750601857516
2022-09-18,EOS-USD,Crypto,Crypto,-0.13531153461926426
2022-09-19,EOS-USD,Crypto,Crypto,0.02061542230589808
2022-09-20,EOS-USD,Crypto,Crypto,0.03102775916506495
2022-09-21,EOS-USD,Crypto,Crypto,-0.11414843081712656
2022-09-22,EOS-USD,Crypto,Crypto,0.04254709558093506
2022-09-23,EOS-USD,Crypto,Crypto,-0.008717243174975353
2022-09-24,EOS-USD,Crypto,Crypto,-0.023667378558577257
2022-09-25,EOS-USD,Crypto,Crypto,-0.026870097434212203
2022-09-26,EOS-USD,Crypto,Crypto,0.013941945723692895
2022-09-27,EOS-USD,Crypto,Crypto,-0.021666624148292235
2022-09-28,EOS-USD,Crypto,Crypto,-0.006650514660949569
2022-09-29,EOS-USD,Crypto,Crypto,0.0488944613447706
2022-09-30,EOS-USD,Crypto,Crypto,-0.01940505207179255
2022-10-01,EOS-USD,Crypto,Crypto,0.033989572430089376
2022-10-02,EOS-USD,Crypto,Crypto,-0.051222603483803586
2022-10-03,EOS-USD,Crypto,Crypto,0.024531348153696397
2022-10-04,EOS-USD,Crypto,Crypto,0.010099838138022177
2022-10-05,EOS-USD,Crypto,Crypto,-0.020486273128845878
2022-10-06,EOS-USD,Crypto,Crypto,-0.016625073887582942
2022-10-07,EOS-USD,Crypto,Crypto,-0.0301787921654163
2022-10-08,EOS-USD,Crypto,Crypto,-0.010324375840296773
2022-10-09,EOS-USD,Crypto,Crypto,0.010259903512067847
2022-10-10,EOS-USD,Crypto,Crypto,-0.07597535191563942
2022-10-11,EOS-USD,Crypto,Crypto,0.006407096184271932
2022-10-12,EOS-USD,Crypto,Crypto,-0.0030161307224116918
2022-10-13,EOS-USD,Crypto,Crypto,-0.0219384651714688
2022-10-14,EOS-USD,Crypto,Crypto,-0.007737417721305095
2022-10-15,EOS-USD,Crypto,Crypto,0.04240216925823215
2022-10-16,EOS-USD,Crypto,Crypto,0.0016897953961525491
2022-10-17,EOS-USD,Crypto,Crypto,0.011536175103466606
2022-10-18,EOS-USD,Crypto,Crypto,-0.015239616577654491
2022-10-19,EOS-USD,Crypto,Crypto,-0.04287701468587746
2022-10-20,EOS-USD,Crypto,Crypto,0.03811578240021429
2022-10-21,EOS-USD,Crypto,Crypto,0.028305438763302604
2022-10-22,EOS-USD,Crypto,Crypto,-0.003766698760447218
2022-10-23,EOS-USD,Crypto,Crypto,0.024770319260304374
2022-10-24,EOS-USD,Crypto,Crypto,-0.02435902311951077
2022-10-25,EOS-USD,Crypto,Crypto,0.03100339049842815
2022-10-26,EOS-USD,Crypto,Crypto,0.024506217559715937
2022-10-27,EOS-USD,Crypto,Crypto,-0.0016011332821582736
2022-10-28,EOS-USD,Crypto,Crypto,0.011523853847876131
2022-10-29,EOS-USD,Crypto,Crypto,-0.0014141233911401097
2022-10-30,EOS-USD,Crypto,Crypto,-0.023275742113447184
2022-10-31,EOS-USD,Crypto,Crypto,0.03565506231608184
2022-11-01,EOS-USD,Crypto,Crypto,-0.007346225241462778
2022-11-02,EOS-USD,Crypto,Crypto,-0.0215929521078847
2022-11-03,EOS-USD,Crypto,Crypto,0.027913504894021113
2022-11-04,EOS-USD,Crypto,Crypto,0.04129925739898699
2022-11-05,EOS-USD,Crypto,Crypto,-0.024616222854696113
2022-11-06,EOS-USD,Crypto,Crypto,-0.04451378860021882
2022-11-07,EOS-USD,Crypto,Crypto,0.017442188298296246
2022-11-08,EOS-USD,Crypto,Crypto,-0.1515183733124439
2022-11-09,EOS-USD,Crypto,Crypto,-0.14620379859967836
2022-11-10,EOS-USD,Crypto,Crypto,0.14321586830674038
2022-11-11,EOS-USD,Crypto,Crypto,-0.00453344798801103
2022-11-12,EOS-USD,Crypto,Crypto,-0.04608121139760746
2022-11-13,EOS-USD,Crypto,Crypto,-0.0055132965321124106
2022-11-14,EOS-USD,Crypto,Crypto,0.029647019529035257
2022-11-15,EOS-USD,Crypto,Crypto,0.014283828189754377
2022-11-16,EOS-USD,Crypto,Crypto,-0.028584432439113572
2022-11-17,EOS-USD,Crypto,Crypto,0.0010617758442881264
2022-11-18,EOS-USD,Crypto,Crypto,-0.0006874826391600752
2022-11-19,EOS-USD,Crypto,Crypto,0.0035843248406424166
2022-11-20,EOS-USD,Crypto,Crypto,-0.034490115157155055
2022-11-21,EOS-USD,Crypto,Crypto,-0.0271632389529316
2022-11-22,EOS-USD,Crypto,Crypto,0.034879087656617624
2022-11-23,EOS-USD,Crypto,Crypto,0.036435568261685924
2022-11-24,EOS-USD,Crypto,Crypto,0.0021105837654680215
2022-11-25,EOS-USD,Crypto,Crypto,0.023649648590061467
2022-11-26,EOS-USD,Crypto,Crypto,-0.0017091907709829712
2022-11-27,EOS-USD,Crypto,Crypto,-0.002586921933346198
2022-11-28,EOS-USD,Crypto,Crypto,-0.027107307115458834
2022-11-29,EOS-USD,Crypto,Crypto,0.015311779962937422
2022-11-30,EOS-USD,Crypto,Crypto,0.034951266914752255
2022-12-01,EOS-USD,Crypto,Crypto,-0.0199372562228316
2022-12-02,EOS-USD,Crypto,Crypto,0.012776695011234018
2022-12-03,EOS-USD,Crypto,Crypto,-0.022466121318901022
2022-12-04,EOS-USD,Crypto,Crypto,0.009884938378299069
2022-12-05,EOS-USD,Crypto,Crypto,-0.0007208408755773332
2022-12-06,EOS-USD,Crypto,Crypto,0.030804870701336196
2022-12-07,EOS-USD,Crypto,Crypto,0.034010375766569956
2022-12-08,EOS-USD,Crypto,Crypto,0.0033104004543247356
2022-12-09,EOS-USD,Crypto,Crypto,0.037129282880999925
2022-12-10,EOS-USD,Crypto,Crypto,0.0006058570884470704
2022-12-11,EOS-USD,Crypto,Crypto,-0.027798619694728077
2022-12-12,EOS-USD,Crypto,Crypto,-0.02253703440611199
2022-12-13,EOS-USD,Crypto,Crypto,0.017914576032253215
2022-12-14,EOS-USD,Crypto,Crypto,-0.020515634081856082
2022-12-15,EOS-USD,Crypto,Crypto,-0.02393507743256984
2022-12-16,EOS-USD,Crypto,Crypto,-0.08519904054338567
2022-12-17,EOS-USD,Crypto,Crypto,0.019961563576297747
2022-12-18,EOS-USD,Crypto,Crypto,-0.006845106569551729
2022-12-19,EOS-USD,Crypto,Crypto,-0.044074549147292696
2022-12-20,EOS-USD,Crypto,Crypto,0.0533498035207669
2022-12-21,EOS-USD,Crypto,Crypto,-0.003131060696244914
2022-12-22,EOS-USD,Crypto,Crypto,-0.0014674425901096688
2022-12-23,EOS-USD,Crypto,Crypto,-0.0010703516557611925
2022-12-24,EOS-USD,Crypto,Crypto,-0.005951184432543499
2022-12-25,EOS-USD,Crypto,Crypto,-0.003120072525252149
2022-12-26,EOS-USD,Crypto,Crypto,0.011325263272558006
2022-12-27,EOS-USD,Crypto,Crypto,0.009239307326598167
2022-12-28,EOS-USD,Crypto,Crypto,-0.027646082188649057
2022-12-29,EOS-USD,Crypto,Crypto,-0.0062694442515154325
2022-12-30,EOS-USD,Crypto,Crypto,-0.00311115187607669
2022-12-31,EOS-USD,Crypto,Crypto,-0.0006872236021416844
2023-01-01,EOS-USD,Crypto,Crypto,0.01871371433090041
2023-01-02,EOS-USD,Crypto,Crypto,0.004013942848488661
2023-01-03,EOS-USD,Crypto,Crypto,-0.0018821338193766302
2023-01-04,EOS-USD,Crypto,Crypto,0.030567563477605475
2023-01-05,EOS-USD,Crypto,Crypto,-0.01740038183669379
2023-01-06,EOS-USD,Crypto,Crypto,0.00414160448008194
2023-01-07,EOS-USD,Crypto,Crypto,-0.00587405334451474
2023-01-08,EOS-USD,Crypto,Crypto,0.021998758969140608
2023-01-09,EOS-USD,Crypto,Crypto,0.03057362536460495
2023-01-10,EOS-USD,Crypto,Crypto,0.010389936790141885
2023-01-11,EOS-USD,Crypto,Crypto,0.032643492607105085
2023-01-12,EOS-USD,Crypto,Crypto,0.012619910113433441
2023-01-13,EOS-USD,Crypto,Crypto,0.020452518625811766
2023-01-14,EOS-USD,Crypto,Crypto,0.041181854238103055
2023-01-15,EOS-USD,Crypto,Crypto,0.009673874002490424
2023-01-16,EOS-USD,Crypto,Crypto,-0.02509867178148084
2023-01-17,EOS-USD,Crypto,Crypto,-0.011842137372384931
2023-01-18,EOS-USD,Crypto,Crypto,-0.06295822017493236
2023-01-19,EOS-USD,Crypto,Crypto,0.022323802481680755
2023-01-20,EOS-USD,Crypto,Crypto,0.06744091863015811
2023-01-21,EOS-USD,Crypto,Crypto,-0.016645721058265117
2023-01-22,EOS-USD,Crypto,Crypto,0.051828213319685235
2023-01-23,EOS-USD,Crypto,Crypto,0.012460624472923287
2023-01-24,EOS-USD,Crypto,Crypto,-0.05433932453780166
2023-01-25,EOS-USD,Crypto,Crypto,0.05357387918082379
2023-01-26,EOS-USD,Crypto,Crypto,-0.0027513129305920536
2023-01-27,EOS-USD,Crypto,Crypto,0.020537786380351086
2023-01-28,EOS-USD,Crypto,Crypto,-0.01630965766851722
2023-01-29,EOS-USD,Crypto,Crypto,0.019891899673474267
2023-01-30,EOS-USD,Crypto,Crypto,-0.060499458170715004
2023-01-31,EOS-USD,Crypto,Crypto,0.015236372344547222
2023-02-01,EOS-USD,Crypto,Crypto,0.013587714183437294
2023-02-02,EOS-USD,Crypto,Crypto,-0.009426887534360384
2023-02-03,EOS-USD,Crypto,Crypto,0.025802615535099438
2023-02-04,EOS-USD,Crypto,Crypto,0.01157464932570118
2023-02-05,EOS-USD,Crypto,Crypto,-0.02277067964685764
2023-02-06,EOS-USD,Crypto,Crypto,-0.021290369325677072
2023-02-07,EOS-USD,Crypto,Crypto,0.05020985747917872
2023-02-08,EOS-USD,Crypto,Crypto,-0.02602735308747206
2023-02-09,EOS-USD,Crypto,Crypto,-0.0362606910324349
2023-02-10,EOS-USD,Crypto,Crypto,0.007618952835673376
2023-02-11,EOS-USD,Crypto,Crypto,0.004699617945787438
2023-02-12,EOS-USD,Crypto,Crypto,-0.015720713260679364
2023-02-13,EOS-USD,Crypto,Crypto,-0.010142444360016323
2023-02-14,EOS-USD,Crypto,Crypto,0.016974024908566587
2023-02-15,EOS-USD,Crypto,Crypto,0.04907018928001139
2023-02-16,EOS-USD,Crypto,Crypto,-0.048456271091952385
2023-02-17,EOS-USD,Crypto,Crypto,0.141623721857149
2023-02-18,EOS-USD,Crypto,Crypto,0.0369857365077908
2023-02-19,EOS-USD,Crypto,Crypto,-0.007594485039361332
2023-02-20,EOS-USD,Crypto,Crypto,0.033807160584449436
2023-02-21,EOS-USD,Crypto,Crypto,-0.03949227674492917
2023-02-22,EOS-USD,Crypto,Crypto,-0.008668993392563551
2023-02-23,EOS-USD,Crypto,Crypto,-0.025436377714104563
2023-02-24,EOS-USD,Crypto,Crypto,-0.051322428452903135
2023-02-25,EOS-USD,Crypto,Crypto,-0.008897749173381486
2023-02-26,EOS-USD,Crypto,Crypto,0.014621252374365623
2023-02-27,EOS-USD,Crypto,Crypto,0.0006848184547336711
2023-02-28,EOS-USD,Crypto,Crypto,0.02014234263953707
2023-03-01,EOS-USD,Crypto,Crypto,0.05331299774770959
2023-03-02,EOS-USD,Crypto,Crypto,0.02455924908489915
2023-03-03,EOS-USD,Crypto,Crypto,0.07258089969334858
2023-03-04,EOS-USD,Crypto,Crypto,-0.0789753332225066
2023-03-05,EOS-USD,Crypto,Crypto,-0.00021166484678403208
2023-03-06,EOS-USD,Crypto,Crypto,-0.009969936838815308
2023-03-07,EOS-USD,Crypto,Crypto,-0.025135988230344797
2023-03-08,EOS-USD,Crypto,Crypto,-0.05104398211239314
2023-03-09,EOS-USD,Crypto,Crypto,-0.05785870179305819
2023-03-10,EOS-USD,Crypto,Crypto,-0.010522727678171195
2023-03-11,EOS-USD,Crypto,Crypto,-0.04045398564529368
2023-03-12,EOS-USD,Crypto,Crypto,0.05272875533489829
2023-03-13,EOS-USD,Crypto,Crypto,0.026137842175027126
2023-03-14,EOS-USD,Crypto,Crypto,0.02447566804938517
2023-03-15,EOS-USD,Crypto,Crypto,-0.06077833221525297
2023-03-16,EOS-USD,Crypto,Crypto,0.03909013172903486
2023-03-17,EOS-USD,Crypto,Crypto,0.06132191082631433
2023-03-18,EOS-USD,Crypto,Crypto,-0.044476764120553236
2023-03-19,EOS-USD,Crypto,Crypto,0.05593162776972038
2023-03-20,EOS-USD,Crypto,Crypto,-0.005142429345192379
2023-03-21,EOS-USD,Crypto,Crypto,0.03118304641412495
2023-03-22,EOS-USD,Crypto,Crypto,-0.0783633059941613
2023-03-23,EOS-USD,Crypto,Crypto,0.05975667420086195
2023-03-24,EOS-USD,Crypto,Crypto,0.0025342499842224697
2023-03-25,EOS-USD,Crypto,Crypto,-0.04183573293907594
2023-03-26,EOS-USD,Crypto,Crypto,0.02307818939536932
2023-03-27,EOS-USD,Crypto,Crypto,-0.04893856626958293
2023-03-28,EOS-USD,Crypto,Crypto,0.025641329677297264
2023-03-29,EOS-USD,Crypto,Crypto,0.032206523558913736
2023-03-30,EOS-USD,Crypto,Crypto,0.0351406949011257
2023-03-31,EOS-USD,Crypto,Crypto,0.004181942029278796
2023-04-01,EOS-USD,Crypto,Crypto,-0.0027157914879526457
2023-04-02,EOS-USD,Crypto,Crypto,0.03171406025285295
2023-04-03,EOS-USD,Crypto,Crypto,-0.04431242365234944
2023-04-04,EOS-USD,Crypto,Crypto,0.015912496992956715
2023-04-05,EOS-USD,Crypto,Crypto,-0.0041663416679808
2023-04-06,EOS-USD,Crypto,Crypto,0.025612206583316866
2023-04-07,EOS-USD,Crypto,Crypto,-0.0035887061169447287
2023-04-08,EOS-USD,Crypto,Crypto,-0.018453600831495942
2023-04-09,EOS-USD,Crypto,Crypto,0.012669534687197892
2023-04-10,EOS-USD,Crypto,Crypto,0.024757056963781165
2023-04-11,EOS-USD,Crypto,Crypto,-0.0022589283357249412
2023-04-12,EOS-USD,Crypto,Crypto,-0.019685564009852663
2023-04-13,EOS-USD,Crypto,Crypto,0.0405179220705536
2023-04-14,EOS-USD,Crypto,Crypto,-0.006583366845626104
2023-04-15,EOS-USD,Crypto,Crypto,-0.00599785815284648
2023-04-16,EOS-USD,Crypto,Crypto,-0.004016180532932956
2023-04-17,EOS-USD,Crypto,Crypto,-0.026100321939328763
2023-04-18,EOS-USD,Crypto,Crypto,0.010762560092352436
2023-04-19,EOS-USD,Crypto,Crypto,-0.09672206537173011
2023-04-20,EOS-USD,Crypto,Crypto,-0.022171342710319175
2023-04-21,EOS-USD,Crypto,Crypto,-0.030988623337734333
2023-04-22,EOS-USD,Crypto,Crypto,0.029369032117869676
2023-04-23,EOS-USD,Crypto,Crypto,-0.017430253016364805
2023-04-24,EOS-USD,Crypto,Crypto,-0.006157255415456864
2023-04-25,EOS-USD,Crypto,Crypto,0.011284908594263454
2023-04-26,EOS-USD,Crypto,Crypto,-0.03128196442473674
2023-04-27,EOS-USD,Crypto,Crypto,0.0037245687068241384
2023-04-28,EOS-USD,Crypto,Crypto,0.009673050097580127
2023-04-29,EOS-USD,Crypto,Crypto,0.0012753231495994388
2023-04-30,EOS-USD,Crypto,Crypto,-0.016389439002005513
2023-05-01,EOS-USD,Crypto,Crypto,-0.01635135204251248
2023-05-02,EOS-USD,Crypto,Crypto,0.014651446296031878
2023-05-03,EOS-USD,Crypto,Crypto,0.008246885012853866
2023-05-04,EOS-USD,Crypto,Crypto,-0.025886916423317197
2023-05-05,EOS-USD,Crypto,Crypto,0.011332219752781425
2023-05-06,EOS-USD,Crypto,Crypto,-0.02967149487578069
2023-05-07,EOS-USD,Crypto,Crypto,-0.016496664197492072
2023-05-08,EOS-USD,Crypto,Crypto,-0.0654135705100497
2023-05-09,EOS-USD,Crypto,Crypto,0.012968117571078519
2023-05-10,EOS-USD,Crypto,Crypto,-0.0059040085636741235
2023-05-11,EOS-USD,Crypto,Crypto,-0.03208974134855114
2023-05-12,EOS-USD,Crypto,Crypto,-0.010959535289374545
2023-05-13,EOS-USD,Crypto,Crypto,-0.002624388242806086
2023-05-14,EOS-USD,Crypto,Crypto,0.0055986865067143565
2023-05-15,EOS-USD,Crypto,Crypto,0.003119685271170791
2023-05-16,EOS-USD,Crypto,Crypto,0.014544589719921897
2023-05-17,EOS-USD,Crypto,Crypto,0.01496597839617797
2023-05-18,EOS-USD,Crypto,Crypto,-0.023322186126756406
2023-05-19,EOS-USD,Crypto,Crypto,-0.004148271928508085
2023-05-20,EOS-USD,Crypto,Crypto,-0.0028724746321246997
2023-05-21,EOS-USD,Crypto,Crypto,-0.03044661831416129
2023-05-22,EOS-USD,Crypto,Crypto,1.1199709366582766e-06
2023-05-23,EOS-USD,Crypto,Crypto,0.010353279736717624
2023-05-24,EOS-USD,Crypto,Crypto,-0.027180113300469766
2023-05-25,EOS-USD,Crypto,Crypto,0.007693375391895518
2023-05-26,EOS-USD,Crypto,Crypto,0.04076292963839068
2023-05-27,EOS-USD,Crypto,Crypto,0.006597425064185369
2023-05-28,EOS-USD,Crypto,Crypto,0.031574590890508736
2023-05-29,EOS-USD,Crypto,Crypto,-0.016170786905402523
2023-05-30,EOS-USD,Crypto,Crypto,0.01768002939559299
2023-05-31,EOS-USD,Crypto,Crypto,-0.02302941696301175
2023-06-01,EOS-USD,Crypto,Crypto,-0.009317462401626786
2023-06-02,EOS-USD,Crypto,Crypto,0.027306010699223116
2023-06-03,EOS-USD,Crypto,Crypto,0.004881137156630189
2023-06-04,EOS-USD,Crypto,Crypto,-0.0006865219823658508
2023-06-05,EOS-USD,Crypto,Crypto,-0.07745424578017668
2023-06-06,EOS-USD,Crypto,Crypto,0.05974092774508666
2023-06-07,EOS-USD,Crypto,Crypto,-0.03150599258807685
2023-06-08,EOS-USD,Crypto,Crypto,0.03375375055874086
2023-06-09,EOS-USD,Crypto,Crypto,0.0029107645558779094
2023-06-10,EOS-USD,Crypto,Crypto,-0.21893198827478488
2023-06-11,EOS-USD,Crypto,Crypto,-0.020610174674079884
2023-06-12,EOS-USD,Crypto,Crypto,-0.013936605072029762
2023-06-13,EOS-USD,Crypto,Crypto,-0.00043278769162047315
2023-06-14,EOS-USD,Crypto,Crypto,-0.05588577871747635
2023-06-15,EOS-USD,Crypto,Crypto,0.004406965996237133
2023-06-16,EOS-USD,Crypto,Crypto,-0.016532576639526786
2023-06-17,EOS-USD,Crypto,Crypto,0.009763841253544125
2023-06-18,EOS-USD,Crypto,Crypto,-0.015054444217740826
2023-06-19,EOS-USD,Crypto,Crypto,0.003441826312834184
2023-06-20,EOS-USD,Crypto,Crypto,0.017886322458607218
2023-06-21,EOS-USD,Crypto,Crypto,0.06477396909731503
2023-06-22,EOS-USD,Crypto,Crypto,-0.0028884157853802384
2023-06-23,EOS-USD,Crypto,Crypto,0.08824410687843365
2023-06-24,EOS-USD,Crypto,Crypto,-0.014721082408686859
2023-06-25,EOS-USD,Crypto,Crypto,-0.006552752897868053
2023-06-26,EOS-USD,Crypto,Crypto,-0.007543960447249365
2023-06-27,EOS-USD,Crypto,Crypto,0.005172098661360147
2023-06-28,EOS-USD,Crypto,Crypto,-0.07519928978967638
2023-06-29,EOS-USD,Crypto,Crypto,0.01692288296311406
2023-06-30,EOS-USD,Crypto,Crypto,0.10755370488484561
2023-07-01,EOS-USD,Crypto,Crypto,0.03990917723244913
2023-07-02,EOS-USD,Crypto,Crypto,-0.019514069387751687
2023-07-03,EOS-USD,Crypto,Crypto,0.0005316309515726036
2023-07-04,EOS-USD,Crypto,Crypto,-0.02878822354984978
2023-07-05,EOS-USD,Crypto,Crypto,-0.02793823844871468
2023-07-06,EOS-USD,Crypto,Crypto,-0.026727815527346266
2023-07-07,EOS-USD,Crypto,Crypto,0.038081543757281455
2023-07-08,EOS-USD,Crypto,Crypto,-0.007644550121080895
2023-07-09,EOS-USD,Crypto,Crypto,0.00037925257399296086
2023-07-10,EOS-USD,Crypto,Crypto,0.001462934246196923
2023-07-11,EOS-USD,Crypto,Crypto,0.004277679649087096
2023-07-12,EOS-USD,Crypto,Crypto,-0.01229439041982483
2023-07-13,EOS-USD,Crypto,Crypto,0.11584100938814301
2023-07-14,EOS-USD,Crypto,Crypto,-0.03895487943206355
2023-07-15,EOS-USD,Crypto,Crypto,-0.0011661515186932592
2023-07-16,EOS-USD,Crypto,Crypto,-0.02085102862947985
2023-07-17,EOS-USD,Crypto,Crypto,0.02738014187183202
2023-07-18,EOS-USD,Crypto,Crypto,-0.025916207071370545
2023-07-19,EOS-USD,Crypto,Crypto,0.003333785247320531
2023-07-20,EOS-USD,Crypto,Crypto,0.008354966877011982
2023-07-21,EOS-USD,Crypto,Crypto,0.026051881721728565
2023-07-22,EOS-USD,Crypto,Crypto,-0.014980015281917836
2023-07-23,EOS-USD,Crypto,Crypto,0.01083258322259284
2023-07-24,EOS-USD,Crypto,Crypto,-0.046136159727843795
2023-07-25,EOS-USD,Crypto,Crypto,-0.005443046404684848
2023-07-26,EOS-USD,Crypto,Crypto,0.0024302276200127704
2023-07-27,EOS-USD,Crypto,Crypto,-0.0024256991797818594
2023-07-28,EOS-USD,Crypto,Crypto,0.011783227773057403
2023-07-29,EOS-USD,Crypto,Crypto,0.009374607964547588
2023-07-30,EOS-USD,Crypto,Crypto,-0.005889781036663488
2023-07-31,EOS-USD,Crypto,Crypto,-0.008795286039595451
2023-08-01,EOS-USD,Crypto,Crypto,0.003950909036590122
2023-08-02,EOS-USD,Crypto,Crypto,-0.026109439948669988
2023-08-03,EOS-USD,Crypto,Crypto,-0.016759461148213695
2023-08-04,EOS-USD,Crypto,Crypto,0.0009702681810617175
2023-08-05,EOS-USD,Crypto,Crypto,0.012457732515369191
2023-08-06,EOS-USD,Crypto,Crypto,0.001580526846655106
2023-08-07,EOS-USD,Crypto,Crypto,-0.011605175344837071
2023-08-08,EOS-USD,Crypto,Crypto,0.007697980367193269
2023-08-09,EOS-USD,Crypto,Crypto,-0.005810789197225108
2023-08-10,EOS-USD,Crypto,Crypto,-0.006260746035034459
2023-08-11,EOS-USD,Crypto,Crypto,-0.0021256860104204023
2023-08-12,EOS-USD,Crypto,Crypto,0.015508579464275085
2023-08-13,EOS-USD,Crypto,Crypto,-0.008245995587905952
2023-08-14,EOS-USD,Crypto,Crypto,-0.0031636623918029905
2023-08-15,EOS-USD,Crypto,Crypto,-0.05432978476051287
2023-08-16,EOS-USD,Crypto,Crypto,-0.07154241794906091
2023-08-17,EOS-USD,Crypto,Crypto,-0.0951518545966843
2023-08-18,EOS-USD,Crypto,Crypto,0.006988055699999718
2023-08-19,EOS-USD,Crypto,Crypto,0.01391047003264001
2023-08-20,EOS-USD,Crypto,Crypto,0.004831495020882981
2023-08-21,EOS-USD,Crypto,Crypto,-0.00702172597673878
2023-08-22,EOS-USD,Crypto,Crypto,-0.007975090884168146
2023-08-23,EOS-USD,Crypto,Crypto,0.028264687560730417
2023-08-24,EOS-USD,Crypto,Crypto,-0.012718734318464486
2023-08-25,EOS-USD,Crypto,Crypto,0.0028852099066616343
2023-08-26,EOS-USD,Crypto,Crypto,-0.005550952026417977
2023-08-27,EOS-USD,Crypto,Crypto,0.01694133179096191
2023-08-28,EOS-USD,Crypto,Crypto,-0.00550080024333266
2023-08-29,EOS-USD,Crypto,Crypto,0.0517584453699349
2023-08-30,EOS-USD,Crypto,Crypto,0.012917129960331453
2023-08-31,EOS-USD,Crypto,Crypto,-0.0661798105954482
2023-09-01,EOS-USD,Crypto,Crypto,-0.011847096159311232
2023-09-02,EOS-USD,Crypto,Crypto,-0.006688473869783995
2023-09-03,EOS-USD,Crypto,Crypto,0.007431108124692054
2023-09-04,EOS-USD,Crypto,Crypto,0.002782025170576796
2023-09-05,EOS-USD,Crypto,Crypto,0.015008903482684355
2023-09-06,EOS-USD,Crypto,Crypto,-0.018703244410917197
2023-09-07,EOS-USD,Crypto,Crypto,0.009863603294590906
2023-09-08,EOS-USD,Crypto,Crypto,-0.001895754377499781
2023-09-09,EOS-USD,Crypto,Crypto,-0.0024109356672123994
2023-09-10,EOS-USD,Crypto,Crypto,-0.03380911350143967
2023-09-11,EOS-USD,Crypto,Crypto,-0.0408611245964795
2023-09-12,EOS-USD,Crypto,Crypto,0.011756858774387036
2023-09-13,EOS-USD,Crypto,Crypto,0.014558204248618978
2023-09-14,EOS-USD,Crypto,Crypto,0.021060577937991987
2023-09-15,EOS-USD,Crypto,Crypto,0.01317737442148803
2023-09-16,EOS-USD,Crypto,Crypto,0.005546227462022824
2023-09-17,EOS-USD,Crypto,Crypto,-0.032575068488282066
2023-09-18,EOS-USD,Crypto,Crypto,0.025569716693117917
2023-09-19,EOS-USD,Crypto,Crypto,0.019481397843897463
2023-09-20,EOS-USD,Crypto,Crypto,-0.008763724377043092
2023-09-21,EOS-USD,Crypto,Crypto,-0.004619429550067
2023-09-22,EOS-USD,Crypto,Crypto,0.00025704955559313625
2023-09-23,EOS-USD,Crypto,Crypto,0.010194368739132154
2023-09-24,EOS-USD,Crypto,Crypto,-0.017948387998358295
2023-09-25,EOS-USD,Crypto,Crypto,-0.003766661648624159
2023-09-26,EOS-USD,Crypto,Crypto,-0.0130292190867064
2023-09-27,EOS-USD,Crypto,Crypto,-0.0027430570513001795
2023-09-28,EOS-USD,Crypto,Crypto,0.019752670301295794
2023-09-29,EOS-USD,Crypto,Crypto,0.012774540728447192
2023-09-30,EOS-USD,Crypto,Crypto,0.006870208482858242
2023-10-01,EOS-USD,Crypto,Crypto,0.036184832152099444
2023-10-02,EOS-USD,Crypto,Crypto,-0.02770174978323836
2023-10-03,EOS-USD,Crypto,Crypto,-0.0024313151687621604
2023-10-04,EOS-USD,Crypto,Crypto,-0.013964277486505416
2023-10-05,EOS-USD,Crypto,Crypto,-0.020356145301864914
2023-10-06,EOS-USD,Crypto,Crypto,0.00898926043899162
2023-10-07,EOS-USD,Crypto,Crypto,-0.0007605009926935358
2023-10-08,EOS-USD,Crypto,Crypto,-0.00497707091630939
2023-10-09,EOS-USD,Crypto,Crypto,-0.04542288169931119
2023-10-10,EOS-USD,Crypto,Crypto,0.001833454132942336
2023-10-11,EOS-USD,Crypto,Crypto,-0.0074271689910532235
2023-10-12,EOS-USD,Crypto,Crypto,-0.0033793647037835273
2023-10-13,EOS-USD,Crypto,Crypto,0.01246581553497994
2023-10-14,EOS-USD,Crypto,Crypto,-0.0006974542426583241
2023-10-15,EOS-USD,Crypto,Crypto,0.007962278916287202
2023-10-16,EOS-USD,Crypto,Crypto,0.020143015343605963
2023-10-17,EOS-USD,Crypto,Crypto,-0.028362567107030556
2023-10-18,EOS-USD,Crypto,Crypto,-0.014750027958129408
2023-10-19,EOS-USD,Crypto,Crypto,0.0021755831158158934
2023-10-20,EOS-USD,Crypto,Crypto,0.0205492970627299
2023-10-21,EOS-USD,Crypto,Crypto,0.024080759267411267
2023-10-22,EOS-USD,Crypto,Crypto,0.0024861261196429396
2023-10-23,EOS-USD,Crypto,Crypto,0.05420074258647989
2023-10-24,EOS-USD,Crypto,Crypto,0.0014854699542623528
2023-10-25,EOS-USD,Crypto,Crypto,0.004031383253983334
2023-10-26,EOS-USD,Crypto,Crypto,0.004376535088114641
2023-10-27,EOS-USD,Crypto,Crypto,0.007187103469035616
2023-10-28,EOS-USD,Crypto,Crypto,0.044511269081860316
2023-10-29,EOS-USD,Crypto,Crypto,-0.0011897549667931884
2023-10-30,EOS-USD,Crypto,Crypto,-0.0008328428255488518
2023-10-31,EOS-USD,Crypto,Crypto,0.016252452089433378
2023-11-01,EOS-USD,Crypto,Crypto,0.02631859391861724
2023-11-02,EOS-USD,Crypto,Crypto,-0.008261071613927973
2023-11-03,EOS-USD,Crypto,Crypto,0.004588660419199142
2023-11-04,EOS-USD,Crypto,Crypto,0.012217013419232314
2023-11-05,EOS-USD,Crypto,Crypto,0.026333173707687063
2023-11-06,EOS-USD,Crypto,Crypto,0.03205206730584753
2023-11-07,EOS-USD,Crypto,Crypto,-0.013283042460253025
2023-11-08,EOS-USD,Crypto,Crypto,0.020963326838195018
2023-11-09,EOS-USD,Crypto,Crypto,-0.032670199894805574
2023-11-10,EOS-USD,Crypto,Crypto,0.04207829694921528
2023-11-11,EOS-USD,Crypto,Crypto,0.021377885022389798
2023-11-12,EOS-USD,Crypto,Crypto,0.009710109910400666
2023-11-13,EOS-USD,Crypto,Crypto,-0.012526289640658272
2023-11-14,EOS-USD,Crypto,Crypto,-0.03873341225760185
2023-11-15,EOS-USD,Crypto,Crypto,0.05211325473996253
2023-11-16,EOS-USD,Crypto,Crypto,-0.03519480431600752
2023-11-17,EOS-USD,Crypto,Crypto,0.007316773501294227
2023-11-18,EOS-USD,Crypto,Crypto,0.00039259222100329616
2023-11-19,EOS-USD,Crypto,Crypto,0.0174575441455187
2023-11-20,EOS-USD,Crypto,Crypto,-0.022680507531337435
2023-11-21,EOS-USD,Crypto,Crypto,-0.08027667724872367
2023-11-22,EOS-USD,Crypto,Crypto,0.043402538050308026
2023-11-23,EOS-USD,Crypto,Crypto,-0.005795418586763579
2023-11-24,EOS-USD,Crypto,Crypto,0.013968834796135754
2023-11-25,EOS-USD,Crypto,Crypto,0.025237575294575265
2023-11-26,EOS-USD,Crypto,Crypto,-0.0014792373671785874
2023-11-27,EOS-USD,Crypto,Crypto,-0.03463850856449402
2023-11-28,EOS-USD,Crypto,Crypto,0.003474645706184498
2023-11-29,EOS-USD,Crypto,Crypto,0.002784208094745555
2023-11-30,EOS-USD,Crypto,Crypto,-0.0012323441650883282
2023-12-01,EOS-USD,Crypto,Crypto,0.015224832108742259
2023-12-02,EOS-USD,Crypto,Crypto,0.017228665611549898
2023-12-03,EOS-USD,Crypto,Crypto,-0.00023667778159919273
2023-12-04,EOS-USD,Crypto,Crypto,0.025517439759107807
2023-12-05,EOS-USD,Crypto,Crypto,0.03221121671235738
2023-12-06,EOS-USD,Crypto,Crypto,-0.00341795153694191
2023-12-07,EOS-USD,Crypto,Crypto,0.04194404919250294
2023-12-08,EOS-USD,Crypto,Crypto,0.035671719308925764
2023-12-09,EOS-USD,Crypto,Crypto,0.0718149920002713
2023-12-10,EOS-USD,Crypto,Crypto,-0.02214538160841717
2023-12-11,EOS-USD,Crypto,Crypto,-0.08073881989042353
2023-12-12,EOS-USD,Crypto,Crypto,0.016713614572291036
2023-12-13,EOS-USD,Crypto,Crypto,0.004160197167245361
2023-12-14,EOS-USD,Crypto,Crypto,0.008643847330770837
2023-12-15,EOS-USD,Crypto,Crypto,-0.046325023790077746
2023-12-16,EOS-USD,Crypto,Crypto,0.06596480977157526
2023-12-17,EOS-USD,Crypto,Crypto,-0.006291142250576032
2023-12-18,EOS-USD,Crypto,Crypto,-0.029928566569965342
2023-12-19,EOS-USD,Crypto,Crypto,-0.017039082268382688
2023-12-20,EOS-USD,Crypto,Crypto,0.0329622531770819
2023-12-21,EOS-USD,Crypto,Crypto,0.07070660464992451
2023-12-22,EOS-USD,Crypto,Crypto,0.00473850349870486
2023-12-23,EOS-USD,Crypto,Crypto,-0.010341709673336807
2023-12-24,EOS-USD,Crypto,Crypto,-0.02524895360837265
2023-12-25,EOS-USD,Crypto,Crypto,0.0770877256047724
2023-12-26,EOS-USD,Crypto,Crypto,-0.009390114547013995
2023-12-27,EOS-USD,Crypto,Crypto,0.03698228227182021
2023-12-28,EOS-USD,Crypto,Crypto,-0.03732999288424266
2023-12-29,EOS-USD,Crypto,Crypto,-0.025384450628895716
2023-12-30,EOS-USD,Crypto,Crypto,0.0070676665017406215
2023-12-31,EOS-USD,Crypto,Crypto,-0.01251320118253596
2020-01-02,ETC-USD,Crypto,Crypto,-0.05483351281298321
2020-01-03,ETC-USD,Crypto,Crypto,0.07527200376818821
2020-01-04,ETC-USD,Crypto,Crypto,0.03291016576422057
2020-01-05,ETC-USD,Crypto,Crypto,0.03830400490027852
2020-01-06,ETC-USD,Crypto,Crypto,0.028162827504393917
2020-01-07,ETC-USD,Crypto,Crypto,-0.04191777748862058
2020-01-08,ETC-USD,Crypto,Crypto,0.028709468546097572
2020-01-09,ETC-USD,Crypto,Crypto,0.04809190671456576
2020-01-10,ETC-USD,Crypto,Crypto,0.02363001305211232
2020-01-11,ETC-USD,Crypto,Crypto,0.045796571311731205
2020-01-12,ETC-USD,Crypto,Crypto,-0.0028670346559040993
2020-01-13,ETC-USD,Crypto,Crypto,-0.012088149030781592
2020-01-14,ETC-USD,Crypto,Crypto,0.23884372725592984
2020-01-15,ETC-USD,Crypto,Crypto,0.17127795031403847
2020-01-16,ETC-USD,Crypto,Crypto,0.05035389905928622
2020-01-17,ETC-USD,Crypto,Crypto,0.13630217606105166
2020-01-18,ETC-USD,Crypto,Crypto,-0.12505415971126577
2020-01-19,ETC-USD,Crypto,Crypto,0.021586364809450753
2020-01-20,ETC-USD,Crypto,Crypto,0.01936477251788893
2020-01-21,ETC-USD,Crypto,Crypto,0.03134481106341003
2020-01-22,ETC-USD,Crypto,Crypto,0.043860622623637546
2020-01-23,ETC-USD,Crypto,Crypto,-0.09365092236541583
2020-01-24,ETC-USD,Crypto,Crypto,0.018870988188166793
2020-01-25,ETC-USD,Crypto,Crypto,-0.021999996239789543
2020-01-26,ETC-USD,Crypto,Crypto,0.08422579717886958
2020-01-27,ETC-USD,Crypto,Crypto,0.14011308580225923
2020-01-28,ETC-USD,Crypto,Crypto,0.10603524527695019
2020-01-29,ETC-USD,Crypto,Crypto,0.06846853597766955
2020-01-30,ETC-USD,Crypto,Crypto,-0.003693763997145383
2020-01-31,ETC-USD,Crypto,Crypto,-0.07930054538495734
2020-02-01,ETC-USD,Crypto,Crypto,0.02130355350648072
2020-02-02,ETC-USD,Crypto,Crypto,-0.013252802390544827
2020-02-03,ETC-USD,Crypto,Crypto,0.03544938534357356
2020-02-04,ETC-USD,Crypto,Crypto,-0.030518327470012596
2020-02-05,ETC-USD,Crypto,Crypto,0.0792118868297702
2020-02-06,ETC-USD,Crypto,Crypto,-0.01941409277473738
2020-02-07,ETC-USD,Crypto,Crypto,-0.03271834372390647
2020-02-08,ETC-USD,Crypto,Crypto,-0.0025633873220710646
2020-02-09,ETC-USD,Crypto,Crypto,0.003196945834194942
2020-02-10,ETC-USD,Crypto,Crypto,0.011007874704463516
2020-02-11,ETC-USD,Crypto,Crypto,0.009166671902647527
2020-02-12,ETC-USD,Crypto,Crypto,0.024723700655927994
2020-02-13,ETC-USD,Crypto,Crypto,-0.016407073141359252
2020-02-14,ETC-USD,Crypto,Crypto,-0.005089013183330993
2020-02-15,ETC-USD,Crypto,Crypto,-0.13293151569477601
2020-02-16,ETC-USD,Crypto,Crypto,-0.07245508531261402
2020-02-17,ETC-USD,Crypto,Crypto,-0.002647392603334686
2020-02-18,ETC-USD,Crypto,Crypto,0.022102302938498797
2020-02-19,ETC-USD,Crypto,Crypto,-0.09603895257807715
2020-02-20,ETC-USD,Crypto,Crypto,0.0025593036563091864
2020-02-21,ETC-USD,Crypto,Crypto,0.05971069959813269
2020-02-22,ETC-USD,Crypto,Crypto,0.009448797723060398
2020-02-23,ETC-USD,Crypto,Crypto,0.022287462396041402
2020-02-24,ETC-USD,Crypto,Crypto,-0.04022296881732168
2020-02-25,ETC-USD,Crypto,Crypto,-0.00897534528351629
2020-02-26,ETC-USD,Crypto,Crypto,-0.1705276990937703
2020-02-27,ETC-USD,Crypto,Crypto,0.0005755981523989373
2020-02-28,ETC-USD,Crypto,Crypto,-0.03216165257941894
2020-02-29,ETC-USD,Crypto,Crypto,-0.004043294395697505
2020-03-01,ETC-USD,Crypto,Crypto,0.04793766641469177
2020-03-02,ETC-USD,Crypto,Crypto,0.08222611974074567
2020-03-03,ETC-USD,Crypto,Crypto,0.011497859448306169
2020-03-04,ETC-USD,Crypto,Crypto,-0.06411620443382593
2020-03-05,ETC-USD,Crypto,Crypto,0.030992675566121175
2020-03-06,ETC-USD,Crypto,Crypto,-0.00047665662019980015
2020-03-07,ETC-USD,Crypto,Crypto,-0.04585539222132251
2020-03-08,ETC-USD,Crypto,Crypto,-0.16952923976162415
2020-03-09,ETC-USD,Crypto,Crypto,0.06649190869976862
2020-03-10,ETC-USD,Crypto,Crypto,-0.01653480305076349
2020-03-11,ETC-USD,Crypto,Crypto,-0.03432170105756027
2020-03-12,ETC-USD,Crypto,Crypto,-0.39732828508925355
2020-03-13,ETC-USD,Crypto,Crypto,0.22255022932462087
2020-03-14,ETC-USD,Crypto,Crypto,-0.04547637585816944
2020-03-15,ETC-USD,Crypto,Crypto,0.09308909977014457
2020-03-16,ETC-USD,Crypto,Crypto,-0.12012175869989261
2020-03-17,ETC-USD,Crypto,Crypto,0.01742584962619076
2020-03-18,ETC-USD,Crypto,Crypto,-0.011879384136184834
2020-03-19,ETC-USD,Crypto,Crypto,0.13101723031392387
2020-03-20,ETC-USD,Crypto,Crypto,-0.026274118974798477
2020-03-21,ETC-USD,Crypto,Crypto,0.017220030746805115
2020-03-22,ETC-USD,Crypto,Crypto,-0.07830204704672084
2020-03-23,ETC-USD,Crypto,Crypto,0.07184524280293081
2020-03-24,ETC-USD,Crypto,Crypto,0.023187615341800916
2020-03-25,ETC-USD,Crypto,Crypto,-0.00832004699761768
2020-03-26,ETC-USD,Crypto,Crypto,0.011113272481423797
2020-03-27,ETC-USD,Crypto,Crypto,-0.011477674949030625
2020-03-28,ETC-USD,Crypto,Crypto,-0.041927729931416025
2020-03-29,ETC-USD,Crypto,Crypto,0.0068672694392779565
2020-03-30,ETC-USD,Crypto,Crypto,0.02597935704072296
2020-03-31,ETC-USD,Crypto,Crypto,-0.004255874139907134
2020-04-01,ETC-USD,Crypto,Crypto,0.016006584676267144
2020-04-02,ETC-USD,Crypto,Crypto,0.015363011769562895
2020-04-03,ETC-USD,Crypto,Crypto,0.0044371841902306475
2020-04-04,ETC-USD,Crypto,Crypto,0.008226856918933878
2020-04-05,ETC-USD,Crypto,Crypto,-0.02387833030753872
2020-04-06,ETC-USD,Crypto,Crypto,0.10336709717821413
2020-04-07,ETC-USD,Crypto,Crypto,-0.01868148444204676
2020-04-08,ETC-USD,Crypto,Crypto,0.06304302303586895
2020-04-09,ETC-USD,Crypto,Crypto,0.016866643226632005
2020-04-10,ETC-USD,Crypto,Crypto,-0.1110176303209155
2020-04-11,ETC-USD,Crypto,Crypto,0.0017222017695623926
2020-04-12,ETC-USD,Crypto,Crypto,0.015953666820727408
2020-04-13,ETC-USD,Crypto,Crypto,-0.03047162716521923
2020-04-14,ETC-USD,Crypto,Crypto,0.005996047375522062
2020-04-15,ETC-USD,Crypto,Crypto,-0.02045107203296115
2020-04-16,ETC-USD,Crypto,Crypto,0.07292197605748107
2020-04-17,ETC-USD,Crypto,Crypto,-0.010247383451794878
2020-04-18,ETC-USD,Crypto,Crypto,0.04312304717620252
2020-04-19,ETC-USD,Crypto,Crypto,-0.022570920172000908
2020-04-20,ETC-USD,Crypto,Crypto,-0.046247852304653
2020-04-21,ETC-USD,Crypto,Crypto,-0.007883118015717394
2020-04-22,ETC-USD,Crypto,Crypto,0.028872732777038612
2020-04-23,ETC-USD,Crypto,Crypto,0.03505675583072465
2020-04-24,ETC-USD,Crypto,Crypto,0.01045115936568819
2020-04-25,ETC-USD,Crypto,Crypto,0.0266892480774914
2020-04-26,ETC-USD,Crypto,Crypto,0.07733496712106724
2020-04-27,ETC-USD,Crypto,Crypto,-0.023124789652234523
2020-04-28,ETC-USD,Crypto,Crypto,0.018153241335976178
2020-04-29,ETC-USD,Crypto,Crypto,0.09592027432179995
2020-04-30,ETC-USD,Crypto,Crypto,-0.04625907754271352
2020-05-01,ETC-USD,Crypto,Crypto,0.03202586028377974
2020-05-02,ETC-USD,Crypto,Crypto,0.11974170439963694
2020-05-03,ETC-USD,Crypto,Crypto,-0.033547635333645465
2020-05-04,ETC-USD,Crypto,Crypto,0.002251215215435476
2020-05-05,ETC-USD,Crypto,Crypto,-0.007016176068498803
2020-05-06,ETC-USD,Crypto,Crypto,-0.033748773576536606
2020-05-07,ETC-USD,Crypto,Crypto,0.021411251783121532
2020-05-08,ETC-USD,Crypto,Crypto,0.011125595756137141
2020-05-09,ETC-USD,Crypto,Crypto,-0.012892608217137558
2020-05-10,ETC-USD,Crypto,Crypto,-0.12449006556278275
2020-05-11,ETC-USD,Crypto,Crypto,-0.026421908405004135
2020-05-12,ETC-USD,Crypto,Crypto,0.006979095877720276
2020-05-13,ETC-USD,Crypto,Crypto,0.021978011637207695
2020-05-14,ETC-USD,Crypto,Crypto,0.006390194090635681
2020-05-15,ETC-USD,Crypto,Crypto,0.03878063225978412
2020-05-16,ETC-USD,Crypto,Crypto,0.029401473901390807
2020-05-17,ETC-USD,Crypto,Crypto,-0.00219437314696469
2020-05-18,ETC-USD,Crypto,Crypto,0.005382949747845256
2020-05-19,ETC-USD,Crypto,Crypto,-0.009374451829046615
2020-05-20,ETC-USD,Crypto,Crypto,-0.030305887187929148
2020-05-21,ETC-USD,Crypto,Crypto,-0.04718846812077926
2020-05-22,ETC-USD,Crypto,Crypto,0.05299287507395678
2020-05-23,ETC-USD,Crypto,Crypto,0.018811079536759978
2020-05-24,ETC-USD,Crypto,Crypto,0.0035124249753364367
2020-05-25,ETC-USD,Crypto,Crypto,0.030009274005569075
2020-05-26,ETC-USD,Crypto,Crypto,-0.015944730331858614
2020-05-27,ETC-USD,Crypto,Crypto,0.011771917837611445
2020-05-28,ETC-USD,Crypto,Crypto,0.010532488425326836
2020-05-29,ETC-USD,Crypto,Crypto,0.056539326849999405
2020-05-30,ETC-USD,Crypto,Crypto,0.034287306304358944
2020-05-31,ETC-USD,Crypto,Crypto,-0.07392959428393375
2020-06-01,ETC-USD,Crypto,Crypto,0.040189910332653955
2020-06-02,ETC-USD,Crypto,Crypto,-0.0349321012291155
2020-06-03,ETC-USD,Crypto,Crypto,-0.0030571210729296583
2020-06-04,ETC-USD,Crypto,Crypto,-0.0015165130234490176
2020-06-05,ETC-USD,Crypto,Crypto,-0.008643404351154849
2020-06-06,ETC-USD,Crypto,Crypto,-0.0024922161206495375
2020-06-07,ETC-USD,Crypto,Crypto,-0.0005951159150073826
2020-06-08,ETC-USD,Crypto,Crypto,0.007581555575938426
2020-06-09,ETC-USD,Crypto,Crypto,-0.013522949545795027
2020-06-10,ETC-USD,Crypto,Crypto,0.00037858356354547595
2020-06-11,ETC-USD,Crypto,Crypto,-0.07668105272101233
2020-06-12,ETC-USD,Crypto,Crypto,0.02081049326654849
2020-06-13,ETC-USD,Crypto,Crypto,0.012643337943471833
2020-06-14,ETC-USD,Crypto,Crypto,-0.022444230664938947
2020-06-15,ETC-USD,Crypto,Crypto,-0.015518358112999842
2020-06-16,ETC-USD,Crypto,Crypto,-0.00040139848941789236
2020-06-17,ETC-USD,Crypto,Crypto,0.004377870095140013
2020-06-18,ETC-USD,Crypto,Crypto,-0.008387793814119804
2020-06-19,ETC-USD,Crypto,Crypto,0.013577526499829018
2020-06-20,ETC-USD,Crypto,Crypto,-0.008882193559259122
2020-06-21,ETC-USD,Crypto,Crypto,-0.0053226829860030245
2020-06-22,ETC-USD,Crypto,Crypto,0.022314153353780286
2020-06-23,ETC-USD,Crypto,Crypto,0.004386489444555108
2020-06-24,ETC-USD,Crypto,Crypto,-0.025812812986105715
2020-06-25,ETC-USD,Crypto,Crypto,-0.010440557102517567
2020-06-26,ETC-USD,Crypto,Crypto,-0.01915731213273464
2020-06-27,ETC-USD,Crypto,Crypto,-0.07071393951078797
2020-06-28,ETC-USD,Crypto,Crypto,0.026217851183244933
2020-06-29,ETC-USD,Crypto,Crypto,0.012482849214741742
2020-06-30,ETC-USD,Crypto,Crypto,-0.016608049668053293
2020-07-01,ETC-USD,Crypto,Crypto,-0.0029086452893724024
2020-07-02,ETC-USD,Crypto,Crypto,-0.0004569873194357754
2020-07-03,ETC-USD,Crypto,Crypto,-0.010334804481858195
2020-07-04,ETC-USD,Crypto,Crypto,0.007129521895806068
2020-07-05,ETC-USD,Crypto,Crypto,-0.007376453506621639
2020-07-06,ETC-USD,Crypto,Crypto,0.07902570548998189
2020-07-07,ETC-USD,Crypto,Crypto,0.018005499142571102
2020-07-08,ETC-USD,Crypto,Crypto,0.06743850551135067
2020-07-09,ETC-USD,Crypto,Crypto,0.0058582450968291955
2020-07-10,ETC-USD,Crypto,Crypto,-0.04363564968243905
2020-07-11,ETC-USD,Crypto,Crypto,0.020428774598737265
2020-07-12,ETC-USD,Crypto,Crypto,-0.008969315245974996
2020-07-13,ETC-USD,Crypto,Crypto,-0.0223828957730019
2020-07-14,ETC-USD,Crypto,Crypto,0.0021821849556962203
2020-07-15,ETC-USD,Crypto,Crypto,-0.016394699398064927
2020-07-16,ETC-USD,Crypto,Crypto,-0.030629242458507844
2020-07-17,ETC-USD,Crypto,Crypto,0.000620755404881157
2020-07-18,ETC-USD,Crypto,Crypto,0.0022807545771883486
2020-07-19,ETC-USD,Crypto,Crypto,0.0059855286466024005
2020-07-20,ETC-USD,Crypto,Crypto,-0.0068752606627487944
2020-07-21,ETC-USD,Crypto,Crypto,0.02237830482686265
2020-07-22,ETC-USD,Crypto,Crypto,0.02787722848643237
2020-07-23,ETC-USD,Crypto,Crypto,0.012528850364866173
2020-07-24,ETC-USD,Crypto,Crypto,-0.026783049365160627
2020-07-25,ETC-USD,Crypto,Crypto,0.06797440655563158
2020-07-26,ETC-USD,Crypto,Crypto,-0.008481763904086725
2020-07-27,ETC-USD,Crypto,Crypto,0.07401537451051166
2020-07-28,ETC-USD,Crypto,Crypto,0.016458936220624665
2020-07-29,ETC-USD,Crypto,Crypto,0.006077462743426132
2020-07-30,ETC-USD,Crypto,Crypto,0.011190477814338795
2020-07-31,ETC-USD,Crypto,Crypto,0.007601393801798695
2020-08-01,ETC-USD,Crypto,Crypto,0.05487532743612533
2020-08-02,ETC-USD,Crypto,Crypto,-0.0814199843250385
2020-08-03,ETC-USD,Crypto,Crypto,-0.0014791972812369103
2020-08-04,ETC-USD,Crypto,Crypto,-0.005021713594488997
2020-08-05,ETC-USD,Crypto,Crypto,0.01416638290933303
2020-08-06,ETC-USD,Crypto,Crypto,-0.01665919964221574
2020-08-07,ETC-USD,Crypto,Crypto,-0.032540294742352205
2020-08-08,ETC-USD,Crypto,Crypto,0.0035334751223006222
2020-08-09,ETC-USD,Crypto,Crypto,-0.0017204320974142373
2020-08-10,ETC-USD,Crypto,Crypto,0.0252076653714155
2020-08-11,ETC-USD,Crypto,Crypto,-0.04258846553451956
2020-08-12,ETC-USD,Crypto,Crypto,0.008940376046176812
2020-08-13,ETC-USD,Crypto,Crypto,0.028609587047104368
2020-08-14,ETC-USD,Crypto,Crypto,-0.019625932335849416
2020-08-15,ETC-USD,Crypto,Crypto,0.04538224038348848
2020-08-16,ETC-USD,Crypto,Crypto,0.006638342735294511
2020-08-17,ETC-USD,Crypto,Crypto,0.017931260812570793
2020-08-18,ETC-USD,Crypto,Crypto,-0.011477044262632075
2020-08-19,ETC-USD,Crypto,Crypto,-0.06521185125801487
2020-08-20,ETC-USD,Crypto,Crypto,0.023885126133025292
2020-08-21,ETC-USD,Crypto,Crypto,-0.04465679830593783
2020-08-22,ETC-USD,Crypto,Crypto,0.017701236453288693
2020-08-23,ETC-USD,Crypto,Crypto,-0.0008989690008580631
2020-08-24,ETC-USD,Crypto,Crypto,0.012812108031317715
2020-08-25,ETC-USD,Crypto,Crypto,-0.05334757193042072
2020-08-26,ETC-USD,Crypto,Crypto,-0.002642129871037069
2020-08-27,ETC-USD,Crypto,Crypto,-0.019155089203389486
2020-08-28,ETC-USD,Crypto,Crypto,0.024027912683899144
2020-08-29,ETC-USD,Crypto,Crypto,0.0032542681778926497
2020-08-30,ETC-USD,Crypto,Crypto,0.02367743484319118
2020-08-31,ETC-USD,Crypto,Crypto,-0.011127632366244367
2020-09-01,ETC-USD,Crypto,Crypto,0.022927141704131015
2020-09-02,ETC-USD,Crypto,Crypto,-0.06577183943313647
2020-09-03,ETC-USD,Crypto,Crypto,-0.10223096291746536
2020-09-04,ETC-USD,Crypto,Crypto,-0.05438905587465137
2020-09-05,ETC-USD,Crypto,Crypto,-0.058824632881698036
2020-09-06,ETC-USD,Crypto,Crypto,0.028729719632524464
2020-09-07,ETC-USD,Crypto,Crypto,-0.01518030607801757
2020-09-08,ETC-USD,Crypto,Crypto,-0.002301329236279792
2020-09-09,ETC-USD,Crypto,Crypto,-0.0056494957582988725
2020-09-10,ETC-USD,Crypto,Crypto,0.026648096442358993
2020-09-11,ETC-USD,Crypto,Crypto,0.005148255043000427
2020-09-12,ETC-USD,Crypto,Crypto,0.004290446116047786
2020-09-13,ETC-USD,Crypto,Crypto,-0.034779101052594186
2020-09-14,ETC-USD,Crypto,Crypto,0.02224553777627114
2020-09-15,ETC-USD,Crypto,Crypto,0.003998211415963793
2020-09-16,ETC-USD,Crypto,Crypto,-0.008778228747696737
2020-09-17,ETC-USD,Crypto,Crypto,0.013806684801591862
2020-09-18,ETC-USD,Crypto,Crypto,-0.00032339696905070436
2020-09-19,ETC-USD,Crypto,Crypto,0.004400988511501724
2020-09-20,ETC-USD,Crypto,Crypto,-0.027735342315517886
2020-09-21,ETC-USD,Crypto,Crypto,-0.04642222460281886
2020-09-22,ETC-USD,Crypto,Crypto,0.01997779581643422
2020-09-23,ETC-USD,Crypto,Crypto,-0.01953824178658159
2020-09-24,ETC-USD,Crypto,Crypto,0.028257909692035676
2020-09-25,ETC-USD,Crypto,Crypto,-0.0038983356988159246
2020-09-26,ETC-USD,Crypto,Crypto,0.07962618143881173
2020-09-27,ETC-USD,Crypto,Crypto,0.010957946708155974
2020-09-28,ETC-USD,Crypto,Crypto,-0.00350670586815216
2020-09-29,ETC-USD,Crypto,Crypto,-0.00162767522213636
2020-09-30,ETC-USD,Crypto,Crypto,-0.003911381551944593
2020-10-01,ETC-USD,Crypto,Crypto,-0.013520738562162515
2020-10-02,ETC-USD,Crypto,Crypto,-0.02486077528886288
2020-10-03,ETC-USD,Crypto,Crypto,-0.010756132981911803
2020-10-04,ETC-USD,Crypto,Crypto,0.005010543015661728
2020-10-05,ETC-USD,Crypto,Crypto,-0.010405945473473732
2020-10-06,ETC-USD,Crypto,Crypto,0.026278993324556632
2020-10-07,ETC-USD,Crypto,Crypto,-0.013006203502829328
2020-10-08,ETC-USD,Crypto,Crypto,0.0010818782445636277
2020-10-09,ETC-USD,Crypto,Crypto,0.01806602780704325
2020-10-10,ETC-USD,Crypto,Crypto,0.005300424594476327
2020-10-11,ETC-USD,Crypto,Crypto,0.025521114733010997
2020-10-12,ETC-USD,Crypto,Crypto,0.004573737375154652
2020-10-13,ETC-USD,Crypto,Crypto,-0.019615988567000198
2020-10-14,ETC-USD,Crypto,Crypto,0.0047711557431631135
2020-10-15,ETC-USD,Crypto,Crypto,-0.009302845316104591
2020-10-16,ETC-USD,Crypto,Crypto,-0.028641002747265
2020-10-17,ETC-USD,Crypto,Crypto,0.002297681213122571
2020-10-18,ETC-USD,Crypto,Crypto,0.006272442266116229
2020-10-19,ETC-USD,Crypto,Crypto,-0.0001767573409304779
2020-10-20,ETC-USD,Crypto,Crypto,-0.023854862412179823
2020-10-21,ETC-USD,Crypto,Crypto,0.0533340505346267
2020-10-22,ETC-USD,Crypto,Crypto,0.046780478382212776
2020-10-23,ETC-USD,Crypto,Crypto,-0.024509515707078378
2020-10-24,ETC-USD,Crypto,Crypto,0.00785053891732268
2020-10-25,ETC-USD,Crypto,Crypto,0.004075442194452883
2020-10-26,ETC-USD,Crypto,Crypto,-0.01757988773865038
2020-10-27,ETC-USD,Crypto,Crypto,0.0006455464468875238
2020-10-28,ETC-USD,Crypto,Crypto,-0.03197008569239124
2020-10-29,ETC-USD,Crypto,Crypto,0.022340462907042724
2020-10-30,ETC-USD,Crypto,Crypto,-0.02605318236573928
2020-10-31,ETC-USD,Crypto,Crypto,0.0018982695161753327
2020-11-01,ETC-USD,Crypto,Crypto,-0.009877141397752198
2020-11-02,ETC-USD,Crypto,Crypto,-0.04946946063522817
2020-11-03,ETC-USD,Crypto,Crypto,-0.0208252970638092
2020-11-04,ETC-USD,Crypto,Crypto,0.0022681798475638892
2020-11-05,ETC-USD,Crypto,Crypto,0.046831484462871886
2020-11-06,ETC-USD,Crypto,Crypto,0.051715465547711004
2020-11-07,ETC-USD,Crypto,Crypto,-0.05289541915677476
2020-11-08,ETC-USD,Crypto,Crypto,0.020793200616536334
2020-11-09,ETC-USD,Crypto,Crypto,-0.027929869047314315
2020-11-10,ETC-USD,Crypto,Crypto,0.017734298518327307
2020-11-11,ETC-USD,Crypto,Crypto,-0.006462478844848185
2020-11-12,ETC-USD,Crypto,Crypto,-0.011326312665252525
2020-11-13,ETC-USD,Crypto,Crypto,0.01984748680531445
2020-11-14,ETC-USD,Crypto,Crypto,-0.01800290865247922
2020-11-15,ETC-USD,Crypto,Crypto,-0.002338716377108141
2020-11-16,ETC-USD,Crypto,Crypto,0.056627807867315916
2020-11-17,ETC-USD,Crypto,Crypto,0.08543306651955818
2020-11-18,ETC-USD,Crypto,Crypto,0.05125493403629777
2020-11-19,ETC-USD,Crypto,Crypto,-0.0232708457324472
2020-11-20,ETC-USD,Crypto,Crypto,0.02201369776630302
2020-11-21,ETC-USD,Crypto,Crypto,0.08508958316194004
2020-11-22,ETC-USD,Crypto,Crypto,-0.08309861855246048
2020-11-23,ETC-USD,Crypto,Crypto,0.08488073954881026
2020-11-24,ETC-USD,Crypto,Crypto,0.11144437181059819
2020-11-25,ETC-USD,Crypto,Crypto,-0.03542530459036952
2020-11-26,ETC-USD,Crypto,Crypto,-0.12524267937230948
2020-11-27,ETC-USD,Crypto,Crypto,0.012665260868641282
2020-11-28,ETC-USD,Crypto,Crypto,0.019934789676218534
2020-11-29,ETC-USD,Crypto,Crypto,0.010419920261549809
2020-11-30,ETC-USD,Crypto,Crypto,0.05075572403546236
2020-12-01,ETC-USD,Crypto,Crypto,-0.08078853712752199
2020-12-02,ETC-USD,Crypto,Crypto,0.00977367776736604
2020-12-03,ETC-USD,Crypto,Crypto,0.05553335388719183
2020-12-04,ETC-USD,Crypto,Crypto,-0.08777016534488291
2020-12-05,ETC-USD,Crypto,Crypto,0.03179925750128154
2020-12-06,ETC-USD,Crypto,Crypto,-0.005193570451699658
2020-12-07,ETC-USD,Crypto,Crypto,-0.0018222056031719225
2020-12-08,ETC-USD,Crypto,Crypto,-0.06149888690376282
2020-12-09,ETC-USD,Crypto,Crypto,0.051433697337455175
2020-12-10,ETC-USD,Crypto,Crypto,-0.027761695659132224
2020-12-11,ETC-USD,Crypto,Crypto,-0.016702756360465143
2020-12-12,ETC-USD,Crypto,Crypto,0.028391690620142906
2020-12-13,ETC-USD,Crypto,Crypto,0.024674225914198544
2020-12-14,ETC-USD,Crypto,Crypto,-0.01387180922183473
2020-12-15,ETC-USD,Crypto,Crypto,0.004221553959556479
2020-12-16,ETC-USD,Crypto,Crypto,0.06316642088869906
2020-12-17,ETC-USD,Crypto,Crypto,0.006359701235154613
2020-12-18,ETC-USD,Crypto,Crypto,-0.011667044392182024
2020-12-19,ETC-USD,Crypto,Crypto,0.003365333556561767
2020-12-20,ETC-USD,Crypto,Crypto,0.00790491067468757
2020-12-21,ETC-USD,Crypto,Crypto,-0.0529944915203997
2020-12-22,ETC-USD,Crypto,Crypto,-0.0012699780866374244
2020-12-23,ETC-USD,Crypto,Crypto,-0.17051664002947609
2020-12-24,ETC-USD,Crypto,Crypto,0.09893419794030045
2020-12-25,ETC-USD,Crypto,Crypto,0.03015634207932938
2020-12-26,ETC-USD,Crypto,Crypto,0.0130965217567236
2020-12-27,ETC-USD,Crypto,Crypto,-0.003215026428350476
2020-12-28,ETC-USD,Crypto,Crypto,0.019970917980378644
2020-12-29,ETC-USD,Crypto,Crypto,-0.03239341104461013
2020-12-30,ETC-USD,Crypto,Crypto,-0.007751908961868725
2020-12-31,ETC-USD,Crypto,Crypto,-0.001639231960713472
2021-01-01,ETC-USD,Crypto,Crypto,0.004713118178931275
2021-01-02,ETC-USD,Crypto,Crypto,0.013694271908490263
2021-01-03,ETC-USD,Crypto,Crypto,0.13401600830167593
2021-01-04,ETC-USD,Crypto,Crypto,0.06975016726802674
2021-01-05,ETC-USD,Crypto,Crypto,0.03343419383910495
2021-01-06,ETC-USD,Crypto,Crypto,0.04699436227095699
2021-01-07,ETC-USD,Crypto,Crypto,-0.049437589673980264
2021-01-08,ETC-USD,Crypto,Crypto,-0.03709390293028003
2021-01-09,ETC-USD,Crypto,Crypto,0.11910447898469756
2021-01-10,ETC-USD,Crypto,Crypto,0.144101043173666
2021-01-11,ETC-USD,Crypto,Crypto,-0.18511653928000738
2021-01-12,ETC-USD,Crypto,Crypto,-0.03305488325951056
2021-01-13,ETC-USD,Crypto,Crypto,0.08311858699232144
2021-01-14,ETC-USD,Crypto,Crypto,0.020355771383955723
2021-01-15,ETC-USD,Crypto,Crypto,-0.019596567865787784
2021-01-16,ETC-USD,Crypto,Crypto,0.0273023173542839
2021-01-17,ETC-USD,Crypto,Crypto,-0.019247946988747766
2021-01-18,ETC-USD,Crypto,Crypto,0.006314404350475478
2021-01-19,ETC-USD,Crypto,Crypto,0.019192218399774585
2021-01-20,ETC-USD,Crypto,Crypto,0.00886563759539305
2021-01-21,ETC-USD,Crypto,Crypto,-0.10241578971175425
2021-01-22,ETC-USD,Crypto,Crypto,0.04650190730754411
2021-01-23,ETC-USD,Crypto,Crypto,0.0003760080208203842
2021-01-24,ETC-USD,Crypto,Crypto,0.026052804911598226
2021-01-25,ETC-USD,Crypto,Crypto,-0.015804986252581754
2021-01-26,ETC-USD,Crypto,Crypto,-0.010346987200225755
2021-01-27,ETC-USD,Crypto,Crypto,-0.07123827350124423
2021-01-28,ETC-USD,Crypto,Crypto,0.11311823293849388
2021-01-29,ETC-USD,Crypto,Crypto,-0.007502301313712323
2021-01-30,ETC-USD,Crypto,Crypto,-0.008477306464182877
2021-01-31,ETC-USD,Crypto,Crypto,-0.020068270436260915
2021-02-01,ETC-USD,Crypto,Crypto,0.01372308717673576
2021-02-02,ETC-USD,Crypto,Crypto,0.038493454919579895
2021-02-03,ETC-USD,Crypto,Crypto,0.015841072047960703
2021-02-04,ETC-USD,Crypto,Crypto,-0.03514471402374075
2021-02-05,ETC-USD,Crypto,Crypto,0.11386798019433564
2021-02-06,ETC-USD,Crypto,Crypto,0.02835181469951209
2021-02-07,ETC-USD,Crypto,Crypto,-0.053254160239731396
2021-02-08,ETC-USD,Crypto,Crypto,0.04838055188145374
2021-02-09,ETC-USD,Crypto,Crypto,0.10060440824158956
2021-02-10,ETC-USD,Crypto,Crypto,0.08631224915356839
2021-02-11,ETC-USD,Crypto,Crypto,0.12280794455576549
2021-02-12,ETC-USD,Crypto,Crypto,0.030468602936562617
2021-02-13,ETC-USD,Crypto,Crypto,0.37948660618717556
2021-02-14,ETC-USD,Crypto,Crypto,-0.02706906154034494
2021-02-15,ETC-USD,Crypto,Crypto,-0.0929950389476284
2021-02-16,ETC-USD,Crypto,Crypto,-0.019726575818797
2021-02-17,ETC-USD,Crypto,Crypto,0.062318771826944674
2021-02-18,ETC-USD,Crypto,Crypto,-0.018225907208104908
2021-02-19,ETC-USD,Crypto,Crypto,0.027153115039100673
2021-02-20,ETC-USD,Crypto,Crypto,-0.017640784477558458
2021-02-21,ETC-USD,Crypto,Crypto,0.036878704200247636
2021-02-22,ETC-USD,Crypto,Crypto,-0.10963823216368995
2021-02-23,ETC-USD,Crypto,Crypto,-0.18837965139638058
2021-02-24,ETC-USD,Crypto,Crypto,0.049926272453197695
2021-02-25,ETC-USD,Crypto,Crypto,-0.07485001058541096
2021-02-26,ETC-USD,Crypto,Crypto,-0.024588315243556647
2021-02-27,ETC-USD,Crypto,Crypto,0.036234229181879796
2021-02-28,ETC-USD,Crypto,Crypto,-0.07192999982148762
2021-03-01,ETC-USD,Crypto,Crypto,0.06609749561160072
2021-03-02,ETC-USD,Crypto,Crypto,-0.008239233919350664
2021-03-03,ETC-USD,Crypto,Crypto,0.035204752904903325
2021-03-04,ETC-USD,Crypto,Crypto,-0.02386856670739257
2021-03-05,ETC-USD,Crypto,Crypto,-0.00644669441809842
2021-03-06,ETC-USD,Crypto,Crypto,0.018227140327811586
2021-03-07,ETC-USD,Crypto,Crypto,0.03407083651244758
2021-03-08,ETC-USD,Crypto,Crypto,0.014058583567858163
2021-03-09,ETC-USD,Crypto,Crypto,0.061045588048837196
2021-03-10,ETC-USD,Crypto,Crypto,-0.03317783980362665
2021-03-11,ETC-USD,Crypto,Crypto,0.020493593132476118
2021-03-12,ETC-USD,Crypto,Crypto,-0.024275147539307262
2021-03-13,ETC-USD,Crypto,Crypto,0.15813930565713163
2021-03-14,ETC-USD,Crypto,Crypto,-0.07545125579439182
2021-03-15,ETC-USD,Crypto,Crypto,-0.04808234434923242
2021-03-16,ETC-USD,Crypto,Crypto,0.020592654681771627
2021-03-17,ETC-USD,Crypto,Crypto,0.005080626838182667
2021-03-18,ETC-USD,Crypto,Crypto,-0.02151034870538049
2021-03-19,ETC-USD,Crypto,Crypto,0.006092676927910379
2021-03-20,ETC-USD,Crypto,Crypto,0.0032420370767296536
2021-03-21,ETC-USD,Crypto,Crypto,-0.02672656646976046
2021-03-22,ETC-USD,Crypto,Crypto,-0.020811306681332797
2021-03-23,ETC-USD,Crypto,Crypto,0.049032335774344515
2021-03-24,ETC-USD,Crypto,Crypto,-0.07431691384630212
2021-03-25,ETC-USD,Crypto,Crypto,-0.023478879899070826
2021-03-26,ETC-USD,Crypto,Crypto,0.05628638634160188
2021-03-27,ETC-USD,Crypto,Crypto,0.0016969015118071251
2021-03-28,ETC-USD,Crypto,Crypto,0.007775325483961648
2021-03-29,ETC-USD,Crypto,Crypto,0.05842210312667939
2021-03-30,ETC-USD,Crypto,Crypto,0.034897552973529145
2021-03-31,ETC-USD,Crypto,Crypto,0.08192681378950506
2021-04-01,ETC-USD,Crypto,Crypto,0.02351837196278539
2021-04-02,ETC-USD,Crypto,Crypto,0.06090619294271482
2021-04-03,ETC-USD,Crypto,Crypto,-0.10616353376634569
2021-04-04,ETC-USD,Crypto,Crypto,0.0696429273036836
2021-04-05,ETC-USD,Crypto,Crypto,0.10335266077254901
2021-04-06,ETC-USD,Crypto,Crypto,0.107491101254233
2021-04-07,ETC-USD,Crypto,Crypto,0.07447827172915189
2021-04-08,ETC-USD,Crypto,Crypto,0.01624836912058525
2021-04-09,ETC-USD,Crypto,Crypto,-0.0376243894214765
2021-04-10,ETC-USD,Crypto,Crypto,0.08649545190247387
2021-04-11,ETC-USD,Crypto,Crypto,0.0019762431813530323
2021-04-12,ETC-USD,Crypto,Crypto,-0.04409624671921397
2021-04-13,ETC-USD,Crypto,Crypto,0.08654377497686938
2021-04-14,ETC-USD,Crypto,Crypto,0.0355646753175789
2021-04-15,ETC-USD,Crypto,Crypto,0.3036850487783964
2021-04-16,ETC-USD,Crypto,Crypto,0.34500732026215153
2021-04-17,ETC-USD,Crypto,Crypto,-0.0055991911586529275
2021-04-18,ETC-USD,Crypto,Crypto,-0.03427625929158162
2021-04-19,ETC-USD,Crypto,Crypto,-0.0948751501707733
2021-04-20,ETC-USD,Crypto,Crypto,0.0040859680666089915
2021-04-21,ETC-USD,Crypto,Crypto,-0.043932413033277995
2021-04-22,ETC-USD,Crypto,Crypto,0.04216697457126761
2021-04-23,ETC-USD,Crypto,Crypto,-0.02846030419095802
2021-04-24,ETC-USD,Crypto,Crypto,-0.09179044741032905
2021-04-25,ETC-USD,Crypto,Crypto,-0.015507213134295372
2021-04-26,ETC-USD,Crypto,Crypto,0.1270902431536023
2021-04-27,ETC-USD,Crypto,Crypto,0.027463316536876947
2021-04-28,ETC-USD,Crypto,Crypto,0.03864751737409833
2021-04-29,ETC-USD,Crypto,Crypto,-0.015908300070748616
2021-04-30,ETC-USD,Crypto,Crypto,0.05544206993056533
2021-05-01,ETC-USD,Crypto,Crypto,0.22659272316941692
2021-05-02,ETC-USD,Crypto,Crypto,0.006601734489203315
2021-05-03,ETC-USD,Crypto,Crypto,0.15936609615513198
2021-05-04,ETC-USD,Crypto,Crypto,0.3348262905754864
2021-05-05,ETC-USD,Crypto,Crypto,0.35652917906193804
2021-05-06,ETC-USD,Crypto,Crypto,0.42258251683374093
2021-05-07,ETC-USD,Crypto,Crypto,-0.10418996654148405
2021-05-08,ETC-USD,Crypto,Crypto,0.05293121068912776
2021-05-09,ETC-USD,Crypto,Crypto,-0.07203837607394381
2021-05-10,ETC-USD,Crypto,Crypto,-0.10522621427062517
2021-05-11,ETC-USD,Crypto,Crypto,0.05822428526317003
2021-05-12,ETC-USD,Crypto,Crypto,-0.2553630272130628
2021-05-13,ETC-USD,Crypto,Crypto,0.06059364037992854
2021-05-14,ETC-USD,Crypto,Crypto,0.18626659572750004
2021-05-15,ETC-USD,Crypto,Crypto,-0.08601037264117517
2021-05-16,ETC-USD,Crypto,Crypto,-0.01447578703995056
2021-05-17,ETC-USD,Crypto,Crypto,-0.041068874755180285
2021-05-18,ETC-USD,Crypto,Crypto,-0.014020188392649735
2021-05-19,ETC-USD,Crypto,Crypto,-0.32201439153450073
2021-05-20,ETC-USD,Crypto,Crypto,0.23176248873295546
2021-05-21,ETC-USD,Crypto,Crypto,-0.13517318098946118
2021-05-22,ETC-USD,Crypto,Crypto,-0.08599628807227533
2021-05-23,ETC-USD,Crypto,Crypto,-0.1122856496033513
2021-05-24,ETC-USD,Crypto,Crypto,0.41290192764650846
2021-05-25,ETC-USD,Crypto,Crypto,0.06568086024794839
2021-05-26,ETC-USD,Crypto,Crypto,0.021551191624815225
2021-05-27,ETC-USD,Crypto,Crypto,-0.07033410031581
2021-05-28,ETC-USD,Crypto,Crypto,-0.08008084442069285
2021-05-29,ETC-USD,Crypto,Crypto,-0.05963370332951923
2021-05-30,ETC-USD,Crypto,Crypto,0.03243680144514882
2021-05-31,ETC-USD,Crypto,Crypto,0.05804495004094856
2021-06-01,ETC-USD,Crypto,Crypto,-0.03459652544031211
2021-06-02,ETC-USD,Crypto,Crypto,0.0089203123341699
2021-06-03,ETC-USD,Crypto,Crypto,0.020584225353244
2021-06-04,ETC-USD,Crypto,Crypto,-0.07049055455490116
2021-06-05,ETC-USD,Crypto,Crypto,-0.026830488938621833
2021-06-06,ETC-USD,Crypto,Crypto,0.015305600280331122
2021-06-07,ETC-USD,Crypto,Crypto,-0.09741427437934935
2021-06-08,ETC-USD,Crypto,Crypto,-0.016496769771285447
2021-06-09,ETC-USD,Crypto,Crypto,0.0891710198274609
2021-06-10,ETC-USD,Crypto,Crypto,-0.0651608737984779
2021-06-11,ETC-USD,Crypto,Crypto,-0.017030234972461367
2021-06-12,ETC-USD,Crypto,Crypto,-0.029683100303682597
2021-06-13,ETC-USD,Crypto,Crypto,0.0685977621579057
2021-06-14,ETC-USD,Crypto,Crypto,0.0016952666888008228
2021-06-15,ETC-USD,Crypto,Crypto,0.003726950392340278
2021-06-16,ETC-USD,Crypto,Crypto,-0.06913393253913924
2021-06-17,ETC-USD,Crypto,Crypto,0.004759379085993443
2021-06-18,ETC-USD,Crypto,Crypto,-0.053835953440816486
2021-06-19,ETC-USD,Crypto,Crypto,-0.026589808637533352
2021-06-20,ETC-USD,Crypto,Crypto,-0.0007053132379097882
2021-06-21,ETC-USD,Crypto,Crypto,-0.22859650550013177
2021-06-22,ETC-USD,Crypto,Crypto,-0.07359205205799069
2021-06-23,ETC-USD,Crypto,Crypto,0.11058940571711084
2021-06-24,ETC-USD,Crypto,Crypto,0.06229051548037878
2021-06-25,ETC-USD,Crypto,Crypto,-0.08045831712262463
2021-06-26,ETC-USD,Crypto,Crypto,0.022458316823333657
2021-06-27,ETC-USD,Crypto,Crypto,0.044808398659515136
2021-06-28,ETC-USD,Crypto,Crypto,0.023589328133054144
2021-06-29,ETC-USD,Crypto,Crypto,0.2993794045343765
2021-06-30,ETC-USD,Crypto,Crypto,0.023545613091277673
2021-07-01,ETC-USD,Crypto,Crypto,-0.0761716046565708
2021-07-02,ETC-USD,Crypto,Crypto,0.009988495950295162
2021-07-03,ETC-USD,Crypto,Crypto,0.056951460743731586
2021-07-04,ETC-USD,Crypto,Crypto,-0.010312922348177822
2021-07-05,ETC-USD,Crypto,Crypto,-0.04556843104889141
2021-07-06,ETC-USD,Crypto,Crypto,0.019222630107627703
2021-07-07,ETC-USD,Crypto,Crypto,-0.034801073576046226
2021-07-08,ETC-USD,Crypto,Crypto,-0.060331537192057416
2021-07-09,ETC-USD,Crypto,Crypto,0.009956405365604715
2021-07-10,ETC-USD,Crypto,Crypto,-0.018903762614616793
2021-07-11,ETC-USD,Crypto,Crypto,0.010564731107818082
2021-07-12,ETC-USD,Crypto,Crypto,-0.037746063713726796
2021-07-13,ETC-USD,Crypto,Crypto,-0.047010039998037434
2021-07-14,ETC-USD,Crypto,Crypto,0.0020620966345765712
2021-07-15,ETC-USD,Crypto,Crypto,-0.05468992016211527
2021-07-16,ETC-USD,Crypto,Crypto,-0.04403581363750897
2021-07-17,ETC-USD,Crypto,Crypto,0.004578130806907055
2021-07-18,ETC-USD,Crypto,Crypto,0.012959512463257106
2021-07-19,ETC-USD,Crypto,Crypto,-0.011469125129324409
2021-07-20,ETC-USD,Crypto,Crypto,-0.05092289182913168
2021-07-21,ETC-USD,Crypto,Crypto,0.08794570978953842
2021-07-22,ETC-USD,Crypto,Crypto,0.012770275231807515
2021-07-23,ETC-USD,Crypto,Crypto,0.05486595392207261
2021-07-24,ETC-USD,Crypto,Crypto,0.08071119805346139
2021-07-25,ETC-USD,Crypto,Crypto,-0.020622884948197306
2021-07-26,ETC-USD,Crypto,Crypto,0.0013165831463661792
2021-07-27,ETC-USD,Crypto,Crypto,0.01913060184863835
2021-07-28,ETC-USD,Crypto,Crypto,-0.0057431322304997146
2021-07-29,ETC-USD,Crypto,Crypto,0.0015818025597909013
2021-07-30,ETC-USD,Crypto,Crypto,0.03737527027259402
2021-07-31,ETC-USD,Crypto,Crypto,0.006399264431422802
2021-08-01,ETC-USD,Crypto,Crypto,-0.019425172365490795
2021-08-02,ETC-USD,Crypto,Crypto,0.018965586772974996
2021-08-03,ETC-USD,Crypto,Crypto,-0.038981966226623865
2021-08-04,ETC-USD,Crypto,Crypto,0.0453954540491921
2021-08-05,ETC-USD,Crypto,Crypto,0.016515793827453606
2021-08-06,ETC-USD,Crypto,Crypto,0.01013511794008215
2021-08-07,ETC-USD,Crypto,Crypto,0.14227406611884352
2021-08-08,ETC-USD,Crypto,Crypto,-0.0557822678283616
2021-08-09,ETC-USD,Crypto,Crypto,0.03493911062917143
2021-08-10,ETC-USD,Crypto,Crypto,-0.0048271085712516815
2021-08-11,ETC-USD,Crypto,Crypto,0.034420851907693395
2021-08-12,ETC-USD,Crypto,Crypto,-0.015089421882029552
2021-08-13,ETC-USD,Crypto,Crypto,0.07100543017495142
2021-08-14,ETC-USD,Crypto,Crypto,0.044305188127861994
2021-08-15,ETC-USD,Crypto,Crypto,0.11648325652702018
2021-08-16,ETC-USD,Crypto,Crypto,-0.07357480177001252
2021-08-17,ETC-USD,Crypto,Crypto,-0.09283278383173321
2021-08-18,ETC-USD,Crypto,Crypto,0.017602998184011565
2021-08-19,ETC-USD,Crypto,Crypto,0.04593679181300403
2021-08-20,ETC-USD,Crypto,Crypto,0.04531806104912728
2021-08-21,ETC-USD,Crypto,Crypto,-0.035610841109725455
2021-08-22,ETC-USD,Crypto,Crypto,-0.00032748577120078615
2021-08-23,ETC-USD,Crypto,Crypto,0.010708416870127024
2021-08-24,ETC-USD,Crypto,Crypto,-0.07810322426138094
2021-08-25,ETC-USD,Crypto,Crypto,0.011716930608781873
2021-08-26,ETC-USD,Crypto,Crypto,-0.06062943209542082
2021-08-27,ETC-USD,Crypto,Crypto,0.07251749348028147
2021-08-28,ETC-USD,Crypto,Crypto,0.0018099403226552457
2021-08-29,ETC-USD,Crypto,Crypto,-0.0124150391649126
2021-08-30,ETC-USD,Crypto,Crypto,-0.026305065838578168
2021-08-31,ETC-USD,Crypto,Crypto,0.03490158076703187
2021-09-01,ETC-USD,Crypto,Crypto,0.0788065172379615
2021-09-02,ETC-USD,Crypto,Crypto,-0.01775605941969316
2021-09-03,ETC-USD,Crypto,Crypto,0.032726680936203234
2021-09-04,ETC-USD,Crypto,Crypto,-0.01569887662946745
2021-09-05,ETC-USD,Crypto,Crypto,0.06875922090780051
2021-09-06,ETC-USD,Crypto,Crypto,-0.00020619341149330506
2021-09-07,ETC-USD,Crypto,Crypto,-0.19561193385435993
2021-09-08,ETC-USD,Crypto,Crypto,-0.009615861805380543
2021-09-09,ETC-USD,Crypto,Crypto,0.005321770378909907
2021-09-10,ETC-USD,Crypto,Crypto,-0.04332723052964926
2021-09-11,ETC-USD,Crypto,Crypto,0.013464721822549652
2021-09-12,ETC-USD,Crypto,Crypto,0.018260941556013766
2021-09-13,ETC-USD,Crypto,Crypto,-0.04114130051350484
2021-09-14,ETC-USD,Crypto,Crypto,0.023806858554175747
2021-09-15,ETC-USD,Crypto,Crypto,0.03633278960574171
2021-09-16,ETC-USD,Crypto,Crypto,-0.019131948962650025
2021-09-17,ETC-USD,Crypto,Crypto,-0.024004471754897727
2021-09-18,ETC-USD,Crypto,Crypto,0.010985168396812739
2021-09-19,ETC-USD,Crypto,Crypto,-0.03400436281033814
2021-09-20,ETC-USD,Crypto,Crypto,-0.11583227545853403
2021-09-21,ETC-USD,Crypto,Crypto,-0.06446832287163196
2021-09-22,ETC-USD,Crypto,Crypto,0.1211312263842037
2021-09-23,ETC-USD,Crypto,Crypto,0.0012592373496636
2021-09-24,ETC-USD,Crypto,Crypto,-0.07149983811606753
2021-09-25,ETC-USD,Crypto,Crypto,-0.005852656283657609
2021-09-26,ETC-USD,Crypto,Crypto,-0.004909009397533803
2021-09-27,ETC-USD,Crypto,Crypto,-0.036644251677567796
2021-09-28,ETC-USD,Crypto,Crypto,-0.009482957089170352
2021-09-29,ETC-USD,Crypto,Crypto,0.012439193178285679
2021-09-30,ETC-USD,Crypto,Crypto,0.03026976783877422
2021-10-01,ETC-USD,Crypto,Crypto,0.10532340356766712
2021-10-02,ETC-USD,Crypto,Crypto,0.028244731989008676
2021-10-03,ETC-USD,Crypto,Crypto,0.006117699645475927
2021-10-04,ETC-USD,Crypto,Crypto,-0.02237761840476593
2021-10-05,ETC-USD,Crypto,Crypto,0.03606817381784033
2021-10-06,ETC-USD,Crypto,Crypto,0.009019778392874045
2021-10-07,ETC-USD,Crypto,Crypto,-0.01073234332325479
2021-10-08,ETC-USD,Crypto,Crypto,-0.011857753872922316
2021-10-09,ETC-USD,Crypto,Crypto,0.035922947953922924
2021-10-10,ETC-USD,Crypto,Crypto,-0.0458727884362955
2021-10-11,ETC-USD,Crypto,Crypto,0.018448781750711962
2021-10-12,ETC-USD,Crypto,Crypto,-0.02296872685223439
2021-10-13,ETC-USD,Crypto,Crypto,0.011556715711254606
2021-10-14,ETC-USD,Crypto,Crypto,0.01963288886304082
2021-10-15,ETC-USD,Crypto,Crypto,-0.002092683490818925
2021-10-16,ETC-USD,Crypto,Crypto,-0.00429750545684604
2021-10-17,ETC-USD,Crypto,Crypto,-0.01891568617757733
2021-10-18,ETC-USD,Crypto,Crypto,-0.010948071130978398
2021-10-19,ETC-USD,Crypto,Crypto,0.008379925824603784
2021-10-20,ETC-USD,Crypto,Crypto,0.04891453624769926
2021-10-21,ETC-USD,Crypto,Crypto,-0.0016403574801585608
2021-10-22,ETC-USD,Crypto,Crypto,-0.01570325586376342
2021-10-23,ETC-USD,Crypto,Crypto,0.02554326647856975
2021-10-24,ETC-USD,Crypto,Crypto,-0.01618573259917666
2021-10-25,ETC-USD,Crypto,Crypto,0.005854361504518568
2021-10-26,ETC-USD,Crypto,Crypto,-0.021805253010082515
2021-10-27,ETC-USD,Crypto,Crypto,-0.09990132706608645
2021-10-28,ETC-USD,Crypto,Crypto,0.0723756949743366
2021-10-29,ETC-USD,Crypto,Crypto,0.026707894643323238
2021-10-30,ETC-USD,Crypto,Crypto,-0.015933726070572862
2021-10-31,ETC-USD,Crypto,Crypto,0.028551009766152546
2021-11-01,ETC-USD,Crypto,Crypto,-0.009734858094790577
2021-11-02,ETC-USD,Crypto,Crypto,0.02494317301894089
2021-11-03,ETC-USD,Crypto,Crypto,0.007043481292932086
2021-11-04,ETC-USD,Crypto,Crypto,-0.03161735649790076
2021-11-05,ETC-USD,Crypto,Crypto,-0.009672738711336781
2021-11-06,ETC-USD,Crypto,Crypto,-0.007359026025082871
2021-11-07,ETC-USD,Crypto,Crypto,0.019629020646143802
2021-11-08,ETC-USD,Crypto,Crypto,0.047051955583810035
2021-11-09,ETC-USD,Crypto,Crypto,0.07794649895704242
2021-11-10,ETC-USD,Crypto,Crypto,-0.06679966046697827
2021-11-11,ETC-USD,Crypto,Crypto,0.0020170844370617225
2021-11-12,ETC-USD,Crypto,Crypto,-0.023412628608841968
2021-11-13,ETC-USD,Crypto,Crypto,0.014654639980189899
2021-11-14,ETC-USD,Crypto,Crypto,-0.0036204069563736674
2021-11-15,ETC-USD,Crypto,Crypto,-0.02442754282599069
2021-11-16,ETC-USD,Crypto,Crypto,-0.07061057195489995
2021-11-17,ETC-USD,Crypto,Crypto,0.006502194230222136
2021-11-18,ETC-USD,Crypto,Crypto,-0.05471078943233565
2021-11-19,ETC-USD,Crypto,Crypto,0.04756971565712553
2021-11-20,ETC-USD,Crypto,Crypto,0.0058060914577786615
2021-11-21,ETC-USD,Crypto,Crypto,-0.009377240258209296
2021-11-22,ETC-USD,Crypto,Crypto,-0.038606322674742066
2021-11-23,ETC-USD,Crypto,Crypto,0.019703633758122008
2021-11-24,ETC-USD,Crypto,Crypto,-0.024367684338960305
2021-11-25,ETC-USD,Crypto,Crypto,-0.003574645430066359
2021-11-26,ETC-USD,Crypto,Crypto,-0.03511417100265346
2021-11-27,ETC-USD,Crypto,Crypto,0.007663944774839004
2021-11-28,ETC-USD,Crypto,Crypto,0.014221343119251717
2021-11-29,ETC-USD,Crypto,Crypto,0.015994734912238906
2021-11-30,ETC-USD,Crypto,Crypto,0.0019138554873192604
2021-12-01,ETC-USD,Crypto,Crypto,-0.010006389674576122
2021-12-02,ETC-USD,Crypto,Crypto,-0.017277945393612604
2021-12-03,ETC-USD,Crypto,Crypto,-0.046344155169414813
2021-12-04,ETC-USD,Crypto,Crypto,-0.12185237379726732
2021-12-05,ETC-USD,Crypto,Crypto,-0.01461558853513012
2021-12-06,ETC-USD,Crypto,Crypto,0.016065145751803733
2021-12-07,ETC-USD,Crypto,Crypto,0.007018493581718799
2021-12-08,ETC-USD,Crypto,Crypto,0.030904822125250808
2021-12-09,ETC-USD,Crypto,Crypto,-0.08160584876850441
2021-12-10,ETC-USD,Crypto,Crypto,-0.02969217268665647
2021-12-11,ETC-USD,Crypto,Crypto,0.0416679815414569
2021-12-12,ETC-USD,Crypto,Crypto,-0.0016623953178472872
2021-12-13,ETC-USD,Crypto,Crypto,-0.09797817080405335
2021-12-14,ETC-USD,Crypto,Crypto,0.0066262080765682185
2021-12-15,ETC-USD,Crypto,Crypto,0.04685088270276183
2021-12-16,ETC-USD,Crypto,Crypto,-0.024546046035200053
2021-12-17,ETC-USD,Crypto,Crypto,-0.023853859632449237
2021-12-18,ETC-USD,Crypto,Crypto,0.020416616431387924
2021-12-19,ETC-USD,Crypto,Crypto,-0.005769884172572515
2021-12-20,ETC-USD,Crypto,Crypto,-0.010020917033841004
2021-12-21,ETC-USD,Crypto,Crypto,0.024661130116374608
2021-12-22,ETC-USD,Crypto,Crypto,0.010394588315705278
2021-12-23,ETC-USD,Crypto,Crypto,0.05042890663985866
2021-12-24,ETC-USD,Crypto,Crypto,-0.0019685507551294723
2021-12-25,ETC-USD,Crypto,Crypto,0.017665134792127724
2021-12-26,ETC-USD,Crypto,Crypto,-0.0038235521928684513
2021-12-27,ETC-USD,Crypto,Crypto,-0.0087329528456912
2021-12-28,ETC-USD,Crypto,Crypto,-0.069779758343948
2021-12-29,ETC-USD,Crypto,Crypto,-0.02547657732818631
2021-12-30,ETC-USD,Crypto,Crypto,0.014514189995445737
2021-12-31,ETC-USD,Crypto,Crypto,-0.014276900509626378
2022-01-01,ETC-USD,Crypto,Crypto,0.02181651922779171
2022-01-02,ETC-USD,Crypto,Crypto,0.015127766822472077
2022-01-03,ETC-USD,Crypto,Crypto,-0.01945521224215707
2022-01-04,ETC-USD,Crypto,Crypto,-0.0154540965258948
2022-01-05,ETC-USD,Crypto,Crypto,-0.06128130937200016
2022-01-06,ETC-USD,Crypto,Crypto,-0.01296428035430186
2022-01-07,ETC-USD,Crypto,Crypto,-0.03856692023322328
2022-01-08,ETC-USD,Crypto,Crypto,-0.03393805502146119
2022-01-09,ETC-USD,Crypto,Crypto,0.012207901694415435
2022-01-10,ETC-USD,Crypto,Crypto,-0.04326954653573667
2022-01-11,ETC-USD,Crypto,Crypto,0.04012187128997624
2022-01-12,ETC-USD,Crypto,Crypto,0.05000615909182082
2022-01-13,ETC-USD,Crypto,Crypto,-0.02744952205188156
2022-01-14,ETC-USD,Crypto,Crypto,0.05742823323121593
2022-01-15,ETC-USD,Crypto,Crypto,0.02827428577834712
2022-01-16,ETC-USD,Crypto,Crypto,-0.019047345104619806
2022-01-17,ETC-USD,Crypto,Crypto,-0.038436931728161206
2022-01-18,ETC-USD,Crypto,Crypto,0.054380018821840403
2022-01-19,ETC-USD,Crypto,Crypto,-0.038995790350424775
2022-01-20,ETC-USD,Crypto,Crypto,-0.07182388660995209
2022-01-21,ETC-USD,Crypto,Crypto,-0.11298769752112825
2022-01-22,ETC-USD,Crypto,Crypto,-0.06620563249284939
2022-01-23,ETC-USD,Crypto,Crypto,0.037925672831750745
2022-01-24,ETC-USD,Crypto,Crypto,-0.03917222569640455
2022-01-25,ETC-USD,Crypto,Crypto,-0.004203129467704625
2022-01-26,ETC-USD,Crypto,Crypto,0.015790712225574932
2022-01-27,ETC-USD,Crypto,Crypto,-0.004212213635701789
2022-01-28,ETC-USD,Crypto,Crypto,0.0373193144171724
2022-01-29,ETC-USD,Crypto,Crypto,0.005317609501013676
2022-01-30,ETC-USD,Crypto,Crypto,-0.011974906490777482
2022-01-31,ETC-USD,Crypto,Crypto,0.027999403682299917
2022-02-01,ETC-USD,Crypto,Crypto,0.04323917064275817
2022-02-02,ETC-USD,Crypto,Crypto,-0.018978873642526373
2022-02-03,ETC-USD,Crypto,Crypto,0.06040907201168033
2022-02-04,ETC-USD,Crypto,Crypto,0.06399633586041498
2022-02-05,ETC-USD,Crypto,Crypto,-0.008574819316720217
2022-02-06,ETC-USD,Crypto,Crypto,0.015474695560108387
2022-02-07,ETC-USD,Crypto,Crypto,0.09192797257033769
2022-02-08,ETC-USD,Crypto,Crypto,-0.01659203631810313
2022-02-09,ETC-USD,Crypto,Crypto,0.054075227472438314
2022-02-10,ETC-USD,Crypto,Crypto,0.018255609881933976
2022-02-11,ETC-USD,Crypto,Crypto,-0.05091760870877071
2022-02-12,ETC-USD,Crypto,Crypto,-0.0324503295805868
2022-02-13,ETC-USD,Crypto,Crypto,0.033180070012704066
2022-02-14,ETC-USD,Crypto,Crypto,-0.039468573708009935
2022-02-15,ETC-USD,Crypto,Crypto,0.06608203295648174
2022-02-16,ETC-USD,Crypto,Crypto,-0.03478795142494784
2022-02-17,ETC-USD,Crypto,Crypto,-0.09001439252594678
2022-02-18,ETC-USD,Crypto,Crypto,-0.011933786007381375
2022-02-19,ETC-USD,Crypto,Crypto,-0.009825823923383825
2022-02-20,ETC-USD,Crypto,Crypto,-0.046948424367087016
2022-02-21,ETC-USD,Crypto,Crypto,-0.0867024605008061
2022-02-22,ETC-USD,Crypto,Crypto,0.06628538872986645
2022-02-23,ETC-USD,Crypto,Crypto,-0.004802538260971656
2022-02-24,ETC-USD,Crypto,Crypto,0.0006383310661608466
2022-02-25,ETC-USD,Crypto,Crypto,0.054298362678835366
2022-02-26,ETC-USD,Crypto,Crypto,0.030549514236182462
2022-02-27,ETC-USD,Crypto,Crypto,-0.05237515120770031
2022-02-28,ETC-USD,Crypto,Crypto,0.10028239109009185
2022-03-01,ETC-USD,Crypto,Crypto,0.006520423547905718
2022-03-02,ETC-USD,Crypto,Crypto,-0.0254528139896687
2022-03-03,ETC-USD,Crypto,Crypto,0.023019202437378317
2022-03-04,ETC-USD,Crypto,Crypto,-0.08725830710358573
2022-03-05,ETC-USD,Crypto,Crypto,0.009156756873376137
2022-03-06,ETC-USD,Crypto,Crypto,-0.0440958369375859
2022-03-07,ETC-USD,Crypto,Crypto,-0.01600892537194243
2022-03-08,ETC-USD,Crypto,Crypto,0.019734373384799664
2022-03-09,ETC-USD,Crypto,Crypto,0.05261565175422289
2022-03-10,ETC-USD,Crypto,Crypto,-0.05030487804878048
2022-03-11,ETC-USD,Crypto,Crypto,-0.006668952061940403
2022-03-12,ETC-USD,Crypto,Crypto,-0.007508192694859361
2022-03-13,ETC-USD,Crypto,Crypto,-0.03426380448145483
2022-03-14,ETC-USD,Crypto,Crypto,0.020361660316540853
2022-03-15,ETC-USD,Crypto,Crypto,-0.0021085605616786296
2022-03-16,ETC-USD,Crypto,Crypto,0.057285187274371596
2022-03-17,ETC-USD,Crypto,Crypto,-0.006984117112286192
2022-03-18,ETC-USD,Crypto,Crypto,0.03403885012701191
2022-03-19,ETC-USD,Crypto,Crypto,0.2076501882541293
2022-03-20,ETC-USD,Crypto,Crypto,0.12584068183180386
2022-03-21,ETC-USD,Crypto,Crypto,0.006362962968881947
2022-03-22,ETC-USD,Crypto,Crypto,0.19606959213100583
2022-03-23,ETC-USD,Crypto,Crypto,-0.014856271787845987
2022-03-24,ETC-USD,Crypto,Crypto,0.07101250278074023
2022-03-25,ETC-USD,Crypto,Crypto,-0.007186693268552591
2022-03-26,ETC-USD,Crypto,Crypto,-0.019827845028839053
2022-03-27,ETC-USD,Crypto,Crypto,0.01872003658225241
2022-03-28,ETC-USD,Crypto,Crypto,-0.015869935675502433
2022-03-29,ETC-USD,Crypto,Crypto,0.0420256607078453
2022-03-30,ETC-USD,Crypto,Crypto,0.0076272682557072535
2022-03-31,ETC-USD,Crypto,Crypto,-0.04850287296157696
2022-04-01,ETC-USD,Crypto,Crypto,-0.0026323779992490914
2022-04-02,ETC-USD,Crypto,Crypto,-0.03458703529041318
2022-04-03,ETC-USD,Crypto,Crypto,0.026897439219445207
2022-04-04,ETC-USD,Crypto,Crypto,0.003100423713149114
2022-04-05,ETC-USD,Crypto,Crypto,-0.05048934651642989
2022-04-06,ETC-USD,Crypto,Crypto,-0.13721969882092633
2022-04-07,ETC-USD,Crypto,Crypto,0.13152615207755392
2022-04-08,ETC-USD,Crypto,Crypto,-0.06956457480114275
2022-04-09,ETC-USD,Crypto,Crypto,0.03688872438352453
2022-04-10,ETC-USD,Crypto,Crypto,-0.03481020287098002
2022-04-11,ETC-USD,Crypto,Crypto,-0.08562022262226787
2022-04-12,ETC-USD,Crypto,Crypto,0.029618579766917952
2022-04-13,ETC-USD,Crypto,Crypto,0.011578742718610924
2022-04-14,ETC-USD,Crypto,Crypto,-0.0380948846452267
2022-04-15,ETC-USD,Crypto,Crypto,0.007401473586588603
2022-04-16,ETC-USD,Crypto,Crypto,0.02332903368128858
2022-04-17,ETC-USD,Crypto,Crypto,-0.04139885005023991
2022-04-18,ETC-USD,Crypto,Crypto,0.006707059778536362
2022-04-19,ETC-USD,Crypto,Crypto,0.024918597345784832
2022-04-20,ETC-USD,Crypto,Crypto,-0.033900995270055634
2022-04-21,ETC-USD,Crypto,Crypto,-0.0442694611447636
2022-04-22,ETC-USD,Crypto,Crypto,0.01832843877747181
2022-04-23,ETC-USD,Crypto,Crypto,-0.027260054344326656
2022-04-24,ETC-USD,Crypto,Crypto,-0.027288139314264548
2022-04-25,ETC-USD,Crypto,Crypto,0.00042281993677661944
2022-04-26,ETC-USD,Crypto,Crypto,-0.08963684370436875
2022-04-27,ETC-USD,Crypto,Crypto,0.020407696905321515
2022-04-28,ETC-USD,Crypto,Crypto,-0.003807206880553804
2022-04-29,ETC-USD,Crypto,Crypto,-0.06343692909394671
2022-04-30,ETC-USD,Crypto,Crypto,-0.11110707066399728
2022-05-01,ETC-USD,Crypto,Crypto,0.06828468015811606
2022-05-02,ETC-USD,Crypto,Crypto,-0.008289777449504876
2022-05-03,ETC-USD,Crypto,Crypto,-0.022575398505715105
2022-05-04,ETC-USD,Crypto,Crypto,0.14324572055476636
2022-05-05,ETC-USD,Crypto,Crypto,-0.07793848758671951
2022-05-06,ETC-USD,Crypto,Crypto,-0.012586161491039971
2022-05-07,ETC-USD,Crypto,Crypto,-0.03765386357438272
2022-05-08,ETC-USD,Crypto,Crypto,-0.016317539485801058
2022-05-09,ETC-USD,Crypto,Crypto,-0.13136583355159237
2022-05-10,ETC-USD,Crypto,Crypto,0.03830047450438623
2022-05-11,ETC-USD,Crypto,Crypto,-0.17095350162237488
2022-05-12,ETC-USD,Crypto,Crypto,-0.04204395409602768
2022-05-13,ETC-USD,Crypto,Crypto,0.08173209979145102
2022-05-14,ETC-USD,Crypto,Crypto,0.03142156920684913
2022-05-15,ETC-USD,Crypto,Crypto,0.04633999767197805
2022-05-16,ETC-USD,Crypto,Crypto,-0.05844233065627269
2022-05-17,ETC-USD,Crypto,Crypto,0.0447002692926346
2022-05-18,ETC-USD,Crypto,Crypto,-0.08960720066363426
2022-05-19,ETC-USD,Crypto,Crypto,0.05471824157419203
2022-05-20,ETC-USD,Crypto,Crypto,-0.033769122061078516
2022-05-21,ETC-USD,Crypto,Crypto,0.007321865459824384
2022-05-22,ETC-USD,Crypto,Crypto,0.03934931533514008
2022-05-23,ETC-USD,Crypto,Crypto,0.030947701782156667
2022-05-24,ETC-USD,Crypto,Crypto,0.11351597998421159
2022-05-25,ETC-USD,Crypto,Crypto,-0.023209046367302588
2022-05-26,ETC-USD,Crypto,Crypto,-0.07068604558504998
2022-05-27,ETC-USD,Crypto,Crypto,0.018734723644117768
2022-05-28,ETC-USD,Crypto,Crypto,0.014869676083606675
2022-05-29,ETC-USD,Crypto,Crypto,0.03957838017160342
2022-05-30,ETC-USD,Crypto,Crypto,0.048056129052014285
2022-05-31,ETC-USD,Crypto,Crypto,-0.042342449226298706
2022-06-01,ETC-USD,Crypto,Crypto,-0.07230576980391346
2022-06-02,ETC-USD,Crypto,Crypto,0.017852150921514376
2022-06-03,ETC-USD,Crypto,Crypto,-0.026112058717992714
2022-06-04,ETC-USD,Crypto,Crypto,0.004850296755776418
2022-06-05,ETC-USD,Crypto,Crypto,-0.006129334936357589
2022-06-06,ETC-USD,Crypto,Crypto,0.03152317744158872
2022-06-07,ETC-USD,Crypto,Crypto,-0.041420394665193094
2022-06-08,ETC-USD,Crypto,Crypto,-0.012286401062527319
2022-06-09,ETC-USD,Crypto,Crypto,-0.0068179293477905745
2022-06-10,ETC-USD,Crypto,Crypto,-0.05582464441350232
2022-06-11,ETC-USD,Crypto,Crypto,-0.0915012134550709
2022-06-12,ETC-USD,Crypto,Crypto,-0.08161680439981145
2022-06-13,ETC-USD,Crypto,Crypto,-0.1365198779389475
2022-06-14,ETC-USD,Crypto,Crypto,0.015810650345037924
2022-06-15,ETC-USD,Crypto,Crypto,0.08237535386386696
2022-06-16,ETC-USD,Crypto,Crypto,-0.12833336958637842
2022-06-17,ETC-USD,Crypto,Crypto,0.040922487740078894
2022-06-18,ETC-USD,Crypto,Crypto,-0.04567601579179792
2022-06-19,ETC-USD,Crypto,Crypto,0.11950365467369584
2022-06-20,ETC-USD,Crypto,Crypto,0.061661548146741074
2022-06-21,ETC-USD,Crypto,Crypto,-0.012916983460298681
2022-06-22,ETC-USD,Crypto,Crypto,-0.053858115237032544
2022-06-23,ETC-USD,Crypto,Crypto,0.04745194735144187
2022-06-24,ETC-USD,Crypto,Crypto,0.02787234665253724
2022-06-25,ETC-USD,Crypto,Crypto,0.010494480603797207
2022-06-26,ETC-USD,Crypto,Crypto,0.008096939232965505
2022-06-27,ETC-USD,Crypto,Crypto,-0.009346587154713148
2022-06-28,ETC-USD,Crypto,Crypto,-0.06674789968526151
2022-06-29,ETC-USD,Crypto,Crypto,-0.016586962475864664
2022-06-30,ETC-USD,Crypto,Crypto,-0.01661670052997255
2022-07-01,ETC-USD,Crypto,Crypto,-0.023915151959183256
2022-07-02,ETC-USD,Crypto,Crypto,0.01451329710396232
2022-07-03,ETC-USD,Crypto,Crypto,0.0022555558970096534
2022-07-04,ETC-USD,Crypto,Crypto,0.040122981826169246
2022-07-05,ETC-USD,Crypto,Crypto,-0.02933903275902261
2022-07-06,ETC-USD,Crypto,Crypto,0.016811367399112154
2022-07-07,ETC-USD,Crypto,Crypto,0.04702754128569997
2022-07-08,ETC-USD,Crypto,Crypto,-0.01732194693793354
2022-07-09,ETC-USD,Crypto,Crypto,0.01490244799968976
2022-07-10,ETC-USD,Crypto,Crypto,-0.046303597248015915
2022-07-11,ETC-USD,Crypto,Crypto,-0.062199103187385196
2022-07-12,ETC-USD,Crypto,Crypto,-0.02324104072251354
2022-07-13,ETC-USD,Crypto,Crypto,0.03822269772666975
2022-07-14,ETC-USD,Crypto,Crypto,0.02122840314825547
2022-07-15,ETC-USD,Crypto,Crypto,0.024929888904372532
2022-07-16,ETC-USD,Crypto,Crypto,0.14395868437143555
2022-07-17,ETC-USD,Crypto,Crypto,0.11304944354173196
2022-07-18,ETC-USD,Crypto,Crypto,0.32505887659860644
2022-07-19,ETC-USD,Crypto,Crypto,-0.0017502405398958087
2022-07-20,ETC-USD,Crypto,Crypto,-0.08257758859469555
2022-07-21,ETC-USD,Crypto,Crypto,0.1186367578740315
2022-07-22,ETC-USD,Crypto,Crypto,-0.041532499644776566
2022-07-23,ETC-USD,Crypto,Crypto,0.025193941062579883
2022-07-24,ETC-USD,Crypto,Crypto,0.0005819909142930069
2022-07-25,ETC-USD,Crypto,Crypto,-0.08641128739386872
2022-07-26,ETC-USD,Crypto,Crypto,0.07031541061110058
2022-07-27,ETC-USD,Crypto,Crypto,0.30696935509023837
2022-07-28,ETC-USD,Crypto,Crypto,0.24365283454922881
2022-07-29,ETC-USD,Crypto,Crypto,-0.002083754579099706
2022-07-30,ETC-USD,Crypto,Crypto,-0.036873208990737316
2022-07-31,ETC-USD,Crypto,Crypto,-0.06797074690049221
2022-08-01,ETC-USD,Crypto,Crypto,-0.037713626748164364
2022-08-02,ETC-USD,Crypto,Crypto,0.042318148699935776
2022-08-03,ETC-USD,Crypto,Crypto,-0.015241665358177392
2022-08-04,ETC-USD,Crypto,Crypto,-0.03335217056145956
2022-08-05,ETC-USD,Crypto,Crypto,0.09922749492462324
2022-08-06,ETC-USD,Crypto,Crypto,-0.010855094572901347
2022-08-07,ETC-USD,Crypto,Crypto,-0.0032315128243923796
2022-08-08,ETC-USD,Crypto,Crypto,0.007481817281771219
2022-08-09,ETC-USD,Crypto,Crypto,-0.04165058947903488
2022-08-10,ETC-USD,Crypto,Crypto,0.06331010122317893
2022-08-11,ETC-USD,Crypto,Crypto,0.09112905942611937
2022-08-12,ETC-USD,Crypto,Crypto,0.02810762051372051
2022-08-13,ETC-USD,Crypto,Crypto,0.001904227691049698
2022-08-14,ETC-USD,Crypto,Crypto,-0.044592959001860666
2022-08-15,ETC-USD,Crypto,Crypto,0.009580759883547119
2022-08-16,ETC-USD,Crypto,Crypto,-0.04869819315779644
2022-08-17,ETC-USD,Crypto,Crypto,0.006425488998786921
2022-08-18,ETC-USD,Crypto,Crypto,-0.015422537496979638
2022-08-19,ETC-USD,Crypto,Crypto,-0.16770785991580295
2022-08-20,ETC-USD,Crypto,Crypto,-0.002610777067225123
2022-08-21,ETC-USD,Crypto,Crypto,0.024841004773427322
2022-08-22,ETC-USD,Crypto,Crypto,0.010152523520609469
2022-08-23,ETC-USD,Crypto,Crypto,0.008457545541859401
2022-08-24,ETC-USD,Crypto,Crypto,0.029484841107094706
2022-08-25,ETC-USD,Crypto,Crypto,0.051649881143130516
2022-08-26,ETC-USD,Crypto,Crypto,-0.08741025297798977
2022-08-27,ETC-USD,Crypto,Crypto,-0.026516156550363434
2022-08-28,ETC-USD,Crypto,Crypto,-0.06419132144199358
2022-08-29,ETC-USD,Crypto,Crypto,0.08779453230308842
2022-08-30,ETC-USD,Crypto,Crypto,-0.037934466256259514
2022-08-31,ETC-USD,Crypto,Crypto,0.003377537891181337
2022-09-01,ETC-USD,Crypto,Crypto,0.015365403154137036
2022-09-02,ETC-USD,Crypto,Crypto,-0.01356340553087465
2022-09-03,ETC-USD,Crypto,Crypto,-0.006652541188020611
2022-09-04,ETC-USD,Crypto,Crypto,0.006225759079670601
2022-09-05,ETC-USD,Crypto,Crypto,0.21734620267723814
2022-09-06,ETC-USD,Crypto,Crypto,-0.12378078884445143
2022-09-07,ETC-USD,Crypto,Crypto,0.07636679928418943
2022-09-08,ETC-USD,Crypto,Crypto,-0.004032575527606719
2022-09-09,ETC-USD,Crypto,Crypto,0.05731056334213158
2022-09-10,ETC-USD,Crypto,Crypto,0.002954036269000815
2022-09-11,ETC-USD,Crypto,Crypto,-0.02183662382953344
2022-09-12,ETC-USD,Crypto,Crypto,-0.0030792691809671258
2022-09-13,ETC-USD,Crypto,Crypto,-0.05918614931716204
2022-09-14,ETC-USD,Crypto,Crypto,0.08926133870400421
2022-09-15,ETC-USD,Crypto,Crypto,-0.09488338092589466
2022-09-16,ETC-USD,Crypto,Crypto,-0.04335069004224468
2022-09-17,ETC-USD,Crypto,Crypto,0.011277586497009162
2022-09-18,ETC-USD,Crypto,Crypto,-0.1421599601907424
2022-09-19,ETC-USD,Crypto,Crypto,0.02980915669988038
2022-09-20,ETC-USD,Crypto,Crypto,-0.04128723001847179
2022-09-21,ETC-USD,Crypto,Crypto,-0.04294938850065355
2022-09-22,ETC-USD,Crypto,Crypto,0.025887440379298354
2022-09-23,ETC-USD,Crypto,Crypto,0.009999796840097552
2022-09-24,ETC-USD,Crypto,Crypto,-0.006731812387183789
2022-09-25,ETC-USD,Crypto,Crypto,-0.013922913810476611
2022-09-26,ETC-USD,Crypto,Crypto,0.004158259638217032
2022-09-27,ETC-USD,Crypto,Crypto,-0.010526778122594393
2022-09-28,ETC-USD,Crypto,Crypto,-0.01684129131769696
2022-09-29,ETC-USD,Crypto,Crypto,0.0049818623924051675
2022-09-30,ETC-USD,Crypto,Crypto,-0.0029513638826588195
2022-10-01,ETC-USD,Crypto,Crypto,-0.006454573158777066
2022-10-02,ETC-USD,Crypto,Crypto,-0.02239531527105265
2022-10-03,ETC-USD,Crypto,Crypto,0.019875575361258502
2022-10-04,ETC-USD,Crypto,Crypto,0.017330183060149773
2022-10-05,ETC-USD,Crypto,Crypto,-0.011163940853987864
2022-10-06,ETC-USD,Crypto,Crypto,0.006745464888963104
2022-10-07,ETC-USD,Crypto,Crypto,-0.011925881310039466
2022-10-08,ETC-USD,Crypto,Crypto,-0.019067830132506902
2022-10-09,ETC-USD,Crypto,Crypto,0.0005099378453117254
2022-10-10,ETC-USD,Crypto,Crypto,-0.10205848229109571
2022-10-11,ETC-USD,Crypto,Crypto,-0.020476771027723162
2022-10-12,ETC-USD,Crypto,Crypto,0.0037441434700016263
2022-10-13,ETC-USD,Crypto,Crypto,-0.03423044041768242
2022-10-14,ETC-USD,Crypto,Crypto,0.006974740512235567
2022-10-15,ETC-USD,Crypto,Crypto,-0.01666034572854891
2022-10-16,ETC-USD,Crypto,Crypto,0.015459436316509478
2022-10-17,ETC-USD,Crypto,Crypto,0.03128580567110695
2022-10-18,ETC-USD,Crypto,Crypto,-0.018451990594859136
2022-10-19,ETC-USD,Crypto,Crypto,-0.04522768530800747
2022-10-20,ETC-USD,Crypto,Crypto,-0.0301310027643803
2022-10-21,ETC-USD,Crypto,Crypto,0.016987622088387333
2022-10-22,ETC-USD,Crypto,Crypto,0.05401079859508373
2022-10-23,ETC-USD,Crypto,Crypto,0.0073699904639876745
2022-10-24,ETC-USD,Crypto,Crypto,-0.03186247028200073
2022-10-25,ETC-USD,Crypto,Crypto,0.0917860750355588
2022-10-26,ETC-USD,Crypto,Crypto,0.03049111137185334
2022-10-27,ETC-USD,Crypto,Crypto,-0.02711850661859616
2022-10-28,ETC-USD,Crypto,Crypto,0.02831226633160422
2022-10-29,ETC-USD,Crypto,Crypto,0.014211386038809781
2022-10-30,ETC-USD,Crypto,Crypto,-0.05168795496319223
2022-10-31,ETC-USD,Crypto,Crypto,-0.010367958739022964
2022-11-01,ETC-USD,Crypto,Crypto,-0.009403623757315405
2022-11-02,ETC-USD,Crypto,Crypto,-0.046426443079214064
2022-11-03,ETC-USD,Crypto,Crypto,0.04639275621103356
2022-11-04,ETC-USD,Crypto,Crypto,0.07440238210982231
2022-11-05,ETC-USD,Crypto,Crypto,0.026803739625888
2022-11-06,ETC-USD,Crypto,Crypto,-0.06126434598614994
2022-11-07,ETC-USD,Crypto,Crypto,0.008036656813394272
2022-11-08,ETC-USD,Crypto,Crypto,-0.12762194887499012
2022-11-09,ETC-USD,Crypto,Crypto,-0.1604949434498839
2022-11-10,ETC-USD,Crypto,Crypto,0.19697191169633488
2022-11-11,ETC-USD,Crypto,Crypto,-0.022368374082366138
2022-11-12,ETC-USD,Crypto,Crypto,-0.046390756994594606
2022-11-13,ETC-USD,Crypto,Crypto,-0.02517110538213352
2022-11-14,ETC-USD,Crypto,Crypto,0.02156876687045961
2022-11-15,ETC-USD,Crypto,Crypto,0.008133317591649591
2022-11-16,ETC-USD,Crypto,Crypto,-0.030023623396823074
2022-11-17,ETC-USD,Crypto,Crypto,-0.014167424290186581
2022-11-18,ETC-USD,Crypto,Crypto,-0.004962174976228972
2022-11-19,ETC-USD,Crypto,Crypto,-0.002291820456801652
2022-11-20,ETC-USD,Crypto,Crypto,-0.06828497812593293
2022-11-21,ETC-USD,Crypto,Crypto,-0.00834045717657439
2022-11-22,ETC-USD,Crypto,Crypto,0.022542509021489465
2022-11-23,ETC-USD,Crypto,Crypto,0.10426339725678724
2022-11-24,ETC-USD,Crypto,Crypto,-0.007122601754298019
2022-11-25,ETC-USD,Crypto,Crypto,-0.0060977888437717676
2022-11-26,ETC-USD,Crypto,Crypto,-0.010662635021684408
2022-11-27,ETC-USD,Crypto,Crypto,-0.0025026601020584627
2022-11-28,ETC-USD,Crypto,Crypto,-0.02487820431656451
2022-11-29,ETC-USD,Crypto,Crypto,0.009850656054265494
2022-11-30,ETC-USD,Crypto,Crypto,0.03944387135074523
2022-12-01,ETC-USD,Crypto,Crypto,-0.027637935886688836
2022-12-02,ETC-USD,Crypto,Crypto,0.006479436125589766
2022-12-03,ETC-USD,Crypto,Crypto,-0.03151532905605281
2022-12-04,ETC-USD,Crypto,Crypto,0.014542010566793717
2022-12-05,ETC-USD,Crypto,Crypto,-0.0036432651890609957
2022-12-06,ETC-USD,Crypto,Crypto,0.005735792131690953
2022-12-07,ETC-USD,Crypto,Crypto,-0.043243580181327235
2022-12-08,ETC-USD,Crypto,Crypto,0.024848901391609113
2022-12-09,ETC-USD,Crypto,Crypto,-0.0013950850387053348
2022-12-10,ETC-USD,Crypto,Crypto,-0.0004741128789141902
2022-12-11,ETC-USD,Crypto,Crypto,-0.011616441250740683
2022-12-12,ETC-USD,Crypto,Crypto,-0.01952656551962262
2022-12-13,ETC-USD,Crypto,Crypto,0.03818825014103511
2022-12-14,ETC-USD,Crypto,Crypto,-0.02416185772806756
2022-12-15,ETC-USD,Crypto,Crypto,-0.03436482598910329
2022-12-16,ETC-USD,Crypto,Crypto,-0.12209162228254589
2022-12-17,ETC-USD,Crypto,Crypto,0.016665018036335244
2022-12-18,ETC-USD,Crypto,Crypto,-0.013907374087478441
2022-12-19,ETC-USD,Crypto,Crypto,-0.0503884747435871
2022-12-20,ETC-USD,Crypto,Crypto,0.05188837019268688
2022-12-21,ETC-USD,Crypto,Crypto,0.04211147726598008
2022-12-22,ETC-USD,Crypto,Crypto,-0.007907032466754504
2022-12-23,ETC-USD,Crypto,Crypto,-0.005822311241030498
2022-12-24,ETC-USD,Crypto,Crypto,0.003924943583662577
2022-12-25,ETC-USD,Crypto,Crypto,-0.016356458046188127
2022-12-26,ETC-USD,Crypto,Crypto,0.00424618094079765
2022-12-27,ETC-USD,Crypto,Crypto,-0.02534542937916273
2022-12-28,ETC-USD,Crypto,Crypto,-0.046101650398290395
2022-12-29,ETC-USD,Crypto,Crypto,0.0409951347289097
2022-12-30,ETC-USD,Crypto,Crypto,-0.01232546381256483
2022-12-31,ETC-USD,Crypto,Crypto,0.009889568115576397
2023-01-01,ETC-USD,Crypto,Crypto,0.0049434237358108035
2023-01-02,ETC-USD,Crypto,Crypto,0.021612916450348907
2023-01-03,ETC-USD,Crypto,Crypto,-0.013599928123315341
2023-01-04,ETC-USD,Crypto,Crypto,0.20719556337595058
2023-01-05,ETC-USD,Crypto,Crypto,-0.050623219647585316
2023-01-06,ETC-USD,Crypto,Crypto,0.12214984105590099
2023-01-07,ETC-USD,Crypto,Crypto,-0.019883416365192086
2023-01-08,ETC-USD,Crypto,Crypto,0.014308122750075203
2023-01-09,ETC-USD,Crypto,Crypto,-0.008355099863224691
2023-01-10,ETC-USD,Crypto,Crypto,0.0047724756475582275
2023-01-11,ETC-USD,Crypto,Crypto,0.013503899719821577
2023-01-12,ETC-USD,Crypto,Crypto,0.01935201069791992
2023-01-13,ETC-USD,Crypto,Crypto,0.033113460193509026
2023-01-14,ETC-USD,Crypto,Crypto,0.04267744552268504
2023-01-15,ETC-USD,Crypto,Crypto,-0.003302374157561516
2023-01-16,ETC-USD,Crypto,Crypto,-0.02653361992742176
2023-01-17,ETC-USD,Crypto,Crypto,-0.0005457074243953031
2023-01-18,ETC-USD,Crypto,Crypto,-0.06532354288795905
2023-01-19,ETC-USD,Crypto,Crypto,0.015519927034928216
2023-01-20,ETC-USD,Crypto,Crypto,0.08507978373645941
2023-01-21,ETC-USD,Crypto,Crypto,-0.03069258612746195
2023-01-22,ETC-USD,Crypto,Crypto,0.03340244084671107
2023-01-23,ETC-USD,Crypto,Crypto,0.010021334680341498
2023-01-24,ETC-USD,Crypto,Crypto,-0.0686223975840281
2023-01-25,ETC-USD,Crypto,Crypto,0.03117494196831383
2023-01-26,ETC-USD,Crypto,Crypto,0.00565781707260804
2023-01-27,ETC-USD,Crypto,Crypto,0.0004380922941031873
2023-01-28,ETC-USD,Crypto,Crypto,-0.012488962541782
2023-01-29,ETC-USD,Crypto,Crypto,0.04827808714783255
2023-01-30,ETC-USD,Crypto,Crypto,-0.062103055975393895
2023-01-31,ETC-USD,Crypto,Crypto,0.01623319422747138
2023-02-01,ETC-USD,Crypto,Crypto,0.030430468286701817
2023-02-02,ETC-USD,Crypto,Crypto,4.7752971151560075e-05
2023-02-03,ETC-USD,Crypto,Crypto,0.03664925216022841
2023-02-04,ETC-USD,Crypto,Crypto,0.0269492965017315
2023-02-05,ETC-USD,Crypto,Crypto,-0.0391791954822015
2023-02-06,ETC-USD,Crypto,Crypto,-0.0322275190469784
2023-02-07,ETC-USD,Crypto,Crypto,0.04777501494710812
2023-02-08,ETC-USD,Crypto,Crypto,-0.025738862414379837
2023-02-09,ETC-USD,Crypto,Crypto,-0.07585434826982818
2023-02-10,ETC-USD,Crypto,Crypto,0.0066357550817068844
2023-02-11,ETC-USD,Crypto,Crypto,0.02194328932097478
2023-02-12,ETC-USD,Crypto,Crypto,-0.02073417849601522
2023-02-13,ETC-USD,Crypto,Crypto,-0.017435628031113204
2023-02-14,ETC-USD,Crypto,Crypto,0.02630126791152887
2023-02-15,ETC-USD,Crypto,Crypto,0.05767874751822877
2023-02-16,ETC-USD,Crypto,Crypto,-0.047626841591575375
2023-02-17,ETC-USD,Crypto,Crypto,0.04942993125481521
2023-02-18,ETC-USD,Crypto,Crypto,0.009878877802199648
2023-02-19,ETC-USD,Crypto,Crypto,-0.007429211703864791
2023-02-20,ETC-USD,Crypto,Crypto,0.030531105082223453
2023-02-21,ETC-USD,Crypto,Crypto,-0.016053705072846314
2023-02-22,ETC-USD,Crypto,Crypto,-0.014181813314549707
2023-02-23,ETC-USD,Crypto,Crypto,-0.015736371647885106
2023-02-24,ETC-USD,Crypto,Crypto,-0.0459547062284863
2023-02-25,ETC-USD,Crypto,Crypto,-0.005420710051204147
2023-02-26,ETC-USD,Crypto,Crypto,0.020166958560203785
2023-02-27,ETC-USD,Crypto,Crypto,-0.004631590310266276
2023-02-28,ETC-USD,Crypto,Crypto,-0.027182340216586498
2023-03-01,ETC-USD,Crypto,Crypto,0.026048911072900527
2023-03-02,ETC-USD,Crypto,Crypto,-0.008973388393375359
2023-03-03,ETC-USD,Crypto,Crypto,-0.034080428432538556
2023-03-04,ETC-USD,Crypto,Crypto,-0.020796410493604922
2023-03-05,ETC-USD,Crypto,Crypto,-0.008751198335757437
2023-03-06,ETC-USD,Crypto,Crypto,-0.005580885207663311
2023-03-07,ETC-USD,Crypto,Crypto,-0.022529548396110544
2023-03-08,ETC-USD,Crypto,Crypto,-0.05053981235207872
2023-03-09,ETC-USD,Crypto,Crypto,-0.06515181785098711
2023-03-10,ETC-USD,Crypto,Crypto,0.022761083160734774
2023-03-11,ETC-USD,Crypto,Crypto,-0.00816267888593769
2023-03-12,ETC-USD,Crypto,Crypto,0.08706446107304533
2023-03-13,ETC-USD,Crypto,Crypto,0.04328442970157864
2023-03-14,ETC-USD,Crypto,Crypto,0.032315442703349184
2023-03-15,ETC-USD,Crypto,Crypto,-0.08982402815775459
2023-03-16,ETC-USD,Crypto,Crypto,0.018448785404096446
2023-03-17,ETC-USD,Crypto,Crypto,0.08229569480531818
2023-03-18,ETC-USD,Crypto,Crypto,0.021199350935121375
2023-03-19,ETC-USD,Crypto,Crypto,0.018819850327914223
2023-03-20,ETC-USD,Crypto,Crypto,-0.07400672797457042
2023-03-21,ETC-USD,Crypto,Crypto,0.07268684572360007
2023-03-22,ETC-USD,Crypto,Crypto,-0.044164639771488656
2023-03-23,ETC-USD,Crypto,Crypto,0.03686637827461303
2023-03-24,ETC-USD,Crypto,Crypto,-0.02956169651722873
2023-03-25,ETC-USD,Crypto,Crypto,-0.00862891863357107
2023-03-26,ETC-USD,Crypto,Crypto,0.016288686129613872
2023-03-27,ETC-USD,Crypto,Crypto,-0.0328554345695945
2023-03-28,ETC-USD,Crypto,Crypto,0.0251045834536181
2023-03-29,ETC-USD,Crypto,Crypto,0.02384610352558414
2023-03-30,ETC-USD,Crypto,Crypto,-0.018587824996325275
2023-03-31,ETC-USD,Crypto,Crypto,0.023124642555314434
2023-04-01,ETC-USD,Crypto,Crypto,0.018370556865637155
2023-04-02,ETC-USD,Crypto,Crypto,-0.03253200992591676
2023-04-03,ETC-USD,Crypto,Crypto,0.012738275089063444
2023-04-04,ETC-USD,Crypto,Crypto,0.02060502196839309
2023-04-05,ETC-USD,Crypto,Crypto,0.00040823034268422376
2023-04-06,ETC-USD,Crypto,Crypto,-0.02098400861221228
2023-04-07,ETC-USD,Crypto,Crypto,-0.009764936064224683
2023-04-08,ETC-USD,Crypto,Crypto,-0.006206550399790567
2023-04-09,ETC-USD,Crypto,Crypto,0.01004076601968551
2023-04-10,ETC-USD,Crypto,Crypto,0.020116568913731925
2023-04-11,ETC-USD,Crypto,Crypto,0.025433473138740448
2023-04-12,ETC-USD,Crypto,Crypto,0.017889112877304436
2023-04-13,ETC-USD,Crypto,Crypto,0.02503829396383983
2023-04-14,ETC-USD,Crypto,Crypto,-3.4333170789047074e-05
2023-04-15,ETC-USD,Crypto,Crypto,-0.014376149117139803
2023-04-16,ETC-USD,Crypto,Crypto,0.006796560943439278
2023-04-17,ETC-USD,Crypto,Crypto,-0.025492994102758182
2023-04-18,ETC-USD,Crypto,Crypto,0.00807451363704037
2023-04-19,ETC-USD,Crypto,Crypto,-0.07107411617556281
2023-04-20,ETC-USD,Crypto,Crypto,-0.012499645714952878
2023-04-21,ETC-USD,Crypto,Crypto,-0.0366617801146637
2023-04-22,ETC-USD,Crypto,Crypto,0.04537979623170818
2023-04-23,ETC-USD,Crypto,Crypto,-0.02453006950255565
2023-04-24,ETC-USD,Crypto,Crypto,-0.014744436950949846
2023-04-25,ETC-USD,Crypto,Crypto,0.019356009430115062
2023-04-26,ETC-USD,Crypto,Crypto,-0.022828334982164633
2023-04-27,ETC-USD,Crypto,Crypto,0.024337479878711932
2023-04-28,ETC-USD,Crypto,Crypto,-0.002384662326175069
2023-04-29,ETC-USD,Crypto,Crypto,0.0019890586820061618
2023-04-30,ETC-USD,Crypto,Crypto,-0.016904581754450754
2023-05-01,ETC-USD,Crypto,Crypto,-0.01369500131423751
2023-05-02,ETC-USD,Crypto,Crypto,0.002871894386888174
2023-05-03,ETC-USD,Crypto,Crypto,0.01524960830468336
2023-05-04,ETC-USD,Crypto,Crypto,-0.013451948348559561
2023-05-05,ETC-USD,Crypto,Crypto,0.017536161543472373
2023-05-06,ETC-USD,Crypto,Crypto,-0.0320939383686103
2023-05-07,ETC-USD,Crypto,Crypto,-0.012519566527397608
2023-05-08,ETC-USD,Crypto,Crypto,-0.025083583145995014
2023-05-09,ETC-USD,Crypto,Crypto,0.02503201654393128
2023-05-10,ETC-USD,Crypto,Crypto,0.005746733047051089
2023-05-11,ETC-USD,Crypto,Crypto,-0.03918613528026382
2023-05-12,ETC-USD,Crypto,Crypto,0.005866100833278098
2023-05-13,ETC-USD,Crypto,Crypto,-0.005600221999831789
2023-05-14,ETC-USD,Crypto,Crypto,-2.4412716331356776e-05
2023-05-15,ETC-USD,Crypto,Crypto,0.009424801315625064
2023-05-16,ETC-USD,Crypto,Crypto,-0.0011798707667263209
2023-05-17,ETC-USD,Crypto,Crypto,0.0157869665966619
2023-05-18,ETC-USD,Crypto,Crypto,-0.01178276904114317
2023-05-19,ETC-USD,Crypto,Crypto,-0.0019817337383722933
2023-05-20,ETC-USD,Crypto,Crypto,0.0013518383219701668
2023-05-21,ETC-USD,Crypto,Crypto,-0.02139671238047325
2023-05-22,ETC-USD,Crypto,Crypto,0.017164824049762606
2023-05-23,ETC-USD,Crypto,Crypto,0.006553296658674768
2023-05-24,ETC-USD,Crypto,Crypto,-0.03153459152150773
2023-05-25,ETC-USD,Crypto,Crypto,-0.004153083600777263
2023-05-26,ETC-USD,Crypto,Crypto,0.01811951769143061
2023-05-27,ETC-USD,Crypto,Crypto,0.008084181663918999
2023-05-28,ETC-USD,Crypto,Crypto,0.02007570679290338
2023-05-29,ETC-USD,Crypto,Crypto,-0.009622232307298528
2023-05-30,ETC-USD,Crypto,Crypto,-0.005366666483219262
2023-05-31,ETC-USD,Crypto,Crypto,-0.01447901539772145
2023-06-01,ETC-USD,Crypto,Crypto,-0.010311440677966077
2023-06-02,ETC-USD,Crypto,Crypto,0.01879882174883818
2023-06-03,ETC-USD,Crypto,Crypto,-0.0010076388713058382
2023-06-04,ETC-USD,Crypto,Crypto,0.004498932556500801
2023-06-05,ETC-USD,Crypto,Crypto,-0.06599428214206404
2023-06-06,ETC-USD,Crypto,Crypto,0.03431177374719985
2023-06-07,ETC-USD,Crypto,Crypto,-0.03928056028912663
2023-06-08,ETC-USD,Crypto,Crypto,0.004886864148425429
2023-06-09,ETC-USD,Crypto,Crypto,-0.0029586536127881313
2023-06-10,ETC-USD,Crypto,Crypto,-0.1107132603372083
2023-06-11,ETC-USD,Crypto,Crypto,0.000859855243246388
2023-06-12,ETC-USD,Crypto,Crypto,0.004766094883705829
2023-06-13,ETC-USD,Crypto,Crypto,0.006572858673246307
2023-06-14,ETC-USD,Crypto,Crypto,-0.033541613027031514
2023-06-15,ETC-USD,Crypto,Crypto,0.021302574243587058
2023-06-16,ETC-USD,Crypto,Crypto,0.012072115007811801
2023-06-17,ETC-USD,Crypto,Crypto,0.006571404495992805
2023-06-18,ETC-USD,Crypto,Crypto,-0.007017414669500122
2023-06-19,ETC-USD,Crypto,Crypto,0.00878349460886274
2023-06-20,ETC-USD,Crypto,Crypto,0.028501656776341866
2023-06-21,ETC-USD,Crypto,Crypto,0.06319647126357752
2023-06-22,ETC-USD,Crypto,Crypto,-0.008790433090765881
2023-06-23,ETC-USD,Crypto,Crypto,0.13202041260331487
2023-06-24,ETC-USD,Crypto,Crypto,0.026211752746948536
2023-06-25,ETC-USD,Crypto,Crypto,-0.05050213671420578
2023-06-26,ETC-USD,Crypto,Crypto,0.013696403419146463
2023-06-27,ETC-USD,Crypto,Crypto,0.004080474615429264
2023-06-28,ETC-USD,Crypto,Crypto,-0.06333197713795424
2023-06-29,ETC-USD,Crypto,Crypto,0.02889162730898942
2023-06-30,ETC-USD,Crypto,Crypto,0.16394923997079647
2023-07-01,ETC-USD,Crypto,Crypto,-0.0035832065258971646
2023-07-02,ETC-USD,Crypto,Crypto,-0.024431112532537935
2023-07-03,ETC-USD,Crypto,Crypto,-0.017636483102609013
2023-07-04,ETC-USD,Crypto,Crypto,-0.025325632559693
2023-07-05,ETC-USD,Crypto,Crypto,-0.005817060745694103
2023-07-06,ETC-USD,Crypto,Crypto,-0.03233494209414711
2023-07-07,ETC-USD,Crypto,Crypto,0.022792427158444983
2023-07-08,ETC-USD,Crypto,Crypto,-0.01095933083792866
2023-07-09,ETC-USD,Crypto,Crypto,-0.019321542959471527
2023-07-10,ETC-USD,Crypto,Crypto,0.01665336826455399
2023-07-11,ETC-USD,Crypto,Crypto,-0.0021545410771093287
2023-07-12,ETC-USD,Crypto,Crypto,-0.005062817296804911
2023-07-13,ETC-USD,Crypto,Crypto,0.07504503621465664
2023-07-14,ETC-USD,Crypto,Crypto,-0.055001599339160046
2023-07-15,ETC-USD,Crypto,Crypto,0.008138922494913547
2023-07-16,ETC-USD,Crypto,Crypto,-0.023412809592631034
2023-07-17,ETC-USD,Crypto,Crypto,0.014944572238693166
2023-07-18,ETC-USD,Crypto,Crypto,-0.01736197042601806
2023-07-19,ETC-USD,Crypto,Crypto,0.002074755483602031
2023-07-20,ETC-USD,Crypto,Crypto,-0.0055328995217448496
2023-07-21,ETC-USD,Crypto,Crypto,0.002999409610849435
2023-07-22,ETC-USD,Crypto,Crypto,-0.014647101104961702
2023-07-23,ETC-USD,Crypto,Crypto,0.012557648496971607
2023-07-24,ETC-USD,Crypto,Crypto,-0.031234578957471726
2023-07-25,ETC-USD,Crypto,Crypto,-0.001986364982615396
2023-07-26,ETC-USD,Crypto,Crypto,0.012323495854206445
2023-07-27,ETC-USD,Crypto,Crypto,0.0028044859269227285
2023-07-28,ETC-USD,Crypto,Crypto,0.006922342994503783
2023-07-29,ETC-USD,Crypto,Crypto,0.0073627185676452545
2023-07-30,ETC-USD,Crypto,Crypto,0.013548814161156164
2023-07-31,ETC-USD,Crypto,Crypto,-0.01988122072177112
2023-08-01,ETC-USD,Crypto,Crypto,0.0018513587184649793
2023-08-02,ETC-USD,Crypto,Crypto,-0.02496007596401628
2023-08-03,ETC-USD,Crypto,Crypto,-0.006741410039202367
2023-08-04,ETC-USD,Crypto,Crypto,-0.001761312499887091
2023-08-05,ETC-USD,Crypto,Crypto,0.00016494187582472009
2023-08-06,ETC-USD,Crypto,Crypto,-0.005788835116839253
2023-08-07,ETC-USD,Crypto,Crypto,-0.007680146937959043
2023-08-08,ETC-USD,Crypto,Crypto,0.015518133157822023
2023-08-09,ETC-USD,Crypto,Crypto,-0.006112251451684925
2023-08-10,ETC-USD,Crypto,Crypto,-0.007560843265609463
2023-08-11,ETC-USD,Crypto,Crypto,-0.004741974674347449
2023-08-12,ETC-USD,Crypto,Crypto,0.005778835752836109
2023-08-13,ETC-USD,Crypto,Crypto,-0.011729976142913934
2023-08-14,ETC-USD,Crypto,Crypto,-0.0009837094963087711
2023-08-15,ETC-USD,Crypto,Crypto,-0.04525584190034926
2023-08-16,ETC-USD,Crypto,Crypto,-0.028222281263961646
2023-08-17,ETC-USD,Crypto,Crypto,-0.07764436037760525
2023-08-18,ETC-USD,Crypto,Crypto,0.030132023093436766
2023-08-19,ETC-USD,Crypto,Crypto,0.007803283241517356
2023-08-20,ETC-USD,Crypto,Crypto,0.0010168071959568703
2023-08-21,ETC-USD,Crypto,Crypto,0.014707093676777028
2023-08-22,ETC-USD,Crypto,Crypto,-0.018616156736660616
2023-08-23,ETC-USD,Crypto,Crypto,0.04423017059069201
2023-08-24,ETC-USD,Crypto,Crypto,-0.00848127020904188
2023-08-25,ETC-USD,Crypto,Crypto,-0.0028819841632342635
2023-08-26,ETC-USD,Crypto,Crypto,-0.008671776600021608
2023-08-27,ETC-USD,Crypto,Crypto,0.00939444886705787
2023-08-28,ETC-USD,Crypto,Crypto,-0.006316499739893011
2023-08-29,ETC-USD,Crypto,Crypto,0.06127356420164087
2023-08-30,ETC-USD,Crypto,Crypto,-0.050702363159852326
2023-08-31,ETC-USD,Crypto,Crypto,-0.03273928012586613
2023-09-01,ETC-USD,Crypto,Crypto,-0.007385010276099613
2023-09-02,ETC-USD,Crypto,Crypto,0.004549854989874813
2023-09-03,ETC-USD,Crypto,Crypto,-0.00493604441557649
2023-09-04,ETC-USD,Crypto,Crypto,-0.0012764842896817452
2023-09-05,ETC-USD,Crypto,Crypto,0.0009331623549764245
2023-09-06,ETC-USD,Crypto,Crypto,0.007278579630546789
2023-09-07,ETC-USD,Crypto,Crypto,0.005564603106590793
2023-09-08,ETC-USD,Crypto,Crypto,-0.010470776471948495
2023-09-09,ETC-USD,Crypto,Crypto,-0.0005955461711666388
2023-09-10,ETC-USD,Crypto,Crypto,-0.020110159026256902
2023-09-11,ETC-USD,Crypto,Crypto,-0.02608168326623861
2023-09-12,ETC-USD,Crypto,Crypto,0.019301367292385185
2023-09-13,ETC-USD,Crypto,Crypto,0.011971178927272286
2023-09-14,ETC-USD,Crypto,Crypto,0.005922865984227199
2023-09-15,ETC-USD,Crypto,Crypto,0.029009902538013943
2023-09-16,ETC-USD,Crypto,Crypto,-0.0023738444289285177
2023-09-17,ETC-USD,Crypto,Crypto,-0.01599440096366389
2023-09-18,ETC-USD,Crypto,Crypto,0.018535177377154932
2023-09-19,ETC-USD,Crypto,Crypto,0.004339698881460352
2023-09-20,ETC-USD,Crypto,Crypto,-0.011049252650233266
2023-09-21,ETC-USD,Crypto,Crypto,-0.023641137027512915
2023-09-22,ETC-USD,Crypto,Crypto,-0.001928609544658566
2023-09-23,ETC-USD,Crypto,Crypto,0.004828171781058099
2023-09-24,ETC-USD,Crypto,Crypto,-0.011639613997309728
2023-09-25,ETC-USD,Crypto,Crypto,0.00934442457216722
2023-09-26,ETC-USD,Crypto,Crypto,-0.008568305570009427
2023-09-27,ETC-USD,Crypto,Crypto,0.016230553309061202
2023-09-28,ETC-USD,Crypto,Crypto,0.03004118199641903
2023-09-29,ETC-USD,Crypto,Crypto,0.005126373748098656
2023-09-30,ETC-USD,Crypto,Crypto,0.030614100539408717
2023-10-01,ETC-USD,Crypto,Crypto,0.019346206018516554
2023-10-02,ETC-USD,Crypto,Crypto,-0.03047637493550115
2023-10-03,ETC-USD,Crypto,Crypto,-0.030371728904512008
2023-10-04,ETC-USD,Crypto,Crypto,-0.0018006772896349554
2023-10-05,ETC-USD,Crypto,Crypto,-0.012629915873868858
2023-10-06,ETC-USD,Crypto,Crypto,0.01765497820753925
2023-10-07,ETC-USD,Crypto,Crypto,-0.004876806020669089
2023-10-08,ETC-USD,Crypto,Crypto,-0.009255751456789585
2023-10-09,ETC-USD,Crypto,Crypto,-0.030244329610982668
2023-10-10,ETC-USD,Crypto,Crypto,-0.005737687245313983
2023-10-11,ETC-USD,Crypto,Crypto,-0.0016112696394016135
2023-10-12,ETC-USD,Crypto,Crypto,-0.010350028303254266
2023-10-13,ETC-USD,Crypto,Crypto,0.004774697819684981
2023-10-14,ETC-USD,Crypto,Crypto,0.010589613821580857
2023-10-15,ETC-USD,Crypto,Crypto,-0.0040999428942428695
2023-10-16,ETC-USD,Crypto,Crypto,0.021559662220702824
2023-10-17,ETC-USD,Crypto,Crypto,-0.019642243223170208
2023-10-18,ETC-USD,Crypto,Crypto,-0.008824189468884414
2023-10-19,ETC-USD,Crypto,Crypto,-0.0012551663318849382
2023-10-20,ETC-USD,Crypto,Crypto,0.033047100430302345
2023-10-21,ETC-USD,Crypto,Crypto,0.028403440493282694
2023-10-22,ETC-USD,Crypto,Crypto,0.00612348791544437
2023-10-23,ETC-USD,Crypto,Crypto,0.049207418151678395
2023-10-24,ETC-USD,Crypto,Crypto,-0.009505260944863148
2023-10-25,ETC-USD,Crypto,Crypto,-0.0038154992688718137
2023-10-26,ETC-USD,Crypto,Crypto,0.011196628141335152
2023-10-27,ETC-USD,Crypto,Crypto,-0.029636588060942937
2023-10-28,ETC-USD,Crypto,Crypto,0.009407192577469692
2023-10-29,ETC-USD,Crypto,Crypto,0.026195067184492382
2023-10-30,ETC-USD,Crypto,Crypto,0.007717260176860696
2023-10-31,ETC-USD,Crypto,Crypto,0.0404851114873197
2023-11-01,ETC-USD,Crypto,Crypto,0.017847836206187795
2023-11-02,ETC-USD,Crypto,Crypto,-0.027032335795450835
2023-11-03,ETC-USD,Crypto,Crypto,-0.002408578486636448
2023-11-04,ETC-USD,Crypto,Crypto,0.014476415313301905
2023-11-05,ETC-USD,Crypto,Crypto,0.0289190308101277
2023-11-06,ETC-USD,Crypto,Crypto,0.027311879555818264
2023-11-07,ETC-USD,Crypto,Crypto,-0.019858934825176422
2023-11-08,ETC-USD,Crypto,Crypto,0.012749767154070168
2023-11-09,ETC-USD,Crypto,Crypto,0.12268877058497307
2023-11-10,ETC-USD,Crypto,Crypto,0.007717018782990026
2023-11-11,ETC-USD,Crypto,Crypto,-0.03563528064777399
2023-11-12,ETC-USD,Crypto,Crypto,-0.00030682842666396315
2023-11-13,ETC-USD,Crypto,Crypto,0.00046457266882815595
2023-11-14,ETC-USD,Crypto,Crypto,-0.04813716266680568
2023-11-15,ETC-USD,Crypto,Crypto,0.041970750382174904
2023-11-16,ETC-USD,Crypto,Crypto,-0.029528487676579784
2023-11-17,ETC-USD,Crypto,Crypto,0.003640213054585839
2023-11-18,ETC-USD,Crypto,Crypto,-0.0076771809438854755
2023-11-19,ETC-USD,Crypto,Crypto,0.020837436213449356
2023-11-20,ETC-USD,Crypto,Crypto,-0.008218573347614222
2023-11-21,ETC-USD,Crypto,Crypto,-0.06688579892748991
2023-11-22,ETC-USD,Crypto,Crypto,0.047151253481250155
2023-11-23,ETC-USD,Crypto,Crypto,-0.004713344301101818
2023-11-24,ETC-USD,Crypto,Crypto,0.015238732002325284
2023-11-25,ETC-USD,Crypto,Crypto,0.011847547762471988
2023-11-26,ETC-USD,Crypto,Crypto,-0.016444999211455813
2023-11-27,ETC-USD,Crypto,Crypto,-0.0288342935119148
2023-11-28,ETC-USD,Crypto,Crypto,0.014772764399964888
2023-11-29,ETC-USD,Crypto,Crypto,-0.005462139483252804
2023-11-30,ETC-USD,Crypto,Crypto,-0.005096432334481982
2023-12-01,ETC-USD,Crypto,Crypto,0.01781510235254924
2023-12-02,ETC-USD,Crypto,Crypto,0.033110810473074626
2023-12-03,ETC-USD,Crypto,Crypto,0.01124027937556793
2023-12-04,ETC-USD,Crypto,Crypto,0.006451879861680165
2023-12-05,ETC-USD,Crypto,Crypto,0.015661777880699113
2023-12-06,ETC-USD,Crypto,Crypto,-0.00011456590113989584
2023-12-07,ETC-USD,Crypto,Crypto,0.08443862395953872
2023-12-08,ETC-USD,Crypto,Crypto,0.013126875593509224
2023-12-09,ETC-USD,Crypto,Crypto,-0.008642061213307684
2023-12-10,ETC-USD,Crypto,Crypto,-0.005183985588706808
2023-12-11,ETC-USD,Crypto,Crypto,-0.08213267264085455
2023-12-12,ETC-USD,Crypto,Crypto,0.008324805533019841
2023-12-13,ETC-USD,Crypto,Crypto,0.02079429905602348
2023-12-14,ETC-USD,Crypto,Crypto,0.007016607685259801
2023-12-15,ETC-USD,Crypto,Crypto,-0.04606844202170224
2023-12-16,ETC-USD,Crypto,Crypto,0.04041448009132975
2023-12-17,ETC-USD,Crypto,Crypto,-0.03554310758055845
2023-12-18,ETC-USD,Crypto,Crypto,-0.004697599095019989
2023-12-19,ETC-USD,Crypto,Crypto,-0.012364257702125236
2023-12-20,ETC-USD,Crypto,Crypto,0.02631963117165581
2023-12-21,ETC-USD,Crypto,Crypto,0.023958589769500938
2023-12-22,ETC-USD,Crypto,Crypto,0.06128735447884304
2023-12-23,ETC-USD,Crypto,Crypto,-0.019669896087229577
2023-12-24,ETC-USD,Crypto,Crypto,-0.028348475021408026
2023-12-25,ETC-USD,Crypto,Crypto,0.028451310191587087
2023-12-26,ETC-USD,Crypto,Crypto,-0.030112932380135016
2023-12-27,ETC-USD,Crypto,Crypto,0.08965805734983112
2023-12-28,ETC-USD,Crypto,Crypto,-0.008496658790641654
2023-12-29,ETC-USD,Crypto,Crypto,-0.001684136670340175
2023-12-30,ETC-USD,Crypto,Crypto,-0.008059533118604967
2023-12-31,ETC-USD,Crypto,Crypto,-0.016618679654137325
2020-01-02,ETH-USD,Crypto,Crypto,-0.025930970201487602
2020-01-03,ETH-USD,Crypto,Crypto,0.053068978168561154
2020-01-04,ETH-USD,Crypto,Crypto,0.0066903769863495555
2020-01-05,ETH-USD,Crypto,Crypto,0.008939204731726713
2020-01-06,ETH-USD,Crypto,Crypto,0.05890493095145177
2020-01-07,ETH-USD,Crypto,Crypto,-0.005267778753292318
2020-01-08,ETH-USD,Crypto,Crypto,-0.015924443349786155
2020-01-09,ETH-USD,Crypto,Crypto,-0.016133093484380745
2020-01-10,ETH-USD,Crypto,Crypto,0.03586560638444225
2020-01-11,ETH-USD,Crypto,Crypto,-0.007200886928300676
2020-01-12,ETH-USD,Crypto,Crypto,0.0206176641057616
2020-01-13,ETH-USD,Crypto,Crypto,-0.01129289411687917
2020-01-14,ETH-USD,Crypto,Crypto,0.15065709666300386
2020-01-15,ETH-USD,Crypto,Crypto,0.0016590582058744197
2020-01-16,ETH-USD,Crypto,Crypto,-0.01106700566380281
2020-01-17,ETH-USD,Crypto,Crypto,0.038864331269726105
2020-01-18,ETH-USD,Crypto,Crypto,0.02685165206055795
2020-01-19,ETH-USD,Crypto,Crypto,-0.047876120324395366
2020-01-20,ETH-USD,Crypto,Crypto,0.0009023502412968121
2020-01-21,ETH-USD,Crypto,Crypto,0.01541788519604359
2020-01-22,ETH-USD,Crypto,Crypto,-0.008267668638293424
2020-01-23,ETH-USD,Crypto,Crypto,-0.03188227458323378
2020-01-24,ETH-USD,Crypto,Crypto,0.0007525975197246737
2020-01-25,ETH-USD,Crypto,Crypto,-0.01083857506306074
2020-01-26,ETH-USD,Crypto,Crypto,0.04211930401638453
2020-01-27,ETH-USD,Crypto,Crypto,0.016979054481661038
2020-01-28,ETH-USD,Crypto,Crypto,0.03182234945202822
2020-01-29,ETH-USD,Crypto,Crypto,-0.007484121137455557
2020-01-30,ETH-USD,Crypto,Crypto,0.05507065446349446
2020-01-31,ETH-USD,Crypto,Crypto,-0.02452916937757532
2020-02-01,ETH-USD,Crypto,Crypto,0.019503637552609865
2020-02-02,ETH-USD,Crypto,Crypto,0.026915021164291897
2020-02-03,ETH-USD,Crypto,Crypto,0.006614061907548319
2020-02-04,ETH-USD,Crypto,Crypto,-0.00323635857181348
2020-02-05,ETH-USD,Crypto,Crypto,0.07915243155799523
2020-02-06,ETH-USD,Crypto,Crypto,0.03970440884570903
2020-02-07,ETH-USD,Crypto,Crypto,0.04891694034731886
2020-02-08,ETH-USD,Crypto,Crypto,0.0018877716176568526
2020-02-09,ETH-USD,Crypto,Crypto,0.02434298655714895
2020-02-10,ETH-USD,Crypto,Crypto,-0.02211870728715548
2020-02-11,ETH-USD,Crypto,Crypto,0.055155431331365135
2020-02-12,ETH-USD,Crypto,Crypto,0.12531177329455678
2020-02-13,ETH-USD,Crypto,Crypto,0.010147147902660691
2020-02-14,ETH-USD,Crypto,Crypto,0.060120481598565645
2020-02-15,ETH-USD,Crypto,Crypto,-0.06857045116097638
2020-02-16,ETH-USD,Crypto,Crypto,-0.018259692118138604
2020-02-17,ETH-USD,Crypto,Crypto,0.02488976929932618
2020-02-18,ETH-USD,Crypto,Crypto,0.05849581534422277
2020-02-19,ETH-USD,Crypto,Crypto,-0.07867008126631714
2020-02-20,ETH-USD,Crypto,Crypto,-0.006985241682689214
2020-02-21,ETH-USD,Crypto,Crypto,0.029661444062387243
2020-02-22,ETH-USD,Crypto,Crypto,-0.012307540639357906
2020-02-23,ETH-USD,Crypto,Crypto,0.04354190965516169
2020-02-24,ETH-USD,Crypto,Crypto,-0.031187544424001845
2020-02-25,ETH-USD,Crypto,Crypto,-0.06560239946277657
2020-02-26,ETH-USD,Crypto,Crypto,-0.08932912521133274
2020-02-27,ETH-USD,Crypto,Crypto,0.0047550462867866905
2020-02-28,ETH-USD,Crypto,Crypto,3.135827774425337e-05
2020-02-29,ETH-USD,Crypto,Crypto,-0.030481443479889903
2020-03-01,ETH-USD,Crypto,Crypto,-0.003993269846346403
2020-03-02,ETH-USD,Crypto,Crypto,0.05297141408109862
2020-03-03,ETH-USD,Crypto,Crypto,-0.026413474337024234
2020-03-04,ETH-USD,Crypto,Crypto,0.00017081878207236834
2020-03-05,ETH-USD,Crypto,Crypto,0.02115738673549905
2020-03-06,ETH-USD,Crypto,Crypto,0.06218529788383864
2020-03-07,ETH-USD,Crypto,Crypto,-0.023292079775564356
2020-03-08,ETH-USD,Crypto,Crypto,-0.15624784288366522
2020-03-09,ETH-USD,Crypto,Crypto,0.006464088036532978
2020-03-10,ETH-USD,Crypto,Crypto,-0.0060354861869905685
2020-03-11,ETH-USD,Crypto,Crypto,-0.029380849618490856
2020-03-12,ETH-USD,Crypto,Crypto,-0.42347221465293294
2020-03-13,ETH-USD,Crypto,Crypto,0.18562727860573336
2020-03-14,ETH-USD,Crypto,Crypto,-0.07429170741922175
2020-03-15,ETH-USD,Crypto,Crypto,0.015475962795865161
2020-03-16,ETH-USD,Crypto,Crypto,-0.1166674150987117
2020-03-17,ETH-USD,Crypto,Crypto,0.030169066268947553
2020-03-18,ETH-USD,Crypto,Crypto,0.007894498612091683
2020-03-19,ETH-USD,Crypto,Crypto,0.1894040141620661
2020-03-20,ETH-USD,Crypto,Crypto,-0.02823472111521519
2020-03-21,ETH-USD,Crypto,Crypto,0.0006143190364296114
2020-03-22,ETH-USD,Crypto,Crypto,-0.07150768570449428
2020-03-23,ETH-USD,Crypto,Crypto,0.09398593784316334
2020-03-24,ETH-USD,Crypto,Crypto,0.028536004986446484
2020-03-25,ETH-USD,Crypto,Crypto,-0.01848893815284358
2020-03-26,ETH-USD,Crypto,Crypto,0.015901101242766114
2020-03-27,ETH-USD,Crypto,Crypto,-0.031971413141401506
2020-03-28,ETH-USD,Crypto,Crypto,-0.022035925578709925
2020-03-29,ETH-USD,Crypto,Crypto,-0.04124672033266197
2020-03-30,ETH-USD,Crypto,Crypto,0.05829424129056493
2020-03-31,ETH-USD,Crypto,Crypto,0.005184366716448396
2020-04-01,ETH-USD,Crypto,Crypto,0.01527757028175758
2020-04-02,ETH-USD,Crypto,Crypto,0.047145747088574996
2020-04-03,ETH-USD,Crypto,Crypto,0.0004376869758151436
2020-04-04,ETH-USD,Crypto,Crypto,0.02201459263306571
2020-04-05,ETH-USD,Crypto,Crypto,-0.011518742372937596
2020-04-06,ETH-USD,Crypto,Crypto,0.17826423737809294
2020-04-07,ETH-USD,Crypto,Crypto,-0.023850264996428838
2020-04-08,ETH-USD,Crypto,Crypto,0.045667511481618295
2020-04-09,ETH-USD,Crypto,Crypto,-0.010626600139346465
2020-04-10,ETH-USD,Crypto,Crypto,-0.07256546063848213
2020-04-11,ETH-USD,Crypto,Crypto,-0.0012399681825301379
2020-04-12,ETH-USD,Crypto,Crypto,0.01849627417518529
2020-04-13,ETH-USD,Crypto,Crypto,-0.030177461003746964
2020-04-14,ETH-USD,Crypto,Crypto,0.008426140484949274
2020-04-15,ETH-USD,Crypto,Crypto,-0.02734513160377705
2020-04-16,ETH-USD,Crypto,Crypto,0.12310565300359055
2020-04-17,ETH-USD,Crypto,Crypto,-0.003013514905287895
2020-04-18,ETH-USD,Crypto,Crypto,0.08899759665861406
2020-04-19,ETH-USD,Crypto,Crypto,-0.02835015946648367
2020-04-20,ETH-USD,Crypto,Crypto,-0.05130521634525309
2020-04-21,ETH-USD,Crypto,Crypto,0.0025568412529346496
2020-04-22,ETH-USD,Crypto,Crypto,0.05709163292415953
2020-04-23,ETH-USD,Crypto,Crypto,0.013302836854422573
2020-04-24,ETH-USD,Crypto,Crypto,0.022743865494742277
2020-04-25,ETH-USD,Crypto,Crypto,0.0331772757444222
2020-04-26,ETH-USD,Crypto,Crypto,0.009217850433584918
2020-04-27,ETH-USD,Crypto,Crypto,-0.00047040529712094603
2020-04-28,ETH-USD,Crypto,Crypto,0.006037143067803674
2020-04-29,ETH-USD,Crypto,Crypto,0.09350505112105334
2020-04-30,ETH-USD,Crypto,Crypto,-0.04316844161041067
2020-05-01,ETH-USD,Crypto,Crypto,0.03187372256679111
2020-05-02,ETH-USD,Crypto,Crypto,0.005164233538947682
2020-05-03,ETH-USD,Crypto,Crypto,-0.020398093365129433
2020-05-04,ETH-USD,Crypto,Crypto,-0.013080637151445917
2020-05-05,ETH-USD,Crypto,Crypto,-0.006723281251511781
2020-05-06,ETH-USD,Crypto,Crypto,-0.013147723734789785
2020-05-07,ETH-USD,Crypto,Crypto,0.04034988409481799
2020-05-08,ETH-USD,Crypto,Crypto,0.00330757754176636
2020-05-09,ETH-USD,Crypto,Crypto,-0.006532882629624592
2020-05-10,ETH-USD,Crypto,Crypto,-0.10869825445616221
2020-05-11,ETH-USD,Crypto,Crypto,-0.014245641667949727
2020-05-12,ETH-USD,Crypto,Crypto,0.018286301098228597
2020-05-13,ETH-USD,Crypto,Crypto,0.05219297764835762
2020-05-14,ETH-USD,Crypto,Crypto,0.018855121721672363
2020-05-15,ETH-USD,Crypto,Crypto,-0.03609984668213273
2020-05-16,ETH-USD,Crypto,Crypto,0.025837796493022314
2020-05-17,ETH-USD,Crypto,Crypto,0.03229848650838507
2020-05-18,ETH-USD,Crypto,Crypto,0.035559036772175645
2020-05-19,ETH-USD,Crypto,Crypto,-0.005006147613569434
2020-05-20,ETH-USD,Crypto,Crypto,-0.015714933991157976
2020-05-21,ETH-USD,Crypto,Crypto,-0.04861158117206166
2020-05-22,ETH-USD,Crypto,Crypto,0.036449129788362455
2020-05-23,ETH-USD,Crypto,Crypto,0.007362134898328376
2020-05-24,ETH-USD,Crypto,Crypto,-0.03030292616887509
2020-05-25,ETH-USD,Crypto,Crypto,0.014574278854364575
2020-05-26,ETH-USD,Crypto,Crypto,-0.016644452016541522
2020-05-27,ETH-USD,Crypto,Crypto,0.034477666422055187
2020-05-28,ETH-USD,Crypto,Crypto,0.05255582341240994
2020-05-29,ETH-USD,Crypto,Crypto,0.0037968519368642983
2020-05-30,ETH-USD,Crypto,Crypto,0.0982007880562834
2020-05-31,ETH-USD,Crypto,Crypto,-0.046916009527802616
2020-06-01,ETH-USD,Crypto,Crypto,0.06934085140049451
2020-06-02,ETH-USD,Crypto,Crypto,-0.03956692752858926
2020-06-03,ETH-USD,Crypto,Crypto,0.02934109196296908
2020-06-04,ETH-USD,Crypto,Crypto,0.0010118396234197746
2020-06-05,ETH-USD,Crypto,Crypto,-0.01310990485636565
2020-06-06,ETH-USD,Crypto,Crypto,0.0029405915366731428
2020-06-07,ETH-USD,Crypto,Crypto,0.013375413294720584
2020-06-08,ETH-USD,Crypto,Crypto,0.00466071390672762
2020-06-09,ETH-USD,Crypto,Crypto,-0.005677614763718863
2020-06-10,ETH-USD,Crypto,Crypto,0.01034452659686913
2020-06-11,ETH-USD,Crypto,Crypto,-0.06361931932262788
2020-06-12,ETH-USD,Crypto,Crypto,0.02499126432857568
2020-06-13,ETH-USD,Crypto,Crypto,0.005960735282637852
2020-06-14,ETH-USD,Crypto,Crypto,-0.020066832171668714
2020-06-15,ETH-USD,Crypto,Crypto,-0.017879231889114333
2020-06-16,ETH-USD,Crypto,Crypto,0.01951585350776286
2020-06-17,ETH-USD,Crypto,Crypto,-0.005920639720965681
2020-06-18,ETH-USD,Crypto,Crypto,-0.003978524779853165
2020-06-19,ETH-USD,Crypto,Crypto,-0.021382380177690008
2020-06-20,ETH-USD,Crypto,Crypto,0.009403835282570938
2020-06-21,ETH-USD,Crypto,Crypto,-0.0012406062725255351
2020-06-22,ETH-USD,Crypto,Crypto,0.05914396254513776
2020-06-23,ETH-USD,Crypto,Crypto,0.0066339911121064965
2020-06-24,ETH-USD,Crypto,Crypto,-0.03428203573727662
2020-06-25,ETH-USD,Crypto,Crypto,-0.01199449842812228
2020-06-26,ETH-USD,Crypto,Crypto,-0.014065340211250277
2020-06-27,ETH-USD,Crypto,Crypto,-0.029208468909296514
2020-06-28,ETH-USD,Crypto,Crypto,0.01070764753067932
2020-06-29,ETH-USD,Crypto,Crypto,0.012636955023823893
2020-06-30,ETH-USD,Crypto,Crypto,-0.008237992176384878
2020-07-01,ETH-USD,Crypto,Crypto,0.021202377597294486
2020-07-02,ETH-USD,Crypto,Crypto,-0.00744752050491182
2020-07-03,ETH-USD,Crypto,Crypto,-0.017459734949675898
2020-07-04,ETH-USD,Crypto,Crypto,0.016358712330749814
2020-07-05,ETH-USD,Crypto,Crypto,-0.006153097654430395
2020-07-06,ETH-USD,Crypto,Crypto,0.06081589777420948
2020-07-07,ETH-USD,Crypto,Crypto,-0.01008111519525301
2020-07-08,ETH-USD,Crypto,Crypto,0.03176603807977685
2020-07-09,ETH-USD,Crypto,Crypto,-0.014813526312331904
2020-07-10,ETH-USD,Crypto,Crypto,-0.008357374289335584
2020-07-11,ETH-USD,Crypto,Crypto,-0.006335704650459517
2020-07-12,ETH-USD,Crypto,Crypto,0.011164884814891307
2020-07-13,ETH-USD,Crypto,Crypto,-0.010436943542246335
2020-07-14,ETH-USD,Crypto,Crypto,0.0025329360010484248
2020-07-15,ETH-USD,Crypto,Crypto,-0.007443290455772633
2020-07-16,ETH-USD,Crypto,Crypto,-0.020059424047782937
2020-07-17,ETH-USD,Crypto,Crypto,-0.0037142380015947607
2020-07-18,ETH-USD,Crypto,Crypto,0.01164534919888971
2020-07-19,ETH-USD,Crypto,Crypto,0.01275547512299724
2020-07-20,ETH-USD,Crypto,Crypto,-0.009788145738083509
2020-07-21,ETH-USD,Crypto,Crypto,0.037533080727248036
2020-07-22,ETH-USD,Crypto,Crypto,0.07009284681918926
2020-07-23,ETH-USD,Crypto,Crypto,0.047669180441096026
2020-07-24,ETH-USD,Crypto,Crypto,0.01647814895460087
2020-07-25,ETH-USD,Crypto,Crypto,0.08896836282346765
2020-07-26,ETH-USD,Crypto,Crypto,0.018374375158832335
2020-07-27,ETH-USD,Crypto,Crypto,0.03833595396673628
2020-07-28,ETH-USD,Crypto,Crypto,-0.015106155699835644
2020-07-29,ETH-USD,Crypto,Crypto,0.004843187189946141
2020-07-30,ETH-USD,Crypto,Crypto,0.05152803741320544
2020-07-31,ETH-USD,Crypto,Crypto,0.032780799608892464
2020-08-01,ETH-USD,Crypto,Crypto,0.11472873899322056
2020-08-02,ETH-USD,Crypto,Crypto,-0.037715461237258996
2020-08-03,ETH-USD,Crypto,Crypto,0.042149003171452204
2020-08-04,ETH-USD,Crypto,Crypto,0.009268358966418422
2020-08-05,ETH-USD,Crypto,Crypto,0.030048280137513927
2020-08-06,ETH-USD,Crypto,Crypto,-0.016505944076137702
2020-08-07,ETH-USD,Crypto,Crypto,-0.03911540565284821
2020-08-08,ETH-USD,Crypto,Crypto,0.038139730716217235
2020-08-09,ETH-USD,Crypto,Crypto,-0.007276661870967205
2020-08-10,ETH-USD,Crypto,Crypto,0.01218836889304864
2020-08-11,ETH-USD,Crypto,Crypto,-0.039161394722536436
2020-08-12,ETH-USD,Crypto,Crypto,0.027972008335723553
2020-08-13,ETH-USD,Crypto,Crypto,0.09645854080361627
2020-08-14,ETH-USD,Crypto,Crypto,0.020189392691058572
2020-08-15,ETH-USD,Crypto,Crypto,-0.009243090532024323
2020-08-16,ETH-USD,Crypto,Crypto,0.0009961849763249209
2020-08-17,ETH-USD,Crypto,Crypto,-0.009809825584340293
2020-08-18,ETH-USD,Crypto,Crypto,-0.013647292197162653
2020-08-19,ETH-USD,Crypto,Crypto,-0.04061076745635395
2020-08-20,ETH-USD,Crypto,Crypto,0.024543424978067163
2020-08-21,ETH-USD,Crypto,Crypto,-0.06558798361324525
2020-08-22,ETH-USD,Crypto,Crypto,0.017240676181713432
2020-08-23,ETH-USD,Crypto,Crypto,-0.011243703706330654
2020-08-24,ETH-USD,Crypto,Crypto,0.04282158587440188
2020-08-25,ETH-USD,Crypto,Crypto,-0.05915350070348824
2020-08-26,ETH-USD,Crypto,Crypto,0.006419482369232066
2020-08-27,ETH-USD,Crypto,Crypto,-0.00991935862142268
2020-08-28,ETH-USD,Crypto,Crypto,0.034607699121382396
2020-08-29,ETH-USD,Crypto,Crypto,0.010222462637086371
2020-08-30,ETH-USD,Crypto,Crypto,0.07119958469630605
2020-08-31,ETH-USD,Crypto,Crypto,0.015602445733341463
2020-09-01,ETH-USD,Crypto,Crypto,0.09647005795804109
2020-09-02,ETH-USD,Crypto,Crypto,-0.07758361882075893
2020-09-03,ETH-USD,Crypto,Crypto,-0.123553539238214
2020-09-04,ETH-USD,Crypto,Crypto,0.006661656260499305
2020-09-05,ETH-USD,Crypto,Crypto,-0.13646435756459385
2020-09-06,ETH-USD,Crypto,Crypto,0.053994510368928994
2020-09-07,ETH-USD,Crypto,Crypto,-0.0019492226211732522
2020-09-08,ETH-USD,Crypto,Crypto,-0.04273465666874776
2020-09-09,ETH-USD,Crypto,Crypto,0.04001131385125989
2020-09-10,ETH-USD,Crypto,Crypto,0.04839475251697656
2020-09-11,ETH-USD,Crypto,Crypto,0.01791267308646205
2020-09-12,ETH-USD,Crypto,Crypto,0.03332710268956118
2020-09-13,ETH-USD,Crypto,Crypto,-0.05582138745017029
2020-09-14,ETH-USD,Crypto,Crypto,0.03200167493140915
2020-09-15,ETH-USD,Crypto,Crypto,-0.0329464164811436
2020-09-16,ETH-USD,Crypto,Crypto,0.002667157170638479
2020-09-17,ETH-USD,Crypto,Crypto,0.06343947582272258
2020-09-18,ETH-USD,Crypto,Crypto,-0.011965201952840232
2020-09-19,ETH-USD,Crypto,Crypto,0.003069586260487034
2020-09-20,ETH-USD,Crypto,Crypto,-0.03758723421298804
2020-09-21,ETH-USD,Crypto,Crypto,-0.07887489895061617
2020-09-22,ETH-USD,Crypto,Crypto,0.00794971555350954
2020-09-23,ETH-USD,Crypto,Crypto,-0.06788579355602253
2020-09-24,ETH-USD,Crypto,Crypto,0.08794099866959249
2020-09-25,ETH-USD,Crypto,Crypto,0.008093951580075087
2020-09-26,ETH-USD,Crypto,Crypto,0.009383864826871147
2020-09-27,ETH-USD,Crypto,Crypto,0.005486566064312859
2020-09-28,ETH-USD,Crypto,Crypto,-0.006376154798124589
2020-09-29,ETH-USD,Crypto,Crypto,0.012946190125610713
2020-09-30,ETH-USD,Crypto,Crypto,0.0005016740848944323
2020-10-01,ETH-USD,Crypto,Crypto,-0.01870312835433363
2020-10-02,ETH-USD,Crypto,Crypto,-0.01972498177140869
2020-10-03,ETH-USD,Crypto,Crypto,0.0008178531913418663
2020-10-04,ETH-USD,Crypto,Crypto,0.017479160421163265
2020-10-05,ETH-USD,Crypto,Crypto,0.003907711634822508
2020-10-06,ETH-USD,Crypto,Crypto,-0.03712580364145024
2020-10-07,ETH-USD,Crypto,Crypto,0.0029130036979352347
2020-10-08,ETH-USD,Crypto,Crypto,0.02620615039517382
2020-10-09,ETH-USD,Crypto,Crypto,0.042262747082040475
2020-10-10,ETH-USD,Crypto,Crypto,0.014708002366342399
2020-10-11,ETH-USD,Crypto,Crypto,0.011252921017721018
2020-10-12,ETH-USD,Crypto,Crypto,0.033558494889834645
2020-10-13,ETH-USD,Crypto,Crypto,-0.01686863418993423
2020-10-14,ETH-USD,Crypto,Crypto,-0.0044773541995790644
2020-10-15,ETH-USD,Crypto,Crypto,-0.005381532815657342
2020-10-16,ETH-USD,Crypto,Crypto,-0.02970743726519065
2020-10-17,ETH-USD,Crypto,Crypto,0.0071728961371237965
2020-10-18,ETH-USD,Crypto,Crypto,0.025369682024107387
2020-10-19,ETH-USD,Crypto,Crypto,0.004552780347713448
2020-10-20,ETH-USD,Crypto,Crypto,-0.02842246378033897
2020-10-21,ETH-USD,Crypto,Crypto,0.06245127472350509
2020-10-22,ETH-USD,Crypto,Crypto,0.055032023655851914
2020-10-23,ETH-USD,Crypto,Crypto,-0.009682330208334755
2020-10-24,ETH-USD,Crypto,Crypto,0.006566951423729428
2020-10-25,ETH-USD,Crypto,Crypto,-0.015128433756102622
2020-10-26,ETH-USD,Crypto,Crypto,-0.030351866854822607
2020-10-27,ETH-USD,Crypto,Crypto,0.025663961040470307
2020-10-28,ETH-USD,Crypto,Crypto,-0.037986127241859236
2020-10-29,ETH-USD,Crypto,Crypto,-0.004941851425972588
2020-10-30,ETH-USD,Crypto,Crypto,-0.010110735385608915
2020-10-31,ETH-USD,Crypto,Crypto,0.009848898837674147
2020-11-01,ETH-USD,Crypto,Crypto,0.02526667630791546
2020-11-02,ETH-USD,Crypto,Crypto,-0.033306859903456054
2020-11-03,ETH-USD,Crypto,Crypto,0.011602130737028649
2020-11-04,ETH-USD,Crypto,Crypto,0.03751223924387381
2020-11-05,ETH-USD,Crypto,Crypto,0.02965458483467409
2020-11-06,ETH-USD,Crypto,Crypto,0.0981771366329065
2020-11-07,ETH-USD,Crypto,Crypto,-0.04179757617359503
2020-11-08,ETH-USD,Crypto,Crypto,0.040948144234179695
2020-11-09,ETH-USD,Crypto,Crypto,-0.02070692244149086
2020-11-10,ETH-USD,Crypto,Crypto,0.01242014836129579
2020-11-11,ETH-USD,Crypto,Crypto,0.029534169495399443
2020-11-12,ETH-USD,Crypto,Crypto,-0.004223386354289427
2020-11-13,ETH-USD,Crypto,Crypto,0.029546635124694687
2020-11-14,ETH-USD,Crypto,Crypto,-0.030501025586850417
2020-11-15,ETH-USD,Crypto,Crypto,-0.027362302769762148
2020-11-16,ETH-USD,Crypto,Crypto,0.027663890831452376
2020-11-17,ETH-USD,Crypto,Crypto,0.044396563964784974
2020-11-18,ETH-USD,Crypto,Crypto,-0.001823646722940775
2020-11-19,ETH-USD,Crypto,Crypto,-0.016379350617824917
2020-11-20,ETH-USD,Crypto,Crypto,0.08081356321758748
2020-11-21,ETH-USD,Crypto,Crypto,0.07796466688339021
2020-11-22,ETH-USD,Crypto,Crypto,0.015617271492200935
2020-11-23,ETH-USD,Crypto,Crypto,0.09028633587462331
2020-11-24,ETH-USD,Crypto,Crypto,-0.007488280314670304
2020-11-25,ETH-USD,Crypto,Crypto,-0.05499460748003315
2020-11-26,ETH-USD,Crypto,Crypto,-0.09091766638538712
2020-11-27,ETH-USD,Crypto,Crypto,-0.0025201063807008817
2020-11-28,ETH-USD,Crypto,Crypto,0.04007021428140933
2020-11-29,ETH-USD,Crypto,Crypto,0.06972534679646114
2020-11-30,ETH-USD,Crypto,Crypto,0.06788350107386454
2020-12-01,ETH-USD,Crypto,Crypto,-0.04475677961558855
2020-12-02,ETH-USD,Crypto,Crypto,0.018777021338771238
2020-12-03,ETH-USD,Crypto,Crypto,0.030678218435329363
2020-12-04,ETH-USD,Crypto,Crypto,-0.07678592848328947
2020-12-05,ETH-USD,Crypto,Crypto,0.047845914887590935
2020-12-06,ETH-USD,Crypto,Crypto,0.008906433191264718
2020-12-07,ETH-USD,Crypto,Crypto,-0.01672281499383932
2020-12-08,ETH-USD,Crypto,Crypto,-0.06254293959158741
2020-12-09,ETH-USD,Crypto,Crypto,0.033616499701109914
2020-12-10,ETH-USD,Crypto,Crypto,-0.024064691319026776
2020-12-11,ETH-USD,Crypto,Crypto,-0.024802031631535493
2020-12-12,ETH-USD,Crypto,Crypto,0.041718703731370654
2020-12-13,ETH-USD,Crypto,Crypto,0.037103585490145585
2020-12-14,ETH-USD,Crypto,Crypto,-0.006193431308962327
2020-12-15,ETH-USD,Crypto,Crypto,0.005707094951707736
2020-12-16,ETH-USD,Crypto,Crypto,0.07945327683237835
2020-12-17,ETH-USD,Crypto,Crypto,0.010511356250089365
2020-12-18,ETH-USD,Crypto,Crypto,0.018577647939548747
2020-12-19,ETH-USD,Crypto,Crypto,0.006850763657229253
2020-12-20,ETH-USD,Crypto,Crypto,-0.03186280386564
2020-12-21,ETH-USD,Crypto,Crypto,-0.04460813155249255
2020-12-22,ETH-USD,Crypto,Crypto,0.04105539884074627
2020-12-23,ETH-USD,Crypto,Crypto,-0.0805532804990381
2020-12-24,ETH-USD,Crypto,Crypto,0.04778461622112218
2020-12-25,ETH-USD,Crypto,Crypto,0.02420430689984565
2020-12-26,ETH-USD,Crypto,Crypto,0.015046214535492375
2020-12-27,ETH-USD,Crypto,Crypto,0.07361415859069909
2020-12-28,ETH-USD,Crypto,Crypto,0.06995611391998069
2020-12-29,ETH-USD,Crypto,Crypto,0.0015372492130329984
2020-12-30,ETH-USD,Crypto,Crypto,0.027475410142453693
2020-12-31,ETH-USD,Crypto,Crypto,-0.018381058140691575
2021-01-01,ETH-USD,Crypto,Crypto,-0.010078365039673964
2021-01-02,ETH-USD,Crypto,Crypto,0.06047286631119175
2021-01-03,ETH-USD,Crypto,Crypto,0.2594753293956862
2021-01-04,ETH-USD,Crypto,Crypto,0.06635041674388553
2021-01-05,ETH-USD,Crypto,Crypto,0.057461231702209625
2021-01-06,ETH-USD,Crypto,Crypto,0.09736862255513934
2021-01-07,ETH-USD,Crypto,Crypto,0.015380441218393326
2021-01-08,ETH-USD,Crypto,Crypto,-0.0012082756724967059
2021-01-09,ETH-USD,Crypto,Crypto,0.04646320835871487
2021-01-10,ETH-USD,Crypto,Crypto,-0.014699009060386903
2021-01-11,ETH-USD,Crypto,Crypto,-0.13634523092842832
2021-01-12,ETH-USD,Crypto,Crypto,-0.0428482439504031
2021-01-13,ETH-USD,Crypto,Crypto,0.08367061246989871
2021-01-14,ETH-USD,Crypto,Crypto,0.07757191852287426
2021-01-15,ETH-USD,Crypto,Crypto,-0.03826032525754719
2021-01-16,ETH-USD,Crypto,Crypto,0.052655044668727724
2021-01-17,ETH-USD,Crypto,Crypto,-0.0027282155417935883
2021-01-18,ETH-USD,Crypto,Crypto,0.02203536943575002
2021-01-19,ETH-USD,Crypto,Crypto,0.09545717838129009
2021-01-20,ETH-USD,Crypto,Crypto,0.00361443711529974
2021-01-21,ETH-USD,Crypto,Crypto,-0.18860451399286926
2021-01-22,ETH-USD,Crypto,Crypto,0.1024824037765284
2021-01-23,ETH-USD,Crypto,Crypto,-0.004465468609136769
2021-01-24,ETH-USD,Crypto,Crypto,0.13047928581876245
2021-01-25,ETH-USD,Crypto,Crypto,-0.04828551839708972
2021-01-26,ETH-USD,Crypto,Crypto,0.0246473466409749
2021-01-27,ETH-USD,Crypto,Crypto,-0.07654128534445381
2021-01-28,ETH-USD,Crypto,Crypto,0.06328269064744974
2021-01-29,ETH-USD,Crypto,Crypto,0.03754666640282833
2021-01-30,ETH-USD,Crypto,Crypto,-0.004634533699547028
2021-01-31,ETH-USD,Crypto,Crypto,-0.04442161534791822
2021-02-01,ETH-USD,Crypto,Crypto,0.041106378941601296
2021-02-02,ETH-USD,Crypto,Crypto,0.10675593258422955
2021-02-03,ETH-USD,Crypto,Crypto,0.09616976222373852
2021-02-04,ETH-USD,Crypto,Crypto,-0.03982567909810919
2021-02-05,ETH-USD,Crypto,Crypto,0.07768440029221635
2021-02-06,ETH-USD,Crypto,Crypto,-0.023741923184774527
2021-02-07,ETH-USD,Crypto,Crypto,-0.03791706041817189
2021-02-08,ETH-USD,Crypto,Crypto,0.08201385173983122
2021-02-09,ETH-USD,Crypto,Crypto,0.012262685569933707
2021-02-10,ETH-USD,Crypto,Crypto,-0.01345653537210656
2021-02-11,ETH-USD,Crypto,Crypto,0.022677205052725746
2021-02-12,ETH-USD,Crypto,Crypto,0.03348732312940794
2021-02-13,ETH-USD,Crypto,Crypto,-0.015959972504702824
2021-02-14,ETH-USD,Crypto,Crypto,-0.004975308838028325
2021-02-15,ETH-USD,Crypto,Crypto,-0.014012139783403876
2021-02-16,ETH-USD,Crypto,Crypto,0.0007172130023165302
2021-02-17,ETH-USD,Crypto,Crypto,0.03783727842182305
2021-02-18,ETH-USD,Crypto,Crypto,0.04814334686912458
2021-02-19,ETH-USD,Crypto,Crypto,0.0117244756414987
2021-02-20,ETH-USD,Crypto,Crypto,-0.02072822520328288
2021-02-21,ETH-USD,Crypto,Crypto,0.00837026909619265
2021-02-22,ETH-USD,Crypto,Crypto,-0.0793594074434344
2021-02-23,ETH-USD,Crypto,Crypto,-0.11884948478862234
2021-02-24,ETH-USD,Crypto,Crypto,0.03590087965500732
2021-02-25,ETH-USD,Crypto,Crypto,-0.09275433646521236
2021-02-26,ETH-USD,Crypto,Crypto,-0.02010569143015961
2021-02-27,ETH-USD,Crypto,Crypto,0.009639784472410318
2021-02-28,ETH-USD,Crypto,Crypto,-0.03008561801322729
2021-03-01,ETH-USD,Crypto,Crypto,0.10498132242232572
2021-03-02,ETH-USD,Crypto,Crypto,-0.046078177824534605
2021-03-03,ETH-USD,Crypto,Crypto,0.055771067902868676
2021-03-04,ETH-USD,Crypto,Crypto,-0.02153680549869552
2021-03-05,ETH-USD,Crypto,Crypto,-0.005602958730816177
2021-03-06,ETH-USD,Crypto,Crypto,0.07922032955620151
2021-03-07,ETH-USD,Crypto,Crypto,0.04134315133557287
2021-03-08,ETH-USD,Crypto,Crypto,0.06474993475523938
2021-03-09,ETH-USD,Crypto,Crypto,0.01816123402047265
2021-03-10,ETH-USD,Crypto,Crypto,-0.03687407273423038
2021-03-11,ETH-USD,Crypto,Crypto,0.015022895397648561
2021-03-12,ETH-USD,Crypto,Crypto,-0.02962034771084776
2021-03-13,ETH-USD,Crypto,Crypto,0.08610281570039335
2021-03-14,ETH-USD,Crypto,Crypto,-0.036432495849089586
2021-03-15,ETH-USD,Crypto,Crypto,-0.03389586410902523
2021-03-16,ETH-USD,Crypto,Crypto,0.008522359714190797
2021-03-17,ETH-USD,Crypto,Crypto,0.009118868953279069
2021-03-18,ETH-USD,Crypto,Crypto,-0.022262334013067764
2021-03-19,ETH-USD,Crypto,Crypto,0.019501889367920855
2021-03-20,ETH-USD,Crypto,Crypto,-0.00274506804140795
2021-03-21,ETH-USD,Crypto,Crypto,-0.013470780019506856
2021-03-22,ETH-USD,Crypto,Crypto,-0.0541785781135381
2021-03-23,ETH-USD,Crypto,Crypto,-0.0074993100167096705
2021-03-24,ETH-USD,Crypto,Crypto,-0.050776926040515424
2021-03-25,ETH-USD,Crypto,Crypto,0.0012211524752892
2021-03-26,ETH-USD,Crypto,Crypto,0.06737215325548651
2021-03-27,ETH-USD,Crypto,Crypto,0.008017530435460829
2021-03-28,ETH-USD,Crypto,Crypto,-0.014645354230451879
2021-03-29,ETH-USD,Crypto,Crypto,0.07587343099405097
2021-03-30,ETH-USD,Crypto,Crypto,0.014479844479645232
2021-03-31,ETH-USD,Crypto,Crypto,0.039180416629085224
2021-04-01,ETH-USD,Crypto,Crypto,0.03071098836529318
2021-04-02,ETH-USD,Crypto,Crypto,0.08392791834374091
2021-04-03,ETH-USD,Crypto,Crypto,-0.053565570203716883
2021-04-04,ETH-USD,Crypto,Crypto,0.031896864607867226
2021-04-05,ETH-USD,Crypto,Crypto,0.007053768788714887
2021-04-06,ETH-USD,Crypto,Crypto,0.004977353239657756
2021-04-07,ETH-USD,Crypto,Crypto,-0.06953507481952037
2021-04-08,ETH-USD,Crypto,Crypto,0.059610275923209555
2021-04-09,ETH-USD,Crypto,Crypto,-0.007883295432574822
2021-04-10,ETH-USD,Crypto,Crypto,0.030805935133171092
2021-04-11,ETH-USD,Crypto,Crypto,0.010166400745060589
2021-04-12,ETH-USD,Crypto,Crypto,-0.008483142170705449
2021-04-13,ETH-USD,Crypto,Crypto,0.07471158447120319
2021-04-14,ETH-USD,Crypto,Crypto,0.05911532743444026
2021-04-15,ETH-USD,Crypto,Crypto,0.03450004461515177
2021-04-16,ETH-USD,Crypto,Crypto,-0.034603277671709454
2021-04-17,ETH-USD,Crypto,Crypto,-0.03579499486660964
2021-04-18,ETH-USD,Crypto,Crypto,-0.04595432023313606
2021-04-19,ETH-USD,Crypto,Crypto,-0.03171385720426667
2021-04-20,ETH-USD,Crypto,Crypto,0.07571926454479683
2021-04-21,ETH-USD,Crypto,Crypto,0.014823023499079602
2021-04-22,ETH-USD,Crypto,Crypto,0.016400642451499525
2021-04-23,ETH-USD,Crypto,Crypto,-0.01662092376951263
2021-04-24,ETH-USD,Crypto,Crypto,-0.06429232426518516
2021-04-25,ETH-USD,Crypto,Crypto,0.047220393740067035
2021-04-26,ETH-USD,Crypto,Crypto,0.09430764300727978
2021-04-27,ETH-USD,Crypto,Crypto,0.050654753378619466
2021-04-28,ETH-USD,Crypto,Crypto,0.03136279354284577
2021-04-29,ETH-USD,Crypto,Crypto,0.003822058741562495
2021-04-30,ETH-USD,Crypto,Crypto,0.005923397526498064
2021-05-01,ETH-USD,Crypto,Crypto,0.062269347030246225
2021-05-02,ETH-USD,Crypto,Crypto,0.0020921772956372653
2021-05-03,ETH-USD,Crypto,Crypto,0.16226995848861292
2021-05-04,ETH-USD,Crypto,Crypto,-0.051720294307653125
2021-05-05,ETH-USD,Crypto,Crypto,0.08272417536125909
2021-05-06,ETH-USD,Crypto,Crypto,-0.00905614401787469
2021-05-07,ETH-USD,Crypto,Crypto,-0.0017621248893077146
2021-05-08,ETH-USD,Crypto,Crypto,0.11992860871057798
2021-05-09,ETH-USD,Crypto,Crypto,0.006712627801450655
2021-05-10,ETH-USD,Crypto,Crypto,0.005968476837850734
2021-05-11,ETH-USD,Crypto,Crypto,0.05475484100041772
2021-05-12,ETH-USD,Crypto,Crypto,-0.09183976573938502
2021-05-13,ETH-USD,Crypto,Crypto,-0.0186748605582725
2021-05-14,ETH-USD,Crypto,Crypto,0.09795273100628976
2021-05-15,ETH-USD,Crypto,Crypto,-0.10809735250304064
2021-05-16,ETH-USD,Crypto,Crypto,-0.013912663131868785
2021-05-17,ETH-USD,Crypto,Crypto,-0.08504749250140786
2021-05-18,ETH-USD,Crypto,Crypto,0.029756407375664207
2021-05-19,ETH-USD,Crypto,Crypto,-0.2720034941722024
2021-05-20,ETH-USD,Crypto,Crypto,0.13151449824793127
2021-05-21,ETH-USD,Crypto,Crypto,-0.12702423935739582
2021-05-22,ETH-USD,Crypto,Crypto,-0.05550670085100928
2021-05-23,ETH-USD,Crypto,Crypto,-0.08107561141354924
2021-05-24,ETH-USD,Crypto,Crypto,0.2531362984543515
2021-05-25,ETH-USD,Crypto,Crypto,0.023845534449147276
2021-05-26,ETH-USD,Crypto,Crypto,0.06726811488576234
2021-05-27,ETH-USD,Crypto,Crypto,-0.052691616288219056
2021-05-28,ETH-USD,Crypto,Crypto,-0.115689239130076
2021-05-29,ETH-USD,Crypto,Crypto,-0.05801550776760467
2021-05-30,ETH-USD,Crypto,Crypto,0.048603014494119634
2021-05-31,ETH-USD,Crypto,Crypto,0.1358152351044477
2021-06-01,ETH-USD,Crypto,Crypto,-0.0299921333878157
2021-06-02,ETH-USD,Crypto,Crypto,0.027570223894910928
2021-06-03,ETH-USD,Crypto,Crypto,0.05506082122730849
2021-06-04,ETH-USD,Crypto,Crypto,-0.05846725128986907
2021-06-05,ETH-USD,Crypto,Crypto,-0.021433773441770665
2021-06-06,ETH-USD,Crypto,Crypto,0.032128263957071024
2021-06-07,ETH-USD,Crypto,Crypto,-0.04597617844406354
2021-06-08,ETH-USD,Crypto,Crypto,-0.028114696356679736
2021-06-09,ETH-USD,Crypto,Crypto,0.03607967431090309
2021-06-10,ETH-USD,Crypto,Crypto,-0.05242888494385056
2021-06-11,ETH-USD,Crypto,Crypto,-0.04764267524354615
2021-06-12,ETH-USD,Crypto,Crypto,0.007951323078627226
2021-06-13,ETH-USD,Crypto,Crypto,0.05728477202826676
2021-06-14,ETH-USD,Crypto,Crypto,0.011760329487777943
2021-06-15,ETH-USD,Crypto,Crypto,0.028782028478138377
2021-06-16,ETH-USD,Crypto,Crypto,-0.09317467829181958
2021-06-17,ETH-USD,Crypto,Crypto,0.0018323460112703582
2021-06-18,ETH-USD,Crypto,Crypto,-0.05913519533292433
2021-06-19,ETH-USD,Crypto,Crypto,-0.023853268817950024
2021-06-20,ETH-USD,Crypto,Crypto,0.03115240254206708
2021-06-21,ETH-USD,Crypto,Crypto,-0.1593316631723415
2021-06-22,ETH-USD,Crypto,Crypto,-0.0071473718245484985
2021-06-23,ETH-USD,Crypto,Crypto,0.06122096610515215
2021-06-24,ETH-USD,Crypto,Crypto,-0.0006433160408149119
2021-06-25,ETH-USD,Crypto,Crypto,-0.08812816946248714
2021-06-26,ETH-USD,Crypto,Crypto,0.008836212177885328
2021-06-27,ETH-USD,Crypto,Crypto,0.0818129147779052
2021-06-28,ETH-USD,Crypto,Crypto,0.05091873749506903
2021-06-29,ETH-USD,Crypto,Crypto,0.03900201883549914
2021-06-30,ETH-USD,Crypto,Crypto,0.052656870391718735
2021-07-01,ETH-USD,Crypto,Crypto,-0.07075786769497328
2021-07-02,ETH-USD,Crypto,Crypto,0.017238228700587443
2021-07-03,ETH-USD,Crypto,Crypto,0.035382581063104546
2021-07-04,ETH-USD,Crypto,Crypto,0.0429492165308718
2021-07-05,ETH-USD,Crypto,Crypto,-0.05303886040710504
2021-07-06,ETH-USD,Crypto,Crypto,0.057353737104673064
2021-07-07,ETH-USD,Crypto,Crypto,-0.004094146464876158
2021-07-08,ETH-USD,Crypto,Crypto,-0.08428589852706492
2021-07-09,ETH-USD,Crypto,Crypto,0.012578152818153887
2021-07-10,ETH-USD,Crypto,Crypto,-0.016438693611583566
2021-07-11,ETH-USD,Crypto,Crypto,0.013385044405790802
2021-07-12,ETH-USD,Crypto,Crypto,-0.04811208084100682
2021-07-13,ETH-USD,Crypto,Crypto,-0.04744738315710828
2021-07-14,ETH-USD,Crypto,Crypto,0.02796132275201524
2021-07-15,ETH-USD,Crypto,Crypto,-0.04169600090882597
2021-07-16,ETH-USD,Crypto,Crypto,-0.016111927996504405
2021-07-17,ETH-USD,Crypto,Crypto,0.009807715440898646
2021-07-18,ETH-USD,Crypto,Crypto,-0.001723734916274866
2021-07-19,ETH-USD,Crypto,Crypto,-0.04128374639361532
2021-07-20,ETH-USD,Crypto,Crypto,-0.01639021839697663
2021-07-21,ETH-USD,Crypto,Crypto,0.1138231386284283
2021-07-22,ETH-USD,Crypto,Crypto,0.01719358875607435
2021-07-23,ETH-USD,Crypto,Crypto,0.04916734984036908
2021-07-24,ETH-USD,Crypto,Crypto,0.03032890061397775
2021-07-25,ETH-USD,Crypto,Crypto,0.0009843828063664795
2021-07-26,ETH-USD,Crypto,Crypto,0.01916282850447759
2021-07-27,ETH-USD,Crypto,Crypto,0.029089175950248514
2021-07-28,ETH-USD,Crypto,Crypto,-0.0007779923760146135
2021-07-29,ETH-USD,Crypto,Crypto,0.03675580573317805
2021-07-30,ETH-USD,Crypto,Crypto,0.03612188139554173
2021-07-31,ETH-USD,Crypto,Crypto,0.028070376144742504
2021-08-01,ETH-USD,Crypto,Crypto,0.010110397103823221
2021-08-02,ETH-USD,Crypto,Crypto,0.01885404331468732
2021-08-03,ETH-USD,Crypto,Crypto,-0.04130167760589376
2021-08-04,ETH-USD,Crypto,Crypto,0.0888246242008488
2021-08-05,ETH-USD,Crypto,Crypto,0.03769662894668069
2021-08-06,ETH-USD,Crypto,Crypto,0.02249925501300054
2021-08-07,ETH-USD,Crypto,Crypto,0.09211431822037741
2021-08-08,ETH-USD,Crypto,Crypto,-0.045453041087839874
2021-08-09,ETH-USD,Crypto,Crypto,0.0511404136452529
2021-08-10,ETH-USD,Crypto,Crypto,-0.008259541279942217
2021-08-11,ETH-USD,Crypto,Crypto,0.007178921769949609
2021-08-12,ETH-USD,Crypto,Crypto,-0.03818629912409377
2021-08-13,ETH-USD,Crypto,Crypto,0.09160677291715547
2021-08-14,ETH-USD,Crypto,Crypto,-0.017087505609842735
2021-08-15,ETH-USD,Crypto,Crypto,0.013799287280931383
2021-08-16,ETH-USD,Crypto,Crypto,-0.04651697201106941
2021-08-17,ETH-USD,Crypto,Crypto,-0.04487981843695865
2021-08-18,ETH-USD,Crypto,Crypto,0.0017393580222999638
2021-08-19,ETH-USD,Crypto,Crypto,0.05384353217968729
2021-08-20,ETH-USD,Crypto,Crypto,0.03274989283808627
2021-08-21,ETH-USD,Crypto,Crypto,-0.01851308673728791
2021-08-22,ETH-USD,Crypto,Crypto,0.004969335646024975
2021-08-23,ETH-USD,Crypto,Crypto,0.023793676139643116
2021-08-24,ETH-USD,Crypto,Crypto,-0.04422706980850821
2021-08-25,ETH-USD,Crypto,Crypto,0.01653576265002532
2021-08-26,ETH-USD,Crypto,Crypto,-0.03863352454525626
2021-08-27,ETH-USD,Crypto,Crypto,0.05492177964873113
2021-08-28,ETH-USD,Crypto,Crypto,-0.008009999118418598
2021-08-29,ETH-USD,Crypto,Crypto,-0.005363277326429605
2021-08-30,ETH-USD,Crypto,Crypto,-0.0008145075244350153
2021-08-31,ETH-USD,Crypto,Crypto,0.0649299309148601
2021-09-01,ETH-USD,Crypto,Crypto,0.11681033382537342
2021-09-02,ETH-USD,Crypto,Crypto,-0.011431577462321041
2021-09-03,ETH-USD,Crypto,Crypto,0.039468517786860335
2021-09-04,ETH-USD,Crypto,Crypto,-0.013395467548673934
2021-09-05,ETH-USD,Crypto,Crypto,0.016540127206146282
2021-09-06,ETH-USD,Crypto,Crypto,-0.0060104624807395535
2021-09-07,ETH-USD,Crypto,Crypto,-0.1277842736169259
2021-09-08,ETH-USD,Crypto,Crypto,0.02069840552335589
2021-09-09,ETH-USD,Crypto,Crypto,-0.020008233157088995
2021-09-10,ETH-USD,Crypto,Crypto,-0.06297426662682348
2021-09-11,ETH-USD,Crypto,Crypto,0.01830051675767863
2021-09-12,ETH-USD,Crypto,Crypto,0.04276591838826538
2021-09-13,ETH-USD,Crypto,Crypto,-0.036544834800279036
2021-09-14,ETH-USD,Crypto,Crypto,0.043724683179346746
2021-09-15,ETH-USD,Crypto,Crypto,0.054273499009923176
2021-09-16,ETH-USD,Crypto,Crypto,-0.012167179288121388
2021-09-17,ETH-USD,Crypto,Crypto,-0.04837351921216426
2021-09-18,ETH-USD,Crypto,Crypto,0.009851143087328929
2021-09-19,ETH-USD,Crypto,Crypto,-0.029886295240556526
2021-09-20,ETH-USD,Crypto,Crypto,-0.11126606874805267
2021-09-21,ETH-USD,Crypto,Crypto,-0.06575285207462656
2021-09-22,ETH-USD,Crypto,Crypto,0.11338201253895797
2021-09-23,ETH-USD,Crypto,Crypto,0.0252303749670717
2021-09-24,ETH-USD,Crypto,Crypto,-0.07094052042452526
2021-09-25,ETH-USD,Crypto,Crypto,-0.002081925084507441
2021-09-26,ETH-USD,Crypto,Crypto,0.046725906122755845
2021-09-27,ETH-USD,Crypto,Crypto,-0.04184041841853481
2021-09-28,ETH-USD,Crypto,Crypto,-0.04322981589722885
2021-09-29,ETH-USD,Crypto,Crypto,0.01633125590773976
2021-09-30,ETH-USD,Crypto,Crypto,0.0520603518169509
2021-10-01,ETH-USD,Crypto,Crypto,0.10188869721917504
2021-10-02,ETH-USD,Crypto,Crypto,0.02545058580916182
2021-10-03,ETH-USD,Crypto,Crypto,0.00786164789618482
2021-10-04,ETH-USD,Crypto,Crypto,-0.01119529436534994
2021-10-05,ETH-USD,Crypto,Crypto,0.040954376881792376
2021-10-06,ETH-USD,Crypto,Crypto,0.01763340339603814
2021-10-07,ETH-USD,Crypto,Crypto,0.0020703011908782543
2021-10-08,ETH-USD,Crypto,Crypto,-0.00674909305681104
2021-10-09,ETH-USD,Crypto,Crypto,0.003355310670748457
2021-10-10,ETH-USD,Crypto,Crypto,-0.041911600438504726
2021-10-11,ETH-USD,Crypto,Crypto,0.03488218212091221
2021-10-12,ETH-USD,Crypto,Crypto,-0.014887303682677766
2021-10-13,ETH-USD,Crypto,Crypto,0.03253429780547168
2021-10-14,ETH-USD,Crypto,Crypto,0.049862020193349066
2021-10-15,ETH-USD,Crypto,Crypto,0.020237802139014605
2021-10-16,ETH-USD,Crypto,Crypto,-0.008349918515181298
2021-10-17,ETH-USD,Crypto,Crypto,0.004365729517258554
2021-10-18,ETH-USD,Crypto,Crypto,-0.02556318355297138
2021-10-19,ETH-USD,Crypto,Crypto,0.03438220005285597
2021-10-20,ETH-USD,Crypto,Crypto,0.0717809099596558
2021-10-21,ETH-USD,Crypto,Crypto,-0.02446333607159845
2021-10-22,ETH-USD,Crypto,Crypto,-0.02075337220243678
2021-10-23,ETH-USD,Crypto,Crypto,0.050748730234816186
2021-10-24,ETH-USD,Crypto,Crypto,-0.02007844030485162
2021-10-25,ETH-USD,Crypto,Crypto,0.031794755044642464
2021-10-26,ETH-USD,Crypto,Crypto,-0.02057312323429894
2021-10-27,ETH-USD,Crypto,Crypto,-0.04861771122902114
2021-10-28,ETH-USD,Crypto,Crypto,0.09084940093801008
2021-10-29,ETH-USD,Crypto,Crypto,0.029722010166018054
2021-10-30,ETH-USD,Crypto,Crypto,-0.020181496208386274
2021-10-31,ETH-USD,Crypto,Crypto,-0.008686825906328188
2021-11-01,ETH-USD,Crypto,Crypto,0.008524277451908313
2021-11-02,ETH-USD,Crypto,Crypto,0.0601605358843722
2021-11-03,ETH-USD,Crypto,Crypto,0.004884624248695513
2021-11-04,ETH-USD,Crypto,Crypto,-0.015165333002385761
2021-11-05,ETH-USD,Crypto,Crypto,-0.011257968843489952
2021-11-06,ETH-USD,Crypto,Crypto,0.007876944992210255
2021-11-07,ETH-USD,Crypto,Crypto,0.021889164788917004
2021-11-08,ETH-USD,Crypto,Crypto,0.04145232072718552
2021-11-09,ETH-USD,Crypto,Crypto,-0.01600522772092372
2021-11-10,ETH-USD,Crypto,Crypto,-0.020885552973311183
2021-11-11,ETH-USD,Crypto,Crypto,0.020320625262970626
2021-11-12,ETH-USD,Crypto,Crypto,-0.013375032398906361
2021-11-13,ETH-USD,Crypto,Crypto,-0.0033542744008004943
2021-11-14,ETH-USD,Crypto,Crypto,-0.005396490580547919
2021-11-15,ETH-USD,Crypto,Crypto,-0.01488319046462594
2021-11-16,ETH-USD,Crypto,Crypto,-0.07485208546001998
2021-11-17,ETH-USD,Crypto,Crypto,0.016893345729229292
2021-11-18,ETH-USD,Crypto,Crypto,-0.06692398763146579
2021-11-19,ETH-USD,Crypto,Crypto,0.07440183378363852
2021-11-20,ETH-USD,Crypto,Crypto,0.02596941564469657
2021-11-21,ETH-USD,Crypto,Crypto,-0.031791480942506056
2021-11-22,ETH-USD,Crypto,Crypto,-0.04245585152485365
2021-11-23,ETH-USD,Crypto,Crypto,0.06171175606728707
2021-11-24,ETH-USD,Crypto,Crypto,-0.023217625786793206
2021-11-25,ETH-USD,Crypto,Crypto,0.008198554450852713
2021-11-26,ETH-USD,Crypto,Crypto,-0.05704067335916796
2021-11-27,ETH-USD,Crypto,Crypto,0.016374265676426303
2021-11-28,ETH-USD,Crypto,Crypto,0.048217169085520206
2021-11-29,ETH-USD,Crypto,Crypto,0.03508045044929298
2021-11-30,ETH-USD,Crypto,Crypto,0.041927923919998555
2021-12-01,ETH-USD,Crypto,Crypto,-0.009605737064494413
2021-12-02,ETH-USD,Crypto,Crypto,-0.016500577593133392
2021-12-03,ETH-USD,Crypto,Crypto,-0.0644151456839035
2021-12-04,ETH-USD,Crypto,Crypto,-0.023957757548988323
2021-12-05,ETH-USD,Crypto,Crypto,0.019112436240023678
2021-12-06,ETH-USD,Crypto,Crypto,0.03820919928845279
2021-12-07,ETH-USD,Crypto,Crypto,-0.01002028298494384
2021-12-08,ETH-USD,Crypto,Crypto,0.028805240908762686
2021-12-09,ETH-USD,Crypto,Crypto,-0.07197932643737959
2021-12-10,ETH-USD,Crypto,Crypto,-0.05129351127002291
2021-12-11,ETH-USD,Crypto,Crypto,0.0450189266171952
2021-12-12,ETH-USD,Crypto,Crypto,0.01224172241858712
2021-12-13,ETH-USD,Crypto,Crypto,-0.08470922459893049
2021-12-14,ETH-USD,Crypto,Crypto,-0.010249485280602655
2021-12-15,ETH-USD,Crypto,Crypto,0.07287480532970947
2021-12-16,ETH-USD,Crypto,Crypto,-0.013915763227156375
2021-12-17,ETH-USD,Crypto,Crypto,-0.020942280956898096
2021-12-18,ETH-USD,Crypto,Crypto,0.020975336205050432
2021-12-19,ETH-USD,Crypto,Crypto,-0.009661431377819718
2021-12-20,ETH-USD,Crypto,Crypto,0.0028684990961875823
2021-12-21,ETH-USD,Crypto,Crypto,0.021967194618366825
2021-12-22,ETH-USD,Crypto,Crypto,-0.009492022978098258
2021-12-23,ETH-USD,Crypto,Crypto,0.03162050877094025
2021-12-24,ETH-USD,Crypto,Crypto,-0.01461355562486455
2021-12-25,ETH-USD,Crypto,Crypto,0.011190288276532456
2021-12-26,ETH-USD,Crypto,Crypto,-0.0063403613927860425
2021-12-27,ETH-USD,Crypto,Crypto,-0.007321887161027885
2021-12-28,ETH-USD,Crypto,Crypto,-0.058613436676413055
2021-12-29,ETH-USD,Crypto,Crypto,-0.045347586768066606
2021-12-30,ETH-USD,Crypto,Crypto,0.02351372914831229
2021-12-31,ETH-USD,Crypto,Crypto,-0.008406161003285728
2022-01-01,ETH-USD,Crypto,Crypto,0.023641838167751006
2022-01-02,ETH-USD,Crypto,Crypto,0.01588136117589123
2022-01-03,ETH-USD,Crypto,Crypto,-0.017804782359288618
2022-01-04,ETH-USD,Crypto,Crypto,0.008687307931515731
2022-01-05,ETH-USD,Crypto,Crypto,-0.06422404850925867
2022-01-06,ETH-USD,Crypto,Crypto,-0.0371730634280415
2022-01-07,ETH-USD,Crypto,Crypto,-0.06587795854818668
2022-01-08,ETH-USD,Crypto,Crypto,-0.031704077942472875
2022-01-09,ETH-USD,Crypto,Crypto,0.021274058960640163
2022-01-10,ETH-USD,Crypto,Crypto,-0.02364136800640171
2022-01-11,ETH-USD,Crypto,Crypto,0.05027854349203764
2022-01-12,ETH-USD,Crypto,Crypto,0.04142745718356022
2022-01-13,ETH-USD,Crypto,Crypto,-0.03676163434271329
2022-01-14,ETH-USD,Crypto,Crypto,0.018998586244709736
2022-01-15,ETH-USD,Crypto,Crypto,0.006202201749167191
2022-01-16,ETH-USD,Crypto,Crypto,0.006122481592311324
2022-01-17,ETH-USD,Crypto,Crypto,-0.04136680845756069
2022-01-18,ETH-USD,Crypto,Crypto,-0.015029639521672689
2022-01-19,ETH-USD,Crypto,Crypto,-0.021554575451392277
2022-01-20,ETH-USD,Crypto,Crypto,-0.030591452089873683
2022-01-21,ETH-USD,Crypto,Crypto,-0.14767435465989753
2022-01-22,ETH-USD,Crypto,Crypto,-0.05971640752836038
2022-01-23,ETH-USD,Crypto,Crypto,0.053990906269038685
2022-01-24,ETH-USD,Crypto,Crypto,-0.03735120652726631
2022-01-25,ETH-USD,Crypto,Crypto,0.006385456601614825
2022-01-26,ETH-USD,Crypto,Crypto,0.0049248919678990255
2022-01-27,ETH-USD,Crypto,Crypto,-0.018244935331225953
2022-01-28,ETH-USD,Crypto,Crypto,0.05121368460412512
2022-01-29,ETH-USD,Crypto,Crypto,0.019627353458854913
2022-01-30,ETH-USD,Crypto,Crypto,0.0024573075711489256
2022-01-31,ETH-USD,Crypto,Crypto,0.03257666428258821
2022-02-01,ETH-USD,Crypto,Crypto,0.03862634283851252
2022-02-02,ETH-USD,Crypto,Crypto,-0.039132735575322264
2022-02-03,ETH-USD,Crypto,Crypto,-0.0013759251322007504
2022-02-04,ETH-USD,Crypto,Crypto,0.11362666703116964
2022-02-05,ETH-USD,Crypto,Crypto,0.010410717097086852
2022-02-06,ETH-USD,Crypto,Crypto,0.014206593311191451
2022-02-07,ETH-USD,Crypto,Crypto,0.027798951436755814
2022-02-08,ETH-USD,Crypto,Crypto,-0.00632052369720526
2022-02-09,ETH-USD,Crypto,Crypto,0.037420119536786256
2022-02-10,ETH-USD,Crypto,Crypto,-0.05000061799033162
2022-02-11,ETH-USD,Crypto,Crypto,-0.04877319319619966
2022-02-12,ETH-USD,Crypto,Crypto,-0.0034231086563658586
2022-02-13,ETH-USD,Crypto,Crypto,-0.011619882910758439
2022-02-14,ETH-USD,Crypto,Crypto,0.01734567720397817
2022-02-15,ETH-USD,Crypto,Crypto,0.08399521286202116
2022-02-16,ETH-USD,Crypto,Crypto,-0.01636765067071777
2022-02-17,ETH-USD,Crypto,Crypto,-0.07876007915331673
2022-02-18,ETH-USD,Crypto,Crypto,-0.03323095432766643
2022-02-19,ETH-USD,Crypto,Crypto,-0.00790686342387692
2022-02-20,ETH-USD,Crypto,Crypto,-0.048866619788482835
2022-02-21,ETH-USD,Crypto,Crypto,-0.02085949365019457
2022-02-22,ETH-USD,Crypto,Crypto,0.02544204798341476
2022-02-23,ETH-USD,Crypto,Crypto,-0.01854268553832039
2022-02-24,ETH-USD,Crypto,Crypto,0.002975463126547284
2022-02-25,ETH-USD,Crypto,Crypto,0.0640739815309288
2022-02-26,ETH-USD,Crypto,Crypto,0.005996005841990337
2022-02-27,ETH-USD,Crypto,Crypto,-0.05728286710874153
2022-02-28,ETH-USD,Crypto,Crypto,0.1134332194172587
2022-03-01,ETH-USD,Crypto,Crypto,0.018252916606172453
2022-03-02,ETH-USD,Crypto,Crypto,-0.0075245790678323266
2022-03-03,ETH-USD,Crypto,Crypto,-0.03920161771843611
2022-03-04,ETH-USD,Crypto,Crypto,-0.07666797157791327
2022-03-05,ETH-USD,Crypto,Crypto,0.018216357267732075
2022-03-06,ETH-USD,Crypto,Crypto,-0.04120099883208184
2022-03-07,ETH-USD,Crypto,Crypto,-0.02241302390450539
2022-03-08,ETH-USD,Crypto,Crypto,0.031618715552175436
2022-03-09,ETH-USD,Crypto,Crypto,0.0593911064983772
2022-03-10,ETH-USD,Crypto,Crypto,-0.04459506244101141
2022-03-11,ETH-USD,Crypto,Crypto,-0.018590756322895086
2022-03-12,ETH-USD,Crypto,Crypto,0.005935060859578956
2022-03-13,ETH-USD,Crypto,Crypto,-0.021675689037740864
2022-03-14,ETH-USD,Crypto,Crypto,0.02848473341224711
2022-03-15,ETH-USD,Crypto,Crypto,0.011368996119395458
2022-03-16,ETH-USD,Crypto,Crypto,0.057976079871540964
2022-03-17,ETH-USD,Crypto,Crypto,0.015439382650158429
2022-03-18,ETH-USD,Crypto,Crypto,0.04635711215367966
2022-03-19,ETH-USD,Crypto,Crypto,0.00031034161201071164
2022-03-20,ETH-USD,Crypto,Crypto,-0.029120965764543816
2022-03-21,ETH-USD,Crypto,Crypto,0.013115842942408973
2022-03-22,ETH-USD,Crypto,Crypto,0.025933453702879916
2022-03-23,ETH-USD,Crypto,Crypto,0.019486538985025836
2022-03-24,ETH-USD,Crypto,Crypto,0.02540190286930155
2022-03-25,ETH-USD,Crypto,Crypto,-0.0004474251140281771
2022-03-26,ETH-USD,Crypto,Crypto,0.011751345351635134
2022-03-27,ETH-USD,Crypto,Crypto,0.047212927981994834
2022-03-28,ETH-USD,Crypto,Crypto,0.013688537758611341
2022-03-29,ETH-USD,Crypto,Crypto,0.0195865837458582
2022-03-30,ETH-USD,Crypto,Crypto,-0.004947058898670642
2022-03-31,ETH-USD,Crypto,Crypto,-0.030579115649246424
2022-04-01,ETH-USD,Crypto,Crypto,0.051166270347545506
2022-04-02,ETH-USD,Crypto,Crypto,-0.0013024646682661123
2022-04-03,ETH-USD,Crypto,Crypto,0.022575567663241758
2022-04-04,ETH-USD,Crypto,Crypto,-0.0004519898990444915
2022-04-05,ETH-USD,Crypto,Crypto,-0.031082429152761826
2022-04-06,ETH-USD,Crypto,Crypto,-0.07037373677091652
2022-04-07,ETH-USD,Crypto,Crypto,0.019416376407197067
2022-04-08,ETH-USD,Crypto,Crypto,-0.012742710703286475
2022-04-09,ETH-USD,Crypto,Crypto,0.02187990808226714
2022-04-10,ETH-USD,Crypto,Crypto,-0.015343531967263346
2022-04-11,ETH-USD,Crypto,Crypto,-0.07186309437345806
2022-04-12,ETH-USD,Crypto,Crypto,0.016545908853034197
2022-04-13,ETH-USD,Crypto,Crypto,0.0290286617712483
2022-04-14,ETH-USD,Crypto,Crypto,-0.03156637206525337
2022-04-15,ETH-USD,Crypto,Crypto,0.0069561954118133595
2022-04-16,ETH-USD,Crypto,Crypto,0.007035312808044258
2022-04-17,ETH-USD,Crypto,Crypto,-0.022501632953508044
2022-04-18,ETH-USD,Crypto,Crypto,0.021448285536718847
2022-04-19,ETH-USD,Crypto,Crypto,0.015207893160284813
2022-04-20,ETH-USD,Crypto,Crypto,-0.00849216873439762
2022-04-21,ETH-USD,Crypto,Crypto,-0.029328327006015287
2022-04-22,ETH-USD,Crypto,Crypto,-0.007579971791462747
2022-04-23,ETH-USD,Crypto,Crypto,-0.00901287034129783
2022-04-24,ETH-USD,Crypto,Crypto,-0.005235109183876596
2022-04-25,ETH-USD,Crypto,Crypto,0.029650638144067543
2022-04-26,ETH-USD,Crypto,Crypto,-0.06682250466394446
2022-04-27,ETH-USD,Crypto,Crypto,0.028711816872254436
2022-04-28,ETH-USD,Crypto,Crypto,0.01661903738138304
2022-04-29,ETH-USD,Crypto,Crypto,-0.041314794787239206
2022-04-30,ETH-USD,Crypto,Crypto,-0.030336334797430475
2022-05-01,ETH-USD,Crypto,Crypto,0.03573723860073175
2022-05-02,ETH-USD,Crypto,Crypto,0.010486865128902734
2022-05-03,ETH-USD,Crypto,Crypto,-0.02587450581867512
2022-05-04,ETH-USD,Crypto,Crypto,0.05646480841047263
2022-05-05,ETH-USD,Crypto,Crypto,-0.0650985260875554
2022-05-06,ETH-USD,Crypto,Crypto,-0.01972688030319758
2022-05-07,ETH-USD,Crypto,Crypto,-0.02185052375578611
2022-05-08,ETH-USD,Crypto,Crypto,-0.04500336515045189
2022-05-09,ETH-USD,Crypto,Crypto,-0.10805714698013369
2022-05-10,ETH-USD,Crypto,Crypto,0.04368007377831029
2022-05-11,ETH-USD,Crypto,Crypto,-0.11581014355526464
2022-05-12,ETH-USD,Crypto,Crypto,-0.053282488294059016
2022-05-13,ETH-USD,Crypto,Crypto,0.026872933410718503
2022-05-14,ETH-USD,Crypto,Crypto,0.020778065161833226
2022-05-15,ETH-USD,Crypto,Crypto,0.04349267877534668
2022-05-16,ETH-USD,Crypto,Crypto,-0.057314837096923754
2022-05-17,ETH-USD,Crypto,Crypto,0.033461392764142284
2022-05-18,ETH-USD,Crypto,Crypto,-0.08311915841461581
2022-05-19,ETH-USD,Crypto,Crypto,0.053050754503766395
2022-05-20,ETH-USD,Crypto,Crypto,-0.02825124393605738
2022-05-21,ETH-USD,Crypto,Crypto,0.006731520527228918
2022-05-22,ETH-USD,Crypto,Crypto,0.03476891305694485
2022-05-23,ETH-USD,Crypto,Crypto,-0.03474418451813721
2022-05-24,ETH-USD,Crypto,Crypto,0.0034484158752532412
2022-05-25,ETH-USD,Crypto,Crypto,-0.017258819749310206
2022-05-26,ETH-USD,Crypto,Crypto,-0.07245605236746355
2022-05-27,ETH-USD,Crypto,Crypto,-0.04378840002928741
2022-05-28,ETH-USD,Crypto,Crypto,0.019142259532667127
2022-05-29,ETH-USD,Crypto,Crypto,0.030768501122035552
2022-05-30,ETH-USD,Crypto,Crypto,0.10176993535099799
2022-05-31,ETH-USD,Crypto,Crypto,-0.02710486988964189
2022-06-01,ETH-USD,Crypto,Crypto,-0.061142436711543735
2022-06-02,ETH-USD,Crypto,Crypto,0.00580245376432198
2022-06-03,ETH-USD,Crypto,Crypto,-0.03220668042518249
2022-06-04,ETH-USD,Crypto,Crypto,0.014946314822654516
2022-06-05,ETH-USD,Crypto,Crypto,0.0019956927348694364
2022-06-06,ETH-USD,Crypto,Crypto,0.029960430041737984
2022-06-07,ETH-USD,Crypto,Crypto,-0.024332589842456676
2022-06-08,ETH-USD,Crypto,Crypto,-0.01128750197501005
2022-06-09,ETH-USD,Crypto,Crypto,-0.0020886896458599535
2022-06-10,ETH-USD,Crypto,Crypto,-0.06971840279684127
2022-06-11,ETH-USD,Crypto,Crypto,-0.08130651657115606
2022-06-12,ETH-USD,Crypto,Crypto,-0.05520619538595595
2022-06-13,ETH-USD,Crypto,Crypto,-0.16650362093294369
2022-06-14,ETH-USD,Crypto,Crypto,0.0058776186564533095
2022-06-15,ETH-USD,Crypto,Crypto,0.017780176430609806
2022-06-16,ETH-USD,Crypto,Crypto,-0.13418330070586004
2022-06-17,ETH-USD,Crypto,Crypto,0.01759673482453694
2022-06-18,ETH-USD,Crypto,Crypto,-0.08548629410097963
2022-06-19,ETH-USD,Crypto,Crypto,0.13487797259723666
2022-06-20,ETH-USD,Crypto,Crypto,-1.2448902667161477e-05
2022-06-21,ETH-USD,Crypto,Crypto,-0.0024989047535589615
2022-06-22,ETH-USD,Crypto,Crypto,-0.06525702846678672
2022-06-23,ETH-USD,Crypto,Crypto,0.0874671204172921
2022-06-24,ETH-USD,Crypto,Crypto,0.07299193391343572
2022-06-25,ETH-USD,Crypto,Crypto,0.013532415710079349
2022-06-26,ETH-USD,Crypto,Crypto,-0.035076073128295526
2022-06-27,ETH-USD,Crypto,Crypto,-0.005126553295592751
2022-06-28,ETH-USD,Crypto,Crypto,-0.04113448588718749
2022-06-29,ETH-USD,Crypto,Crypto,-0.03987087571947978
2022-06-30,ETH-USD,Crypto,Crypto,-0.0287958475755975
2022-07-01,ETH-USD,Crypto,Crypto,-0.007056593656957433
2022-07-02,ETH-USD,Crypto,Crypto,0.006365060690327828
2022-07-03,ETH-USD,Crypto,Crypto,0.0068017470323764595
2022-07-04,ETH-USD,Crypto,Crypto,0.0719822052433643
2022-07-05,ETH-USD,Crypto,Crypto,-0.014350320208673328
2022-07-06,ETH-USD,Crypto,Crypto,0.046215150158809504
2022-07-07,ETH-USD,Crypto,Crypto,0.04264574018240608
2022-07-08,ETH-USD,Crypto,Crypto,-0.012190723060375164
2022-07-09,ETH-USD,Crypto,Crypto,-0.00452182081846908
2022-07-10,ETH-USD,Crypto,Crypto,-0.03991579906928
2022-07-11,ETH-USD,Crypto,Crypto,-0.06090802885970559
2022-07-12,ETH-USD,Crypto,Crypto,-0.05381238956798651
2022-07-13,ETH-USD,Crypto,Crypto,0.07262195547819328
2022-07-14,ETH-USD,Crypto,Crypto,0.0699892112978604
2022-07-15,ETH-USD,Crypto,Crypto,0.034915643229785465
2022-07-16,ETH-USD,Crypto,Crypto,0.09690575753178088
2022-07-17,ETH-USD,Crypto,Crypto,-0.010343374922703541
2022-07-18,ETH-USD,Crypto,Crypto,0.17934838115706353
2022-07-19,ETH-USD,Crypto,Crypto,-0.02264031837667424
2022-07-20,ETH-USD,Crypto,Crypto,-0.014760143806359038
2022-07-21,ETH-USD,Crypto,Crypto,0.037198265160175215
2022-07-22,ETH-USD,Crypto,Crypto,-0.02495282862569259
2022-07-23,ETH-USD,Crypto,Crypto,0.00773532856566761
2022-07-24,ETH-USD,Crypto,Crypto,0.03238835646038862
2022-07-25,ETH-USD,Crypto,Crypto,-0.09633979863866915
2022-07-26,ETH-USD,Crypto,Crypto,-0.0024745407341075776
2022-07-27,ETH-USD,Crypto,Crypto,0.13484879413164408
2022-07-28,ETH-USD,Crypto,Crypto,0.054537154456223425
2022-07-29,ETH-USD,Crypto,Crypto,0.0011236618798609044
2022-07-30,ETH-USD,Crypto,Crypto,-0.018199243328242076
2022-07-31,ETH-USD,Crypto,Crypto,-0.008521467271251915
2022-08-01,ETH-USD,Crypto,Crypto,-0.027547461014490793
2022-08-02,ETH-USD,Crypto,Crypto,-0.0013762059625289647
2022-08-03,ETH-USD,Crypto,Crypto,-0.008616897144064772
2022-08-04,ETH-USD,Crypto,Crypto,-0.006590196519029812
2022-08-05,ETH-USD,Crypto,Crypto,0.07713492098552788
2022-08-06,ETH-USD,Crypto,Crypto,-0.023435675512644583
2022-08-07,ETH-USD,Crypto,Crypto,0.00454746092581626
2022-08-08,ETH-USD,Crypto,Crypto,0.044820223025767714
2022-08-09,ETH-USD,Crypto,Crypto,-0.04082817853633558
2022-08-10,ETH-USD,Crypto,Crypto,0.08732558197044393
2022-08-11,ETH-USD,Crypto,Crypto,0.015920919087778707
2022-08-12,ETH-USD,Crypto,Crypto,0.040411101481618195
2022-08-13,ETH-USD,Crypto,Crypto,0.012308152490466462
2022-08-14,ETH-USD,Crypto,Crypto,-0.02247702236489202
2022-08-15,ETH-USD,Crypto,Crypto,-0.016818369924346488
2022-08-16,ETH-USD,Crypto,Crypto,-0.01370043034245405
2022-08-17,ETH-USD,Crypto,Crypto,-0.02403430246154259
2022-08-18,ETH-USD,Crypto,Crypto,0.007642215771740624
2022-08-19,ETH-USD,Crypto,Crypto,-0.12670250024321428
2022-08-20,ETH-USD,Crypto,Crypto,-0.022308619790894157
2022-08-21,ETH-USD,Crypto,Crypto,0.02683264680235764
2022-08-22,ETH-USD,Crypto,Crypto,0.0019680431761850414
2022-08-23,ETH-USD,Crypto,Crypto,0.024815958508431768
2022-08-24,ETH-USD,Crypto,Crypto,-0.0034344459615821554
2022-08-25,ETH-USD,Crypto,Crypto,0.023775751072091955
2022-08-26,ETH-USD,Crypto,Crypto,-0.11121660664574373
2022-08-27,ETH-USD,Crypto,Crypto,-0.010868818096081423
2022-08-28,ETH-USD,Crypto,Crypto,-0.040799154786720804
2022-08-29,ETH-USD,Crypto,Crypto,0.08562456118434225
2022-08-30,ETH-USD,Crypto,Crypto,-0.018800891209749815
2022-08-31,ETH-USD,Crypto,Crypto,0.019586105840063928
2022-09-01,ETH-USD,Crypto,Crypto,0.020912747832753542
2022-09-02,ETH-USD,Crypto,Crypto,-0.005646469590486647
2022-09-03,ETH-USD,Crypto,Crypto,-0.01290103625298844
2022-09-04,ETH-USD,Crypto,Crypto,0.013340153730219573
2022-09-05,ETH-USD,Crypto,Crypto,0.025063757153335864
2022-09-06,ETH-USD,Crypto,Crypto,-0.0342785476863805
2022-09-07,ETH-USD,Crypto,Crypto,0.04364200470163615
2022-09-08,ETH-USD,Crypto,Crypto,0.0033384029125402837
2022-09-09,ETH-USD,Crypto,Crypto,0.05120488762662756
2022-09-10,ETH-USD,Crypto,Crypto,0.03322597265817717
2022-09-11,ETH-USD,Crypto,Crypto,-0.008109253593359123
2022-09-12,ETH-USD,Crypto,Crypto,-0.02726460932443109
2022-09-13,ETH-USD,Crypto,Crypto,-0.07759364606085906
2022-09-14,ETH-USD,Crypto,Crypto,0.03413932940354747
2022-09-15,ETH-USD,Crypto,Crypto,-0.09974676508128455
2022-09-16,ETH-USD,Crypto,Crypto,-0.026667052639602784
2022-09-17,ETH-USD,Crypto,Crypto,0.026035117309375133
2022-09-18,ETH-USD,Crypto,Crypto,-0.09145321094699688
2022-09-19,ETH-USD,Crypto,Crypto,0.031611892696747024
2022-09-20,ETH-USD,Crypto,Crypto,-0.03858555462874502
2022-09-21,ETH-USD,Crypto,Crypto,-0.054198909652784066
2022-09-22,ETH-USD,Crypto,Crypto,0.05993287636350053
2022-09-23,ETH-USD,Crypto,Crypto,0.00043635938360231386
2022-09-24,ETH-USD,Crypto,Crypto,-0.0077290884691642026
2022-09-25,ETH-USD,Crypto,Crypto,-0.018039916825051683
2022-09-26,ETH-USD,Crypto,Crypto,0.031759279939756135
2022-09-27,ETH-USD,Crypto,Crypto,-0.003888584116399585
2022-09-28,ETH-USD,Crypto,Crypto,0.005475566897929385
2022-09-29,ETH-USD,Crypto,Crypto,-0.0013148875463555587
2022-09-30,ETH-USD,Crypto,Crypto,-0.005745287005705868
2022-10-01,ETH-USD,Crypto,Crypto,-0.012300068730000668
2022-10-02,ETH-USD,Crypto,Crypto,-0.027104071096941795
2022-10-03,ETH-USD,Crypto,Crypto,0.037102064157215064
2022-10-04,ETH-USD,Crypto,Crypto,0.02923245561039156
2022-10-05,ETH-USD,Crypto,Crypto,-0.006819798394790189
2022-10-06,ETH-USD,Crypto,Crypto,-0.0008335707960394068
2022-10-07,ETH-USD,Crypto,Crypto,-0.01419869082155445
2022-10-08,ETH-USD,Crypto,Crypto,-0.012770178469562854
2022-10-09,ETH-USD,Crypto,Crypto,0.005400043427506773
2022-10-10,ETH-USD,Crypto,Crypto,-0.023640179296771646
2022-10-11,ETH-USD,Crypto,Crypto,-0.009108355915005362
2022-10-12,ETH-USD,Crypto,Crypto,0.011981072064065401
2022-10-13,ETH-USD,Crypto,Crypto,-0.005237807805579919
2022-10-14,ETH-USD,Crypto,Crypto,0.007218418789969316
2022-10-15,ETH-USD,Crypto,Crypto,-0.017380939253601735
2022-10-16,ETH-USD,Crypto,Crypto,0.024649481713894028
2022-10-17,ETH-USD,Crypto,Crypto,0.019457289858260562
2022-10-18,ETH-USD,Crypto,Crypto,-0.01596935046278447
2022-10-19,ETH-USD,Crypto,Crypto,-0.01885063522910002
2022-10-20,ETH-USD,Crypto,Crypto,-0.001978103293734268
2022-10-21,ETH-USD,Crypto,Crypto,0.013049775009127629
2022-10-22,ETH-USD,Crypto,Crypto,0.011041057600688076
2022-10-23,ETH-USD,Crypto,Crypto,0.03739470233280473
2022-10-24,ETH-USD,Crypto,Crypto,-0.013530768733529763
2022-10-25,ETH-USD,Crypto,Crypto,0.0867412618435559
2022-10-26,ETH-USD,Crypto,Crypto,0.07176830260791678
2022-10-27,ETH-USD,Crypto,Crypto,-0.03331602421634816
2022-10-28,ETH-USD,Crypto,Crypto,0.027141910462713303
2022-10-29,ETH-USD,Crypto,Crypto,0.04128672020153079
2022-10-30,ETH-USD,Crypto,Crypto,-0.017852187537918507
2022-10-31,ETH-USD,Crypto,Crypto,-0.011358459301194612
2022-11-01,ETH-USD,Crypto,Crypto,0.004444616238050703
2022-11-02,ETH-USD,Crypto,Crypto,-0.03797722576567086
2022-11-03,ETH-USD,Crypto,Crypto,0.007784341818641627
2022-11-04,ETH-USD,Crypto,Crypto,0.074142044046136
2022-11-05,ETH-USD,Crypto,Crypto,-0.010409966011469485
2022-11-06,ETH-USD,Crypto,Crypto,-0.034234871794410315
2022-11-07,ETH-USD,Crypto,Crypto,-0.002317359184151657
2022-11-08,ETH-USD,Crypto,Crypto,-0.1502977455077471
2022-11-09,ETH-USD,Crypto,Crypto,-0.17456449729905577
2022-11-10,ETH-USD,Crypto,Crypto,0.18114912792558768
2022-11-11,ETH-USD,Crypto,Crypto,-0.009421980619647496
2022-11-12,ETH-USD,Crypto,Crypto,-0.02482305452438449
2022-11-13,ETH-USD,Crypto,Crypto,-0.026646969734394843
2022-11-14,ETH-USD,Crypto,Crypto,0.016193094653558227
2022-11-15,ETH-USD,Crypto,Crypto,0.008160376403149927
2022-11-16,ETH-USD,Crypto,Crypto,-0.028866838569826303
2022-11-17,ETH-USD,Crypto,Crypto,-0.012170051342529575
2022-11-18,ETH-USD,Crypto,Crypto,0.009569967502366605
2022-11-19,ETH-USD,Crypto,Crypto,0.005053586870582327
2022-11-20,ETH-USD,Crypto,Crypto,-0.062342756772829966
2022-11-21,ETH-USD,Crypto,Crypto,-0.0298596433605115
2022-11-22,ETH-USD,Crypto,Crypto,0.024198458350936924
2022-11-23,ETH-USD,Crypto,Crypto,0.04230729897957275
2022-11-24,ETH-USD,Crypto,Crypto,0.01756556510001106
2022-11-25,ETH-USD,Crypto,Crypto,-0.004200433335394882
2022-11-26,ETH-USD,Crypto,Crypto,0.005815243360018485
2022-11-27,ETH-USD,Crypto,Crypto,-0.008931930020055212
2022-11-28,ETH-USD,Crypto,Crypto,-0.02095239457105269
2022-11-29,ETH-USD,Crypto,Crypto,0.040009927654150346
2022-11-30,ETH-USD,Crypto,Crypto,0.06474424595402373
2022-12-01,ETH-USD,Crypto,Crypto,-0.014984057799110495
2022-12-02,ETH-USD,Crypto,Crypto,0.014126606037395906
2022-12-03,ETH-USD,Crypto,Crypto,-0.03937910387625765
2022-12-04,ETH-USD,Crypto,Crypto,0.029695743878074943
2022-12-05,ETH-USD,Crypto,Crypto,-0.016074772913678648
2022-12-06,ETH-USD,Crypto,Crypto,0.009508035062938625
2022-12-07,ETH-USD,Crypto,Crypto,-0.030838824473082838
2022-12-08,ETH-USD,Crypto,Crypto,0.0394980134958669
2022-12-09,ETH-USD,Crypto,Crypto,-0.013138184671514397
2022-12-10,ETH-USD,Crypto,Crypto,0.0016605160885547754
2022-12-11,ETH-USD,Crypto,Crypto,-0.0019864627881867047
2022-12-12,ETH-USD,Crypto,Crypto,0.00850601785212901
2022-12-13,ETH-USD,Crypto,Crypto,0.03603443469196854
2022-12-14,ETH-USD,Crypto,Crypto,-0.008496812562910572
2022-12-15,ETH-USD,Crypto,Crypto,-0.03282205022719986
2022-12-16,ETH-USD,Crypto,Crypto,-0.07746214058242495
2022-12-17,ETH-USD,Crypto,Crypto,0.017025445486444024
2022-12-18,ETH-USD,Crypto,Crypto,-0.0028904831146532306
2022-12-19,ETH-USD,Crypto,Crypto,-0.014438361671959554
2022-12-20,ETH-USD,Crypto,Crypto,0.04290281503722926
2022-12-21,ETH-USD,Crypto,Crypto,-0.0033699807166168716
2022-12-22,ETH-USD,Crypto,Crypto,0.003775670247603724
2022-12-23,ETH-USD,Crypto,Crypto,0.0016231521337866095
2022-12-24,ETH-USD,Crypto,Crypto,0.0008106610684399662
2022-12-25,ETH-USD,Crypto,Crypto,-0.0017905466295349282
2022-12-26,ETH-USD,Crypto,Crypto,0.006573075177125132
2022-12-27,ETH-USD,Crypto,Crypto,-0.011559116196452335
2022-12-28,ETH-USD,Crypto,Crypto,-0.018804171717317075
2022-12-29,ETH-USD,Crypto,Crypto,0.009755788816300015
2022-12-30,ETH-USD,Crypto,Crypto,-0.001966176761464933
2022-12-31,ETH-USD,Crypto,Crypto,-0.002052602193683639
2023-01-01,ETH-USD,Crypto,Crypto,0.003504097838116227
2023-01-02,ETH-USD,Crypto,Crypto,0.011400643850810077
2023-01-03,ETH-USD,Crypto,Crypto,0.00010059829352737637
2023-01-04,ETH-USD,Crypto,Crypto,0.03436658792451519
2023-01-05,ETH-USD,Crypto,Crypto,-0.004845112423745301
2023-01-06,ETH-USD,Crypto,Crypto,0.015147028977039678
2023-01-07,ETH-USD,Crypto,Crypto,-0.00402452101708739
2023-01-08,ETH-USD,Crypto,Crypto,0.018262795354943462
2023-01-09,ETH-USD,Crypto,Crypto,0.026550037838815266
2023-01-10,ETH-USD,Crypto,Crypto,0.011386058087499595
2023-01-11,ETH-USD,Crypto,Crypto,0.03841629150614301
2023-01-12,ETH-USD,Crypto,Crypto,0.021619013988194213
2023-01-13,ETH-USD,Crypto,Crypto,0.02375024880007759
2023-01-14,ETH-USD,Crypto,Crypto,0.0682633136301174
2023-01-15,ETH-USD,Crypto,Crypto,0.0011430806152468165
2023-01-16,ETH-USD,Crypto,Crypto,0.015687166258109064
2023-01-17,ETH-USD,Crypto,Crypto,-0.0056996675806778585
2023-01-18,ETH-USD,Crypto,Crypto,-0.033382812478710555
2023-01-19,ETH-USD,Crypto,Crypto,0.024446974889233086
2023-01-20,ETH-USD,Crypto,Crypto,0.0690458804911851
2023-01-21,ETH-USD,Crypto,Crypto,-0.019663144882297257
2023-01-22,ETH-USD,Crypto,Crypto,0.0007767819470894111
2023-01-23,ETH-USD,Crypto,Crypto,-8.043655534839544e-05
2023-01-24,ETH-USD,Crypto,Crypto,-0.04400233517182761
2023-01-25,ETH-USD,Crypto,Crypto,0.035401940854640435
2023-01-26,ETH-USD,Crypto,Crypto,-0.005339109940311948
2023-01-27,ETH-USD,Crypto,Crypto,-0.0030874209336673175
2023-01-28,ETH-USD,Crypto,Crypto,-0.01609444108957936
2023-01-29,ETH-USD,Crypto,Crypto,0.046883068812149764
2023-01-30,ETH-USD,Crypto,Crypto,-0.04788678522483769
2023-01-31,ETH-USD,Crypto,Crypto,0.012255813857491304
2023-02-01,ETH-USD,Crypto,Crypto,0.034828926102213
2023-02-02,ETH-USD,Crypto,Crypto,0.0008824820072261819
2023-02-03,ETH-USD,Crypto,Crypto,0.013086346292204398
2023-02-04,ETH-USD,Crypto,Crypto,0.0013897610693263118
2023-02-05,ETH-USD,Crypto,Crypto,-0.02124299484445158
2023-02-06,ETH-USD,Crypto,Crypto,-0.009437589342205732
2023-02-07,ETH-USD,Crypto,Crypto,0.03449749159686455
2023-02-08,ETH-USD,Crypto,Crypto,-0.01273127876485547
2023-02-09,ETH-USD,Crypto,Crypto,-0.0631716867790626
2023-02-10,ETH-USD,Crypto,Crypto,-0.02041406577709526
2023-02-11,ETH-USD,Crypto,Crypto,0.01654111006391079
2023-02-12,ETH-USD,Crypto,Crypto,-0.016165097645040705
2023-02-13,ETH-USD,Crypto,Crypto,-0.005193150420476522
2023-02-14,ETH-USD,Crypto,Crypto,0.03298192238041198
2023-02-15,ETH-USD,Crypto,Crypto,0.0750675811775845
2023-02-16,ETH-USD,Crypto,Crypto,-0.020121538929091298
2023-02-17,ETH-USD,Crypto,Crypto,0.03336185492779764
2023-02-18,ETH-USD,Crypto,Crypto,-0.0017488177653378623
2023-02-19,ETH-USD,Crypto,Crypto,-0.006137357465717308
2023-02-20,ETH-USD,Crypto,Crypto,0.0126314719596059
2023-02-21,ETH-USD,Crypto,Crypto,-0.026216858452078218
2023-02-22,ETH-USD,Crypto,Crypto,-0.008929048666112882
2023-02-23,ETH-USD,Crypto,Crypto,0.004772402538407272
2023-02-24,ETH-USD,Crypto,Crypto,-0.025862370437327087
2023-02-25,ETH-USD,Crypto,Crypto,-0.00836761779727413
2023-02-26,ETH-USD,Crypto,Crypto,0.028780357616977614
2023-02-27,ETH-USD,Crypto,Crypto,-0.003955786725572508
2023-02-28,ETH-USD,Crypto,Crypto,-0.01739632556596371
2023-03-01,ETH-USD,Crypto,Crypto,0.035829596047825873
2023-03-02,ETH-USD,Crypto,Crypto,-0.009687419299942324
2023-03-03,ETH-USD,Crypto,Crypto,-0.04744176292568125
2023-03-04,ETH-USD,Crypto,Crypto,-0.0014298360099453955
2023-03-05,ETH-USD,Crypto,Crypto,-0.001566891740346743
2023-03-06,ETH-USD,Crypto,Crypto,0.0018727965263767299
2023-03-07,ETH-USD,Crypto,Crypto,-0.0034870363462051746
2023-03-08,ETH-USD,Crypto,Crypto,-0.017827171045494916
2023-03-09,ETH-USD,Crypto,Crypto,-0.0622046937711358
2023-03-10,ETH-USD,Crypto,Crypto,-0.0066052302026157195
2023-03-11,ETH-USD,Crypto,Crypto,0.0374056718236595
2023-03-12,ETH-USD,Crypto,Crypto,0.07262583079496476
2023-03-13,ETH-USD,Crypto,Crypto,0.05660340137307651
2023-03-14,ETH-USD,Crypto,Crypto,0.013805865867504874
2023-03-15,ETH-USD,Crypto,Crypto,-0.027781826468116
2023-03-16,ETH-USD,Crypto,Crypto,0.012700856927151394
2023-03-17,ETH-USD,Crypto,Crypto,0.06872680134113085
2023-03-18,ETH-USD,Crypto,Crypto,-0.017197040759496796
2023-03-19,ETH-USD,Crypto,Crypto,0.013576328363562151
2023-03-20,ETH-USD,Crypto,Crypto,-0.028145110529571027
2023-03-21,ETH-USD,Crypto,Crypto,0.04116785380048826
2023-03-22,ETH-USD,Crypto,Crypto,-0.03821408090164813
2023-03-23,ETH-USD,Crypto,Crypto,0.04528246457522944
2023-03-24,ETH-USD,Crypto,Crypto,-0.035432817130064076
2023-03-25,ETH-USD,Crypto,Crypto,-0.0047259232742210555
2023-03-26,ETH-USD,Crypto,Crypto,0.01830062623377482
2023-03-27,ETH-USD,Crypto,Crypto,-0.03391154505901961
2023-03-28,ETH-USD,Crypto,Crypto,0.033416577391890856
2023-03-29,ETH-USD,Crypto,Crypto,0.011403627159211949
2023-03-30,ETH-USD,Crypto,Crypto,-0.00014760076254038967
2023-03-31,ETH-USD,Crypto,Crypto,0.016335306922469428
2023-04-01,ETH-USD,Crypto,Crypto,-0.004479363366151845
2023-04-02,ETH-USD,Crypto,Crypto,-0.010007641085160612
2023-04-03,ETH-USD,Crypto,Crypto,0.008124365544173617
2023-04-04,ETH-USD,Crypto,Crypto,0.03353483092395293
2023-04-05,ETH-USD,Crypto,Crypto,0.020368135912491647
2023-04-06,ETH-USD,Crypto,Crypto,-0.018957173846517184
2023-04-07,ETH-USD,Crypto,Crypto,-0.00389044320067633
2023-04-08,ETH-USD,Crypto,Crypto,-0.008650100295806706
2023-04-09,ETH-USD,Crypto,Crypto,0.005347206395527104
2023-04-10,ETH-USD,Crypto,Crypto,0.02786922752961596
2023-04-11,ETH-USD,Crypto,Crypto,-0.009950684094362172
2023-04-12,ETH-USD,Crypto,Crypto,0.015057915008098277
2023-04-13,ETH-USD,Crypto,Crypto,0.04787492592582243
2023-04-14,ETH-USD,Crypto,Crypto,0.044221068526871576
2023-04-15,ETH-USD,Crypto,Crypto,-0.004362650507376609
2023-04-16,ETH-USD,Crypto,Crypto,0.013161051129283452
2023-04-17,ETH-USD,Crypto,Crypto,-0.020642838914618267
2023-04-18,ETH-USD,Crypto,Crypto,0.013627708647316883
2023-04-19,ETH-USD,Crypto,Crypto,-0.07989115082796949
2023-04-20,ETH-USD,Crypto,Crypto,0.0034570346864029045
2023-04-21,ETH-USD,Crypto,Crypto,-0.04791204292839435
2023-04-22,ETH-USD,Crypto,Crypto,0.013096627764505042
2023-04-23,ETH-USD,Crypto,Crypto,-0.006491537762182253
2023-04-24,ETH-USD,Crypto,Crypto,-0.010367305335802768
2023-04-25,ETH-USD,Crypto,Crypto,0.013021906854120191
2023-04-26,ETH-USD,Crypto,Crypto,-0.00010148801571707722
2023-04-27,ETH-USD,Crypto,Crypto,0.022620260136523074
2023-04-28,ETH-USD,Crypto,Crypto,-0.00852560546680392
2023-04-29,ETH-USD,Crypto,Crypto,0.008667933265241068
2023-04-30,ETH-USD,Crypto,Crypto,-0.016759595054255505
2023-05-01,ETH-USD,Crypto,Crypto,-0.023959134648528724
2023-05-02,ETH-USD,Crypto,Crypto,0.02119837887694409
2023-05-03,ETH-USD,Crypto,Crypto,0.018100674783592785
2023-05-04,ETH-USD,Crypto,Crypto,-0.014148388236346676
2023-05-05,ETH-USD,Crypto,Crypto,0.06250016252602375
2023-05-06,ETH-USD,Crypto,Crypto,-0.04753695022846638
2023-05-07,ETH-USD,Crypto,Crypto,-0.014285377484394957
2023-05-08,ETH-USD,Crypto,Crypto,-0.012831132355707098
2023-05-09,ETH-USD,Crypto,Crypto,-0.0002377312267921594
2023-05-10,ETH-USD,Crypto,Crypto,-0.0033547817757508813
2023-05-11,ETH-USD,Crypto,Crypto,-0.02491904665707234
2023-05-12,ETH-USD,Crypto,Crypto,0.006417609310578776
2023-05-13,ETH-USD,Crypto,Crypto,-0.006584500561665818
2023-05-14,ETH-USD,Crypto,Crypto,0.0024419977119396474
2023-05-15,ETH-USD,Crypto,Crypto,0.009469003581360047
2023-05-16,ETH-USD,Crypto,Crypto,0.003615599828306948
2023-05-17,ETH-USD,Crypto,Crypto,-0.0012399617404649232
2023-05-18,ETH-USD,Crypto,Crypto,-0.011049755592651422
2023-05-19,ETH-USD,Crypto,Crypto,0.0060280790473556944
2023-05-20,ETH-USD,Crypto,Crypto,0.004352088491321071
2023-05-21,ETH-USD,Crypto,Crypto,-0.00875959777262747
2023-05-22,ETH-USD,Crypto,Crypto,0.0072059805498594365
2023-05-23,ETH-USD,Crypto,Crypto,0.020272418111193735
2023-05-24,ETH-USD,Crypto,Crypto,-0.02927157413235626
2023-05-25,ETH-USD,Crypto,Crypto,0.0032519081412238915
2023-05-26,ETH-USD,Crypto,Crypto,0.012589448704585227
2023-05-27,ETH-USD,Crypto,Crypto,0.001328048640957924
2023-05-28,ETH-USD,Crypto,Crypto,0.04357768640169235
2023-05-29,ETH-USD,Crypto,Crypto,-0.009333783648857619
2023-05-30,ETH-USD,Crypto,Crypto,0.004198710144688311
2023-05-31,ETH-USD,Crypto,Crypto,-0.014148207081263298
2023-06-01,ETH-USD,Crypto,Crypto,-0.006365126223573547
2023-06-02,ETH-USD,Crypto,Crypto,0.024194577124557304
2023-06-03,ETH-USD,Crypto,Crypto,-0.007782967574883282
2023-06-04,ETH-USD,Crypto,Crypto,-0.0010034418002142775
2023-06-05,ETH-USD,Crypto,Crypto,-0.041621061468822385
2023-06-06,ETH-USD,Crypto,Crypto,0.040106725970251
2023-06-07,ETH-USD,Crypto,Crypto,-0.027646069882318547
2023-06-08,ETH-USD,Crypto,Crypto,0.0075889075389308225
2023-06-09,ETH-USD,Crypto,Crypto,-0.003291260341800495
2023-06-10,ETH-USD,Crypto,Crypto,-0.04773353454780638
2023-06-11,ETH-USD,Crypto,Crypto,0.0005880658165602348
2023-06-12,ETH-USD,Crypto,Crypto,-0.006208795362955821
2023-06-13,ETH-USD,Crypto,Crypto,-0.0020034613456795247
2023-06-14,ETH-USD,Crypto,Crypto,-0.050900745714856144
2023-06-15,ETH-USD,Crypto,Crypto,0.00908834473998854
2023-06-16,ETH-USD,Crypto,Crypto,0.030710561716126294
2023-06-17,ETH-USD,Crypto,Crypto,0.006137047622508218
2023-06-18,ETH-USD,Crypto,Crypto,-0.003836597486115201
2023-06-19,ETH-USD,Crypto,Crypto,0.009928009075009792
2023-06-20,ETH-USD,Crypto,Crypto,0.03134133797581806
2023-06-21,ETH-USD,Crypto,Crypto,0.05517889834423939
2023-06-22,ETH-USD,Crypto,Crypto,-0.00955269179506646
2023-06-23,ETH-USD,Crypto,Crypto,0.010635170133588723
2023-06-24,ETH-USD,Crypto,Crypto,-0.008876699741769856
2023-06-25,ETH-USD,Crypto,Crypto,0.01303072137420247
2023-06-26,ETH-USD,Crypto,Crypto,-0.021611739163331922
2023-06-27,ETH-USD,Crypto,Crypto,0.016279430380120807
2023-06-28,ETH-USD,Crypto,Crypto,-0.03266765501002877
2023-06-29,ETH-USD,Crypto,Crypto,0.013269412357076016
2023-06-30,ETH-USD,Crypto,Crypto,0.04371043993566137
2023-07-01,ETH-USD,Crypto,Crypto,-0.004460529742211228
2023-07-02,ETH-USD,Crypto,Crypto,0.0066884882472737495
2023-07-03,ETH-USD,Crypto,Crypto,0.009265226747700916
2023-07-04,ETH-USD,Crypto,Crypto,-0.009591755757138554
2023-07-05,ETH-USD,Crypto,Crypto,-0.013448869712526457
2023-07-06,ETH-USD,Crypto,Crypto,-0.0324253777759973
2023-07-07,ETH-USD,Crypto,Crypto,0.01188230609685803
2023-07-08,ETH-USD,Crypto,Crypto,-0.0027066082588487195
2023-07-09,ETH-USD,Crypto,Crypto,-0.0013560608539179286
2023-07-10,ETH-USD,Crypto,Crypto,0.009418432035694924
2023-07-11,ETH-USD,Crypto,Crypto,-0.0011806808443571848
2023-07-12,ETH-USD,Crypto,Crypto,-0.0033126606963430616
2023-07-13,ETH-USD,Crypto,Crypto,0.07178928293005193
2023-07-14,ETH-USD,Crypto,Crypto,-0.03347323429785665
2023-07-15,ETH-USD,Crypto,Crypto,-0.004063477540406812
2023-07-16,ETH-USD,Crypto,Crypto,-0.0040304440984128
2023-07-17,ETH-USD,Crypto,Crypto,-0.0062566304215256885
2023-07-18,ETH-USD,Crypto,Crypto,-0.007348051957174251
2023-07-19,ETH-USD,Crypto,Crypto,-0.004527462068031229
2023-07-20,ETH-USD,Crypto,Crypto,0.0010382072011101418
2023-07-21,ETH-USD,Crypto,Crypto,0.0005875092853386832
2023-07-22,ETH-USD,Crypto,Crypto,-0.014358654754347167
2023-07-23,ETH-USD,Crypto,Crypto,0.013019001578937539
2023-07-24,ETH-USD,Crypto,Crypto,-0.020744097184215993
2023-07-25,ETH-USD,Crypto,Crypto,0.00418370782813593
2023-07-26,ETH-USD,Crypto,Crypto,0.007761018047494739
2023-07-27,ETH-USD,Crypto,Crypto,-0.006304340937255626
2023-07-28,ETH-USD,Crypto,Crypto,0.007733834924120275
2023-07-29,ETH-USD,Crypto,Crypto,0.0033732454481110175
2023-07-30,ETH-USD,Crypto,Crypto,-0.010326601736203367
2023-07-31,ETH-USD,Crypto,Crypto,-0.002944411447533879
2023-08-01,ETH-USD,Crypto,Crypto,0.008420470716144157
2023-08-02,ETH-USD,Crypto,Crypto,-0.017471166978973995
2023-08-03,ETH-USD,Crypto,Crypto,-0.0021495672689105794
2023-08-04,ETH-USD,Crypto,Crypto,-0.00404524899760117
2023-08-05,ETH-USD,Crypto,Crypto,0.0039803978247232585
2023-08-06,ETH-USD,Crypto,Crypto,-0.004101323417211589
2023-08-07,ETH-USD,Crypto,Crypto,-0.00028629506333388566
2023-08-08,ETH-USD,Crypto,Crypto,0.015801585470487156
2023-08-09,ETH-USD,Crypto,Crypto,-0.000813535740253668
2023-08-10,ETH-USD,Crypto,Crypto,-0.0019113379853046286
2023-08-11,ETH-USD,Crypto,Crypto,-0.0019608383726750223
2023-08-12,ETH-USD,Crypto,Crypto,0.0009558116061818556
2023-08-13,ETH-USD,Crypto,Crypto,-0.005197573554549306
2023-08-14,ETH-USD,Crypto,Crypto,0.0026671519533285615
2023-08-15,ETH-USD,Crypto,Crypto,-0.009355376145865901
2023-08-16,ETH-USD,Crypto,Crypto,-0.011644479943617059
2023-08-17,ETH-USD,Crypto,Crypto,-0.06685956876976196
2023-08-18,ETH-USD,Crypto,Crypto,-0.014237003254733094
2023-08-19,ETH-USD,Crypto,Crypto,0.005133737190461396
2023-08-20,ETH-USD,Crypto,Crypto,0.009212569995102449
2023-08-21,ETH-USD,Crypto,Crypto,-0.010435935786971329
2023-08-22,ETH-USD,Crypto,Crypto,-0.020018643652328416
2023-08-23,ETH-USD,Crypto,Crypto,0.027775287399602888
2023-08-24,ETH-USD,Crypto,Crypto,-0.011510825045927042
2023-08-25,ETH-USD,Crypto,Crypto,-0.004222744282248891
2023-08-26,ETH-USD,Crypto,Crypto,-0.004010015919243992
2023-08-27,ETH-USD,Crypto,Crypto,0.006806932390764242
2023-08-28,ETH-USD,Crypto,Crypto,-0.0030501503607176517
2023-08-29,ETH-USD,Crypto,Crypto,0.046759638502996026
2023-08-30,ETH-USD,Crypto,Crypto,-0.014229727451396501
2023-08-31,ETH-USD,Crypto,Crypto,-0.03487924317662894
2023-09-01,ETH-USD,Crypto,Crypto,-0.01042023648557433
2023-09-02,ETH-USD,Crypto,Crypto,0.0052405439035725365
2023-09-03,ETH-USD,Crypto,Crypto,-0.0005544903878390572
2023-09-04,ETH-USD,Crypto,Crypto,-0.003949839574139524
2023-09-05,ETH-USD,Crypto,Crypto,0.0024386268424532176
2023-09-06,ETH-USD,Crypto,Crypto,-0.0008429544668591138
2023-09-07,ETH-USD,Crypto,Crypto,0.009401700388986578
2023-09-08,ETH-USD,Crypto,Crypto,-0.006955851709160243
2023-09-09,ETH-USD,Crypto,Crypto,-0.0005961990834902897
2023-09-10,ETH-USD,Crypto,Crypto,-0.011212034116571123
2023-09-11,ETH-USD,Crypto,Crypto,-0.04032038506124014
2023-09-12,ETH-USD,Crypto,Crypto,0.02628947992827646
2023-09-13,ETH-USD,Crypto,Crypto,0.009770657090104162
2023-09-14,ETH-USD,Crypto,Crypto,0.011807198586281986
2023-09-15,ETH-USD,Crypto,Crypto,0.009014288078772026
2023-09-16,ETH-USD,Crypto,Crypto,-0.003909931338625383
2023-09-17,ETH-USD,Crypto,Crypto,-0.007537174515831024
2023-09-18,ETH-USD,Crypto,Crypto,0.008904027674040194
2023-09-19,ETH-USD,Crypto,Crypto,0.0037851668963293505
2023-09-20,ETH-USD,Crypto,Crypto,-0.012566772911124402
2023-09-21,ETH-USD,Crypto,Crypto,-0.02377462631781635
2023-09-22,ETH-USD,Crypto,Crypto,0.005656292418244391
2023-09-23,ETH-USD,Crypto,Crypto,0.00036998008129596194
2023-09-24,ETH-USD,Crypto,Crypto,-0.008159068286052618
2023-09-25,ETH-USD,Crypto,Crypto,0.0047249684583838825
2023-09-26,ETH-USD,Crypto,Crypto,0.0032073833529786544
2023-09-27,ETH-USD,Crypto,Crypto,0.0025567531946391053
2023-09-28,ETH-USD,Crypto,Crypto,0.03467404334555346
2023-09-29,ETH-USD,Crypto,Crypto,0.009112054541902781
2023-09-30,ETH-USD,Crypto,Crypto,0.001929332083119517
2023-10-01,ETH-USD,Crypto,Crypto,0.037488026069531166
2023-10-02,ETH-USD,Crypto,Crypto,-0.04047897066718298
2023-10-03,ETH-USD,Crypto,Crypto,-0.00417274556135816
2023-10-04,ETH-USD,Crypto,Crypto,-0.005340502634588518
2023-10-05,ETH-USD,Crypto,Crypto,-0.022066302247040315
2023-10-06,ETH-USD,Crypto,Crypto,0.021319022529365572
2023-10-07,ETH-USD,Crypto,Crypto,-0.006878172039150754
2023-10-08,ETH-USD,Crypto,Crypto,-0.0005889506700414993
2023-10-09,ETH-USD,Crypto,Crypto,-0.032898895010697204
2023-10-10,ETH-USD,Crypto,Crypto,-0.007655131722261288
2023-10-11,ETH-USD,Crypto,Crypto,-0.000930177871406368
2023-10-12,ETH-USD,Crypto,Crypto,-0.01701021740023334
2023-10-13,ETH-USD,Crypto,Crypto,0.008104020573232784
2023-10-14,ETH-USD,Crypto,Crypto,0.002040706057397923
2023-10-15,ETH-USD,Crypto,Crypto,0.0018086969407560272
2023-10-16,ETH-USD,Crypto,Crypto,0.027254540765113022
2023-10-17,ETH-USD,Crypto,Crypto,-0.02192688186935865
2023-10-18,ETH-USD,Crypto,Crypto,-0.0010793755903444335
2023-10-19,ETH-USD,Crypto,Crypto,0.0023706817647977108
2023-10-20,ETH-USD,Crypto,Crypto,0.023738984945261166
2023-10-21,ETH-USD,Crypto,Crypto,0.015353699699918621
2023-10-22,ETH-USD,Crypto,Crypto,0.020944819993793384
2023-10-23,ETH-USD,Crypto,Crypto,0.061290684296216424
2023-10-24,ETH-USD,Crypto,Crypto,0.010793585817743923
2023-10-25,ETH-USD,Crypto,Crypto,0.0016588325496480483
2023-10-26,ETH-USD,Crypto,Crypto,0.009310588640725426
2023-10-27,ETH-USD,Crypto,Crypto,-0.013300163952285393
2023-10-28,ETH-USD,Crypto,Crypto,-0.0019253015900076997
2023-10-29,ETH-USD,Crypto,Crypto,0.01065386858481232
2023-10-30,ETH-USD,Crypto,Crypto,0.008099264721129096
2023-10-31,ETH-USD,Crypto,Crypto,0.0035193643267046326
2023-11-01,ETH-USD,Crypto,Crypto,0.01686288408831138
2023-11-02,ETH-USD,Crypto,Crypto,-0.02515781959835861
2023-11-03,ETH-USD,Crypto,Crypto,0.01786838809609348
2023-11-04,ETH-USD,Crypto,Crypto,0.013587684453004512
2023-11-05,ETH-USD,Crypto,Crypto,0.019625953467631962
2023-11-06,ETH-USD,Crypto,Crypto,0.002998529349214518
2023-11-07,ETH-USD,Crypto,Crypto,-0.006165335386688842
2023-11-08,ETH-USD,Crypto,Crypto,0.0006345557534326307
2023-11-09,ETH-USD,Crypto,Crypto,0.12239237144858772
2023-11-10,ETH-USD,Crypto,Crypto,-0.019933988946118864
2023-11-11,ETH-USD,Crypto,Crypto,-0.012306237463546976
2023-11-12,ETH-USD,Crypto,Crypto,-0.003666782589169526
2023-11-13,ETH-USD,Crypto,Crypto,0.004927847225156823
2023-11-14,ETH-USD,Crypto,Crypto,-0.03708171667973137
2023-11-15,ETH-USD,Crypto,Crypto,0.04110847506282078
2023-11-16,ETH-USD,Crypto,Crypto,-0.04830442993030459
2023-11-17,ETH-USD,Crypto,Crypto,0.0002035665608492998
2023-11-18,ETH-USD,Crypto,Crypto,0.0010219202166552588
2023-11-19,ETH-USD,Crypto,Crypto,0.025426483024461932
2023-11-20,ETH-USD,Crypto,Crypto,0.004487705105652884
2023-11-21,ETH-USD,Crypto,Crypto,-0.04211784935612506
2023-11-22,ETH-USD,Crypto,Crypto,0.06574813130783852
2023-11-23,ETH-USD,Crypto,Crypto,-0.0010727438851469984
2023-11-24,ETH-USD,Crypto,Crypto,0.009185000500188556
2023-11-25,ETH-USD,Crypto,Crypto,0.0015669139841998359
2023-11-26,ETH-USD,Crypto,Crypto,-0.010135684364837805
2023-11-27,ETH-USD,Crypto,Crypto,-0.017384294811873313
2023-11-28,ETH-USD,Crypto,Crypto,0.010812167645888104
2023-11-29,ETH-USD,Crypto,Crypto,-0.009470831200383945
2023-11-30,ETH-USD,Crypto,Crypto,0.011146671092621574
2023-12-01,ETH-USD,Crypto,Crypto,0.016849107974407973
2023-12-02,ETH-USD,Crypto,Crypto,0.03764204271297267
2023-12-03,ETH-USD,Crypto,Crypto,0.012923071442646705
2023-12-04,ETH-USD,Crypto,Crypto,0.022575720663866372
2023-12-05,ETH-USD,Crypto,Crypto,0.02256848231190145
2023-12-06,ETH-USD,Crypto,Crypto,-0.027107545082919904
2023-12-07,ETH-USD,Crypto,Crypto,0.05642353010676748
2023-12-08,ETH-USD,Crypto,Crypto,0.0004887825441670657
2023-12-09,ETH-USD,Crypto,Crypto,-0.007443253883560597
2023-12-10,ETH-USD,Crypto,Crypto,0.004821233826242777
2023-12-11,ETH-USD,Crypto,Crypto,-0.054361666168691425
2023-12-12,ETH-USD,Crypto,Crypto,-0.010132601687358522
2023-12-13,ETH-USD,Crypto,Crypto,0.02661652224701272
2023-12-14,ETH-USD,Crypto,Crypto,0.02474087211166509
2023-12-15,ETH-USD,Crypto,Crypto,-0.041976420815141524
2023-12-16,ETH-USD,Crypto,Crypto,0.0034195392373013167
2023-12-17,ETH-USD,Crypto,Crypto,-0.013671449108484612
2023-12-18,ETH-USD,Crypto,Crypto,0.009466157195896718
2023-12-19,ETH-USD,Crypto,Crypto,-0.017769968394459656
2023-12-20,ETH-USD,Crypto,Crypto,0.011037752537226941
2023-12-21,ETH-USD,Crypto,Crypto,0.017090198956007274
2023-12-22,ETH-USD,Crypto,Crypto,0.03883937127050796
2023-12-23,ETH-USD,Crypto,Crypto,-0.007512713750621014
2023-12-24,ETH-USD,Crypto,Crypto,-0.018775823775668332
2023-12-25,ETH-USD,Crypto,Crypto,0.003032022219169095
2023-12-26,ETH-USD,Crypto,Crypto,-0.0180837485401647
2023-12-27,ETH-USD,Crypto,Crypto,0.06599907965814755
2023-12-28,ETH-USD,Crypto,Crypto,-0.013105185204343561
2023-12-29,ETH-USD,Crypto,Crypto,-0.019967696347748753
2023-12-30,ETH-USD,Crypto,Crypto,-0.003748980355657072
2023-12-31,ETH-USD,Crypto,Crypto,-0.004622136062972015
2020-01-02,LTC-USD,Crypto,Crypto,-0.0522328674979865
2020-01-03,LTC-USD,Crypto,Crypto,0.06510205027815874
2020-01-04,LTC-USD,Crypto,Crypto,0.02147875328222315
2020-01-05,LTC-USD,Crypto,Crypto,0.005230057555109635
2020-01-06,LTC-USD,Crypto,Crypto,0.051962773398619655
2020-01-07,LTC-USD,Crypto,Crypto,0.013275403934662977
2020-01-08,LTC-USD,Crypto,Crypto,-0.016603634237381537
2020-01-09,LTC-USD,Crypto,Crypto,-0.009590352026982885
2020-01-10,LTC-USD,Crypto,Crypto,0.07765843238279313
2020-01-11,LTC-USD,Crypto,Crypto,0.011008975794329245
2020-01-12,LTC-USD,Crypto,Crypto,0.036882498576567
2020-01-13,LTC-USD,Crypto,Crypto,-0.026369423298247985
2020-01-14,LTC-USD,Crypto,Crypto,0.17582550336497071
2020-01-15,LTC-USD,Crypto,Crypto,-0.007274236877677698
2020-01-16,LTC-USD,Crypto,Crypto,-0.007486164926404637
2020-01-17,LTC-USD,Crypto,Crypto,0.06714659685863866
2020-01-18,LTC-USD,Crypto,Crypto,-0.03380349550308126
2020-01-19,LTC-USD,Crypto,Crypto,-0.027065961542659944
2020-01-20,LTC-USD,Crypto,Crypto,-0.010336055617354845
2020-01-21,LTC-USD,Crypto,Crypto,0.007772602592832634
2020-01-22,LTC-USD,Crypto,Crypto,0.01226141053302765
2020-01-23,LTC-USD,Crypto,Crypto,-0.06382455617613547
2020-01-24,LTC-USD,Crypto,Crypto,-0.0018025283857721064
2020-01-25,LTC-USD,Crypto,Crypto,-0.015293825240827674
2020-01-26,LTC-USD,Crypto,Crypto,0.04683483236272412
2020-01-27,LTC-USD,Crypto,Crypto,0.04537322848410397
2020-01-28,LTC-USD,Crypto,Crypto,0.03247862726313033
2020-01-29,LTC-USD,Crypto,Crypto,-0.009788457576172305
2020-01-30,LTC-USD,Crypto,Crypto,0.13451079968531476
2020-01-31,LTC-USD,Crypto,Crypto,-0.004101751281237576
2020-02-01,LTC-USD,Crypto,Crypto,0.04331972852730348
2020-02-02,LTC-USD,Crypto,Crypto,-0.00830938060899622
2020-02-03,LTC-USD,Crypto,Crypto,-0.006426235762551746
2020-02-04,LTC-USD,Crypto,Crypto,-0.022706178598336568
2020-02-05,LTC-USD,Crypto,Crypto,0.06301453355390585
2020-02-06,LTC-USD,Crypto,Crypto,0.012354059476630486
2020-02-07,LTC-USD,Crypto,Crypto,0.013182278529965341
2020-02-08,LTC-USD,Crypto,Crypto,0.028396455778547214
2020-02-09,LTC-USD,Crypto,Crypto,0.008173599339982074
2020-02-10,LTC-USD,Crypto,Crypto,-0.03576847913723924
2020-02-11,LTC-USD,Crypto,Crypto,0.030433787493906017
2020-02-12,LTC-USD,Crypto,Crypto,0.06136044496619153
2020-02-13,LTC-USD,Crypto,Crypto,-0.010996902255941077
2020-02-14,LTC-USD,Crypto,Crypto,0.03217427147606733
2020-02-15,LTC-USD,Crypto,Crypto,-0.07804647503505102
2020-02-16,LTC-USD,Crypto,Crypto,-0.017783283729248645
2020-02-17,LTC-USD,Crypto,Crypto,-0.02529897263055303
2020-02-18,LTC-USD,Crypto,Crypto,0.05165606989546623
2020-02-19,LTC-USD,Crypto,Crypto,-0.07657850156801593
2020-02-20,LTC-USD,Crypto,Crypto,-0.02124233021912436
2020-02-21,LTC-USD,Crypto,Crypto,0.054952690527629855
2020-02-22,LTC-USD,Crypto,Crypto,0.022901815544636994
2020-02-23,LTC-USD,Crypto,Crypto,0.05861029669136686
2020-02-24,LTC-USD,Crypto,Crypto,-0.050304229398712375
2020-02-25,LTC-USD,Crypto,Crypto,-0.05765991068222598
2020-02-26,LTC-USD,Crypto,Crypto,-0.14281962074600818
2020-02-27,LTC-USD,Crypto,Crypto,0.008089513074309496
2020-02-28,LTC-USD,Crypto,Crypto,-0.02835290146200775
2020-02-29,LTC-USD,Crypto,Crypto,-0.02042527866158439
2020-03-01,LTC-USD,Crypto,Crypto,-0.010019505739483181
2020-03-02,LTC-USD,Crypto,Crypto,0.052433298549766194
2020-03-03,LTC-USD,Crypto,Crypto,0.0024416469762846837
2020-03-04,LTC-USD,Crypto,Crypto,-0.012463239280543603
2020-03-05,LTC-USD,Crypto,Crypto,0.027541793994512176
2020-03-06,LTC-USD,Crypto,Crypto,0.015797137937680894
2020-03-07,LTC-USD,Crypto,Crypto,-0.03933782449509238
2020-03-08,LTC-USD,Crypto,Crypto,-0.14563580860002978
2020-03-09,LTC-USD,Crypto,Crypto,-0.030166127078505856
2020-03-10,LTC-USD,Crypto,Crypto,0.001758916376118247
2020-03-11,LTC-USD,Crypto,Crypto,-0.03566922270756545
2020-03-12,LTC-USD,Crypto,Crypto,-0.3617732392248725
2020-03-13,LTC-USD,Crypto,Crypto,0.21037454558392965
2020-03-14,LTC-USD,Crypto,Crypto,-0.08123752118755245
2020-03-15,LTC-USD,Crypto,Crypto,0.059322875072128856
2020-03-16,LTC-USD,Crypto,Crypto,-0.09772665051956364
2020-03-17,LTC-USD,Crypto,Crypto,0.020916414751256607
2020-03-18,LTC-USD,Crypto,Crypto,0.0035844473310255864
2020-03-19,LTC-USD,Crypto,Crypto,0.16000353336681727
2020-03-20,LTC-USD,Crypto,Crypto,-0.02410340065018357
2020-03-21,LTC-USD,Crypto,Crypto,0.005516972031889056
2020-03-22,LTC-USD,Crypto,Crypto,-0.0707904748989947
2020-03-23,LTC-USD,Crypto,Crypto,0.08806853253339164
2020-03-24,LTC-USD,Crypto,Crypto,0.04449493432188434
2020-03-25,LTC-USD,Crypto,Crypto,-0.033079840744348665
2020-03-26,LTC-USD,Crypto,Crypto,0.02578148186472551
2020-03-27,LTC-USD,Crypto,Crypto,-0.03092888773216973
2020-03-28,LTC-USD,Crypto,Crypto,-0.0011490608194568708
2020-03-29,LTC-USD,Crypto,Crypto,-0.03964664420527231
2020-03-30,LTC-USD,Crypto,Crypto,0.048369274333158074
2020-03-31,LTC-USD,Crypto,Crypto,0.0041088247918978915
2020-04-01,LTC-USD,Crypto,Crypto,0.0020792030769876124
2020-04-02,LTC-USD,Crypto,Crypto,0.012527795956465582
2020-04-03,LTC-USD,Crypto,Crypto,0.012162417364041334
2020-04-04,LTC-USD,Crypto,Crypto,0.007840146012653149
2020-04-05,LTC-USD,Crypto,Crypto,-0.00013317261337086883
2020-04-06,LTC-USD,Crypto,Crypto,0.09149173474147432
2020-04-07,LTC-USD,Crypto,Crypto,0.006235699543158724
2020-04-08,LTC-USD,Crypto,Crypto,0.03698241502788768
2020-04-09,LTC-USD,Crypto,Crypto,0.0014058915346157885
2020-04-10,LTC-USD,Crypto,Crypto,-0.08871763612188088
2020-04-11,LTC-USD,Crypto,Crypto,0.001165983110572144
2020-04-12,LTC-USD,Crypto,Crypto,0.00309995819247999
2020-04-13,LTC-USD,Crypto,Crypto,-0.029350684502135516
2020-04-14,LTC-USD,Crypto,Crypto,-0.0036525580636193045
2020-04-15,LTC-USD,Crypto,Crypto,-0.035679275020725654
2020-04-16,LTC-USD,Crypto,Crypto,0.07830315116432907
2020-04-17,LTC-USD,Crypto,Crypto,0.0013122538686245466
2020-04-18,LTC-USD,Crypto,Crypto,0.03784904628188923
2020-04-19,LTC-USD,Crypto,Crypto,-0.03895475175259533
2020-04-20,LTC-USD,Crypto,Crypto,-0.04236839552902516
2020-04-21,LTC-USD,Crypto,Crypto,0.005186530474498685
2020-04-22,LTC-USD,Crypto,Crypto,0.02064493257239186
2020-04-23,LTC-USD,Crypto,Crypto,0.025062442318378952
2020-04-24,LTC-USD,Crypto,Crypto,0.04362736749352525
2020-04-25,LTC-USD,Crypto,Crypto,-0.0021321567737094815
2020-04-26,LTC-USD,Crypto,Crypto,-0.0005774737464430135
2020-04-27,LTC-USD,Crypto,Crypto,0.00046939916906363344
2020-04-28,LTC-USD,Crypto,Crypto,0.029493087950786867
2020-04-29,LTC-USD,Crypto,Crypto,0.06849203241995716
2020-04-30,LTC-USD,Crypto,Crypto,-0.0501670611699766
2020-05-01,LTC-USD,Crypto,Crypto,0.023069787192343538
2020-05-02,LTC-USD,Crypto,Crypto,0.03486679925174263
2020-05-03,LTC-USD,Crypto,Crypto,-0.024078740436848656
2020-05-04,LTC-USD,Crypto,Crypto,-0.01644320619087447
2020-05-05,LTC-USD,Crypto,Crypto,-0.01445508843749621
2020-05-06,LTC-USD,Crypto,Crypto,-0.01804745357092974
2020-05-07,LTC-USD,Crypto,Crypto,0.030195089577102374
2020-05-08,LTC-USD,Crypto,Crypto,0.011664901308954478
2020-05-09,LTC-USD,Crypto,Crypto,-0.012698497677986254
2020-05-10,LTC-USD,Crypto,Crypto,-0.10378939312708413
2020-05-11,LTC-USD,Crypto,Crypto,-0.0157588147898976
2020-05-12,LTC-USD,Crypto,Crypto,0.00987815370316425
2020-05-13,LTC-USD,Crypto,Crypto,0.024284794332144033
2020-05-14,LTC-USD,Crypto,Crypto,0.018796430606114578
2020-05-15,LTC-USD,Crypto,Crypto,-0.02528948335617187
2020-05-16,LTC-USD,Crypto,Crypto,0.008846193819375348
2020-05-17,LTC-USD,Crypto,Crypto,0.009902982008654249
2020-05-18,LTC-USD,Crypto,Crypto,0.03575178823625458
2020-05-19,LTC-USD,Crypto,Crypto,0.004038419503780366
2020-05-20,LTC-USD,Crypto,Crypto,-0.026694366549264936
2020-05-21,LTC-USD,Crypto,Crypto,-0.03236032290975965
2020-05-22,LTC-USD,Crypto,Crypto,0.03427200427533239
2020-05-23,LTC-USD,Crypto,Crypto,-0.003946412866545068
2020-05-24,LTC-USD,Crypto,Crypto,-0.03597802585077836
2020-05-25,LTC-USD,Crypto,Crypto,0.01171371717286629
2020-05-26,LTC-USD,Crypto,Crypto,-0.011970168954358984
2020-05-27,LTC-USD,Crypto,Crypto,0.03368619895392633
2020-05-28,LTC-USD,Crypto,Crypto,0.020456842492149185
2020-05-29,LTC-USD,Crypto,Crypto,-0.0023734312069726426
2020-05-30,LTC-USD,Crypto,Crypto,0.06463619793161701
2020-05-31,LTC-USD,Crypto,Crypto,-0.0409508386597397
2020-06-01,LTC-USD,Crypto,Crypto,0.055565768008889904
2020-06-02,LTC-USD,Crypto,Crypto,-0.04574975025248218
2020-06-03,LTC-USD,Crypto,Crypto,0.027205630833020633
2020-06-04,LTC-USD,Crypto,Crypto,0.009851051557036028
2020-06-05,LTC-USD,Crypto,Crypto,-0.012268666254000915
2020-06-06,LTC-USD,Crypto,Crypto,-0.006826108458251934
2020-06-07,LTC-USD,Crypto,Crypto,-0.0013685153473710354
2020-06-08,LTC-USD,Crypto,Crypto,-0.004157682971278498
2020-06-09,LTC-USD,Crypto,Crypto,-0.008705089513778907
2020-06-10,LTC-USD,Crypto,Crypto,0.013253157702110219
2020-06-11,LTC-USD,Crypto,Crypto,-0.06780782938390484
2020-06-12,LTC-USD,Crypto,Crypto,0.030181588341316568
2020-06-13,LTC-USD,Crypto,Crypto,0.005945076354699763
2020-06-14,LTC-USD,Crypto,Crypto,-0.022398104839514654
2020-06-15,LTC-USD,Crypto,Crypto,-0.003861465250620144
2020-06-16,LTC-USD,Crypto,Crypto,-0.000843390417316292
2020-06-17,LTC-USD,Crypto,Crypto,0.003534814330525826
2020-06-18,LTC-USD,Crypto,Crypto,-0.010724504189531525
2020-06-19,LTC-USD,Crypto,Crypto,-0.020208814638935535
2020-06-20,LTC-USD,Crypto,Crypto,0.015627538933214113
2020-06-21,LTC-USD,Crypto,Crypto,-0.005983574738845587
2020-06-22,LTC-USD,Crypto,Crypto,0.025542457956382103
2020-06-23,LTC-USD,Crypto,Crypto,-0.00019743396278537606
2020-06-24,LTC-USD,Crypto,Crypto,-0.030228040243726717
2020-06-25,LTC-USD,Crypto,Crypto,-0.006542280415398061
2020-06-26,LTC-USD,Crypto,Crypto,0.017791183080065887
2020-06-27,LTC-USD,Crypto,Crypto,-0.04074774811901494
2020-06-28,LTC-USD,Crypto,Crypto,-0.003544485672748676
2020-06-29,LTC-USD,Crypto,Crypto,0.010692654000777013
2020-06-30,LTC-USD,Crypto,Crypto,-0.009157235208431813
2020-07-01,LTC-USD,Crypto,Crypto,0.00558151104458271
2020-07-02,LTC-USD,Crypto,Crypto,-0.005120294584120444
2020-07-03,LTC-USD,Crypto,Crypto,-0.006763715288569339
2020-07-04,LTC-USD,Crypto,Crypto,0.020905083367132038
2020-07-05,LTC-USD,Crypto,Crypto,-0.01113608002692179
2020-07-06,LTC-USD,Crypto,Crypto,0.05686362725162386
2020-07-07,LTC-USD,Crypto,Crypto,-0.014676827277881443
2020-07-08,LTC-USD,Crypto,Crypto,0.0434573403704368
2020-07-09,LTC-USD,Crypto,Crypto,-0.014674274105451302
2020-07-10,LTC-USD,Crypto,Crypto,-0.006541457395218053
2020-07-11,LTC-USD,Crypto,Crypto,0.00974010018575977
2020-07-12,LTC-USD,Crypto,Crypto,-0.0009171924314462787
2020-07-13,LTC-USD,Crypto,Crypto,-0.016047655747509215
2020-07-14,LTC-USD,Crypto,Crypto,-0.0026623965946893646
2020-07-15,LTC-USD,Crypto,Crypto,-0.011960645348838228
2020-07-16,LTC-USD,Crypto,Crypto,-0.028732557342156517
2020-07-17,LTC-USD,Crypto,Crypto,-0.0029171443874396186
2020-07-18,LTC-USD,Crypto,Crypto,0.012240888095803815
2020-07-19,LTC-USD,Crypto,Crypto,0.0029902840270801256
2020-07-20,LTC-USD,Crypto,Crypto,-0.013557756413457245
2020-07-21,LTC-USD,Crypto,Crypto,0.03907819428488968
2020-07-22,LTC-USD,Crypto,Crypto,0.03026322510134949
2020-07-23,LTC-USD,Crypto,Crypto,-0.0019146444151153519
2020-07-24,LTC-USD,Crypto,Crypto,-0.014883757404731135
2020-07-25,LTC-USD,Crypto,Crypto,0.10461658885177827
2020-07-26,LTC-USD,Crypto,Crypto,-0.0169255965177717
2020-07-27,LTC-USD,Crypto,Crypto,0.10361489196477502
2020-07-28,LTC-USD,Crypto,Crypto,0.049578431143705526
2020-07-29,LTC-USD,Crypto,Crypto,-0.007255070748557135
2020-07-30,LTC-USD,Crypto,Crypto,0.02666402083660313
2020-07-31,LTC-USD,Crypto,Crypto,0.02392217152102427
2020-08-01,LTC-USD,Crypto,Crypto,0.05681364947752754
2020-08-02,LTC-USD,Crypto,Crypto,-0.07589385654443204
2020-08-03,LTC-USD,Crypto,Crypto,0.03226360879068624
2020-08-04,LTC-USD,Crypto,Crypto,-0.01600591416398167
2020-08-05,LTC-USD,Crypto,Crypto,0.025683557392630618
2020-08-06,LTC-USD,Crypto,Crypto,0.0026021857610520893
2020-08-07,LTC-USD,Crypto,Crypto,-0.0324305845744014
2020-08-08,LTC-USD,Crypto,Crypto,0.015436569028784985
2020-08-09,LTC-USD,Crypto,Crypto,-0.017034072804945843
2020-08-10,LTC-USD,Crypto,Crypto,0.02012310318403787
2020-08-11,LTC-USD,Crypto,Crypto,-0.06694248999235675
2020-08-12,LTC-USD,Crypto,Crypto,0.0106963611680706
2020-08-13,LTC-USD,Crypto,Crypto,0.05044211584083902
2020-08-14,LTC-USD,Crypto,Crypto,-0.017114148940246543
2020-08-15,LTC-USD,Crypto,Crypto,0.05593853157094841
2020-08-16,LTC-USD,Crypto,Crypto,0.06505712770364536
2020-08-17,LTC-USD,Crypto,Crypto,0.050159322891903946
2020-08-18,LTC-USD,Crypto,Crypto,-0.022386207089659882
2020-08-19,LTC-USD,Crypto,Crypto,-0.0537622433802063
2020-08-20,LTC-USD,Crypto,Crypto,0.015517030398591869
2020-08-21,LTC-USD,Crypto,Crypto,-0.05697822966024546
2020-08-22,LTC-USD,Crypto,Crypto,0.01569807862774497
2020-08-23,LTC-USD,Crypto,Crypto,0.005174884479698161
2020-08-24,LTC-USD,Crypto,Crypto,0.025999331488550492
2020-08-25,LTC-USD,Crypto,Crypto,-0.05817994571795049
2020-08-26,LTC-USD,Crypto,Crypto,-0.0037980486527916524
2020-08-27,LTC-USD,Crypto,Crypto,-0.0397057963184666
2020-08-28,LTC-USD,Crypto,Crypto,0.023436206674972926
2020-08-29,LTC-USD,Crypto,Crypto,-0.0010927087811045677
2020-08-30,LTC-USD,Crypto,Crypto,0.09484106596822994
2020-08-31,LTC-USD,Crypto,Crypto,-0.02569209695122665
2020-09-01,LTC-USD,Crypto,Crypto,0.02894589252659774
2020-09-02,LTC-USD,Crypto,Crypto,-0.07606440680145876
2020-09-03,LTC-USD,Crypto,Crypto,-0.1777211267357799
2020-09-04,LTC-USD,Crypto,Crypto,0.05940170861687255
2020-09-05,LTC-USD,Crypto,Crypto,-0.0597218371998125
2020-09-06,LTC-USD,Crypto,Crypto,0.00975506801101278
2020-09-07,LTC-USD,Crypto,Crypto,0.014911142025105129
2020-09-08,LTC-USD,Crypto,Crypto,-0.028425337574935705
2020-09-09,LTC-USD,Crypto,Crypto,0.010845414184689206
2020-09-10,LTC-USD,Crypto,Crypto,0.01710221347498675
2020-09-11,LTC-USD,Crypto,Crypto,0.00765439617829089
2020-09-12,LTC-USD,Crypto,Crypto,0.03518864235567798
2020-09-13,LTC-USD,Crypto,Crypto,-0.05413757940975028
2020-09-14,LTC-USD,Crypto,Crypto,0.021305813397112017
2020-09-15,LTC-USD,Crypto,Crypto,-0.014259969611493228
2020-09-16,LTC-USD,Crypto,Crypto,-0.009437158686195435
2020-09-17,LTC-USD,Crypto,Crypto,0.019686343407031126
2020-09-18,LTC-USD,Crypto,Crypto,-0.008475410974780773
2020-09-19,LTC-USD,Crypto,Crypto,0.0044160860991562245
2020-09-20,LTC-USD,Crypto,Crypto,-0.03238299546744017
2020-09-21,LTC-USD,Crypto,Crypto,-0.07877423409068396
2020-09-22,LTC-USD,Crypto,Crypto,0.026614916928993537
2020-09-23,LTC-USD,Crypto,Crypto,-0.0333899763959169
2020-09-24,LTC-USD,Crypto,Crypto,0.046035128814957416
2020-09-25,LTC-USD,Crypto,Crypto,0.023233986012280328
2020-09-26,LTC-USD,Crypto,Crypto,0.002226508018623896
2020-09-27,LTC-USD,Crypto,Crypto,-0.002105028605115411
2020-09-28,LTC-USD,Crypto,Crypto,-0.015971481778724095
2020-09-29,LTC-USD,Crypto,Crypto,0.009723640234983622
2020-09-30,LTC-USD,Crypto,Crypto,0.012553295237917483
2020-10-01,LTC-USD,Crypto,Crypto,-0.001249753208292237
2020-10-02,LTC-USD,Crypto,Crypto,-0.030002780704546206
2020-10-03,LTC-USD,Crypto,Crypto,0.014642488674526888
2020-10-04,LTC-USD,Crypto,Crypto,0.025192844783173296
2020-10-05,LTC-USD,Crypto,Crypto,-0.007851009512884755
2020-10-06,LTC-USD,Crypto,Crypto,-0.008146477467783408
2020-10-07,LTC-USD,Crypto,Crypto,0.014677435129534455
2020-10-08,LTC-USD,Crypto,Crypto,0.011956573724233532
2020-10-09,LTC-USD,Crypto,Crypto,0.013015576407040985
2020-10-10,LTC-USD,Crypto,Crypto,0.02274880171035898
2020-10-11,LTC-USD,Crypto,Crypto,0.0369330365650653
2020-10-12,LTC-USD,Crypto,Crypto,0.00031373103429355176
2020-10-13,LTC-USD,Crypto,Crypto,-0.015828073985127422
2020-10-14,LTC-USD,Crypto,Crypto,-0.0018852490509401187
2020-10-15,LTC-USD,Crypto,Crypto,-0.007144279487237948
2020-10-16,LTC-USD,Crypto,Crypto,-0.03632013124494937
2020-10-17,LTC-USD,Crypto,Crypto,-0.013397106683748161
2020-10-18,LTC-USD,Crypto,Crypto,0.012020603320414658
2020-10-19,LTC-USD,Crypto,Crypto,0.010066667318210154
2020-10-20,LTC-USD,Crypto,Crypto,-0.021786060924548045
2020-10-21,LTC-USD,Crypto,Crypto,0.1273999940814705
2020-10-22,LTC-USD,Crypto,Crypto,0.023035896189389504
2020-10-23,LTC-USD,Crypto,Crypto,0.017900523420724346
2020-10-24,LTC-USD,Crypto,Crypto,0.06982242522024973
2020-10-25,LTC-USD,Crypto,Crypto,-0.007120460607115353
2020-10-26,LTC-USD,Crypto,Crypto,-0.03287652815145614
2020-10-27,LTC-USD,Crypto,Crypto,0.018860863436111597
2020-10-28,LTC-USD,Crypto,Crypto,-0.03586443004484452
2020-10-29,LTC-USD,Crypto,Crypto,-0.017520880146640883
2020-10-30,LTC-USD,Crypto,Crypto,-0.016996365419523096
2020-10-31,LTC-USD,Crypto,Crypto,0.03260379020602322
2020-11-01,LTC-USD,Crypto,Crypto,-4.741758415571784e-05
2020-11-02,LTC-USD,Crypto,Crypto,-0.03184416758704145
2020-11-03,LTC-USD,Crypto,Crypto,3.9764869828484706e-05
2020-11-04,LTC-USD,Crypto,Crypto,0.012625163102134795
2020-11-05,LTC-USD,Crypto,Crypto,0.07668738559657218
2020-11-06,LTC-USD,Crypto,Crypto,0.07588152448255836
2020-11-07,LTC-USD,Crypto,Crypto,-0.06316164617513997
2020-11-08,LTC-USD,Crypto,Crypto,0.03231792361168795
2020-11-09,LTC-USD,Crypto,Crypto,-0.027698973596979037
2020-11-10,LTC-USD,Crypto,Crypto,-0.018976877224264443
2020-11-11,LTC-USD,Crypto,Crypto,0.021939309222700265
2020-11-12,LTC-USD,Crypto,Crypto,0.014287977803171259
2020-11-13,LTC-USD,Crypto,Crypto,0.0843500002717319
2020-11-14,LTC-USD,Crypto,Crypto,-0.025712194709174296
2020-11-15,LTC-USD,Crypto,Crypto,-0.02343000013578167
2020-11-16,LTC-USD,Crypto,Crypto,0.14525268052029894
2020-11-17,LTC-USD,Crypto,Crypto,0.06345619804053415
2020-11-18,LTC-USD,Crypto,Crypto,-0.02844212872951213
2020-11-19,LTC-USD,Crypto,Crypto,0.10840271434609994
2020-11-20,LTC-USD,Crypto,Crypto,0.011011781505004148
2020-11-21,LTC-USD,Crypto,Crypto,0.046340751153488347
2020-11-22,LTC-USD,Crypto,Crypto,-0.04288745126566462
2020-11-23,LTC-USD,Crypto,Crypto,0.07659955908586968
2020-11-24,LTC-USD,Crypto,Crypto,0.0018650345943096447
2020-11-25,LTC-USD,Crypto,Crypto,-0.08211667360996655
2020-11-26,LTC-USD,Crypto,Crypto,-0.1345186519212478
2020-11-27,LTC-USD,Crypto,Crypto,-0.024579609737275465
2020-11-28,LTC-USD,Crypto,Crypto,0.051633274482561387
2020-11-29,LTC-USD,Crypto,Crypto,0.08999642317830836
2020-11-30,LTC-USD,Crypto,Crypto,0.10525088876326505
2020-12-01,LTC-USD,Crypto,Crypto,-0.02442331291443489
2020-12-02,LTC-USD,Crypto,Crypto,0.04003880253650638
2020-12-03,LTC-USD,Crypto,Crypto,0.00272860725631463
2020-12-04,LTC-USD,Crypto,Crypto,-0.10193040473079318
2020-12-05,LTC-USD,Crypto,Crypto,0.038762402509992855
2020-12-06,LTC-USD,Crypto,Crypto,0.0052528156769933165
2020-12-07,LTC-USD,Crypto,Crypto,0.0008225158227921359
2020-12-08,LTC-USD,Crypto,Crypto,-0.08221801509802273
2020-12-09,LTC-USD,Crypto,Crypto,0.008629766591117027
2020-12-10,LTC-USD,Crypto,Crypto,-0.033346960482188215
2020-12-11,LTC-USD,Crypto,Crypto,-0.03664628886854282
2020-12-12,LTC-USD,Crypto,Crypto,0.064082828507114
2020-12-13,LTC-USD,Crypto,Crypto,0.06901266206530532
2020-12-14,LTC-USD,Crypto,Crypto,0.004420920455065591
2020-12-15,LTC-USD,Crypto,Crypto,-0.011685883308458767
2020-12-16,LTC-USD,Crypto,Crypto,0.13991303499398144
2020-12-17,LTC-USD,Crypto,Crypto,0.0880473239473678
2020-12-18,LTC-USD,Crypto,Crypto,0.08344859465820709
2020-12-19,LTC-USD,Crypto,Crypto,0.10215706698483107
2020-12-20,LTC-USD,Crypto,Crypto,-0.04887995409665058
2020-12-21,LTC-USD,Crypto,Crypto,-0.08424990290762147
2020-12-22,LTC-USD,Crypto,Crypto,0.0826145420269766
2020-12-23,LTC-USD,Crypto,Crypto,-0.1043566668700181
2020-12-24,LTC-USD,Crypto,Crypto,0.09574364614653508
2020-12-25,LTC-USD,Crypto,Crypto,0.13819874034917357
2020-12-26,LTC-USD,Crypto,Crypto,0.019495440817870913
2020-12-27,LTC-USD,Crypto,Crypto,-0.015002643725930409
2020-12-28,LTC-USD,Crypto,Crypto,0.01986693234566861
2020-12-29,LTC-USD,Crypto,Crypto,-0.007762661388699854
2020-12-30,LTC-USD,Crypto,Crypto,0.003295684026781709
2020-12-31,LTC-USD,Crypto,Crypto,-0.03688809336441201
2021-01-01,LTC-USD,Crypto,Crypto,0.012350788482942132
2021-01-02,LTC-USD,Crypto,Crypto,0.08488084566072795
2021-01-03,LTC-USD,Crypto,Crypto,0.16974490853298452
2021-01-04,LTC-USD,Crypto,Crypto,-0.03360531517157617
2021-01-05,LTC-USD,Crypto,Crypto,0.024465541361238463
2021-01-06,LTC-USD,Crypto,Crypto,0.06571559392849502
2021-01-07,LTC-USD,Crypto,Crypto,0.0035441986159587824
2021-01-08,LTC-USD,Crypto,Crypto,0.021601300689432668
2021-01-09,LTC-USD,Crypto,Crypto,0.024261650377287225
2021-01-10,LTC-USD,Crypto,Crypto,-0.035885472893767645
2021-01-11,LTC-USD,Crypto,Crypto,-0.1862060023637926
2021-01-12,LTC-USD,Crypto,Crypto,-0.04751319138193
2021-01-13,LTC-USD,Crypto,Crypto,0.11147381508064425
2021-01-14,LTC-USD,Crypto,Crypto,0.03163204523565666
2021-01-15,LTC-USD,Crypto,Crypto,-0.05159649102564812
2021-01-16,LTC-USD,Crypto,Crypto,0.0001932770477846013
2021-01-17,LTC-USD,Crypto,Crypto,-0.012716906802513361
2021-01-18,LTC-USD,Crypto,Crypto,0.06819642211677168
2021-01-19,LTC-USD,Crypto,Crypto,0.00882938025246438
2021-01-20,LTC-USD,Crypto,Crypto,-0.023168019889149516
2021-01-21,LTC-USD,Crypto,Crypto,-0.13204655122896558
2021-01-22,LTC-USD,Crypto,Crypto,0.05485101652367619
2021-01-23,LTC-USD,Crypto,Crypto,0.003493355321822822
2021-01-24,LTC-USD,Crypto,Crypto,0.027051118181488976
2021-01-25,LTC-USD,Crypto,Crypto,-0.028507126458054755
2021-01-26,LTC-USD,Crypto,Crypto,-0.019563825562642356
2021-01-27,LTC-USD,Crypto,Crypto,-0.08760914703474143
2021-01-28,LTC-USD,Crypto,Crypto,0.08570567983720734
2021-01-29,LTC-USD,Crypto,Crypto,0.011429093985048322
2021-01-30,LTC-USD,Crypto,Crypto,-0.011943693756820584
2021-01-31,LTC-USD,Crypto,Crypto,-0.028704705196588964
2021-02-01,LTC-USD,Crypto,Crypto,0.018376968264815607
2021-02-02,LTC-USD,Crypto,Crypto,0.07999153985116347
2021-02-03,LTC-USD,Crypto,Crypto,0.09196081049436389
2021-02-04,LTC-USD,Crypto,Crypto,-0.06724310882617401
2021-02-05,LTC-USD,Crypto,Crypto,0.06685598383252578
2021-02-06,LTC-USD,Crypto,Crypto,0.005569944804079796
2021-02-07,LTC-USD,Crypto,Crypto,-0.02937847338553623
2021-02-08,LTC-USD,Crypto,Crypto,0.10638461982676417
2021-02-09,LTC-USD,Crypto,Crypto,0.08907726600959154
2021-02-10,LTC-USD,Crypto,Crypto,0.000329030769362193
2021-02-11,LTC-USD,Crypto,Crypto,0.012743884926192717
2021-02-12,LTC-USD,Crypto,Crypto,0.06902969366800282
2021-02-13,LTC-USD,Crypto,Crypto,0.14701437290771757
2021-02-14,LTC-USD,Crypto,Crypto,-0.05214807016729739
2021-02-15,LTC-USD,Crypto,Crypto,-0.03147527820232432
2021-02-16,LTC-USD,Crypto,Crypto,0.013797865969444434
2021-02-17,LTC-USD,Crypto,Crypto,0.1255159663670662
2021-02-18,LTC-USD,Crypto,Crypto,-0.04263756192170698
2021-02-19,LTC-USD,Crypto,Crypto,0.04322509303965272
2021-02-20,LTC-USD,Crypto,Crypto,-0.0382637928581242
2021-02-21,LTC-USD,Crypto,Crypto,-0.0017069446294459834
2021-02-22,LTC-USD,Crypto,Crypto,-0.08416337437014143
2021-02-23,LTC-USD,Crypto,Crypto,-0.14978787603053034
2021-02-24,LTC-USD,Crypto,Crypto,0.025114166080309586
2021-02-25,LTC-USD,Crypto,Crypto,-0.013654618000893626
2021-02-26,LTC-USD,Crypto,Crypto,-0.047532728657084244
2021-02-27,LTC-USD,Crypto,Crypto,0.009990138094437606
2021-02-28,LTC-USD,Crypto,Crypto,-0.04168076763655626
2021-03-01,LTC-USD,Crypto,Crypto,0.06251686725106809
2021-03-02,LTC-USD,Crypto,Crypto,0.015034057966155867
2021-03-03,LTC-USD,Crypto,Crypto,0.059892521674441035
2021-03-04,LTC-USD,Crypto,Crypto,-0.03950136695281292
2021-03-05,LTC-USD,Crypto,Crypto,-0.0017287188099606166
2021-03-06,LTC-USD,Crypto,Crypto,0.012260591702889956
2021-03-07,LTC-USD,Crypto,Crypto,0.04250259883711527
2021-03-08,LTC-USD,Crypto,Crypto,0.006125941270345603
2021-03-09,LTC-USD,Crypto,Crypto,0.061013471511323525
2021-03-10,LTC-USD,Crypto,Crypto,-0.015326237217614058
2021-03-11,LTC-USD,Crypto,Crypto,0.0036579204757480888
2021-03-12,LTC-USD,Crypto,Crypto,0.09728714726098175
2021-03-13,LTC-USD,Crypto,Crypto,0.026033154702135297
2021-03-14,LTC-USD,Crypto,Crypto,-0.04979380814982248
2021-03-15,LTC-USD,Crypto,Crypto,-0.06517293666849877
2021-03-16,LTC-USD,Crypto,Crypto,-0.0011128819708268178
2021-03-17,LTC-USD,Crypto,Crypto,0.02500637741597056
2021-03-18,LTC-USD,Crypto,Crypto,-0.02683884063139308
2021-03-19,LTC-USD,Crypto,Crypto,0.0026250126213505087
2021-03-20,LTC-USD,Crypto,Crypto,-0.0012796624884494623
2021-03-21,LTC-USD,Crypto,Crypto,-0.021805464264953445
2021-03-22,LTC-USD,Crypto,Crypto,-0.047599764128096966
2021-03-23,LTC-USD,Crypto,Crypto,0.0016898399089160243
2021-03-24,LTC-USD,Crypto,Crypto,-0.05197079631051116
2021-03-25,LTC-USD,Crypto,Crypto,-0.02585779445571279
2021-03-26,LTC-USD,Crypto,Crypto,0.06481801995426095
2021-03-27,LTC-USD,Crypto,Crypto,0.002994231874488884
2021-03-28,LTC-USD,Crypto,Crypto,0.0010714891908296664
2021-03-29,LTC-USD,Crypto,Crypto,0.05105316028077467
2021-03-30,LTC-USD,Crypto,Crypto,0.011350166836679776
2021-03-31,LTC-USD,Crypto,Crypto,0.004153918172862481
2021-04-01,LTC-USD,Crypto,Crypto,0.03348581633077985
2021-04-02,LTC-USD,Crypto,Crypto,0.04466102970848307
2021-04-03,LTC-USD,Crypto,Crypto,-0.0754129629194964
2021-04-04,LTC-USD,Crypto,Crypto,0.03497216203487463
2021-04-05,LTC-USD,Crypto,Crypto,0.08344391136328344
2021-04-06,LTC-USD,Crypto,Crypto,0.07507091567831292
2021-04-07,LTC-USD,Crypto,Crypto,-0.07675187233473468
2021-04-08,LTC-USD,Crypto,Crypto,0.034542059714258944
2021-04-09,LTC-USD,Crypto,Crypto,-0.022645758146706885
2021-04-10,LTC-USD,Crypto,Crypto,0.15215662038413824
2021-04-11,LTC-USD,Crypto,Crypto,-0.007768294848625512
2021-04-12,LTC-USD,Crypto,Crypto,-0.03603647125155851
2021-04-13,LTC-USD,Crypto,Crypto,0.09197392303389407
2021-04-14,LTC-USD,Crypto,Crypto,0.04781956207323157
2021-04-15,LTC-USD,Crypto,Crypto,0.024458382187189542
2021-04-16,LTC-USD,Crypto,Crypto,0.08382035099346696
2021-04-17,LTC-USD,Crypto,Crypto,-0.0188428004359924
2021-04-18,LTC-USD,Crypto,Crypto,-0.10388866908936811
2021-04-19,LTC-USD,Crypto,Crypto,-0.04093608355527867
2021-04-20,LTC-USD,Crypto,Crypto,-0.003733497511059891
2021-04-21,LTC-USD,Crypto,Crypto,-0.008184759627653304
2021-04-22,LTC-USD,Crypto,Crypto,-0.022129540776992807
2021-04-23,LTC-USD,Crypto,Crypto,-0.046308085203056626
2021-04-24,LTC-USD,Crypto,Crypto,-0.0684582937494852
2021-04-25,LTC-USD,Crypto,Crypto,-0.005350177949033252
2021-04-26,LTC-USD,Crypto,Crypto,0.10630401754148111
2021-04-27,LTC-USD,Crypto,Crypto,0.049499028462757
2021-04-28,LTC-USD,Crypto,Crypto,-0.004417928593373532
2021-04-29,LTC-USD,Crypto,Crypto,-0.011295292465307138
2021-04-30,LTC-USD,Crypto,Crypto,0.06096524210455434
2021-05-01,LTC-USD,Crypto,Crypto,0.02089649965230267
2021-05-02,LTC-USD,Crypto,Crypto,-0.027919871515390215
2021-05-03,LTC-USD,Crypto,Crypto,0.09512903815508533
2021-05-04,LTC-USD,Crypto,Crypto,0.03912565377093036
2021-05-05,LTC-USD,Crypto,Crypto,0.16262890779308425
2021-05-06,LTC-USD,Crypto,Crypto,-0.007096826562407954
2021-05-07,LTC-USD,Crypto,Crypto,-0.020527758227052217
2021-05-08,LTC-USD,Crypto,Crypto,0.00033262715430937284
2021-05-09,LTC-USD,Crypto,Crypto,0.1157206934987729
2021-05-10,LTC-USD,Crypto,Crypto,-0.07018089160425955
2021-05-11,LTC-USD,Crypto,Crypto,0.050258851689960915
2021-05-12,LTC-USD,Crypto,Crypto,-0.19688958907273302
2021-05-13,LTC-USD,Crypto,Crypto,0.0456125141406345
2021-05-14,LTC-USD,Crypto,Crypto,0.029423317574246655
2021-05-15,LTC-USD,Crypto,Crypto,-0.08111155150064575
2021-05-16,LTC-USD,Crypto,Crypto,-0.010492880649043523
2021-05-17,LTC-USD,Crypto,Crypto,-0.05008891575251739
2021-05-18,LTC-USD,Crypto,Crypto,0.04560470320806287
2021-05-19,LTC-USD,Crypto,Crypto,-0.3567286431879725
2021-05-20,LTC-USD,Crypto,Crypto,0.12007147277292485
2021-05-21,LTC-USD,Crypto,Crypto,-0.1511196775037812
2021-05-22,LTC-USD,Crypto,Crypto,-0.058838248502696144
2021-05-23,LTC-USD,Crypto,Crypto,-0.1537501881542832
2021-05-24,LTC-USD,Crypto,Crypto,0.28201603604628467
2021-05-25,LTC-USD,Crypto,Crypto,-0.0026969941464918268
2021-05-26,LTC-USD,Crypto,Crypto,0.08570365611433761
2021-05-27,LTC-USD,Crypto,Crypto,-0.030635017431343448
2021-05-28,LTC-USD,Crypto,Crypto,-0.08181618067214147
2021-05-29,LTC-USD,Crypto,Crypto,-0.0762040797746334
2021-05-30,LTC-USD,Crypto,Crypto,0.04377146185007108
2021-05-31,LTC-USD,Crypto,Crypto,0.09975217820180204
2021-06-01,LTC-USD,Crypto,Crypto,-0.026872731625277146
2021-06-02,LTC-USD,Crypto,Crypto,0.023408367518433115
2021-06-03,LTC-USD,Crypto,Crypto,0.03109089469068005
2021-06-04,LTC-USD,Crypto,Crypto,-0.07361568933885121
2021-06-05,LTC-USD,Crypto,Crypto,-0.03266744897614482
2021-06-06,LTC-USD,Crypto,Crypto,0.020867737073849923
2021-06-07,LTC-USD,Crypto,Crypto,-0.08439016737901639
2021-06-08,LTC-USD,Crypto,Crypto,-0.003535037763268023
2021-06-09,LTC-USD,Crypto,Crypto,0.06811561078492678
2021-06-10,LTC-USD,Crypto,Crypto,-0.02286292183714278
2021-06-11,LTC-USD,Crypto,Crypto,-0.03164353940850684
2021-06-12,LTC-USD,Crypto,Crypto,-0.0053147030812948914
2021-06-13,LTC-USD,Crypto,Crypto,0.05503208478286381
2021-06-14,LTC-USD,Crypto,Crypto,0.011807223021772728
2021-06-15,LTC-USD,Crypto,Crypto,0.03301738637590801
2021-06-16,LTC-USD,Crypto,Crypto,-0.06828906624723796
2021-06-17,LTC-USD,Crypto,Crypto,0.0035850041245559794
2021-06-18,LTC-USD,Crypto,Crypto,-0.06405084250671478
2021-06-19,LTC-USD,Crypto,Crypto,-0.019571924176652877
2021-06-20,LTC-USD,Crypto,Crypto,0.011723337710701776
2021-06-21,LTC-USD,Crypto,Crypto,-0.1954066882930079
2021-06-22,LTC-USD,Crypto,Crypto,-0.041541180181402404
2021-06-23,LTC-USD,Crypto,Crypto,0.07585368042727225
2021-06-24,LTC-USD,Crypto,Crypto,0.045149536739918394
2021-06-25,LTC-USD,Crypto,Crypto,-0.06541164926908838
2021-06-26,LTC-USD,Crypto,Crypto,0.0077136633017169665
2021-06-27,LTC-USD,Crypto,Crypto,0.04492934856594877
2021-06-28,LTC-USD,Crypto,Crypto,0.03795273700471702
2021-06-29,LTC-USD,Crypto,Crypto,0.04609465389188361
2021-06-30,LTC-USD,Crypto,Crypto,0.0030126206848073434
2021-07-01,LTC-USD,Crypto,Crypto,-0.04550085612178423
2021-07-02,LTC-USD,Crypto,Crypto,-0.004607110182125007
2021-07-03,LTC-USD,Crypto,Crypto,0.024360366013864265
2021-07-04,LTC-USD,Crypto,Crypto,0.03297811357532665
2021-07-05,LTC-USD,Crypto,Crypto,-0.04715207101526342
2021-07-06,LTC-USD,Crypto,Crypto,0.0066080818957896525
2021-07-07,LTC-USD,Crypto,Crypto,-0.011615772981973138
2021-07-08,LTC-USD,Crypto,Crypto,-0.036854253584456376
2021-07-09,LTC-USD,Crypto,Crypto,0.017104660724232668
2021-07-10,LTC-USD,Crypto,Crypto,-0.004341962454094905
2021-07-11,LTC-USD,Crypto,Crypto,0.0019296227498695195
2021-07-12,LTC-USD,Crypto,Crypto,-0.005271691595811978
2021-07-13,LTC-USD,Crypto,Crypto,-0.016596936201623613
2021-07-14,LTC-USD,Crypto,Crypto,-0.001973785268615802
2021-07-15,LTC-USD,Crypto,Crypto,-0.042506745878223895
2021-07-16,LTC-USD,Crypto,Crypto,-0.03546460057282064
2021-07-17,LTC-USD,Crypto,Crypto,-0.008377133370727763
2021-07-18,LTC-USD,Crypto,Crypto,-0.004291201942717593
2021-07-19,LTC-USD,Crypto,Crypto,-0.05310941896734689
2021-07-20,LTC-USD,Crypto,Crypto,-0.05094622792812953
2021-07-21,LTC-USD,Crypto,Crypto,0.09367279329888722
2021-07-22,LTC-USD,Crypto,Crypto,0.027889535151464084
2021-07-23,LTC-USD,Crypto,Crypto,0.029101713343412605
2021-07-24,LTC-USD,Crypto,Crypto,0.015607819389609867
2021-07-25,LTC-USD,Crypto,Crypto,0.011168211082575263
2021-07-26,LTC-USD,Crypto,Crypto,0.029502905972439653
2021-07-27,LTC-USD,Crypto,Crypto,0.02478170448225403
2021-07-28,LTC-USD,Crypto,Crypto,0.03876702684793565
2021-07-29,LTC-USD,Crypto,Crypto,0.010617249571490905
2021-07-30,LTC-USD,Crypto,Crypto,0.03151496410135923
2021-07-31,LTC-USD,Crypto,Crypto,-0.005774734987510355
2021-08-01,LTC-USD,Crypto,Crypto,-0.02896284120293402
2021-08-02,LTC-USD,Crypto,Crypto,0.005471068530768619
2021-08-03,LTC-USD,Crypto,Crypto,-0.022717565417489594
2021-08-04,LTC-USD,Crypto,Crypto,0.03132672310769391
2021-08-05,LTC-USD,Crypto,Crypto,0.005699830875203649
2021-08-06,LTC-USD,Crypto,Crypto,0.03043152181544695
2021-08-07,LTC-USD,Crypto,Crypto,0.05455869914186895
2021-08-08,LTC-USD,Crypto,Crypto,-0.03860425811527135
2021-08-09,LTC-USD,Crypto,Crypto,0.11123708443864055
2021-08-10,LTC-USD,Crypto,Crypto,-0.0063413513065738725
2021-08-11,LTC-USD,Crypto,Crypto,0.0330926571159762
2021-08-12,LTC-USD,Crypto,Crypto,-0.03395960065192838
2021-08-13,LTC-USD,Crypto,Crypto,0.10994335903985464
2021-08-14,LTC-USD,Crypto,Crypto,-0.0031361564430153477
2021-08-15,LTC-USD,Crypto,Crypto,0.012002673088046478
2021-08-16,LTC-USD,Crypto,Crypto,-0.03271857274138856
2021-08-17,LTC-USD,Crypto,Crypto,-0.05597766070424304
2021-08-18,LTC-USD,Crypto,Crypto,-0.008564363222554605
2021-08-19,LTC-USD,Crypto,Crypto,0.04836897192690515
2021-08-20,LTC-USD,Crypto,Crypto,0.046355681734395526
2021-08-21,LTC-USD,Crypto,Crypto,-0.021197032244308134
2021-08-22,LTC-USD,Crypto,Crypto,0.03659225067126859
2021-08-23,LTC-USD,Crypto,Crypto,0.00425807407977663
2021-08-24,LTC-USD,Crypto,Crypto,-0.07230974000031154
2021-08-25,LTC-USD,Crypto,Crypto,0.023196721383531127
2021-08-26,LTC-USD,Crypto,Crypto,-0.05358933725564152
2021-08-27,LTC-USD,Crypto,Crypto,0.0469928393739929
2021-08-28,LTC-USD,Crypto,Crypto,-0.003013444357796935
2021-08-29,LTC-USD,Crypto,Crypto,-0.004273839878544794
2021-08-30,LTC-USD,Crypto,Crypto,-0.04166788943645683
2021-08-31,LTC-USD,Crypto,Crypto,0.025292319060751245
2021-09-01,LTC-USD,Crypto,Crypto,0.05425250218691624
2021-09-02,LTC-USD,Crypto,Crypto,0.01461595225439849
2021-09-03,LTC-USD,Crypto,Crypto,0.1598364238619725
2021-09-04,LTC-USD,Crypto,Crypto,-0.0028526314296158928
2021-09-05,LTC-USD,Crypto,Crypto,0.08935610547121664
2021-09-06,LTC-USD,Crypto,Crypto,-0.05104400165058298
2021-09-07,LTC-USD,Crypto,Crypto,-0.18864016082474255
2021-09-08,LTC-USD,Crypto,Crypto,0.00904068010490966
2021-09-09,LTC-USD,Crypto,Crypto,0.003628495328242165
2021-09-10,LTC-USD,Crypto,Crypto,-0.033711457085396135
2021-09-11,LTC-USD,Crypto,Crypto,0.025201561982251874
2021-09-12,LTC-USD,Crypto,Crypto,0.025440428250325775
2021-09-13,LTC-USD,Crypto,Crypto,-0.02046849490629732
2021-09-14,LTC-USD,Crypto,Crypto,0.020364611405923494
2021-09-15,LTC-USD,Crypto,Crypto,0.03330988763561882
2021-09-16,LTC-USD,Crypto,Crypto,-0.019559032200789694
2021-09-17,LTC-USD,Crypto,Crypto,-0.03155141489855229
2021-09-18,LTC-USD,Crypto,Crypto,0.00904246140551579
2021-09-19,LTC-USD,Crypto,Crypto,-0.03071150281369084
2021-09-20,LTC-USD,Crypto,Crypto,-0.10968769166758707
2021-09-21,LTC-USD,Crypto,Crypto,-0.0516038285840118
2021-09-22,LTC-USD,Crypto,Crypto,0.08775615614343368
2021-09-23,LTC-USD,Crypto,Crypto,0.014908070741443513
2021-09-24,LTC-USD,Crypto,Crypto,-0.07072839704996248
2021-09-25,LTC-USD,Crypto,Crypto,-0.006899203430727696
2021-09-26,LTC-USD,Crypto,Crypto,-0.0035757584810717224
2021-09-27,LTC-USD,Crypto,Crypto,-0.03512519752035981
2021-09-28,LTC-USD,Crypto,Crypto,-0.032696735019101086
2021-09-29,LTC-USD,Crypto,Crypto,0.03073677909021244
2021-09-30,LTC-USD,Crypto,Crypto,0.05678614549454508
2021-10-01,LTC-USD,Crypto,Crypto,0.08478209038083895
2021-10-02,LTC-USD,Crypto,Crypto,0.01882069943532305
2021-10-03,LTC-USD,Crypto,Crypto,0.007982111962863803
2021-10-04,LTC-USD,Crypto,Crypto,-0.017993228749062617
2021-10-05,LTC-USD,Crypto,Crypto,0.03790695571211833
2021-10-06,LTC-USD,Crypto,Crypto,0.027687391311749243
2021-10-07,LTC-USD,Crypto,Crypto,0.0003696317898709278
2021-10-08,LTC-USD,Crypto,Crypto,-0.015658778639506488
2021-10-09,LTC-USD,Crypto,Crypto,0.020948055959292944
2021-10-10,LTC-USD,Crypto,Crypto,-0.024157409774496763
2021-10-11,LTC-USD,Crypto,Crypto,0.023428680943016866
2021-10-12,LTC-USD,Crypto,Crypto,-0.036941657469351186
2021-10-13,LTC-USD,Crypto,Crypto,0.02795502908126246
2021-10-14,LTC-USD,Crypto,Crypto,0.014018408992315878
2021-10-15,LTC-USD,Crypto,Crypto,0.04827791101145951
2021-10-16,LTC-USD,Crypto,Crypto,-0.013901672061931158
2021-10-17,LTC-USD,Crypto,Crypto,-0.013205757499814341
2021-10-18,LTC-USD,Crypto,Crypto,0.009939652672327659
2021-10-19,LTC-USD,Crypto,Crypto,0.018232006898974973
2021-10-20,LTC-USD,Crypto,Crypto,0.09490307178922275
2021-10-21,LTC-USD,Crypto,Crypto,-0.048347097440793574
2021-10-22,LTC-USD,Crypto,Crypto,-0.03071534772968476
2021-10-23,LTC-USD,Crypto,Crypto,0.028755700687260966
2021-10-24,LTC-USD,Crypto,Crypto,-0.027527061080391158
2021-10-25,LTC-USD,Crypto,Crypto,0.02301594691794029
2021-10-26,LTC-USD,Crypto,Crypto,0.011107610879220742
2021-10-27,LTC-USD,Crypto,Crypto,-0.09183599509169083
2021-10-28,LTC-USD,Crypto,Crypto,0.059350160527144036
2021-10-29,LTC-USD,Crypto,Crypto,0.03351489682157349
2021-10-30,LTC-USD,Crypto,Crypto,-0.02985751785077717
2021-10-31,LTC-USD,Crypto,Crypto,0.007003431983671815
2021-11-01,LTC-USD,Crypto,Crypto,0.029917242057396543
2021-11-02,LTC-USD,Crypto,Crypto,0.016044610921911895
2021-11-03,LTC-USD,Crypto,Crypto,0.03181199287585046
2021-11-04,LTC-USD,Crypto,Crypto,-0.019999749505826614
2021-11-05,LTC-USD,Crypto,Crypto,-0.01689948134487973
2021-11-06,LTC-USD,Crypto,Crypto,-0.008377203252325938
2021-11-07,LTC-USD,Crypto,Crypto,0.021150395184220017
2021-11-08,LTC-USD,Crypto,Crypto,0.13187185721400718
2021-11-09,LTC-USD,Crypto,Crypto,0.1495893269167512
2021-11-10,LTC-USD,Crypto,Crypto,-0.0062521713764956965
2021-11-11,LTC-USD,Crypto,Crypto,0.006980439933583105
2021-11-12,LTC-USD,Crypto,Crypto,-0.04381953003337846
2021-11-13,LTC-USD,Crypto,Crypto,0.025977414103699026
2021-11-14,LTC-USD,Crypto,Crypto,0.07715936176497218
2021-11-15,LTC-USD,Crypto,Crypto,-0.0548334476796839
2021-11-16,LTC-USD,Crypto,Crypto,-0.12240658816238492
2021-11-17,LTC-USD,Crypto,Crypto,-0.004749888900387744
2021-11-18,LTC-USD,Crypto,Crypto,-0.10928428517109579
2021-11-19,LTC-USD,Crypto,Crypto,0.0670945714955371
2021-11-20,LTC-USD,Crypto,Crypto,0.04098781961019671
2021-11-21,LTC-USD,Crypto,Crypto,-0.02337357844827359
2021-11-22,LTC-USD,Crypto,Crypto,-0.056877898969082685
2021-11-23,LTC-USD,Crypto,Crypto,0.03457174164574117
2021-11-24,LTC-USD,Crypto,Crypto,-0.030419212160717968
2021-11-25,LTC-USD,Crypto,Crypto,0.027779795976475397
2021-11-26,LTC-USD,Crypto,Crypto,-0.09627533655527432
2021-11-27,LTC-USD,Crypto,Crypto,0.0015382922888460548
2021-11-28,LTC-USD,Crypto,Crypto,0.021415686761680153
2021-11-29,LTC-USD,Crypto,Crypto,0.03268549465215065
2021-11-30,LTC-USD,Crypto,Crypto,0.010415945555521722
2021-12-01,LTC-USD,Crypto,Crypto,0.0045992496868316746
2021-12-02,LTC-USD,Crypto,Crypto,-0.026231495260362392
2021-12-03,LTC-USD,Crypto,Crypto,-0.07562993892573844
2021-12-04,LTC-USD,Crypto,Crypto,-0.13315816119714097
2021-12-05,LTC-USD,Crypto,Crypto,-0.04074089948344639
2021-12-06,LTC-USD,Crypto,Crypto,0.03501526563849944
2021-12-07,LTC-USD,Crypto,Crypto,0.002510039450883017
2021-12-08,LTC-USD,Crypto,Crypto,0.018057497984444337
2021-12-09,LTC-USD,Crypto,Crypto,-0.081272727356684
2021-12-10,LTC-USD,Crypto,Crypto,-0.021061298703857423
2021-12-11,LTC-USD,Crypto,Crypto,0.06355132567126609
2021-12-12,LTC-USD,Crypto,Crypto,0.0073527857041826294
2021-12-13,LTC-USD,Crypto,Crypto,-0.09213376295850584
2021-12-14,LTC-USD,Crypto,Crypto,0.010669314385463702
2021-12-15,LTC-USD,Crypto,Crypto,0.05091395212217886
2021-12-16,LTC-USD,Crypto,Crypto,-0.02979300026856746
2021-12-17,LTC-USD,Crypto,Crypto,-0.030906834258012328
2021-12-18,LTC-USD,Crypto,Crypto,0.030920372853898703
2021-12-19,LTC-USD,Crypto,Crypto,0.028737832179312806
2021-12-20,LTC-USD,Crypto,Crypto,-0.002932886607145746
2021-12-21,LTC-USD,Crypto,Crypto,0.015058874762776009
2021-12-22,LTC-USD,Crypto,Crypto,0.0034881263258002004
2021-12-23,LTC-USD,Crypto,Crypto,0.05134188619215885
2021-12-24,LTC-USD,Crypto,Crypto,-0.012410302407824814
2021-12-25,LTC-USD,Crypto,Crypto,-0.02252145759351476
2021-12-26,LTC-USD,Crypto,Crypto,-0.011365160579565825
2021-12-27,LTC-USD,Crypto,Crypto,-0.0007123074241370819
2021-12-28,LTC-USD,Crypto,Crypto,-0.06411518905166025
2021-12-29,LTC-USD,Crypto,Crypto,-0.0025653598291865976
2021-12-30,LTC-USD,Crypto,Crypto,0.019059458501528015
2021-12-31,LTC-USD,Crypto,Crypto,-0.011944961922488284
2022-01-01,LTC-USD,Crypto,Crypto,0.028547936417346875
2022-01-02,LTC-USD,Crypto,Crypto,0.0037031798055651155
2022-01-03,LTC-USD,Crypto,Crypto,-0.018471392196661274
2022-01-04,LTC-USD,Crypto,Crypto,-0.011109319324094091
2022-01-05,LTC-USD,Crypto,Crypto,-0.0730400384971559
2022-01-06,LTC-USD,Crypto,Crypto,0.003047068553212018
2022-01-07,LTC-USD,Crypto,Crypto,-0.03674136298233199
2022-01-08,LTC-USD,Crypto,Crypto,-0.010274418905292904
2022-01-09,LTC-USD,Crypto,Crypto,0.00892012724111213
2022-01-10,LTC-USD,Crypto,Crypto,-0.03400272197957244
2022-01-11,LTC-USD,Crypto,Crypto,0.03714434050796411
2022-01-12,LTC-USD,Crypto,Crypto,0.07748083385879867
2022-01-13,LTC-USD,Crypto,Crypto,-0.03598686559824327
2022-01-14,LTC-USD,Crypto,Crypto,0.05919642963831717
2022-01-15,LTC-USD,Crypto,Crypto,0.022197241618388874
2022-01-16,LTC-USD,Crypto,Crypto,-0.009491888069447785
2022-01-17,LTC-USD,Crypto,Crypto,0.03503686271242912
2022-01-18,LTC-USD,Crypto,Crypto,-0.06446021425669635
2022-01-19,LTC-USD,Crypto,Crypto,-0.03505555948072858
2022-01-20,LTC-USD,Crypto,Crypto,-0.0478516986510491
2022-01-21,LTC-USD,Crypto,Crypto,-0.12252626263796729
2022-01-22,LTC-USD,Crypto,Crypto,-0.052131076712812474
2022-01-23,LTC-USD,Crypto,Crypto,0.03376428552329935
2022-01-24,LTC-USD,Crypto,Crypto,-0.022284954133585888
2022-01-25,LTC-USD,Crypto,Crypto,-0.013917333071574944
2022-01-26,LTC-USD,Crypto,Crypto,-0.00725660448010923
2022-01-27,LTC-USD,Crypto,Crypto,-0.003063572017303784
2022-01-28,LTC-USD,Crypto,Crypto,0.023180327922645017
2022-01-29,LTC-USD,Crypto,Crypto,0.012710506389379983
2022-01-30,LTC-USD,Crypto,Crypto,-0.018261611808605638
2022-01-31,LTC-USD,Crypto,Crypto,0.007241202430610549
2022-02-01,LTC-USD,Crypto,Crypto,0.05305614172884643
2022-02-02,LTC-USD,Crypto,Crypto,-0.05932286925579855
2022-02-03,LTC-USD,Crypto,Crypto,0.015945498713687334
2022-02-04,LTC-USD,Crypto,Crypto,0.09639426771940274
2022-02-05,LTC-USD,Crypto,Crypto,0.008259338509653213
2022-02-06,LTC-USD,Crypto,Crypto,0.04534867646929075
2022-02-07,LTC-USD,Crypto,Crypto,0.07581191864222281
2022-02-08,LTC-USD,Crypto,Crypto,-0.022727803887832243
2022-02-09,LTC-USD,Crypto,Crypto,0.046125096085409156
2022-02-10,LTC-USD,Crypto,Crypto,-0.03626416595346582
2022-02-11,LTC-USD,Crypto,Crypto,-0.06704673464922606
2022-02-12,LTC-USD,Crypto,Crypto,0.0051774436902223275
2022-02-13,LTC-USD,Crypto,Crypto,-0.003784715432387342
2022-02-14,LTC-USD,Crypto,Crypto,-0.011126090635992791
2022-02-15,LTC-USD,Crypto,Crypto,0.05578973887247507
2022-02-16,LTC-USD,Crypto,Crypto,-0.027335341008512204
2022-02-17,LTC-USD,Crypto,Crypto,-0.09252770727129622
2022-02-18,LTC-USD,Crypto,Crypto,-0.009503876609732731
2022-02-19,LTC-USD,Crypto,Crypto,0.004443837197589007
2022-02-20,LTC-USD,Crypto,Crypto,-0.042148563012871176
2022-02-21,LTC-USD,Crypto,Crypto,-0.06660119307685286
2022-02-22,LTC-USD,Crypto,Crypto,0.03936475950411911
2022-02-23,LTC-USD,Crypto,Crypto,-0.01447922363847376
2022-02-24,LTC-USD,Crypto,Crypto,-0.016377509698384363
2022-02-25,LTC-USD,Crypto,Crypto,0.048314268964643414
2022-02-26,LTC-USD,Crypto,Crypto,-0.009359258649464297
2022-02-27,LTC-USD,Crypto,Crypto,-0.04746755167658101
2022-02-28,LTC-USD,Crypto,Crypto,0.10056660902630465
2022-03-01,LTC-USD,Crypto,Crypto,-0.008200377319418473
2022-03-02,LTC-USD,Crypto,Crypto,-0.019482932198921388
2022-03-03,LTC-USD,Crypto,Crypto,0.009068877548374932
2022-03-04,LTC-USD,Crypto,Crypto,-0.0894488543964449
2022-03-05,LTC-USD,Crypto,Crypto,0.03536171747797878
2022-03-06,LTC-USD,Crypto,Crypto,-0.032228623423551706
2022-03-07,LTC-USD,Crypto,Crypto,-0.02681907745185197
2022-03-08,LTC-USD,Crypto,Crypto,0.017683782812737192
2022-03-09,LTC-USD,Crypto,Crypto,0.0628562476816319
2022-03-10,LTC-USD,Crypto,Crypto,-0.04008321541795268
2022-03-11,LTC-USD,Crypto,Crypto,0.022500935135939093
2022-03-12,LTC-USD,Crypto,Crypto,0.008260273517575412
2022-03-13,LTC-USD,Crypto,Crypto,-0.03512722049784367
2022-03-14,LTC-USD,Crypto,Crypto,0.03485149230921292
2022-03-15,LTC-USD,Crypto,Crypto,0.012443201167985585
2022-03-16,LTC-USD,Crypto,Crypto,0.04085128607538113
2022-03-17,LTC-USD,Crypto,Crypto,-0.009419589051081645
2022-03-18,LTC-USD,Crypto,Crypto,0.016368685645059333
2022-03-19,LTC-USD,Crypto,Crypto,0.03797322005592152
2022-03-20,LTC-USD,Crypto,Crypto,-0.013268755297632162
2022-03-21,LTC-USD,Crypto,Crypto,0.01157885400094405
2022-03-22,LTC-USD,Crypto,Crypto,0.05827572090061195
2022-03-23,LTC-USD,Crypto,Crypto,-0.003681385048820096
2022-03-24,LTC-USD,Crypto,Crypto,0.03352393413408428
2022-03-25,LTC-USD,Crypto,Crypto,-0.019860033544165212
2022-03-26,LTC-USD,Crypto,Crypto,0.00656066828690971
2022-03-27,LTC-USD,Crypto,Crypto,0.036163481860159497
2022-03-28,LTC-USD,Crypto,Crypto,-0.011274271705844385
2022-03-29,LTC-USD,Crypto,Crypto,0.016590922508388894
2022-03-30,LTC-USD,Crypto,Crypto,0.008519898593250641
2022-03-31,LTC-USD,Crypto,Crypto,-0.05682220309774633
2022-04-01,LTC-USD,Crypto,Crypto,0.009434249081369028
2022-04-02,LTC-USD,Crypto,Crypto,0.0003227503633767004
2022-04-03,LTC-USD,Crypto,Crypto,0.03220153498500755
2022-04-04,LTC-USD,Crypto,Crypto,-0.03167608195328653
2022-04-05,LTC-USD,Crypto,Crypto,-0.013202839836286118
2022-04-06,LTC-USD,Crypto,Crypto,-0.08726208756679732
2022-04-07,LTC-USD,Crypto,Crypto,0.015728604639235533
2022-04-08,LTC-USD,Crypto,Crypto,-0.029310370161590882
2022-04-09,LTC-USD,Crypto,Crypto,0.017092126388530193
2022-04-10,LTC-USD,Crypto,Crypto,-0.014218293224375178
2022-04-11,LTC-USD,Crypto,Crypto,-0.07705399392482826
2022-04-12,LTC-USD,Crypto,Crypto,0.021645843736866954
2022-04-13,LTC-USD,Crypto,Crypto,0.05393611531818987
2022-04-14,LTC-USD,Crypto,Crypto,-0.02779999055324034
2022-04-15,LTC-USD,Crypto,Crypto,0.0344313133852987
2022-04-16,LTC-USD,Crypto,Crypto,0.02989276349273018
2022-04-17,LTC-USD,Crypto,Crypto,-0.0470845999463152
2022-04-18,LTC-USD,Crypto,Crypto,0.020022940773789966
2022-04-19,LTC-USD,Crypto,Crypto,0.02324943634975929
2022-04-20,LTC-USD,Crypto,Crypto,-0.016100200716228863
2022-04-21,LTC-USD,Crypto,Crypto,-0.044487573482009934
2022-04-22,LTC-USD,Crypto,Crypto,-0.013059701492537323
2022-04-23,LTC-USD,Crypto,Crypto,-0.0009114760659866272
2022-04-24,LTC-USD,Crypto,Crypto,-0.008357637311298682
2022-04-25,LTC-USD,Crypto,Crypto,0.0006156889174682156
2022-04-26,LTC-USD,Crypto,Crypto,-0.06001069705237827
2022-04-27,LTC-USD,Crypto,Crypto,0.02168676342822029
2022-04-28,LTC-USD,Crypto,Crypto,0.027696698754937854
2022-04-29,LTC-USD,Crypto,Crypto,-0.02850607385563897
2022-04-30,LTC-USD,Crypto,Crypto,-0.041961591414776844
2022-05-01,LTC-USD,Crypto,Crypto,0.03400153022673824
2022-05-02,LTC-USD,Crypto,Crypto,0.012645890363766732
2022-05-03,LTC-USD,Crypto,Crypto,-0.013409164663026663
2022-05-04,LTC-USD,Crypto,Crypto,0.06977688807571236
2022-05-05,LTC-USD,Crypto,Crypto,-0.08803539268262062
2022-05-06,LTC-USD,Crypto,Crypto,-0.001312015502045294
2022-05-07,LTC-USD,Crypto,Crypto,-0.022944678473634794
2022-05-08,LTC-USD,Crypto,Crypto,-0.006285941693651376
2022-05-09,LTC-USD,Crypto,Crypto,-0.17046060381992423
2022-05-10,LTC-USD,Crypto,Crypto,0.029114405950283917
2022-05-11,LTC-USD,Crypto,Crypto,-0.1724862871358075
2022-05-12,LTC-USD,Crypto,Crypto,-0.029915489053707
2022-05-13,LTC-USD,Crypto,Crypto,0.05527390786145947
2022-05-14,LTC-USD,Crypto,Crypto,0.014534037211104689
2022-05-15,LTC-USD,Crypto,Crypto,0.037419162806343165
2022-05-16,LTC-USD,Crypto,Crypto,-0.06038026888649284
2022-05-17,LTC-USD,Crypto,Crypto,0.08566953545514244
2022-05-18,LTC-USD,Crypto,Crypto,-0.0898141973523442
2022-05-19,LTC-USD,Crypto,Crypto,0.08553777441836696
2022-05-20,LTC-USD,Crypto,Crypto,-0.0476913087352866
2022-05-21,LTC-USD,Crypto,Crypto,0.015256612269117786
2022-05-22,LTC-USD,Crypto,Crypto,0.029670626872918326
2022-05-23,LTC-USD,Crypto,Crypto,-0.03847139141894573
2022-05-24,LTC-USD,Crypto,Crypto,0.01896449560230118
2022-05-25,LTC-USD,Crypto,Crypto,-0.028560669167357555
2022-05-26,LTC-USD,Crypto,Crypto,-0.06565329865510561
2022-05-27,LTC-USD,Crypto,Crypto,-0.035473596569672416
2022-05-28,LTC-USD,Crypto,Crypto,0.01217198776623496
2022-05-29,LTC-USD,Crypto,Crypto,0.02300231428709254
2022-05-30,LTC-USD,Crypto,Crypto,0.0843070551516516
2022-05-31,LTC-USD,Crypto,Crypto,-0.010265108003837176
2022-06-01,LTC-USD,Crypto,Crypto,-0.07957104510998714
2022-06-02,LTC-USD,Crypto,Crypto,0.023560221476986554
2022-06-03,LTC-USD,Crypto,Crypto,-0.027805332722205423
2022-06-04,LTC-USD,Crypto,Crypto,0.017365660624324653
2022-06-05,LTC-USD,Crypto,Crypto,-0.008463230852694958
2022-06-06,LTC-USD,Crypto,Crypto,0.019133694819387204
2022-06-07,LTC-USD,Crypto,Crypto,-0.00794452311957139
2022-06-08,LTC-USD,Crypto,Crypto,-0.03691126656966992
2022-06-09,LTC-USD,Crypto,Crypto,-0.021621049390322056
2022-06-10,LTC-USD,Crypto,Crypto,-0.059079941433955785
2022-06-11,LTC-USD,Crypto,Crypto,-0.07707162836242709
2022-06-12,LTC-USD,Crypto,Crypto,-0.07769414015011
2022-06-13,LTC-USD,Crypto,Crypto,-0.10219191487281654
2022-06-14,LTC-USD,Crypto,Crypto,0.06539711251446367
2022-06-15,LTC-USD,Crypto,Crypto,0.09450609187900239
2022-06-16,LTC-USD,Crypto,Crypto,-0.11471281414523826
2022-06-17,LTC-USD,Crypto,Crypto,0.06678331009084237
2022-06-18,LTC-USD,Crypto,Crypto,-0.00917808944639309
2022-06-19,LTC-USD,Crypto,Crypto,0.14976337411595808
2022-06-20,LTC-USD,Crypto,Crypto,-0.026095165813091237
2022-06-21,LTC-USD,Crypto,Crypto,0.011380367735428498
2022-06-22,LTC-USD,Crypto,Crypto,-0.026207201585374484
2022-06-23,LTC-USD,Crypto,Crypto,0.07019312230747587
2022-06-24,LTC-USD,Crypto,Crypto,0.004114751976550313
2022-06-25,LTC-USD,Crypto,Crypto,0.05317957621183922
2022-06-26,LTC-USD,Crypto,Crypto,-0.03550596680310192
2022-06-27,LTC-USD,Crypto,Crypto,-0.0167133028476687
2022-06-28,LTC-USD,Crypto,Crypto,-0.05568017950760229
2022-06-29,LTC-USD,Crypto,Crypto,0.011568054224978752
2022-06-30,LTC-USD,Crypto,Crypto,0.004228385968465087
2022-07-01,LTC-USD,Crypto,Crypto,-0.04721830391533788
2022-07-02,LTC-USD,Crypto,Crypto,-0.01232108173152624
2022-07-03,LTC-USD,Crypto,Crypto,0.00964096978062634
2022-07-04,LTC-USD,Crypto,Crypto,0.02494774379679754
2022-07-05,LTC-USD,Crypto,Crypto,-0.046191557853390686
2022-07-06,LTC-USD,Crypto,Crypto,0.010645963791352075
2022-07-07,LTC-USD,Crypto,Crypto,0.03538062864943914
2022-07-08,LTC-USD,Crypto,Crypto,-0.011083809162476088
2022-07-09,LTC-USD,Crypto,Crypto,0.050337774681202596
2022-07-10,LTC-USD,Crypto,Crypto,-0.03678830664942179
2022-07-11,LTC-USD,Crypto,Crypto,-0.06505025569327483
2022-07-12,LTC-USD,Crypto,Crypto,-0.02526324565543192
2022-07-13,LTC-USD,Crypto,Crypto,0.042503978391634556
2022-07-14,LTC-USD,Crypto,Crypto,0.03340551245948098
2022-07-15,LTC-USD,Crypto,Crypto,0.01130947783681524
2022-07-16,LTC-USD,Crypto,Crypto,0.06423210663405055
2022-07-17,LTC-USD,Crypto,Crypto,0.01081516222258938
2022-07-18,LTC-USD,Crypto,Crypto,0.05213329647433862
2022-07-19,LTC-USD,Crypto,Crypto,-0.010952251126164936
2022-07-20,LTC-USD,Crypto,Crypto,-0.012873045832919372
2022-07-21,LTC-USD,Crypto,Crypto,0.015060977889554295
2022-07-22,LTC-USD,Crypto,Crypto,-0.03311042564534894
2022-07-23,LTC-USD,Crypto,Crypto,0.004453957024034283
2022-07-24,LTC-USD,Crypto,Crypto,0.03649685863559338
2022-07-25,LTC-USD,Crypto,Crypto,-0.0704347652533226
2022-07-26,LTC-USD,Crypto,Crypto,-0.01059670176236771
2022-07-27,LTC-USD,Crypto,Crypto,0.09594376080570344
2022-07-28,LTC-USD,Crypto,Crypto,0.07655497871959338
2022-07-29,LTC-USD,Crypto,Crypto,-0.04004638899070523
2022-07-30,LTC-USD,Crypto,Crypto,-0.007917301849551528
2022-07-31,LTC-USD,Crypto,Crypto,-0.00877965148119264
2022-08-01,LTC-USD,Crypto,Crypto,-0.006243776630989073
2022-08-02,LTC-USD,Crypto,Crypto,-0.021694498444914556
2022-08-03,LTC-USD,Crypto,Crypto,-0.007531498151363114
2022-08-04,LTC-USD,Crypto,Crypto,0.035349499158070286
2022-08-05,LTC-USD,Crypto,Crypto,0.04265258116463544
2022-08-06,LTC-USD,Crypto,Crypto,-0.02376440714241046
2022-08-07,LTC-USD,Crypto,Crypto,0.003019842100299819
2022-08-08,LTC-USD,Crypto,Crypto,0.02438242476105823
2022-08-09,LTC-USD,Crypto,Crypto,-0.053235614421149546
2022-08-10,LTC-USD,Crypto,Crypto,0.03955202604139285
2022-08-11,LTC-USD,Crypto,Crypto,0.004882197623641726
2022-08-12,LTC-USD,Crypto,Crypto,0.016599967845546182
2022-08-13,LTC-USD,Crypto,Crypto,0.013050555042138479
2022-08-14,LTC-USD,Crypto,Crypto,-0.006976410918585141
2022-08-15,LTC-USD,Crypto,Crypto,-0.03922430516586184
2022-08-16,LTC-USD,Crypto,Crypto,0.00849680941614217
2022-08-17,LTC-USD,Crypto,Crypto,-0.01578325236375977
2022-08-18,LTC-USD,Crypto,Crypto,-0.005440545083148285
2022-08-19,LTC-USD,Crypto,Crypto,-0.10015808147800054
2022-08-20,LTC-USD,Crypto,Crypto,0.002885823683268285
2022-08-21,LTC-USD,Crypto,Crypto,0.024073311950165044
2022-08-22,LTC-USD,Crypto,Crypto,0.03178202479125791
2022-08-23,LTC-USD,Crypto,Crypto,-0.003078172154311387
2022-08-24,LTC-USD,Crypto,Crypto,-0.01053382833999339
2022-08-25,LTC-USD,Crypto,Crypto,0.005566882869123546
2022-08-26,LTC-USD,Crypto,Crypto,-0.07127914452022666
2022-08-27,LTC-USD,Crypto,Crypto,0.005797575853744963
2022-08-28,LTC-USD,Crypto,Crypto,0.010589566170568832
2022-08-29,LTC-USD,Crypto,Crypto,0.04028712254081013
2022-08-30,LTC-USD,Crypto,Crypto,-0.04868187427767223
2022-08-31,LTC-USD,Crypto,Crypto,0.01507535845821173
2022-09-01,LTC-USD,Crypto,Crypto,0.06816810442066945
2022-09-02,LTC-USD,Crypto,Crypto,0.061066420911830344
2022-09-03,LTC-USD,Crypto,Crypto,-0.014845641957635158
2022-09-04,LTC-USD,Crypto,Crypto,0.012739550892547635
2022-09-05,LTC-USD,Crypto,Crypto,-0.007955374835795004
2022-09-06,LTC-USD,Crypto,Crypto,-0.10102130359283534
2022-09-07,LTC-USD,Crypto,Crypto,0.05712880806453624
2022-09-08,LTC-USD,Crypto,Crypto,0.010229858893961774
2022-09-09,LTC-USD,Crypto,Crypto,0.05568007431139055
2022-09-10,LTC-USD,Crypto,Crypto,0.03590817322856532
2022-09-11,LTC-USD,Crypto,Crypto,-0.018729118712309978
2022-09-12,LTC-USD,Crypto,Crypto,-0.01416387399165997
2022-09-13,LTC-USD,Crypto,Crypto,-0.03682591302925009
2022-09-14,LTC-USD,Crypto,Crypto,0.017645482431970283
2022-09-15,LTC-USD,Crypto,Crypto,-0.06309614167224964
2022-09-16,LTC-USD,Crypto,Crypto,-0.008979559342569887
2022-09-17,LTC-USD,Crypto,Crypto,0.03531775356067035
2022-09-18,LTC-USD,Crypto,Crypto,-0.08600081695600026
2022-09-19,LTC-USD,Crypto,Crypto,0.000578799452414458
2022-09-20,LTC-USD,Crypto,Crypto,-0.009717383446734451
2022-09-21,LTC-USD,Crypto,Crypto,-0.02148317163333402
2022-09-22,LTC-USD,Crypto,Crypto,0.04439107639805595
2022-09-23,LTC-USD,Crypto,Crypto,0.02951006331426753
2022-09-24,LTC-USD,Crypto,Crypto,-0.028506510224258874
2022-09-25,LTC-USD,Crypto,Crypto,-0.016579039859760947
2022-09-26,LTC-USD,Crypto,Crypto,0.015201096051412843
2022-09-27,LTC-USD,Crypto,Crypto,-0.013003524335693295
2022-09-28,LTC-USD,Crypto,Crypto,0.010830426229584189
2022-09-29,LTC-USD,Crypto,Crypto,0.011360705697612827
2022-09-30,LTC-USD,Crypto,Crypto,-0.009589518160161958
2022-10-01,LTC-USD,Crypto,Crypto,-0.009179713857542349
2022-10-02,LTC-USD,Crypto,Crypto,-0.018811082210979713
2022-10-03,LTC-USD,Crypto,Crypto,0.04362367060217487
2022-10-04,LTC-USD,Crypto,Crypto,0.02071487557217422
2022-10-05,LTC-USD,Crypto,Crypto,-0.013004961313892838
2022-10-06,LTC-USD,Crypto,Crypto,-0.019891473351506428
2022-10-07,LTC-USD,Crypto,Crypto,-0.011715507010677695
2022-10-08,LTC-USD,Crypto,Crypto,-0.001296942271349022
2022-10-09,LTC-USD,Crypto,Crypto,0.02105488730871108
2022-10-10,LTC-USD,Crypto,Crypto,-0.02140906227363293
2022-10-11,LTC-USD,Crypto,Crypto,-0.013978603630637854
2022-10-12,LTC-USD,Crypto,Crypto,0.0039010533416024007
2022-10-13,LTC-USD,Crypto,Crypto,-0.01872535567919764
2022-10-14,LTC-USD,Crypto,Crypto,0.0014065925754542796
2022-10-15,LTC-USD,Crypto,Crypto,-0.016493673425801436
2022-10-16,LTC-USD,Crypto,Crypto,0.02004664633388198
2022-10-17,LTC-USD,Crypto,Crypto,0.007049579953605001
2022-10-18,LTC-USD,Crypto,Crypto,0.0006397091626380025
2022-10-19,LTC-USD,Crypto,Crypto,-0.017163085156565727
2022-10-20,LTC-USD,Crypto,Crypto,0.004008277818678074
2022-10-21,LTC-USD,Crypto,Crypto,0.0084461959367228
2022-10-22,LTC-USD,Crypto,Crypto,0.010785828785664364
2022-10-23,LTC-USD,Crypto,Crypto,0.033924667945880005
2022-10-24,LTC-USD,Crypto,Crypto,-0.025599873857764077
2022-10-25,LTC-USD,Crypto,Crypto,0.06574014463113365
2022-10-26,LTC-USD,Crypto,Crypto,0.006542128236389777
2022-10-27,LTC-USD,Crypto,Crypto,-0.02809046225530587
2022-10-28,LTC-USD,Crypto,Crypto,0.003581419880972936
2022-10-29,LTC-USD,Crypto,Crypto,0.02713042330012838
2022-10-30,LTC-USD,Crypto,Crypto,-0.019587601300568913
2022-10-31,LTC-USD,Crypto,Crypto,-0.005508594019616564
2022-11-01,LTC-USD,Crypto,Crypto,0.0007761743827274792
2022-11-02,LTC-USD,Crypto,Crypto,0.09852267573586304
2022-11-03,LTC-USD,Crypto,Crypto,0.02250463762640198
2022-11-04,LTC-USD,Crypto,Crypto,0.0916531180637914
2022-11-05,LTC-USD,Crypto,Crypto,0.031430625277298896
2022-11-06,LTC-USD,Crypto,Crypto,-0.023452653100394905
2022-11-07,LTC-USD,Crypto,Crypto,-0.006371121140049341
2022-11-08,LTC-USD,Crypto,Crypto,-0.1516647423719325
2022-11-09,LTC-USD,Crypto,Crypto,-0.11732035477497149
2022-11-10,LTC-USD,Crypto,Crypto,0.19152682690050082
2022-11-11,LTC-USD,Crypto,Crypto,0.01459930451875735
2022-11-12,LTC-USD,Crypto,Crypto,-0.022643345890511424
2022-11-13,LTC-USD,Crypto,Crypto,-0.03956822015281081
2022-11-14,LTC-USD,Crypto,Crypto,-0.016368436775833772
2022-11-15,LTC-USD,Crypto,Crypto,0.025838400992711064
2022-11-16,LTC-USD,Crypto,Crypto,-0.008461714704789958
2022-11-17,LTC-USD,Crypto,Crypto,0.08636999890897656
2022-11-18,LTC-USD,Crypto,Crypto,0.0025550316865199374
2022-11-19,LTC-USD,Crypto,Crypto,0.01865520881015459
2022-11-20,LTC-USD,Crypto,Crypto,-0.028365492017981553
2022-11-21,LTC-USD,Crypto,Crypto,-0.010142161048259157
2022-11-22,LTC-USD,Crypto,Crypto,0.14777236086065915
2022-11-23,LTC-USD,Crypto,Crypto,0.12147834124221624
2022-11-24,LTC-USD,Crypto,Crypto,-0.0021509079406186737
2022-11-25,LTC-USD,Crypto,Crypto,-0.06090622482137542
2022-11-26,LTC-USD,Crypto,Crypto,0.031663230657038355
2022-11-27,LTC-USD,Crypto,Crypto,-0.01739589872400038
2022-11-28,LTC-USD,Crypto,Crypto,-0.012313992108138438
2022-11-29,LTC-USD,Crypto,Crypto,0.025142237546842194
2022-11-30,LTC-USD,Crypto,Crypto,0.043613711544283174
2022-12-01,LTC-USD,Crypto,Crypto,-0.02244328756943259
2022-12-02,LTC-USD,Crypto,Crypto,0.0055919822369896455
2022-12-03,LTC-USD,Crypto,Crypto,-0.017364249524113973
2022-12-04,LTC-USD,Crypto,Crypto,0.008046839780944781
2022-12-05,LTC-USD,Crypto,Crypto,0.03949071950158056
2022-12-06,LTC-USD,Crypto,Crypto,-0.004264896578064059
2022-12-07,LTC-USD,Crypto,Crypto,-0.03610007948119376
2022-12-08,LTC-USD,Crypto,Crypto,0.01757376003612854
2022-12-09,LTC-USD,Crypto,Crypto,-0.026219018976386455
2022-12-10,LTC-USD,Crypto,Crypto,0.0004772459142752261
2022-12-11,LTC-USD,Crypto,Crypto,0.0033659007768054305
2022-12-12,LTC-USD,Crypto,Crypto,-0.005305167610002326
2022-12-13,LTC-USD,Crypto,Crypto,0.014732784358913564
2022-12-14,LTC-USD,Crypto,Crypto,-0.024159730179322825
2022-12-15,LTC-USD,Crypto,Crypto,-0.04160785268274658
2022-12-16,LTC-USD,Crypto,Crypto,-0.0830667782564466
2022-12-17,LTC-USD,Crypto,Crypto,-0.020638894007605102
2022-12-18,LTC-USD,Crypto,Crypto,-0.00621564546590625
2022-12-19,LTC-USD,Crypto,Crypto,-0.018785783027757463
2022-12-20,LTC-USD,Crypto,Crypto,0.03796808783313699
2022-12-21,LTC-USD,Crypto,Crypto,-0.005399239455480709
2022-12-22,LTC-USD,Crypto,Crypto,0.011626439070808958
2022-12-23,LTC-USD,Crypto,Crypto,-0.0057360293920905026
2022-12-24,LTC-USD,Crypto,Crypto,3.897506257177774e-05
2022-12-25,LTC-USD,Crypto,Crypto,0.05217014781992324
2022-12-26,LTC-USD,Crypto,Crypto,0.021363346328587163
2022-12-27,LTC-USD,Crypto,Crypto,-0.027401049845592884
2022-12-28,LTC-USD,Crypto,Crypto,-0.035038796234704406
2022-12-29,LTC-USD,Crypto,Crypto,0.006210672240320347
2022-12-30,LTC-USD,Crypto,Crypto,0.01862079457120469
2022-12-31,LTC-USD,Crypto,Crypto,0.02944643661425328
2023-01-01,LTC-USD,Crypto,Crypto,0.01170695786079401
2023-01-02,LTC-USD,Crypto,Crypto,0.05715189157450751
2023-01-03,LTC-USD,Crypto,Crypto,0.009882260573348178
2023-01-04,LTC-USD,Crypto,Crypto,-0.002232930348961548
2023-01-05,LTC-USD,Crypto,Crypto,-0.01568389989838448
2023-01-06,LTC-USD,Crypto,Crypto,0.02345789781182095
2023-01-07,LTC-USD,Crypto,Crypto,0.005011897496300044
2023-01-08,LTC-USD,Crypto,Crypto,0.017137242992801394
2023-01-09,LTC-USD,Crypto,Crypto,0.05232906281111971
2023-01-10,LTC-USD,Crypto,Crypto,-0.010517710856327134
2023-01-11,LTC-USD,Crypto,Crypto,0.03934837747542019
2023-01-12,LTC-USD,Crypto,Crypto,0.022527729619691517
2023-01-13,LTC-USD,Crypto,Crypto,0.004371687320606776
2023-01-14,LTC-USD,Crypto,Crypto,0.01706999025604583
2023-01-15,LTC-USD,Crypto,Crypto,-0.005105414121257645
2023-01-16,LTC-USD,Crypto,Crypto,-0.017526585699720765
2023-01-17,LTC-USD,Crypto,Crypto,0.01494870216590849
2023-01-18,LTC-USD,Crypto,Crypto,-0.04984185965860255
2023-01-19,LTC-USD,Crypto,Crypto,0.01760113435349453
2023-01-20,LTC-USD,Crypto,Crypto,0.07432965849710316
2023-01-21,LTC-USD,Crypto,Crypto,-0.024074438788621144
2023-01-22,LTC-USD,Crypto,Crypto,-0.007752701420179586
2023-01-23,LTC-USD,Crypto,Crypto,0.0273416754339868
2023-01-24,LTC-USD,Crypto,Crypto,-0.031358120821249114
2023-01-25,LTC-USD,Crypto,Crypto,0.024977742501742783
2023-01-26,LTC-USD,Crypto,Crypto,-0.020044048200702158
2023-01-27,LTC-USD,Crypto,Crypto,0.014343682018026271
2023-01-28,LTC-USD,Crypto,Crypto,0.008510546578941902
2023-01-29,LTC-USD,Crypto,Crypto,0.06080359799920054
2023-01-30,LTC-USD,Crypto,Crypto,-0.03984869326328477
2023-01-31,LTC-USD,Crypto,Crypto,0.03337273605056024
2023-02-01,LTC-USD,Crypto,Crypto,0.06505817054444685
2023-02-02,LTC-USD,Crypto,Crypto,-0.01745696486389614
2023-02-03,LTC-USD,Crypto,Crypto,0.01297736774401037
2023-02-04,LTC-USD,Crypto,Crypto,-0.013568398221254108
2023-02-05,LTC-USD,Crypto,Crypto,-0.021860112148011424
2023-02-06,LTC-USD,Crypto,Crypto,-0.004108504899374643
2023-02-07,LTC-USD,Crypto,Crypto,0.05064633759502146
2023-02-08,LTC-USD,Crypto,Crypto,-0.017042373713516246
2023-02-09,LTC-USD,Crypto,Crypto,-0.07165935277710556
2023-02-10,LTC-USD,Crypto,Crypto,0.015535727451284176
2023-02-11,LTC-USD,Crypto,Crypto,0.009636212208593342
2023-02-12,LTC-USD,Crypto,Crypto,-0.02154824826711632
2023-02-13,LTC-USD,Crypto,Crypto,-0.013788372299263774
2023-02-14,LTC-USD,Crypto,Crypto,0.05010687812879122
2023-02-15,LTC-USD,Crypto,Crypto,0.07428056312082587
2023-02-16,LTC-USD,Crypto,Crypto,-0.037385963914877585
2023-02-17,LTC-USD,Crypto,Crypto,0.013716798704812794
2023-02-18,LTC-USD,Crypto,Crypto,-0.00516064779968739
2023-02-19,LTC-USD,Crypto,Crypto,-0.022322771620033932
2023-02-20,LTC-USD,Crypto,Crypto,-0.016639274966712803
2023-02-21,LTC-USD,Crypto,Crypto,-0.023257446926101544
2023-02-22,LTC-USD,Crypto,Crypto,0.01610771061613625
2023-02-23,LTC-USD,Crypto,Crypto,-0.00553389738500798
2023-02-24,LTC-USD,Crypto,Crypto,-0.03312734374955939
2023-02-25,LTC-USD,Crypto,Crypto,0.01865926796891082
2023-02-26,LTC-USD,Crypto,Crypto,0.021360696263248435
2023-02-27,LTC-USD,Crypto,Crypto,-0.012271667302745759
2023-02-28,LTC-USD,Crypto,Crypto,-0.0031237104315078312
2023-03-01,LTC-USD,Crypto,Crypto,0.0420595843026379
2023-03-02,LTC-USD,Crypto,Crypto,-0.025378374013351856
2023-03-03,LTC-USD,Crypto,Crypto,-0.04942686978242139
2023-03-04,LTC-USD,Crypto,Crypto,-0.01390891048398546
2023-03-05,LTC-USD,Crypto,Crypto,0.007434362001059958
2023-03-06,LTC-USD,Crypto,Crypto,-0.028130426835810463
2023-03-07,LTC-USD,Crypto,Crypto,-0.012822923932799712
2023-03-08,LTC-USD,Crypto,Crypto,-0.04076818087507672
2023-03-09,LTC-USD,Crypto,Crypto,-0.07311215791417303
2023-03-10,LTC-USD,Crypto,Crypto,-0.06475649707694675
2023-03-11,LTC-USD,Crypto,Crypto,-0.028639858932851148
2023-03-12,LTC-USD,Crypto,Crypto,0.09475222264664329
2023-03-13,LTC-USD,Crypto,Crypto,0.07150192564824298
2023-03-14,LTC-USD,Crypto,Crypto,0.03158012202994853
2023-03-15,LTC-USD,Crypto,Crypto,-0.0939221747045087
2023-03-16,LTC-USD,Crypto,Crypto,0.03435117285183642
2023-03-17,LTC-USD,Crypto,Crypto,0.0815746864874678
2023-03-18,LTC-USD,Crypto,Crypto,-0.029456248616930858
2023-03-19,LTC-USD,Crypto,Crypto,0.017501674428568315
2023-03-20,LTC-USD,Crypto,Crypto,-0.07119636678013097
2023-03-21,LTC-USD,Crypto,Crypto,0.05496746216144088
2023-03-22,LTC-USD,Crypto,Crypto,0.05585926895338811
2023-03-23,LTC-USD,Crypto,Crypto,0.07262296505113253
2023-03-24,LTC-USD,Crypto,Crypto,9.502036301856087e-05
2023-03-25,LTC-USD,Crypto,Crypto,-0.02271650188943919
2023-03-26,LTC-USD,Crypto,Crypto,0.021227579041304123
2023-03-27,LTC-USD,Crypto,Crypto,-0.04574511112013879
2023-03-28,LTC-USD,Crypto,Crypto,-0.0012045034923762188
2023-03-29,LTC-USD,Crypto,Crypto,0.024706950107140857
2023-03-30,LTC-USD,Crypto,Crypto,-0.02498140714967767
2023-03-31,LTC-USD,Crypto,Crypto,0.007009182869084141
2023-04-01,LTC-USD,Crypto,Crypto,0.035582919994235684
2023-04-02,LTC-USD,Crypto,Crypto,0.0015141261761955072
2023-04-03,LTC-USD,Crypto,Crypto,0.00022966274845614976
2023-04-04,LTC-USD,Crypto,Crypto,-0.004696098843831598
2023-04-05,LTC-USD,Crypto,Crypto,0.00023423616558604365
2023-04-06,LTC-USD,Crypto,Crypto,-0.018278168519277216
2023-04-07,LTC-USD,Crypto,Crypto,-0.003198367950505543
2023-04-08,LTC-USD,Crypto,Crypto,-0.007316239437104577
2023-04-09,LTC-USD,Crypto,Crypto,0.007796338051266449
2023-04-10,LTC-USD,Crypto,Crypto,0.03467875478127236
2023-04-11,LTC-USD,Crypto,Crypto,0.005228774752515486
2023-04-12,LTC-USD,Crypto,Crypto,-0.01916663781395922
2023-04-13,LTC-USD,Crypto,Crypto,0.018975801885489085
2023-04-14,LTC-USD,Crypto,Crypto,0.023259983321436417
2023-04-15,LTC-USD,Crypto,Crypto,0.004315483288329203
2023-04-16,LTC-USD,Crypto,Crypto,0.03509137406461993
2023-04-17,LTC-USD,Crypto,Crypto,-0.01588502125396285
2023-04-18,LTC-USD,Crypto,Crypto,0.03219386260011792
2023-04-19,LTC-USD,Crypto,Crypto,-0.112033159276694
2023-04-20,LTC-USD,Crypto,Crypto,-0.0022227488035716503
2023-04-21,LTC-USD,Crypto,Crypto,-0.05233079571575394
2023-04-22,LTC-USD,Crypto,Crypto,0.018489634469091465
2023-04-23,LTC-USD,Crypto,Crypto,-0.0023100550814817433
2023-04-24,LTC-USD,Crypto,Crypto,0.017377029951168632
2023-04-25,LTC-USD,Crypto,Crypto,0.030551807097285
2023-04-26,LTC-USD,Crypto,Crypto,-0.03132705893347487
2023-04-27,LTC-USD,Crypto,Crypto,0.016255587888053036
2023-04-28,LTC-USD,Crypto,Crypto,0.00047466367781656693
2023-04-29,LTC-USD,Crypto,Crypto,0.015113246254316648
2023-04-30,LTC-USD,Crypto,Crypto,-0.02803780510348297
2023-05-01,LTC-USD,Crypto,Crypto,-0.02022969285726417
2023-05-02,LTC-USD,Crypto,Crypto,0.01790558060105929
2023-05-03,LTC-USD,Crypto,Crypto,0.0067846954827857076
2023-05-04,LTC-USD,Crypto,Crypto,-0.0045041782151263865
2023-05-05,LTC-USD,Crypto,Crypto,0.0038896832482049337
2023-05-06,LTC-USD,Crypto,Crypto,-0.058614448901956995
2023-05-07,LTC-USD,Crypto,Crypto,-0.0007034467155762059
2023-05-08,LTC-USD,Crypto,Crypto,-0.06819426897628256
2023-05-09,LTC-USD,Crypto,Crypto,0.027585113667280448
2023-05-10,LTC-USD,Crypto,Crypto,0.01310138093884694
2023-05-11,LTC-USD,Crypto,Crypto,-0.0003589307890341509
2023-05-12,LTC-USD,Crypto,Crypto,-0.006635448998747018
2023-05-13,LTC-USD,Crypto,Crypto,-0.002452494179377762
2023-05-14,LTC-USD,Crypto,Crypto,0.039083097397839106
2023-05-15,LTC-USD,Crypto,Crypto,0.043409421286651595
2023-05-16,LTC-USD,Crypto,Crypto,0.03205768950530885
2023-05-17,LTC-USD,Crypto,Crypto,0.04487108025238262
2023-05-18,LTC-USD,Crypto,Crypto,-0.03564633279742957
2023-05-19,LTC-USD,Crypto,Crypto,0.012805831656504507
2023-05-20,LTC-USD,Crypto,Crypto,0.00729457640698139
2023-05-21,LTC-USD,Crypto,Crypto,-0.001000801748169522
2023-05-22,LTC-USD,Crypto,Crypto,-0.014443113518976536
2023-05-23,LTC-USD,Crypto,Crypto,0.007545750659117445
2023-05-24,LTC-USD,Crypto,Crypto,-0.06146264668392887
2023-05-25,LTC-USD,Crypto,Crypto,0.006980333988630516
2023-05-26,LTC-USD,Crypto,Crypto,0.0077065091793409035
2023-05-27,LTC-USD,Crypto,Crypto,0.01583910337110095
2023-05-28,LTC-USD,Crypto,Crypto,0.03304725285109411
2023-05-29,LTC-USD,Crypto,Crypto,-0.006327867986596347
2023-05-30,LTC-USD,Crypto,Crypto,0.014567542941537726
2023-05-31,LTC-USD,Crypto,Crypto,-0.019356406647578983
2023-06-01,LTC-USD,Crypto,Crypto,0.037920966393809374
2023-06-02,LTC-USD,Crypto,Crypto,0.015381246721033248
2023-06-03,LTC-USD,Crypto,Crypto,0.0060301784778351575
2023-06-04,LTC-USD,Crypto,Crypto,-0.01774310817697522
2023-06-05,LTC-USD,Crypto,Crypto,-0.06846240660881409
2023-06-06,LTC-USD,Crypto,Crypto,0.03513550347239569
2023-06-07,LTC-USD,Crypto,Crypto,-0.022792678792598275
2023-06-08,LTC-USD,Crypto,Crypto,-0.004297526537207053
2023-06-09,LTC-USD,Crypto,Crypto,0.008652675191188619
2023-06-10,LTC-USD,Crypto,Crypto,-0.13313969151887672
2023-06-11,LTC-USD,Crypto,Crypto,0.004488963661113177
2023-06-12,LTC-USD,Crypto,Crypto,-0.0019413490859084837
2023-06-13,LTC-USD,Crypto,Crypto,-0.0013445969770524702
2023-06-14,LTC-USD,Crypto,Crypto,-0.05527274575776275
2023-06-15,LTC-USD,Crypto,Crypto,0.01863152798238188
2023-06-16,LTC-USD,Crypto,Crypto,0.020431539519195185
2023-06-17,LTC-USD,Crypto,Crypto,0.011351726555343333
2023-06-18,LTC-USD,Crypto,Crypto,0.0034563811915091502
2023-06-19,LTC-USD,Crypto,Crypto,0.003158589421730529
2023-06-20,LTC-USD,Crypto,Crypto,0.03728746750546419
2023-06-21,LTC-USD,Crypto,Crypto,0.06025290302869557
2023-06-22,LTC-USD,Crypto,Crypto,0.010833848170576754
2023-06-23,LTC-USD,Crypto,Crypto,0.05970980896335876
2023-06-24,LTC-USD,Crypto,Crypto,-0.01606665860309897
2023-06-25,LTC-USD,Crypto,Crypto,-0.016367182017336
2023-06-26,LTC-USD,Crypto,Crypto,-0.011322163973026655
2023-06-27,LTC-USD,Crypto,Crypto,0.00827919224092244
2023-06-28,LTC-USD,Crypto,Crypto,-0.05610480565904086
2023-06-29,LTC-USD,Crypto,Crypto,0.020644087976191106
2023-06-30,LTC-USD,Crypto,Crypto,0.2758975797046421
2023-07-01,LTC-USD,Crypto,Crypto,-0.008654591243020815
2023-07-02,LTC-USD,Crypto,Crypto,0.05584384093458539
2023-07-03,LTC-USD,Crypto,Crypto,-0.055393680308595594
2023-07-04,LTC-USD,Crypto,Crypto,-0.020896379093818918
2023-07-05,LTC-USD,Crypto,Crypto,-0.019262527014292985
2023-07-06,LTC-USD,Crypto,Crypto,-0.06842429374010561
2023-07-07,LTC-USD,Crypto,Crypto,0.02691881800372342
2023-07-08,LTC-USD,Crypto,Crypto,-0.003742766663679342
2023-07-09,LTC-USD,Crypto,Crypto,-0.027537518972193697
2023-07-10,LTC-USD,Crypto,Crypto,0.016303879947807687
2023-07-11,LTC-USD,Crypto,Crypto,0.0005695346970144843
2023-07-12,LTC-USD,Crypto,Crypto,-0.00523065125691391
2023-07-13,LTC-USD,Crypto,Crypto,0.05865129548902992
2023-07-14,LTC-USD,Crypto,Crypto,-0.06640506582661376
2023-07-15,LTC-USD,Crypto,Crypto,-0.004275519625522639
2023-07-16,LTC-USD,Crypto,Crypto,-0.01948804075975563
2023-07-17,LTC-USD,Crypto,Crypto,-0.006585542371897346
2023-07-18,LTC-USD,Crypto,Crypto,-0.0085621439277076
2023-07-19,LTC-USD,Crypto,Crypto,0.007197309211398606
2023-07-20,LTC-USD,Crypto,Crypto,0.00238993409758792
2023-07-21,LTC-USD,Crypto,Crypto,0.018075018947119048
2023-07-22,LTC-USD,Crypto,Crypto,-0.02126859430320638
2023-07-23,LTC-USD,Crypto,Crypto,0.013116043793413468
2023-07-24,LTC-USD,Crypto,Crypto,-0.0440215530154473
2023-07-25,LTC-USD,Crypto,Crypto,0.004239176971368774
2023-07-26,LTC-USD,Crypto,Crypto,0.012174714061964798
2023-07-27,LTC-USD,Crypto,Crypto,-0.0014086628386711375
2023-07-28,LTC-USD,Crypto,Crypto,0.011457189108790677
2023-07-29,LTC-USD,Crypto,Crypto,0.03351361308716827
2023-07-30,LTC-USD,Crypto,Crypto,-0.005359878785346828
2023-07-31,LTC-USD,Crypto,Crypto,-0.019639733479351662
2023-08-01,LTC-USD,Crypto,Crypto,0.017099056018563985
2023-08-02,LTC-USD,Crypto,Crypto,-0.0674836637980527
2023-08-03,LTC-USD,Crypto,Crypto,-0.05464986466813737
2023-08-04,LTC-USD,Crypto,Crypto,-0.007603677113862672
2023-08-05,LTC-USD,Crypto,Crypto,0.012508450493839751
2023-08-06,LTC-USD,Crypto,Crypto,-0.00762750421929459
2023-08-07,LTC-USD,Crypto,Crypto,-0.0015421290317030323
2023-08-08,LTC-USD,Crypto,Crypto,0.019580821418502037
2023-08-09,LTC-USD,Crypto,Crypto,0.0009566175269197785
2023-08-10,LTC-USD,Crypto,Crypto,-0.011943976014362367
2023-08-11,LTC-USD,Crypto,Crypto,0.00556877501926567
2023-08-12,LTC-USD,Crypto,Crypto,-0.0005669788933997388
2023-08-13,LTC-USD,Crypto,Crypto,-0.017621515912985886
2023-08-14,LTC-USD,Crypto,Crypto,0.0011045111574892186
2023-08-15,LTC-USD,Crypto,Crypto,-0.03405481489868867
2023-08-16,LTC-USD,Crypto,Crypto,-0.060485234254255005
2023-08-17,LTC-USD,Crypto,Crypto,-0.12611762661961934
2023-08-18,LTC-USD,Crypto,Crypto,-0.015408066725738023
2023-08-19,LTC-USD,Crypto,Crypto,0.00032692515580734494
2023-08-20,LTC-USD,Crypto,Crypto,0.017918474422599084
2023-08-21,LTC-USD,Crypto,Crypto,0.02614729695396001
2023-08-22,LTC-USD,Crypto,Crypto,-0.032682843290462005
2023-08-23,LTC-USD,Crypto,Crypto,0.012976509649309742
2023-08-24,LTC-USD,Crypto,Crypto,-0.0111491794631835
2023-08-25,LTC-USD,Crypto,Crypto,0.0035857850838489913
2023-08-26,LTC-USD,Crypto,Crypto,-0.0015541900149619314
2023-08-27,LTC-USD,Crypto,Crypto,0.0054820483541708764
2023-08-28,LTC-USD,Crypto,Crypto,0.0026831865083654094
2023-08-29,LTC-USD,Crypto,Crypto,0.05111138246123437
2023-08-30,LTC-USD,Crypto,Crypto,-0.017896595234883628
2023-08-31,LTC-USD,Crypto,Crypto,-0.054806067023218774
2023-09-01,LTC-USD,Crypto,Crypto,-0.01476002522000397
2023-09-02,LTC-USD,Crypto,Crypto,0.024650684693479308
2023-09-03,LTC-USD,Crypto,Crypto,-0.00964229763069202
2023-09-04,LTC-USD,Crypto,Crypto,-0.003588331336435102
2023-09-05,LTC-USD,Crypto,Crypto,-0.009183245164168241
2023-09-06,LTC-USD,Crypto,Crypto,-0.004437472722435998
2023-09-07,LTC-USD,Crypto,Crypto,0.012393367922271414
2023-09-08,LTC-USD,Crypto,Crypto,-0.01643112797035562
2023-09-09,LTC-USD,Crypto,Crypto,0.00806251821182169
2023-09-10,LTC-USD,Crypto,Crypto,-0.0310705950658422
2023-09-11,LTC-USD,Crypto,Crypto,-0.03737423578458532
2023-09-12,LTC-USD,Crypto,Crypto,0.019981122690323927
2023-09-13,LTC-USD,Crypto,Crypto,0.03317176660325227
2023-09-14,LTC-USD,Crypto,Crypto,0.012983384676037657
2023-09-15,LTC-USD,Crypto,Crypto,0.05074139315067017
2023-09-16,LTC-USD,Crypto,Crypto,-0.00994015606174492
2023-09-17,LTC-USD,Crypto,Crypto,-0.026956047874741595
2023-09-18,LTC-USD,Crypto,Crypto,0.036433414247409424
2023-09-19,LTC-USD,Crypto,Crypto,0.0218475600783008
2023-09-20,LTC-USD,Crypto,Crypto,-0.041136426135099935
2023-09-21,LTC-USD,Crypto,Crypto,0.001961459025842993
2023-09-22,LTC-USD,Crypto,Crypto,-0.005496641950038295
2023-09-23,LTC-USD,Crypto,Crypto,0.01157974377918003
2023-09-24,LTC-USD,Crypto,Crypto,-0.02294472696298344
2023-09-25,LTC-USD,Crypto,Crypto,0.011796457697159424
2023-09-26,LTC-USD,Crypto,Crypto,-0.008995280458675037
2023-09-27,LTC-USD,Crypto,Crypto,-0.004261360491868094
2023-09-28,LTC-USD,Crypto,Crypto,0.027596204867639473
2023-09-29,LTC-USD,Crypto,Crypto,0.006028431123867639
2023-09-30,LTC-USD,Crypto,Crypto,0.00666675966256447
2023-10-01,LTC-USD,Crypto,Crypto,0.03274825600952247
2023-10-02,LTC-USD,Crypto,Crypto,-0.03256753497549103
2023-10-03,LTC-USD,Crypto,Crypto,-0.007841233627015498
2023-10-04,LTC-USD,Crypto,Crypto,-0.015901582015491855
2023-10-05,LTC-USD,Crypto,Crypto,0.006310118028693967
2023-10-06,LTC-USD,Crypto,Crypto,0.010398335852202845
2023-10-07,LTC-USD,Crypto,Crypto,-0.0007255314180018013
2023-10-08,LTC-USD,Crypto,Crypto,-0.0018491649049192649
2023-10-09,LTC-USD,Crypto,Crypto,-0.03447572921829123
2023-10-10,LTC-USD,Crypto,Crypto,0.008081207989393269
2023-10-11,LTC-USD,Crypto,Crypto,-0.03334194353935349
2023-10-12,LTC-USD,Crypto,Crypto,-0.006048886945627552
2023-10-13,LTC-USD,Crypto,Crypto,0.007300167433315297
2023-10-14,LTC-USD,Crypto,Crypto,0.00147949944459147
2023-10-15,LTC-USD,Crypto,Crypto,-0.0001414771813761373
2023-10-16,LTC-USD,Crypto,Crypto,0.027259587162275167
2023-10-17,LTC-USD,Crypto,Crypto,-0.018538127330952836
2023-10-18,LTC-USD,Crypto,Crypto,-0.03034016419095642
2023-10-19,LTC-USD,Crypto,Crypto,0.02504568152121167
2023-10-20,LTC-USD,Crypto,Crypto,0.02640001234796574
2023-10-21,LTC-USD,Crypto,Crypto,0.0207784234941939
2023-10-22,LTC-USD,Crypto,Crypto,0.007029213966218251
2023-10-23,LTC-USD,Crypto,Crypto,0.05829851626629967
2023-10-24,LTC-USD,Crypto,Crypto,0.0005908567489210093
2023-10-25,LTC-USD,Crypto,Crypto,-0.004880890489806555
2023-10-26,LTC-USD,Crypto,Crypto,0.002321306542072854
2023-10-27,LTC-USD,Crypto,Crypto,-0.026121671175312833
2023-10-28,LTC-USD,Crypto,Crypto,0.010841451214152142
2023-10-29,LTC-USD,Crypto,Crypto,0.01501954431711039
2023-10-30,LTC-USD,Crypto,Crypto,0.00654057324439572
2023-10-31,LTC-USD,Crypto,Crypto,-0.004350519993398638
2023-11-01,LTC-USD,Crypto,Crypto,0.014292452981552017
2023-11-02,LTC-USD,Crypto,Crypto,-0.007733248473821508
2023-11-03,LTC-USD,Crypto,Crypto,0.001397043593213354
2023-11-04,LTC-USD,Crypto,Crypto,0.014116288769538077
2023-11-05,LTC-USD,Crypto,Crypto,0.016893944831604557
2023-11-06,LTC-USD,Crypto,Crypto,0.03935401881003098
2023-11-07,LTC-USD,Crypto,Crypto,-0.012331425853188138
2023-11-08,LTC-USD,Crypto,Crypto,-0.005225968969214678
2023-11-09,LTC-USD,Crypto,Crypto,0.007820083756601148
2023-11-10,LTC-USD,Crypto,Crypto,-0.006063712584761349
2023-11-11,LTC-USD,Crypto,Crypto,0.0255004223981663
2023-11-12,LTC-USD,Crypto,Crypto,-0.0037650532864953457
2023-11-13,LTC-USD,Crypto,Crypto,-0.04539550082216559
2023-11-14,LTC-USD,Crypto,Crypto,-0.011977431396696492
2023-11-15,LTC-USD,Crypto,Crypto,0.04877253449740526
2023-11-16,LTC-USD,Crypto,Crypto,-0.03916381458180229
2023-11-17,LTC-USD,Crypto,Crypto,-0.014002986843674958
2023-11-18,LTC-USD,Crypto,Crypto,-0.00411112629402155
2023-11-19,LTC-USD,Crypto,Crypto,0.010680570641955267
2023-11-20,LTC-USD,Crypto,Crypto,-0.01589140559632629
2023-11-21,LTC-USD,Crypto,Crypto,-0.04402266548241851
2023-11-22,LTC-USD,Crypto,Crypto,0.03382930560590869
2023-11-23,LTC-USD,Crypto,Crypto,0.011743758924527281
2023-11-24,LTC-USD,Crypto,Crypto,0.017601208016212233
2023-11-25,LTC-USD,Crypto,Crypto,0.015514205194130826
2023-11-26,LTC-USD,Crypto,Crypto,-0.024701277478685557
2023-11-27,LTC-USD,Crypto,Crypto,-0.011656719779169045
2023-11-28,LTC-USD,Crypto,Crypto,0.007147633617611726
2023-11-29,LTC-USD,Crypto,Crypto,0.00361497017537471
2023-11-30,LTC-USD,Crypto,Crypto,-0.007769322637765308
2023-12-01,LTC-USD,Crypto,Crypto,0.030230694837641847
2023-12-02,LTC-USD,Crypto,Crypto,0.010165030452542911
2023-12-03,LTC-USD,Crypto,Crypto,-0.00021851889581447903
2023-12-04,LTC-USD,Crypto,Crypto,0.007822574556834994
2023-12-05,LTC-USD,Crypto,Crypto,0.02017992681103098
2023-12-06,LTC-USD,Crypto,Crypto,-0.025250742079894084
2023-12-07,LTC-USD,Crypto,Crypto,0.022690970358369977
2023-12-08,LTC-USD,Crypto,Crypto,0.05860642087748924
2023-12-09,LTC-USD,Crypto,Crypto,-0.027056750256887918
2023-12-10,LTC-USD,Crypto,Crypto,0.011331435125408351
2023-12-11,LTC-USD,Crypto,Crypto,-0.058219146582962344
2023-12-12,LTC-USD,Crypto,Crypto,-0.0032726772093695233
2023-12-13,LTC-USD,Crypto,Crypto,0.01083875100552456
2023-12-14,LTC-USD,Crypto,Crypto,-0.003202772011266397
2023-12-15,LTC-USD,Crypto,Crypto,-0.02751430679750777
2023-12-16,LTC-USD,Crypto,Crypto,0.016589198081057077
2023-12-17,LTC-USD,Crypto,Crypto,-0.012450746270551094
2023-12-18,LTC-USD,Crypto,Crypto,-0.006064862876820842
2023-12-19,LTC-USD,Crypto,Crypto,-0.0026592976281940572
2023-12-20,LTC-USD,Crypto,Crypto,-0.01146474601135683
2023-12-21,LTC-USD,Crypto,Crypto,0.016038292020593925
2023-12-22,LTC-USD,Crypto,Crypto,0.03955166723679082
2023-12-23,LTC-USD,Crypto,Crypto,-0.01612764865865246
2023-12-24,LTC-USD,Crypto,Crypto,-0.01882963322113007
2023-12-25,LTC-USD,Crypto,Crypto,0.0154629450578474
2023-12-26,LTC-USD,Crypto,Crypto,0.012109762356509401
2023-12-27,LTC-USD,Crypto,Crypto,0.03690723337593882
2023-12-28,LTC-USD,Crypto,Crypto,0.01149665188102289
2023-12-29,LTC-USD,Crypto,Crypto,-0.043249259731533374
2023-12-30,LTC-USD,Crypto,Crypto,-0.0012452672361573658
2023-12-31,LTC-USD,Crypto,Crypto,-0.007015117833894746
2020-01-02,TRX-USD,Crypto,Crypto,-0.02867925313411135
2020-01-03,TRX-USD,Crypto,Crypto,0.043900535325963164
2020-01-04,TRX-USD,Crypto,Crypto,0.0064012051806630055
2020-01-05,TRX-USD,Crypto,Crypto,0.0075438438309574085
2020-01-06,TRX-USD,Crypto,Crypto,0.06789986180220464
2020-01-07,TRX-USD,Crypto,Crypto,-0.01202915651673575
2020-01-08,TRX-USD,Crypto,Crypto,-0.021150735788906916
2020-01-09,TRX-USD,Crypto,Crypto,-0.0004265058808561317
2020-01-10,TRX-USD,Crypto,Crypto,0.03918084671481803
2020-01-11,TRX-USD,Crypto,Crypto,0.0
2020-01-12,TRX-USD,Crypto,Crypto,0.02477079707867813
2020-01-13,TRX-USD,Crypto,Crypto,-0.01802888965531735
2020-01-14,TRX-USD,Crypto,Crypto,0.13695096788583627
2020-01-15,TRX-USD,Crypto,Crypto,0.03373203444289197
2020-01-16,TRX-USD,Crypto,Crypto,-0.009546433412861766
2020-01-17,TRX-USD,Crypto,Crypto,0.031952867971979826
2020-01-18,TRX-USD,Crypto,Crypto,0.0028302378167346376
2020-01-19,TRX-USD,Crypto,Crypto,-0.061864926683842913
2020-01-20,TRX-USD,Crypto,Crypto,0.00036098554320695975
2020-01-21,TRX-USD,Crypto,Crypto,0.04102009227857084
2020-01-22,TRX-USD,Crypto,Crypto,0.0025999331479584775
2020-01-23,TRX-USD,Crypto,Crypto,-0.06338961484903749
2020-01-24,TRX-USD,Crypto,Crypto,0.009721327521730716
2020-01-25,TRX-USD,Crypto,Crypto,-0.012918205581942344
2020-01-26,TRX-USD,Crypto,Crypto,0.03734799532516209
2020-01-27,TRX-USD,Crypto,Crypto,0.019697660464980782
2020-01-28,TRX-USD,Crypto,Crypto,0.08631455299287993
2020-01-29,TRX-USD,Crypto,Crypto,0.003706878047974982
2020-01-30,TRX-USD,Crypto,Crypto,0.04367610371672637
2020-01-31,TRX-USD,Crypto,Crypto,-0.041899628655485244
2020-02-01,TRX-USD,Crypto,Crypto,0.02044752140167594
2020-02-02,TRX-USD,Crypto,Crypto,0.003776780775829325
2020-02-03,TRX-USD,Crypto,Crypto,0.004285076587847492
2020-02-04,TRX-USD,Crypto,Crypto,0.0022375391140465606
2020-02-05,TRX-USD,Crypto,Crypto,0.07865630769995491
2020-02-06,TRX-USD,Crypto,Crypto,0.08466500448716752
2020-02-07,TRX-USD,Crypto,Crypto,-0.021033962712051046
2020-02-08,TRX-USD,Crypto,Crypto,-0.009473730336833852
2020-02-09,TRX-USD,Crypto,Crypto,0.008328799322655955
2020-02-10,TRX-USD,Crypto,Crypto,0.008849973464450489
2020-02-11,TRX-USD,Crypto,Crypto,0.02028874559832894
2020-02-12,TRX-USD,Crypto,Crypto,0.05886246254177818
2020-02-13,TRX-USD,Crypto,Crypto,-0.006495950695554309
2020-02-14,TRX-USD,Crypto,Crypto,0.10335725025202591
2020-02-15,TRX-USD,Crypto,Crypto,-0.10404562274152074
2020-02-16,TRX-USD,Crypto,Crypto,-0.047570581072489126
2020-02-17,TRX-USD,Crypto,Crypto,-0.03276353394468512
2020-02-18,TRX-USD,Crypto,Crypto,0.038751815131780276
2020-02-19,TRX-USD,Crypto,Crypto,-0.0996898122136709
2020-02-20,TRX-USD,Crypto,Crypto,-0.022047228504117222
2020-02-21,TRX-USD,Crypto,Crypto,0.016455333494740154
2020-02-22,TRX-USD,Crypto,Crypto,-0.005594390246781322
2020-02-23,TRX-USD,Crypto,Crypto,0.060689071143197326
2020-02-24,TRX-USD,Crypto,Crypto,-0.06787144819892577
2020-02-25,TRX-USD,Crypto,Crypto,-0.04058613812650658
2020-02-26,TRX-USD,Crypto,Crypto,-0.13520176603756318
2020-02-27,TRX-USD,Crypto,Crypto,0.02797845178318581
2020-02-28,TRX-USD,Crypto,Crypto,0.006966499221423561
2020-02-29,TRX-USD,Crypto,Crypto,-0.0250351921562717
2020-03-01,TRX-USD,Crypto,Crypto,-0.007817643794666096
2020-03-02,TRX-USD,Crypto,Crypto,0.06036736073032767
2020-03-03,TRX-USD,Crypto,Crypto,-0.012803648676287027
2020-03-04,TRX-USD,Crypto,Crypto,0.025476208810372603
2020-03-05,TRX-USD,Crypto,Crypto,0.010219570425305857
2020-03-06,TRX-USD,Crypto,Crypto,0.019226512941178386
2020-03-07,TRX-USD,Crypto,Crypto,-0.06509105164274553
2020-03-08,TRX-USD,Crypto,Crypto,-0.12804268100292004
2020-03-09,TRX-USD,Crypto,Crypto,0.008206614532817014
2020-03-10,TRX-USD,Crypto,Crypto,0.007872994142510192
2020-03-11,TRX-USD,Crypto,Crypto,-0.017939889311578416
2020-03-12,TRX-USD,Crypto,Crypto,-0.4073474978906344
2020-03-13,TRX-USD,Crypto,Crypto,0.1651501249213747
2020-03-14,TRX-USD,Crypto,Crypto,-0.04705188305082886
2020-03-15,TRX-USD,Crypto,Crypto,0.05961885801271305
2020-03-16,TRX-USD,Crypto,Crypto,-0.07569598223068152
2020-03-17,TRX-USD,Crypto,Crypto,0.03388763307703857
2020-03-18,TRX-USD,Crypto,Crypto,0.004956972614688304
2020-03-19,TRX-USD,Crypto,Crypto,0.1745521115494597
2020-03-20,TRX-USD,Crypto,Crypto,-0.036167290049343825
2020-03-21,TRX-USD,Crypto,Crypto,-0.001511680744024524
2020-03-22,TRX-USD,Crypto,Crypto,-0.07694363304713003
2020-03-23,TRX-USD,Crypto,Crypto,0.08866379605464259
2020-03-24,TRX-USD,Crypto,Crypto,0.02029423156934196
2020-03-25,TRX-USD,Crypto,Crypto,-0.011117870181095446
2020-03-26,TRX-USD,Crypto,Crypto,0.04268770280397205
2020-03-27,TRX-USD,Crypto,Crypto,-0.0374020438259024
2020-03-28,TRX-USD,Crypto,Crypto,-0.002187837825502359
2020-03-29,TRX-USD,Crypto,Crypto,-0.057270621991498016
2020-03-30,TRX-USD,Crypto,Crypto,0.0707042692592248
2020-03-31,TRX-USD,Crypto,Crypto,0.01007906409730941
2020-04-01,TRX-USD,Crypto,Crypto,-0.004301067860447261
2020-04-02,TRX-USD,Crypto,Crypto,0.034557175641075855
2020-04-03,TRX-USD,Crypto,Crypto,-0.005845517262404676
2020-04-04,TRX-USD,Crypto,Crypto,0.00781184482765096
2020-04-05,TRX-USD,Crypto,Crypto,0.050425087679233815
2020-04-06,TRX-USD,Crypto,Crypto,0.08371025677102484
2020-04-07,TRX-USD,Crypto,Crypto,-0.02870114119403766
2020-04-08,TRX-USD,Crypto,Crypto,0.03233829151800727
2020-04-09,TRX-USD,Crypto,Crypto,-0.013727606604984732
2020-04-10,TRX-USD,Crypto,Crypto,-0.07736727584737291
2020-04-11,TRX-USD,Crypto,Crypto,0.0016850795058145351
2020-04-12,TRX-USD,Crypto,Crypto,0.033565662868087154
2020-04-13,TRX-USD,Crypto,Crypto,-0.024569822737596114
2020-04-14,TRX-USD,Crypto,Crypto,-0.013667093883604764
2020-04-15,TRX-USD,Crypto,Crypto,-0.01514537763356727
2020-04-16,TRX-USD,Crypto,Crypto,0.06683025947370247
2020-04-17,TRX-USD,Crypto,Crypto,-0.002913650002524304
2020-04-18,TRX-USD,Crypto,Crypto,0.028068231194020132
2020-04-19,TRX-USD,Crypto,Crypto,-0.025207570902497478
2020-04-20,TRX-USD,Crypto,Crypto,-0.03951810772855546
2020-04-21,TRX-USD,Crypto,Crypto,0.005512563740576182
2020-04-22,TRX-USD,Crypto,Crypto,0.030986786778120612
2020-04-23,TRX-USD,Crypto,Crypto,0.04454378902730327
2020-04-24,TRX-USD,Crypto,Crypto,0.03430721839568873
2020-04-25,TRX-USD,Crypto,Crypto,-7.134891365967455e-05
2020-04-26,TRX-USD,Crypto,Crypto,0.016692784402678962
2020-04-27,TRX-USD,Crypto,Crypto,0.021190072409482896
2020-04-28,TRX-USD,Crypto,Crypto,0.057784743677369965
2020-04-29,TRX-USD,Crypto,Crypto,0.059499808079185756
2020-04-30,TRX-USD,Crypto,Crypto,-0.06333142284011206
2020-05-01,TRX-USD,Crypto,Crypto,0.0402538844526068
2020-05-02,TRX-USD,Crypto,Crypto,0.03032784454805615
2020-05-03,TRX-USD,Crypto,Crypto,-0.02167937000164144
2020-05-04,TRX-USD,Crypto,Crypto,0.01791511174940741
2020-05-05,TRX-USD,Crypto,Crypto,-0.024835991965051263
2020-05-06,TRX-USD,Crypto,Crypto,-0.0046534504208053384
2020-05-07,TRX-USD,Crypto,Crypto,0.014404784978522711
2020-05-08,TRX-USD,Crypto,Crypto,0.016753946259158603
2020-05-09,TRX-USD,Crypto,Crypto,-0.007779523979801084
2020-05-10,TRX-USD,Crypto,Crypto,-0.11822449600315543
2020-05-11,TRX-USD,Crypto,Crypto,-0.01827343235186374
2020-05-12,TRX-USD,Crypto,Crypto,0.038296937674315856
2020-05-13,TRX-USD,Crypto,Crypto,0.03049664077143377
2020-05-14,TRX-USD,Crypto,Crypto,0.01732981264481892
2020-05-15,TRX-USD,Crypto,Crypto,-0.022669159712459752
2020-05-16,TRX-USD,Crypto,Crypto,0.0030166684699581836
2020-05-17,TRX-USD,Crypto,Crypto,0.0028071016303747864
2020-05-18,TRX-USD,Crypto,Crypto,0.023460403458084533
2020-05-19,TRX-USD,Crypto,Crypto,0.0101589125286361
2020-05-20,TRX-USD,Crypto,Crypto,-0.032942234284426664
2020-05-21,TRX-USD,Crypto,Crypto,-0.049663377268341025
2020-05-22,TRX-USD,Crypto,Crypto,0.042298025453668675
2020-05-23,TRX-USD,Crypto,Crypto,0.012719550879269015
2020-05-24,TRX-USD,Crypto,Crypto,-0.041068552780546885
2020-05-25,TRX-USD,Crypto,Crypto,0.021621591967778686
2020-05-26,TRX-USD,Crypto,Crypto,-0.011938706314483238
2020-05-27,TRX-USD,Crypto,Crypto,0.011259118614348473
2020-05-28,TRX-USD,Crypto,Crypto,0.0272233872360248
2020-05-29,TRX-USD,Crypto,Crypto,-0.007930736832412633
2020-05-30,TRX-USD,Crypto,Crypto,0.08680297152135896
2020-05-31,TRX-USD,Crypto,Crypto,-0.025928605224266432
2020-06-01,TRX-USD,Crypto,Crypto,0.07022843570164672
2020-06-02,TRX-USD,Crypto,Crypto,-0.04115956035136492
2020-06-03,TRX-USD,Crypto,Crypto,0.03483170400904467
2020-06-04,TRX-USD,Crypto,Crypto,0.002074020797825815
2020-06-05,TRX-USD,Crypto,Crypto,0.0016558926614094194
2020-06-06,TRX-USD,Crypto,Crypto,0.0032470374508442035
2020-06-07,TRX-USD,Crypto,Crypto,0.06979345826016248
2020-06-08,TRX-USD,Crypto,Crypto,-0.01221185814100656
2020-06-09,TRX-USD,Crypto,Crypto,-0.01937962102115942
2020-06-10,TRX-USD,Crypto,Crypto,-5.680279592457094e-05
2020-06-11,TRX-USD,Crypto,Crypto,-0.10233980516486285
2020-06-12,TRX-USD,Crypto,Crypto,0.04125005803825732
2020-06-13,TRX-USD,Crypto,Crypto,0.01500799982254053
2020-06-14,TRX-USD,Crypto,Crypto,-0.02681840933345181
2020-06-15,TRX-USD,Crypto,Crypto,-0.008857676121774904
2020-06-16,TRX-USD,Crypto,Crypto,0.0020480657933477087
2020-06-17,TRX-USD,Crypto,Crypto,0.0033444781328972883
2020-06-18,TRX-USD,Crypto,Crypto,-0.008395125434775275
2020-06-19,TRX-USD,Crypto,Crypto,-0.016496422779650133
2020-06-20,TRX-USD,Crypto,Crypto,0.008354845494424445
2020-06-21,TRX-USD,Crypto,Crypto,-0.005774890124858434
2020-06-22,TRX-USD,Crypto,Crypto,0.031062628579438645
2020-06-23,TRX-USD,Crypto,Crypto,0.011879252784016359
2020-06-24,TRX-USD,Crypto,Crypto,-0.03394860925504117
2020-06-25,TRX-USD,Crypto,Crypto,-0.001941869461521195
2020-06-26,TRX-USD,Crypto,Crypto,-0.005774165053769265
2020-06-27,TRX-USD,Crypto,Crypto,-0.020705745098048456
2020-06-28,TRX-USD,Crypto,Crypto,0.01946748136529375
2020-06-29,TRX-USD,Crypto,Crypto,0.024533682079256325
2020-06-30,TRX-USD,Crypto,Crypto,0.010430261507205607
2020-07-01,TRX-USD,Crypto,Crypto,0.030478798304961252
2020-07-02,TRX-USD,Crypto,Crypto,-0.010491359196621475
2020-07-03,TRX-USD,Crypto,Crypto,-0.0019168709525207994
2020-07-04,TRX-USD,Crypto,Crypto,0.008522423343632513
2020-07-05,TRX-USD,Crypto,Crypto,0.002142307904192897
2020-07-06,TRX-USD,Crypto,Crypto,0.07007129595197648
2020-07-07,TRX-USD,Crypto,Crypto,-0.0460599474035327
2020-07-08,TRX-USD,Crypto,Crypto,0.04165216949398998
2020-07-09,TRX-USD,Crypto,Crypto,0.030436656388796557
2020-07-10,TRX-USD,Crypto,Crypto,-0.01669283818932432
2020-07-11,TRX-USD,Crypto,Crypto,0.012291219840071088
2020-07-12,TRX-USD,Crypto,Crypto,-0.011597466210271579
2020-07-13,TRX-USD,Crypto,Crypto,-0.03305243336167374
2020-07-14,TRX-USD,Crypto,Crypto,0.005013426262203913
2020-07-15,TRX-USD,Crypto,Crypto,-0.004534924727640499
2020-07-16,TRX-USD,Crypto,Crypto,-0.023745782505072643
2020-07-17,TRX-USD,Crypto,Crypto,0.0022748520634521263
2020-07-18,TRX-USD,Crypto,Crypto,0.01262876213285713
2020-07-19,TRX-USD,Crypto,Crypto,0.004425280847276669
2020-07-20,TRX-USD,Crypto,Crypto,-0.014762291331682054
2020-07-21,TRX-USD,Crypto,Crypto,0.01991988646074705
2020-07-22,TRX-USD,Crypto,Crypto,0.02226392309212244
2020-07-23,TRX-USD,Crypto,Crypto,-0.004957335951460196
2020-07-24,TRX-USD,Crypto,Crypto,0.005317985348665122
2020-07-25,TRX-USD,Crypto,Crypto,0.040313991411234484
2020-07-26,TRX-USD,Crypto,Crypto,-0.008456825922182887
2020-07-27,TRX-USD,Crypto,Crypto,0.007611255464010203
2020-07-28,TRX-USD,Crypto,Crypto,0.024429531219315237
2020-07-29,TRX-USD,Crypto,Crypto,0.010615966458751513
2020-07-30,TRX-USD,Crypto,Crypto,-0.0025355107406918043
2020-07-31,TRX-USD,Crypto,Crypto,0.020803047796037477
2020-08-01,TRX-USD,Crypto,Crypto,0.03654010518165962
2020-08-02,TRX-USD,Crypto,Crypto,-0.06653266994331242
2020-08-03,TRX-USD,Crypto,Crypto,0.04454020135039083
2020-08-04,TRX-USD,Crypto,Crypto,0.02338211096408349
2020-08-05,TRX-USD,Crypto,Crypto,0.004864366542786325
2020-08-06,TRX-USD,Crypto,Crypto,-0.008605910608151635
2020-08-07,TRX-USD,Crypto,Crypto,-0.016621500776569098
2020-08-08,TRX-USD,Crypto,Crypto,0.024074628377153795
2020-08-09,TRX-USD,Crypto,Crypto,0.0026937108128843867
2020-08-10,TRX-USD,Crypto,Crypto,0.05099397180948895
2020-08-11,TRX-USD,Crypto,Crypto,-0.06320580139061693
2020-08-12,TRX-USD,Crypto,Crypto,0.011608889429366442
2020-08-13,TRX-USD,Crypto,Crypto,0.10862634604677757
2020-08-14,TRX-USD,Crypto,Crypto,0.09484205665816114
2020-08-15,TRX-USD,Crypto,Crypto,0.018222238779068034
2020-08-16,TRX-USD,Crypto,Crypto,0.1192809824678831
2020-08-17,TRX-USD,Crypto,Crypto,0.07732120105777263
2020-08-18,TRX-USD,Crypto,Crypto,-0.05215872350574491
2020-08-19,TRX-USD,Crypto,Crypto,-0.07867239310031704
2020-08-20,TRX-USD,Crypto,Crypto,0.037984710123427856
2020-08-21,TRX-USD,Crypto,Crypto,-0.11624610016060877
2020-08-22,TRX-USD,Crypto,Crypto,0.033685236010669195
2020-08-23,TRX-USD,Crypto,Crypto,-0.027739147962182797
2020-08-24,TRX-USD,Crypto,Crypto,0.028530561427051904
2020-08-25,TRX-USD,Crypto,Crypto,-0.08071375808767944
2020-08-26,TRX-USD,Crypto,Crypto,0.02658657797173314
2020-08-27,TRX-USD,Crypto,Crypto,-0.027245586620644024
2020-08-28,TRX-USD,Crypto,Crypto,0.03813850629404736
2020-08-29,TRX-USD,Crypto,Crypto,0.04407659641959838
2020-08-30,TRX-USD,Crypto,Crypto,0.0764438103538907
2020-08-31,TRX-USD,Crypto,Crypto,0.0870436210175094
2020-09-01,TRX-USD,Crypto,Crypto,0.179363738015635
2020-09-02,TRX-USD,Crypto,Crypto,-0.002951941996172658
2020-09-03,TRX-USD,Crypto,Crypto,0.19566916489959318
2020-09-04,TRX-USD,Crypto,Crypto,-0.13526895534960182
2020-09-05,TRX-USD,Crypto,Crypto,-0.15786074421510632
2020-09-06,TRX-USD,Crypto,Crypto,0.05087175231644636
2020-09-07,TRX-USD,Crypto,Crypto,0.023887332039611575
2020-09-08,TRX-USD,Crypto,Crypto,0.08442798455174927
2020-09-09,TRX-USD,Crypto,Crypto,-0.02788491820932748
2020-09-10,TRX-USD,Crypto,Crypto,-0.0278617785308527
2020-09-11,TRX-USD,Crypto,Crypto,0.01306042094640869
2020-09-12,TRX-USD,Crypto,Crypto,-0.02268047907482862
2020-09-13,TRX-USD,Crypto,Crypto,-0.06613945660063658
2020-09-14,TRX-USD,Crypto,Crypto,-0.004283420009704497
2020-09-15,TRX-USD,Crypto,Crypto,-0.08377119950078271
2020-09-16,TRX-USD,Crypto,Crypto,-0.05042827621036727
2020-09-17,TRX-USD,Crypto,Crypto,0.060768463802155503
2020-09-18,TRX-USD,Crypto,Crypto,0.03504840199838011
2020-09-19,TRX-USD,Crypto,Crypto,-0.04493105542805231
2020-09-20,TRX-USD,Crypto,Crypto,-0.02940756058792593
2020-09-21,TRX-USD,Crypto,Crypto,-0.07290931290808611
2020-09-22,TRX-USD,Crypto,Crypto,0.0018000577592107714
2020-09-23,TRX-USD,Crypto,Crypto,-0.007386990118178005
2020-09-24,TRX-USD,Crypto,Crypto,0.05366267263316549
2020-09-25,TRX-USD,Crypto,Crypto,0.03657463309596043
2020-09-26,TRX-USD,Crypto,Crypto,0.0036830993713066196
2020-09-27,TRX-USD,Crypto,Crypto,-0.024292649711362135
2020-09-28,TRX-USD,Crypto,Crypto,-0.010530680473876397
2020-09-29,TRX-USD,Crypto,Crypto,-0.0003420997091798661
2020-09-30,TRX-USD,Crypto,Crypto,-0.009163505894776103
2020-10-01,TRX-USD,Crypto,Crypto,-0.01776735755632164
2020-10-02,TRX-USD,Crypto,Crypto,0.012736370947858955
2020-10-03,TRX-USD,Crypto,Crypto,0.04513540787631154
2020-10-04,TRX-USD,Crypto,Crypto,-0.0269821594596652
2020-10-05,TRX-USD,Crypto,Crypto,0.0031106972684737944
2020-10-06,TRX-USD,Crypto,Crypto,-0.03263626372682016
2020-10-07,TRX-USD,Crypto,Crypto,-0.004026604805682732
2020-10-08,TRX-USD,Crypto,Crypto,0.0076147145825442575
2020-10-09,TRX-USD,Crypto,Crypto,0.021502882053586747
2020-10-10,TRX-USD,Crypto,Crypto,0.00560576419166825
2020-10-11,TRX-USD,Crypto,Crypto,0.003678388640308672
2020-10-12,TRX-USD,Crypto,Crypto,0.023236511252229253
2020-10-13,TRX-USD,Crypto,Crypto,-0.010855915779442227
2020-10-14,TRX-USD,Crypto,Crypto,0.0014558781584761427
2020-10-15,TRX-USD,Crypto,Crypto,-0.01084725046165158
2020-10-16,TRX-USD,Crypto,Crypto,-0.030034730862315007
2020-10-17,TRX-USD,Crypto,Crypto,0.00027202623725264274
2020-10-18,TRX-USD,Crypto,Crypto,0.007379752644263604
2020-10-19,TRX-USD,Crypto,Crypto,-0.002891710625839039
2020-10-20,TRX-USD,Crypto,Crypto,0.005838871295119841
2020-10-21,TRX-USD,Crypto,Crypto,0.02725668857320329
2020-10-22,TRX-USD,Crypto,Crypto,0.012012983935008492
2020-10-23,TRX-USD,Crypto,Crypto,-0.012979761831864223
2020-10-24,TRX-USD,Crypto,Crypto,0.013450180332740036
2020-10-25,TRX-USD,Crypto,Crypto,-0.004251375706341931
2020-10-26,TRX-USD,Crypto,Crypto,-0.006422892852850359
2020-10-27,TRX-USD,Crypto,Crypto,0.007435964698412123
2020-10-28,TRX-USD,Crypto,Crypto,-0.004042881529456754
2020-10-29,TRX-USD,Crypto,Crypto,-0.013481355305313025
2020-10-30,TRX-USD,Crypto,Crypto,-0.032616049687414495
2020-10-31,TRX-USD,Crypto,Crypto,0.005619263004244646
2020-11-01,TRX-USD,Crypto,Crypto,-0.0016685744866179464
2020-11-02,TRX-USD,Crypto,Crypto,-0.050297355691156675
2020-11-03,TRX-USD,Crypto,Crypto,-0.0006957951241282068
2020-11-04,TRX-USD,Crypto,Crypto,-0.009010439235168088
2020-11-05,TRX-USD,Crypto,Crypto,0.03165811517345207
2020-11-06,TRX-USD,Crypto,Crypto,0.044187117557814126
2020-11-07,TRX-USD,Crypto,Crypto,-0.043928627066489256
2020-11-08,TRX-USD,Crypto,Crypto,0.01785717622544225
2020-11-09,TRX-USD,Crypto,Crypto,-0.02184115694457467
2020-11-10,TRX-USD,Crypto,Crypto,0.0024585775219545525
2020-11-11,TRX-USD,Crypto,Crypto,0.007317502596597247
2020-11-12,TRX-USD,Crypto,Crypto,-0.004669920608227129
2020-11-13,TRX-USD,Crypto,Crypto,0.018767324347640946
2020-11-14,TRX-USD,Crypto,Crypto,-0.008423584188111843
2020-11-15,TRX-USD,Crypto,Crypto,0.008653894855303212
2020-11-16,TRX-USD,Crypto,Crypto,0.0073596072178470084
2020-11-17,TRX-USD,Crypto,Crypto,0.0340677910845113
2020-11-18,TRX-USD,Crypto,Crypto,0.013374690418278101
2020-11-19,TRX-USD,Crypto,Crypto,-0.03802852953954294
2020-11-20,TRX-USD,Crypto,Crypto,0.018138159010356647
2020-11-21,TRX-USD,Crypto,Crypto,0.15473922649105387
2020-11-22,TRX-USD,Crypto,Crypto,-0.05393111461091782
2020-11-23,TRX-USD,Crypto,Crypto,0.10362730013867139
2020-11-24,TRX-USD,Crypto,Crypto,0.10715752569113057
2020-11-25,TRX-USD,Crypto,Crypto,-0.0559215299834509
2020-11-26,TRX-USD,Crypto,Crypto,-0.11233613943519083
2020-11-27,TRX-USD,Crypto,Crypto,-0.0008166305117726091
2020-11-28,TRX-USD,Crypto,Crypto,0.03650849101134024
2020-11-29,TRX-USD,Crypto,Crypto,0.008674228714344645
2020-11-30,TRX-USD,Crypto,Crypto,0.052803038576819894
2020-12-01,TRX-USD,Crypto,Crypto,-0.06321161746524884
2020-12-02,TRX-USD,Crypto,Crypto,0.030353049900641915
2020-12-03,TRX-USD,Crypto,Crypto,0.014264616101109295
2020-12-04,TRX-USD,Crypto,Crypto,-0.06599030371930936
2020-12-05,TRX-USD,Crypto,Crypto,0.03448045921170784
2020-12-06,TRX-USD,Crypto,Crypto,0.011546486496432307
2020-12-07,TRX-USD,Crypto,Crypto,-0.019660498063782672
2020-12-08,TRX-USD,Crypto,Crypto,-0.08140644857266521
2020-12-09,TRX-USD,Crypto,Crypto,0.030916739246667158
2020-12-10,TRX-USD,Crypto,Crypto,-0.019644710334352222
2020-12-11,TRX-USD,Crypto,Crypto,-0.011618005675290255
2020-12-12,TRX-USD,Crypto,Crypto,0.02706784476845736
2020-12-13,TRX-USD,Crypto,Crypto,0.02141957130739014
2020-12-14,TRX-USD,Crypto,Crypto,-0.0032894986680210847
2020-12-15,TRX-USD,Crypto,Crypto,0.004056670569162701
2020-12-16,TRX-USD,Crypto,Crypto,0.06745191217366076
2020-12-17,TRX-USD,Crypto,Crypto,-0.01501157162890876
2020-12-18,TRX-USD,Crypto,Crypto,0.013188762598997705
2020-12-19,TRX-USD,Crypto,Crypto,0.005688871274657448
2020-12-20,TRX-USD,Crypto,Crypto,-0.002077304837460492
2020-12-21,TRX-USD,Crypto,Crypto,-0.059087280600083725
2020-12-22,TRX-USD,Crypto,Crypto,-0.01654184893972821
2020-12-23,TRX-USD,Crypto,Crypto,-0.14099812613796436
2020-12-24,TRX-USD,Crypto,Crypto,0.1159146143048746
2020-12-25,TRX-USD,Crypto,Crypto,0.028883944909767534
2020-12-26,TRX-USD,Crypto,Crypto,-0.026634381775268112
2020-12-27,TRX-USD,Crypto,Crypto,0.039945204467581874
2020-12-28,TRX-USD,Crypto,Crypto,0.023781496467457197
2020-12-29,TRX-USD,Crypto,Crypto,-0.06237300433582815
2020-12-30,TRX-USD,Crypto,Crypto,-0.026905030527468288
2020-12-31,TRX-USD,Crypto,Crypto,-0.004156646898687222
2021-01-01,TRX-USD,Crypto,Crypto,0.003987614204417067
2021-01-02,TRX-USD,Crypto,Crypto,0.010356348778446378
2021-01-03,TRX-USD,Crypto,Crypto,0.08361811797628826
2021-01-04,TRX-USD,Crypto,Crypto,0.046041656562472166
2021-01-05,TRX-USD,Crypto,Crypto,-0.07198649994282813
2021-01-06,TRX-USD,Crypto,Crypto,0.0657655815028253
2021-01-07,TRX-USD,Crypto,Crypto,0.01812219733405218
2021-01-08,TRX-USD,Crypto,Crypto,-0.014645278741785228
2021-01-09,TRX-USD,Crypto,Crypto,0.11148861996385939
2021-01-10,TRX-USD,Crypto,Crypto,-0.03206370633860989
2021-01-11,TRX-USD,Crypto,Crypto,-0.12060122236119719
2021-01-12,TRX-USD,Crypto,Crypto,-0.01398331201631553
2021-01-13,TRX-USD,Crypto,Crypto,0.057356919793685845
2021-01-14,TRX-USD,Crypto,Crypto,-0.006159756920982695
2021-01-15,TRX-USD,Crypto,Crypto,-0.007330914522152399
2021-01-16,TRX-USD,Crypto,Crypto,0.012185351142697476
2021-01-17,TRX-USD,Crypto,Crypto,-0.0003980042585158827
2021-01-18,TRX-USD,Crypto,Crypto,0.049002998796303876
2021-01-19,TRX-USD,Crypto,Crypto,-0.026124338312640716
2021-01-20,TRX-USD,Crypto,Crypto,-0.009255638188557014
2021-01-21,TRX-USD,Crypto,Crypto,-0.09188054135707802
2021-01-22,TRX-USD,Crypto,Crypto,0.03371351356293939
2021-01-23,TRX-USD,Crypto,Crypto,0.019170324845499964
2021-01-24,TRX-USD,Crypto,Crypto,0.02854013787543841
2021-01-25,TRX-USD,Crypto,Crypto,-0.015389779588027785
2021-01-26,TRX-USD,Crypto,Crypto,-0.0015224184769765392
2021-01-27,TRX-USD,Crypto,Crypto,-0.04025340759678764
2021-01-28,TRX-USD,Crypto,Crypto,0.04670783972690229
2021-01-29,TRX-USD,Crypto,Crypto,0.12304370587974023
2021-01-30,TRX-USD,Crypto,Crypto,-0.038082634626962486
2021-01-31,TRX-USD,Crypto,Crypto,-0.013269630731248094
2021-02-01,TRX-USD,Crypto,Crypto,0.04189469132889001
2021-02-02,TRX-USD,Crypto,Crypto,0.006863734721580084
2021-02-03,TRX-USD,Crypto,Crypto,0.0387898520817207
2021-02-04,TRX-USD,Crypto,Crypto,-0.036731627128298805
2021-02-05,TRX-USD,Crypto,Crypto,0.09290407113783838
2021-02-06,TRX-USD,Crypto,Crypto,-0.03171891073893829
2021-02-07,TRX-USD,Crypto,Crypto,0.024668137073621255
2021-02-08,TRX-USD,Crypto,Crypto,0.12715447962751236
2021-02-09,TRX-USD,Crypto,Crypto,0.13535245917303818
2021-02-10,TRX-USD,Crypto,Crypto,0.0033670363363484945
2021-02-11,TRX-USD,Crypto,Crypto,0.2354457076975005
2021-02-12,TRX-USD,Crypto,Crypto,-0.030527155599480604
2021-02-13,TRX-USD,Crypto,Crypto,0.07761831914672124
2021-02-14,TRX-USD,Crypto,Crypto,-0.06830380062598074
2021-02-15,TRX-USD,Crypto,Crypto,-0.08638194594371995
2021-02-16,TRX-USD,Crypto,Crypto,0.028140087238124556
2021-02-17,TRX-USD,Crypto,Crypto,0.008241707044686075
2021-02-18,TRX-USD,Crypto,Crypto,0.04533871679459045
2021-02-19,TRX-USD,Crypto,Crypto,0.1098583652581191
2021-02-20,TRX-USD,Crypto,Crypto,-0.04897593888546248
2021-02-21,TRX-USD,Crypto,Crypto,0.024586107730409257
2021-02-22,TRX-USD,Crypto,Crypto,-0.08562592242716427
2021-02-23,TRX-USD,Crypto,Crypto,-0.17629099576705176
2021-02-24,TRX-USD,Crypto,Crypto,0.07229292243078889
2021-02-25,TRX-USD,Crypto,Crypto,-0.05877819040617516
2021-02-26,TRX-USD,Crypto,Crypto,-0.0007078916736199536
2021-02-27,TRX-USD,Crypto,Crypto,0.03172248801854849
2021-02-28,TRX-USD,Crypto,Crypto,-0.02057678133674823
2021-03-01,TRX-USD,Crypto,Crypto,0.047560680317822124
2021-03-02,TRX-USD,Crypto,Crypto,-0.020264338390160175
2021-03-03,TRX-USD,Crypto,Crypto,0.047663739938818006
2021-03-04,TRX-USD,Crypto,Crypto,0.04681963263364031
2021-03-05,TRX-USD,Crypto,Crypto,-0.02162321437297887
2021-03-06,TRX-USD,Crypto,Crypto,0.0004177417755559798
2021-03-07,TRX-USD,Crypto,Crypto,0.02847487769840029
2021-03-08,TRX-USD,Crypto,Crypto,0.021093532067335774
2021-03-09,TRX-USD,Crypto,Crypto,0.006816520021821537
2021-03-10,TRX-USD,Crypto,Crypto,-0.031143686430795348
2021-03-11,TRX-USD,Crypto,Crypto,-0.00021346462854221482
2021-03-12,TRX-USD,Crypto,Crypto,-0.02842390773292447
2021-03-13,TRX-USD,Crypto,Crypto,0.05541348883838482
2021-03-14,TRX-USD,Crypto,Crypto,-0.028666148612804587
2021-03-15,TRX-USD,Crypto,Crypto,-0.008986125705985004
2021-03-16,TRX-USD,Crypto,Crypto,0.02865850204792042
2021-03-17,TRX-USD,Crypto,Crypto,0.051207515630911304
2021-03-18,TRX-USD,Crypto,Crypto,-0.02541152853863793
2021-03-19,TRX-USD,Crypto,Crypto,0.09733473274494542
2021-03-20,TRX-USD,Crypto,Crypto,0.03889919520348517
2021-03-21,TRX-USD,Crypto,Crypto,0.03628022818683396
2021-03-22,TRX-USD,Crypto,Crypto,-0.055801255849458165
2021-03-23,TRX-USD,Crypto,Crypto,-0.015628154651778803
2021-03-24,TRX-USD,Crypto,Crypto,-0.04676185966388924
2021-03-25,TRX-USD,Crypto,Crypto,-0.008149217807949083
2021-03-26,TRX-USD,Crypto,Crypto,0.1668045572820478
2021-03-27,TRX-USD,Crypto,Crypto,-0.017103271814960186
2021-03-28,TRX-USD,Crypto,Crypto,-0.0035586186887749394
2021-03-29,TRX-USD,Crypto,Crypto,0.01931949023833579
2021-03-30,TRX-USD,Crypto,Crypto,0.019987348353014855
2021-03-31,TRX-USD,Crypto,Crypto,0.3968465079646215
2021-04-01,TRX-USD,Crypto,Crypto,-0.06707685537914043
2021-04-02,TRX-USD,Crypto,Crypto,0.07468644536804803
2021-04-03,TRX-USD,Crypto,Crypto,0.10286111411426657
2021-04-04,TRX-USD,Crypto,Crypto,0.267468046416784
2021-04-05,TRX-USD,Crypto,Crypto,0.05682788964619623
2021-04-06,TRX-USD,Crypto,Crypto,-0.09033455438033122
2021-04-07,TRX-USD,Crypto,Crypto,-0.11330346807166225
2021-04-08,TRX-USD,Crypto,Crypto,0.11595732383610935
2021-04-09,TRX-USD,Crypto,Crypto,-0.057983278541165806
2021-04-10,TRX-USD,Crypto,Crypto,0.08667863122781316
2021-04-11,TRX-USD,Crypto,Crypto,-0.028813390523664384
2021-04-12,TRX-USD,Crypto,Crypto,0.05471874154713241
2021-04-13,TRX-USD,Crypto,Crypto,0.13367119828319352
2021-04-14,TRX-USD,Crypto,Crypto,-0.03830536755696967
2021-04-15,TRX-USD,Crypto,Crypto,0.1702701228524388
2021-04-16,TRX-USD,Crypto,Crypto,-0.015554134070092429
2021-04-17,TRX-USD,Crypto,Crypto,-0.028712651833688874
2021-04-18,TRX-USD,Crypto,Crypto,-0.09245724014612389
2021-04-19,TRX-USD,Crypto,Crypto,-0.0884664638601016
2021-04-20,TRX-USD,Crypto,Crypto,0.02146829514366444
2021-04-21,TRX-USD,Crypto,Crypto,-0.0748299586416763
2021-04-22,TRX-USD,Crypto,Crypto,-0.10521614492626241
2021-04-23,TRX-USD,Crypto,Crypto,-0.010033557042439467
2021-04-24,TRX-USD,Crypto,Crypto,-0.05795919494231161
2021-04-25,TRX-USD,Crypto,Crypto,-0.012024621605885688
2021-04-26,TRX-USD,Crypto,Crypto,0.1559460106597983
2021-04-27,TRX-USD,Crypto,Crypto,0.0724583035530304
2021-04-28,TRX-USD,Crypto,Crypto,-0.024722893872605844
2021-04-29,TRX-USD,Crypto,Crypto,-0.011566302902983883
2021-04-30,TRX-USD,Crypto,Crypto,0.09041354546439262
2021-05-01,TRX-USD,Crypto,Crypto,-0.008477712549097127
2021-05-02,TRX-USD,Crypto,Crypto,-0.02635230582818071
2021-05-03,TRX-USD,Crypto,Crypto,0.031029406134114534
2021-05-04,TRX-USD,Crypto,Crypto,-0.09284728636374029
2021-05-05,TRX-USD,Crypto,Crypto,0.22579870152440673
2021-05-06,TRX-USD,Crypto,Crypto,0.03703374119693925
2021-05-07,TRX-USD,Crypto,Crypto,-0.0269679462017568
2021-05-08,TRX-USD,Crypto,Crypto,-0.030938475498598073
2021-05-09,TRX-USD,Crypto,Crypto,-0.001649101620707305
2021-05-10,TRX-USD,Crypto,Crypto,-0.10999825931493357
2021-05-11,TRX-USD,Crypto,Crypto,0.09175125880412915
2021-05-12,TRX-USD,Crypto,Crypto,-0.14498003800801917
2021-05-13,TRX-USD,Crypto,Crypto,0.02337003837049978
2021-05-14,TRX-USD,Crypto,Crypto,0.027191218259758676
2021-05-15,TRX-USD,Crypto,Crypto,-0.03273864312801622
2021-05-16,TRX-USD,Crypto,Crypto,-0.009818461433610981
2021-05-17,TRX-USD,Crypto,Crypto,-0.05552860181009467
2021-05-18,TRX-USD,Crypto,Crypto,0.03115084636733867
2021-05-19,TRX-USD,Crypto,Crypto,-0.31837159107727875
2021-05-20,TRX-USD,Crypto,Crypto,0.12939293058888146
2021-05-21,TRX-USD,Crypto,Crypto,-0.13031684487954187
2021-05-22,TRX-USD,Crypto,Crypto,-0.03287947081670395
2021-05-23,TRX-USD,Crypto,Crypto,-0.16159985541569277
2021-05-24,TRX-USD,Crypto,Crypto,0.21433665762186593
2021-05-25,TRX-USD,Crypto,Crypto,0.007272868876951444
2021-05-26,TRX-USD,Crypto,Crypto,0.0771211899179367
2021-05-27,TRX-USD,Crypto,Crypto,-0.04913448458516323
2021-05-28,TRX-USD,Crypto,Crypto,-0.08924713561024855
2021-05-29,TRX-USD,Crypto,Crypto,-0.0458334698485936
2021-05-30,TRX-USD,Crypto,Crypto,0.047293633443523664
2021-05-31,TRX-USD,Crypto,Crypto,0.06779949915747085
2021-06-01,TRX-USD,Crypto,Crypto,-0.01019243651799473
2021-06-02,TRX-USD,Crypto,Crypto,0.025021037203875496
2021-06-03,TRX-USD,Crypto,Crypto,0.052254592731328264
2021-06-04,TRX-USD,Crypto,Crypto,-0.05926767488436124
2021-06-05,TRX-USD,Crypto,Crypto,-0.02143638072995091
2021-06-06,TRX-USD,Crypto,Crypto,0.025279108500685377
2021-06-07,TRX-USD,Crypto,Crypto,-0.07594147852124233
2021-06-08,TRX-USD,Crypto,Crypto,0.014129898360603965
2021-06-09,TRX-USD,Crypto,Crypto,0.03775143517513624
2021-06-10,TRX-USD,Crypto,Crypto,-0.0366964950194536
2021-06-11,TRX-USD,Crypto,Crypto,-0.04773516571639069
2021-06-12,TRX-USD,Crypto,Crypto,-0.014809892355953758
2021-06-13,TRX-USD,Crypto,Crypto,0.050455895402458095
2021-06-14,TRX-USD,Crypto,Crypto,0.009726591312612332
2021-06-15,TRX-USD,Crypto,Crypto,0.004138283489382166
2021-06-16,TRX-USD,Crypto,Crypto,-0.05008888199695405
2021-06-17,TRX-USD,Crypto,Crypto,0.07117257591258186
2021-06-18,TRX-USD,Crypto,Crypto,-0.057408388448340064
2021-06-19,TRX-USD,Crypto,Crypto,-0.012387832802214671
2021-06-20,TRX-USD,Crypto,Crypto,-0.012936224909908867
2021-06-21,TRX-USD,Crypto,Crypto,-0.21006001389878792
2021-06-22,TRX-USD,Crypto,Crypto,-0.049343065084474946
2021-06-23,TRX-USD,Crypto,Crypto,0.0938751224760499
2021-06-24,TRX-USD,Crypto,Crypto,0.18490001176646764
2021-06-25,TRX-USD,Crypto,Crypto,-0.0670048438650489
2021-06-26,TRX-USD,Crypto,Crypto,0.017775695573259975
2021-06-27,TRX-USD,Crypto,Crypto,0.033239670275932776
2021-06-28,TRX-USD,Crypto,Crypto,0.006962118200856127
2021-06-29,TRX-USD,Crypto,Crypto,0.03771205930401944
2021-06-30,TRX-USD,Crypto,Crypto,0.00672171363688201
2021-07-01,TRX-USD,Crypto,Crypto,-0.047721065367678506
2021-07-02,TRX-USD,Crypto,Crypto,0.02493305051421224
2021-07-03,TRX-USD,Crypto,Crypto,0.0045254388608158
2021-07-04,TRX-USD,Crypto,Crypto,0.00725911121831313
2021-07-05,TRX-USD,Crypto,Crypto,-0.040476674174668714
2021-07-06,TRX-USD,Crypto,Crypto,0.005590415849772823
2021-07-07,TRX-USD,Crypto,Crypto,-0.009855970355098997
2021-07-08,TRX-USD,Crypto,Crypto,-0.0493506656041135
2021-07-09,TRX-USD,Crypto,Crypto,0.017276931163374032
2021-07-10,TRX-USD,Crypto,Crypto,-0.01286632500098861
2021-07-11,TRX-USD,Crypto,Crypto,0.007250168441659266
2021-07-12,TRX-USD,Crypto,Crypto,-0.025864143169060716
2021-07-13,TRX-USD,Crypto,Crypto,-0.014695114645276286
2021-07-14,TRX-USD,Crypto,Crypto,0.008931681270502256
2021-07-15,TRX-USD,Crypto,Crypto,-0.03596181734484838
2021-07-16,TRX-USD,Crypto,Crypto,-0.03522424709809657
2021-07-17,TRX-USD,Crypto,Crypto,0.00560315578254289
2021-07-18,TRX-USD,Crypto,Crypto,0.0010001301972191179
2021-07-19,TRX-USD,Crypto,Crypto,-0.046422003982965365
2021-07-20,TRX-USD,Crypto,Crypto,-0.05408895016430271
2021-07-21,TRX-USD,Crypto,Crypto,0.06457931144245754
2021-07-22,TRX-USD,Crypto,Crypto,0.02710734674593751
2021-07-23,TRX-USD,Crypto,Crypto,0.01347632952774025
2021-07-24,TRX-USD,Crypto,Crypto,0.023560082882341682
2021-07-25,TRX-USD,Crypto,Crypto,0.009294289815335421
2021-07-26,TRX-USD,Crypto,Crypto,0.0116448148051842
2021-07-27,TRX-USD,Crypto,Crypto,0.027752120661892032
2021-07-28,TRX-USD,Crypto,Crypto,0.0056165659197617845
2021-07-29,TRX-USD,Crypto,Crypto,0.020738006026257638
2021-07-30,TRX-USD,Crypto,Crypto,0.024282835483130816
2021-07-31,TRX-USD,Crypto,Crypto,0.01300731115900855
2021-08-01,TRX-USD,Crypto,Crypto,-0.012122610557052882
2021-08-02,TRX-USD,Crypto,Crypto,0.021699972159458847
2021-08-03,TRX-USD,Crypto,Crypto,-0.011902479069859084
2021-08-04,TRX-USD,Crypto,Crypto,0.054316201031626044
2021-08-05,TRX-USD,Crypto,Crypto,0.040671186792947234
2021-08-06,TRX-USD,Crypto,Crypto,0.024923406732558773
2021-08-07,TRX-USD,Crypto,Crypto,0.04553236208268818
2021-08-08,TRX-USD,Crypto,Crypto,-0.043802246554765834
2021-08-09,TRX-USD,Crypto,Crypto,0.030209768923560976
2021-08-10,TRX-USD,Crypto,Crypto,0.008428460283376626
2021-08-11,TRX-USD,Crypto,Crypto,0.11691830427458094
2021-08-12,TRX-USD,Crypto,Crypto,0.009006046024409242
2021-08-13,TRX-USD,Crypto,Crypto,0.06284844210256946
2021-08-14,TRX-USD,Crypto,Crypto,0.03615239884995769
2021-08-15,TRX-USD,Crypto,Crypto,0.004726929313161099
2021-08-16,TRX-USD,Crypto,Crypto,-0.036896612049776345
2021-08-17,TRX-USD,Crypto,Crypto,-0.050344081332424406
2021-08-18,TRX-USD,Crypto,Crypto,-0.004533226349378139
2021-08-19,TRX-USD,Crypto,Crypto,0.04063094938715506
2021-08-20,TRX-USD,Crypto,Crypto,0.026755260161316796
2021-08-21,TRX-USD,Crypto,Crypto,-0.028299487886214947
2021-08-22,TRX-USD,Crypto,Crypto,0.0012271733689070974
2021-08-23,TRX-USD,Crypto,Crypto,0.020780399979976716
2021-08-24,TRX-USD,Crypto,Crypto,-0.05918192967247615
2021-08-25,TRX-USD,Crypto,Crypto,0.03319549788404208
2021-08-26,TRX-USD,Crypto,Crypto,-0.04871387177083142
2021-08-27,TRX-USD,Crypto,Crypto,0.0612961448686038
2021-08-28,TRX-USD,Crypto,Crypto,0.00031729203613029
2021-08-29,TRX-USD,Crypto,Crypto,0.003341015176161033
2021-08-30,TRX-USD,Crypto,Crypto,-0.02709082549464137
2021-08-31,TRX-USD,Crypto,Crypto,0.030409236918629734
2021-09-01,TRX-USD,Crypto,Crypto,0.07092506005589705
2021-09-02,TRX-USD,Crypto,Crypto,0.05062511055116792
2021-09-03,TRX-USD,Crypto,Crypto,0.01594180843629145
2021-09-04,TRX-USD,Crypto,Crypto,0.0014775074950552636
2021-09-05,TRX-USD,Crypto,Crypto,0.03420903250542917
2021-09-06,TRX-USD,Crypto,Crypto,-0.013647529358712385
2021-09-07,TRX-USD,Crypto,Crypto,-0.17777111749154395
2021-09-08,TRX-USD,Crypto,Crypto,0.08820875639568215
2021-09-09,TRX-USD,Crypto,Crypto,0.002446165609113038
2021-09-10,TRX-USD,Crypto,Crypto,-0.02312303821962647
2021-09-11,TRX-USD,Crypto,Crypto,0.049816721938139574
2021-09-12,TRX-USD,Crypto,Crypto,0.18100631417193402
2021-09-13,TRX-USD,Crypto,Crypto,-0.06989564835915363
2021-09-14,TRX-USD,Crypto,Crypto,0.12858684466591663
2021-09-15,TRX-USD,Crypto,Crypto,0.02240673891128586
2021-09-16,TRX-USD,Crypto,Crypto,-0.03994438713739357
2021-09-17,TRX-USD,Crypto,Crypto,-0.0941010590544884
2021-09-18,TRX-USD,Crypto,Crypto,0.0073219220605103
2021-09-19,TRX-USD,Crypto,Crypto,-0.02067326144388948
2021-09-20,TRX-USD,Crypto,Crypto,-0.12338063486783235
2021-09-21,TRX-USD,Crypto,Crypto,-0.02975456028966028
2021-09-22,TRX-USD,Crypto,Crypto,0.11938162495237736
2021-09-23,TRX-USD,Crypto,Crypto,0.00439399611660396
2021-09-24,TRX-USD,Crypto,Crypto,-0.06931031623698747
2021-09-25,TRX-USD,Crypto,Crypto,-0.017849034438498723
2021-09-26,TRX-USD,Crypto,Crypto,-0.03270772184542903
2021-09-27,TRX-USD,Crypto,Crypto,-0.018639702466023644
2021-09-28,TRX-USD,Crypto,Crypto,-0.034107389595412596
2021-09-29,TRX-USD,Crypto,Crypto,0.033688148061392864
2021-09-30,TRX-USD,Crypto,Crypto,0.0404905666232962
2021-10-01,TRX-USD,Crypto,Crypto,0.059333950146448045
2021-10-02,TRX-USD,Crypto,Crypto,-0.011664517188510914
2021-10-03,TRX-USD,Crypto,Crypto,0.014461656211407492
2021-10-04,TRX-USD,Crypto,Crypto,-0.015518898687447158
2021-10-05,TRX-USD,Crypto,Crypto,0.028618207202586454
2021-10-06,TRX-USD,Crypto,Crypto,-0.006882702488654857
2021-10-07,TRX-USD,Crypto,Crypto,-7.331943280086684e-05
2021-10-08,TRX-USD,Crypto,Crypto,0.02257257439971938
2021-10-09,TRX-USD,Crypto,Crypto,0.05324056786745346
2021-10-10,TRX-USD,Crypto,Crypto,-0.0497910549288918
2021-10-11,TRX-USD,Crypto,Crypto,-0.005994962923169256
2021-10-12,TRX-USD,Crypto,Crypto,-0.017012831129350925
2021-10-13,TRX-USD,Crypto,Crypto,0.026008032919257795
2021-10-14,TRX-USD,Crypto,Crypto,-0.008510843421861147
2021-10-15,TRX-USD,Crypto,Crypto,0.013843300006288084
2021-10-16,TRX-USD,Crypto,Crypto,0.001888286218959756
2021-10-17,TRX-USD,Crypto,Crypto,0.0
2021-10-18,TRX-USD,Crypto,Crypto,-0.005573025048867808
2021-10-19,TRX-USD,Crypto,Crypto,0.025157894001637482
2021-10-20,TRX-USD,Crypto,Crypto,0.02440143159804875
2021-10-21,TRX-USD,Crypto,Crypto,-0.034366981141350506
2021-10-22,TRX-USD,Crypto,Crypto,0.0030545867575031416
2021-10-23,TRX-USD,Crypto,Crypto,0.009155931009471985
2021-10-24,TRX-USD,Crypto,Crypto,-0.014949382054440297
2021-10-25,TRX-USD,Crypto,Crypto,0.014853785152326493
2021-10-26,TRX-USD,Crypto,Crypto,0.004776204780436499
2021-10-27,TRX-USD,Crypto,Crypto,-0.10359825578561432
2021-10-28,TRX-USD,Crypto,Crypto,0.05140790644069537
2021-10-29,TRX-USD,Crypto,Crypto,0.04267632775740959
2021-10-30,TRX-USD,Crypto,Crypto,0.01697519128081515
2021-10-31,TRX-USD,Crypto,Crypto,0.003955415722760813
2021-11-01,TRX-USD,Crypto,Crypto,-0.009642743893744643
2021-11-02,TRX-USD,Crypto,Crypto,0.06809684598902543
2021-11-03,TRX-USD,Crypto,Crypto,-0.014265126614081414
2021-11-04,TRX-USD,Crypto,Crypto,-0.023010845967443405
2021-11-05,TRX-USD,Crypto,Crypto,0.0028232778073811193
2021-11-06,TRX-USD,Crypto,Crypto,-0.01084661806694076
2021-11-07,TRX-USD,Crypto,Crypto,0.019406556342245418
2021-11-08,TRX-USD,Crypto,Crypto,0.051422292584661466
2021-11-09,TRX-USD,Crypto,Crypto,0.040650020353704575
2021-11-10,TRX-USD,Crypto,Crypto,-0.06680761826160231
2021-11-11,TRX-USD,Crypto,Crypto,0.023064370411369106
2021-11-12,TRX-USD,Crypto,Crypto,-0.01260401648428422
2021-11-13,TRX-USD,Crypto,Crypto,0.044097762746861724
2021-11-14,TRX-USD,Crypto,Crypto,0.03831984185831683
2021-11-15,TRX-USD,Crypto,Crypto,0.0569061198324885
2021-11-16,TRX-USD,Crypto,Crypto,-0.11412440821286618
2021-11-17,TRX-USD,Crypto,Crypto,0.015763146978995612
2021-11-18,TRX-USD,Crypto,Crypto,-0.09698616636535295
2021-11-19,TRX-USD,Crypto,Crypto,0.03561501282106638
2021-11-20,TRX-USD,Crypto,Crypto,0.010585337487412527
2021-11-21,TRX-USD,Crypto,Crypto,0.01678193437098363
2021-11-22,TRX-USD,Crypto,Crypto,-0.047344164305530345
2021-11-23,TRX-USD,Crypto,Crypto,0.009919765227344612
2021-11-24,TRX-USD,Crypto,Crypto,-0.02073384021657243
2021-11-25,TRX-USD,Crypto,Crypto,-0.022245416111544958
2021-11-26,TRX-USD,Crypto,Crypto,-0.06633487725441456
2021-11-27,TRX-USD,Crypto,Crypto,0.01649196009346854
2021-11-28,TRX-USD,Crypto,Crypto,0.017797509908259235
2021-11-29,TRX-USD,Crypto,Crypto,0.016382220420699367
2021-11-30,TRX-USD,Crypto,Crypto,-0.0005276091021626517
2021-12-01,TRX-USD,Crypto,Crypto,0.0030017487000431053
2021-12-02,TRX-USD,Crypto,Crypto,0.005314747428396327
2021-12-03,TRX-USD,Crypto,Crypto,-0.03614435992235454
2021-12-04,TRX-USD,Crypto,Crypto,-0.07452017058238625
2021-12-05,TRX-USD,Crypto,Crypto,-0.029563706720621363
2021-12-06,TRX-USD,Crypto,Crypto,0.03625125051763467
2021-12-07,TRX-USD,Crypto,Crypto,0.03227098576677756
2021-12-08,TRX-USD,Crypto,Crypto,0.024965330289391963
2021-12-09,TRX-USD,Crypto,Crypto,-0.03975899497863222
2021-12-10,TRX-USD,Crypto,Crypto,-0.009427672947529997
2021-12-11,TRX-USD,Crypto,Crypto,0.041731095922581174
2021-12-12,TRX-USD,Crypto,Crypto,-0.005217537125017935
2021-12-13,TRX-USD,Crypto,Crypto,-0.0672291935614806
2021-12-14,TRX-USD,Crypto,Crypto,0.00682278216414689
2021-12-15,TRX-USD,Crypto,Crypto,0.023355784574288663
2021-12-16,TRX-USD,Crypto,Crypto,-0.024672286898229978
2021-12-17,TRX-USD,Crypto,Crypto,-0.06714505672425641
2021-12-18,TRX-USD,Crypto,Crypto,0.009336061470024415
2021-12-19,TRX-USD,Crypto,Crypto,-0.0113010583835218
2021-12-20,TRX-USD,Crypto,Crypto,-0.025299895566704977
2021-12-21,TRX-USD,Crypto,Crypto,0.017816166915919585
2021-12-22,TRX-USD,Crypto,Crypto,0.002851892718442439
2021-12-23,TRX-USD,Crypto,Crypto,0.044514580847883956
2021-12-24,TRX-USD,Crypto,Crypto,-0.02083677987987942
2021-12-25,TRX-USD,Crypto,Crypto,0.007142778880459222
2021-12-26,TRX-USD,Crypto,Crypto,0.0009570803099079317
2021-12-27,TRX-USD,Crypto,Crypto,-0.0070363856974348105
2021-12-28,TRX-USD,Crypto,Crypto,-0.04620874135753961
2021-12-29,TRX-USD,Crypto,Crypto,-0.010264113300442745
2021-12-30,TRX-USD,Crypto,Crypto,0.019067253897046443
2021-12-31,TRX-USD,Crypto,Crypto,-0.03242901515683183
2022-01-01,TRX-USD,Crypto,Crypto,0.016088163046535264
2022-01-02,TRX-USD,Crypto,Crypto,0.015298246910746771
2022-01-03,TRX-USD,Crypto,Crypto,-0.009012308085185827
2022-01-04,TRX-USD,Crypto,Crypto,-0.011429552380389896
2022-01-05,TRX-USD,Crypto,Crypto,-0.0632283443548799
2022-01-06,TRX-USD,Crypto,Crypto,-0.003782488390759342
2022-01-07,TRX-USD,Crypto,Crypto,-0.04199008621832212
2022-01-08,TRX-USD,Crypto,Crypto,-0.035287509445010135
2022-01-09,TRX-USD,Crypto,Crypto,0.008292429320836625
2022-01-10,TRX-USD,Crypto,Crypto,-0.0407744097674374
2022-01-11,TRX-USD,Crypto,Crypto,0.021537000896671765
2022-01-12,TRX-USD,Crypto,Crypto,0.04818735891181647
2022-01-13,TRX-USD,Crypto,Crypto,-0.02629919385992363
2022-01-14,TRX-USD,Crypto,Crypto,0.021019198289917718
2022-01-15,TRX-USD,Crypto,Crypto,0.012975478797182527
2022-01-16,TRX-USD,Crypto,Crypto,0.0193889663058624
2022-01-17,TRX-USD,Crypto,Crypto,0.013152424320458156
2022-01-18,TRX-USD,Crypto,Crypto,-0.03258839802933022
2022-01-19,TRX-USD,Crypto,Crypto,0.011622949376848268
2022-01-20,TRX-USD,Crypto,Crypto,-0.022271624386018818
2022-01-21,TRX-USD,Crypto,Crypto,-0.10082960829949272
2022-01-22,TRX-USD,Crypto,Crypto,-0.06931768925092785
2022-01-23,TRX-USD,Crypto,Crypto,0.015647652171993043
2022-01-24,TRX-USD,Crypto,Crypto,-0.0439442277349158
2022-01-25,TRX-USD,Crypto,Crypto,0.01511543472694954
2022-01-26,TRX-USD,Crypto,Crypto,0.0070156800886682635
2022-01-27,TRX-USD,Crypto,Crypto,0.002417032561712995
2022-01-28,TRX-USD,Crypto,Crypto,0.021098155848213063
2022-01-29,TRX-USD,Crypto,Crypto,0.04644662746831285
2022-01-30,TRX-USD,Crypto,Crypto,-0.025452977450706737
2022-01-31,TRX-USD,Crypto,Crypto,0.006929532176502162
2022-02-01,TRX-USD,Crypto,Crypto,0.012275739138590591
2022-02-02,TRX-USD,Crypto,Crypto,-0.020395166898199646
2022-02-03,TRX-USD,Crypto,Crypto,0.017273122608330693
2022-02-04,TRX-USD,Crypto,Crypto,0.0796192047614579
2022-02-05,TRX-USD,Crypto,Crypto,0.005433999280494817
2022-02-06,TRX-USD,Crypto,Crypto,0.022344378141895938
2022-02-07,TRX-USD,Crypto,Crypto,0.03558590185323718
2022-02-08,TRX-USD,Crypto,Crypto,-0.006023753357336181
2022-02-09,TRX-USD,Crypto,Crypto,0.024519821349621163
2022-02-10,TRX-USD,Crypto,Crypto,-0.016614196738434228
2022-02-11,TRX-USD,Crypto,Crypto,-0.06717155401687325
2022-02-12,TRX-USD,Crypto,Crypto,-0.008743450874711511
2022-02-13,TRX-USD,Crypto,Crypto,0.015373042459320585
2022-02-14,TRX-USD,Crypto,Crypto,0.0013185067587340171
2022-02-15,TRX-USD,Crypto,Crypto,0.035600822750766925
2022-02-16,TRX-USD,Crypto,Crypto,-0.005624688755704987
2022-02-17,TRX-USD,Crypto,Crypto,-0.06004127965125483
2022-02-18,TRX-USD,Crypto,Crypto,0.01067544916191987
2022-02-19,TRX-USD,Crypto,Crypto,0.006476944519858252
2022-02-20,TRX-USD,Crypto,Crypto,-0.023443901780256904
2022-02-21,TRX-USD,Crypto,Crypto,-0.03932910442318949
2022-02-22,TRX-USD,Crypto,Crypto,0.05096859422507216
2022-02-23,TRX-USD,Crypto,Crypto,-0.02709693221189402
2022-02-24,TRX-USD,Crypto,Crypto,0.0025424315001445486
2022-02-25,TRX-USD,Crypto,Crypto,-0.02658662949889079
2022-02-26,TRX-USD,Crypto,Crypto,0.0005714791636455274
2022-02-27,TRX-USD,Crypto,Crypto,-0.02481100863625274
2022-02-28,TRX-USD,Crypto,Crypto,0.06366592990373654
2022-03-01,TRX-USD,Crypto,Crypto,0.00608918362696631
2022-03-02,TRX-USD,Crypto,Crypto,-0.009883337401919934
2022-03-03,TRX-USD,Crypto,Crypto,-0.02514993429217882
2022-03-04,TRX-USD,Crypto,Crypto,-0.029567736118938925
2022-03-05,TRX-USD,Crypto,Crypto,0.03844236251168964
2022-03-06,TRX-USD,Crypto,Crypto,-0.02495533880795886
2022-03-07,TRX-USD,Crypto,Crypto,-0.004073287563012062
2022-03-08,TRX-USD,Crypto,Crypto,0.03176546314441797
2022-03-09,TRX-USD,Crypto,Crypto,0.004905564529407602
2022-03-10,TRX-USD,Crypto,Crypto,-0.015976113469347908
2022-03-11,TRX-USD,Crypto,Crypto,0.006647890773433529
2022-03-12,TRX-USD,Crypto,Crypto,-0.009822967276143846
2022-03-13,TRX-USD,Crypto,Crypto,-0.005228328611615041
2022-03-14,TRX-USD,Crypto,Crypto,0.013139519253493548
2022-03-15,TRX-USD,Crypto,Crypto,0.005952486398785428
2022-03-16,TRX-USD,Crypto,Crypto,0.009636150455887948
2022-03-17,TRX-USD,Crypto,Crypto,-0.004698449623229406
2022-03-18,TRX-USD,Crypto,Crypto,0.014671812069433576
2022-03-19,TRX-USD,Crypto,Crypto,0.003566288022324393
2022-03-20,TRX-USD,Crypto,Crypto,-0.007607934520964532
2022-03-21,TRX-USD,Crypto,Crypto,0.005599092124987104
2022-03-22,TRX-USD,Crypto,Crypto,0.0263184028874226
2022-03-23,TRX-USD,Crypto,Crypto,0.014635370657206437
2022-03-24,TRX-USD,Crypto,Crypto,0.019196107206087998
2022-03-25,TRX-USD,Crypto,Crypto,-0.01685200796155706
2022-03-26,TRX-USD,Crypto,Crypto,0.026308410998927556
2022-03-27,TRX-USD,Crypto,Crypto,0.04546417371040201
2022-03-28,TRX-USD,Crypto,Crypto,-0.001286644319591912
2022-03-29,TRX-USD,Crypto,Crypto,0.00435714597717074
2022-03-30,TRX-USD,Crypto,Crypto,0.0534000537354169
2022-03-31,TRX-USD,Crypto,Crypto,0.010795375251374306
2022-04-01,TRX-USD,Crypto,Crypto,0.013779882726676851
2022-04-02,TRX-USD,Crypto,Crypto,-0.02195102855591513
2022-04-03,TRX-USD,Crypto,Crypto,-0.001255969491374076
2022-04-04,TRX-USD,Crypto,Crypto,-0.03201291034688414
2022-04-05,TRX-USD,Crypto,Crypto,-0.019614271286932716
2022-04-06,TRX-USD,Crypto,Crypto,-0.08845261395438286
2022-04-07,TRX-USD,Crypto,Crypto,0.01807665859479224
2022-04-08,TRX-USD,Crypto,Crypto,-0.029660087922172562
2022-04-09,TRX-USD,Crypto,Crypto,0.023144958061807497
2022-04-10,TRX-USD,Crypto,Crypto,-0.022371193976358117
2022-04-11,TRX-USD,Crypto,Crypto,-0.06888948168933673
2022-04-12,TRX-USD,Crypto,Crypto,0.029694134895728475
2022-04-13,TRX-USD,Crypto,Crypto,0.02600240979486168
2022-04-14,TRX-USD,Crypto,Crypto,-0.02248230721766442
2022-04-15,TRX-USD,Crypto,Crypto,0.029219045171653413
2022-04-16,TRX-USD,Crypto,Crypto,0.0011472201445572594
2022-04-17,TRX-USD,Crypto,Crypto,-0.027776019147366715
2022-04-18,TRX-USD,Crypto,Crypto,0.021945936258505716
2022-04-19,TRX-USD,Crypto,Crypto,0.02935300758147208
2022-04-20,TRX-USD,Crypto,Crypto,-0.011456878448001029
2022-04-21,TRX-USD,Crypto,Crypto,0.14072024974347808
2022-04-22,TRX-USD,Crypto,Crypto,-0.06531199287316714
2022-04-23,TRX-USD,Crypto,Crypto,0.012906159273089246
2022-04-24,TRX-USD,Crypto,Crypto,-0.028897925991547724
2022-04-25,TRX-USD,Crypto,Crypto,-0.005571066021509918
2022-04-26,TRX-USD,Crypto,Crypto,-0.05221103125272997
2022-04-27,TRX-USD,Crypto,Crypto,0.021011010844192768
2022-04-28,TRX-USD,Crypto,Crypto,0.00839915341436126
2022-04-29,TRX-USD,Crypto,Crypto,-0.0034195629620894508
2022-04-30,TRX-USD,Crypto,Crypto,-0.012072276754349964
2022-05-01,TRX-USD,Crypto,Crypto,0.12967004113268477
2022-05-02,TRX-USD,Crypto,Crypto,-0.029856437671235914
2022-05-03,TRX-USD,Crypto,Crypto,0.05156355619800612
2022-05-04,TRX-USD,Crypto,Crypto,0.19233849711611373
2022-05-05,TRX-USD,Crypto,Crypto,-0.13523638482413614
2022-05-06,TRX-USD,Crypto,Crypto,0.15539323253314063
2022-05-07,TRX-USD,Crypto,Crypto,-0.033768529076889764
2022-05-08,TRX-USD,Crypto,Crypto,0.05118597692713589
2022-05-09,TRX-USD,Crypto,Crypto,-0.16296688493680667
2022-05-10,TRX-USD,Crypto,Crypto,0.05098079535304545
2022-05-11,TRX-USD,Crypto,Crypto,-0.0327930812694609
2022-05-12,TRX-USD,Crypto,Crypto,-0.09493369930780526
2022-05-13,TRX-USD,Crypto,Crypto,0.10094500986992139
2022-05-14,TRX-USD,Crypto,Crypto,-0.022989800595287435
2022-05-15,TRX-USD,Crypto,Crypto,-0.0019723728046652234
2022-05-16,TRX-USD,Crypto,Crypto,-0.04519196690680938
2022-05-17,TRX-USD,Crypto,Crypto,0.0463901327253351
2022-05-18,TRX-USD,Crypto,Crypto,-0.018245178141775065
2022-05-19,TRX-USD,Crypto,Crypto,0.037112234986278025
2022-05-20,TRX-USD,Crypto,Crypto,-0.03066248602282362
2022-05-21,TRX-USD,Crypto,Crypto,0.03810738480556042
2022-05-22,TRX-USD,Crypto,Crypto,0.05482649662671868
2022-05-23,TRX-USD,Crypto,Crypto,-0.023665327969644934
2022-05-24,TRX-USD,Crypto,Crypto,0.05669744980586322
2022-05-25,TRX-USD,Crypto,Crypto,0.04990882611965297
2022-05-26,TRX-USD,Crypto,Crypto,-0.026704473324138722
2022-05-27,TRX-USD,Crypto,Crypto,-0.02122126569601379
2022-05-28,TRX-USD,Crypto,Crypto,0.007851378748278126
2022-05-29,TRX-USD,Crypto,Crypto,-0.009205508854367439
2022-05-30,TRX-USD,Crypto,Crypto,0.0341833444126014
2022-05-31,TRX-USD,Crypto,Crypto,0.01119399178547087
2022-06-01,TRX-USD,Crypto,Crypto,-0.008516339710219367
2022-06-02,TRX-USD,Crypto,Crypto,0.00892491590494604
2022-06-03,TRX-USD,Crypto,Crypto,-0.036511993480355054
2022-06-04,TRX-USD,Crypto,Crypto,-0.009575553603478393
2022-06-05,TRX-USD,Crypto,Crypto,0.013177089958018584
2022-06-06,TRX-USD,Crypto,Crypto,0.0034263556344134027
2022-06-07,TRX-USD,Crypto,Crypto,0.0037697449969036345
2022-06-08,TRX-USD,Crypto,Crypto,-0.01677786409188775
2022-06-09,TRX-USD,Crypto,Crypto,0.004204042995810342
2022-06-10,TRX-USD,Crypto,Crypto,-0.025093907437285012
2022-06-11,TRX-USD,Crypto,Crypto,-0.03796357082751811
2022-06-12,TRX-USD,Crypto,Crypto,0.006267465900107849
2022-06-13,TRX-USD,Crypto,Crypto,-0.16525123860314017
2022-06-14,TRX-USD,Crypto,Crypto,-0.12552909351544672
2022-06-15,TRX-USD,Crypto,Crypto,0.1281145700750721
2022-06-16,TRX-USD,Crypto,Crypto,-0.061064917002141894
2022-06-17,TRX-USD,Crypto,Crypto,0.013267871448294333
2022-06-18,TRX-USD,Crypto,Crypto,0.01752013899189553
2022-06-19,TRX-USD,Crypto,Crypto,0.009388895965015687
2022-06-20,TRX-USD,Crypto,Crypto,-0.005577667473292913
2022-06-21,TRX-USD,Crypto,Crypto,0.060406880992289747
2022-06-22,TRX-USD,Crypto,Crypto,-0.026539834684573993
2022-06-23,TRX-USD,Crypto,Crypto,0.00985353309190895
2022-06-24,TRX-USD,Crypto,Crypto,0.0337897082016807
2022-06-25,TRX-USD,Crypto,Crypto,-0.014976910332770266
2022-06-26,TRX-USD,Crypto,Crypto,0.0007701480956912032
2022-06-27,TRX-USD,Crypto,Crypto,0.03244874600312864
2022-06-28,TRX-USD,Crypto,Crypto,-0.015416255334360307
2022-06-29,TRX-USD,Crypto,Crypto,-0.018292497182254785
2022-06-30,TRX-USD,Crypto,Crypto,-0.0011568339800731575
2022-07-01,TRX-USD,Crypto,Crypto,0.002918676202519954
2022-07-02,TRX-USD,Crypto,Crypto,-0.0027408509429555084
2022-07-03,TRX-USD,Crypto,Crypto,0.022851584856107054
2022-07-04,TRX-USD,Crypto,Crypto,0.01497448992215844
2022-07-05,TRX-USD,Crypto,Crypto,0.01421813341677991
2022-07-06,TRX-USD,Crypto,Crypto,-0.008915808026445093
2022-07-07,TRX-USD,Crypto,Crypto,0.015654201151573677
2022-07-08,TRX-USD,Crypto,Crypto,0.0055066392481604165
2022-07-09,TRX-USD,Crypto,Crypto,0.011749922495481346
2022-07-10,TRX-USD,Crypto,Crypto,-0.0313032556772892
2022-07-11,TRX-USD,Crypto,Crypto,-0.04329832708605952
2022-07-12,TRX-USD,Crypto,Crypto,-0.0011434093422714176
2022-07-13,TRX-USD,Crypto,Crypto,0.024735456794090505
2022-07-14,TRX-USD,Crypto,Crypto,0.009646287784761842
2022-07-15,TRX-USD,Crypto,Crypto,0.002825855682735856
2022-07-16,TRX-USD,Crypto,Crypto,0.027224929424934263
2022-07-17,TRX-USD,Crypto,Crypto,-0.021336190558892465
2022-07-18,TRX-USD,Crypto,Crypto,0.024485687630326103
2022-07-19,TRX-USD,Crypto,Crypto,0.0009264959728163547
2022-07-20,TRX-USD,Crypto,Crypto,-0.022229544954451952
2022-07-21,TRX-USD,Crypto,Crypto,0.0063159936476377965
2022-07-22,TRX-USD,Crypto,Crypto,-0.014375485976497848
2022-07-23,TRX-USD,Crypto,Crypto,-0.0014168035950877789
2022-07-24,TRX-USD,Crypto,Crypto,-0.0002239880895752444
2022-07-25,TRX-USD,Crypto,Crypto,-0.04614309156342877
2022-07-26,TRX-USD,Crypto,Crypto,0.02324014088837334
2022-07-27,TRX-USD,Crypto,Crypto,0.050903730273447634
2022-07-28,TRX-USD,Crypto,Crypto,0.015888785446275255
2022-07-29,TRX-USD,Crypto,Crypto,-0.006680486349147197
2022-07-30,TRX-USD,Crypto,Crypto,-0.00212151769483393
2022-07-31,TRX-USD,Crypto,Crypto,-0.0028924973298035672
2022-08-01,TRX-USD,Crypto,Crypto,0.014417661538122406
2022-08-02,TRX-USD,Crypto,Crypto,-0.022362928308254593
2022-08-03,TRX-USD,Crypto,Crypto,-0.00801493406956122
2022-08-04,TRX-USD,Crypto,Crypto,0.016498381853559563
2022-08-05,TRX-USD,Crypto,Crypto,0.01282205762636801
2022-08-06,TRX-USD,Crypto,Crypto,-0.005098293284917621
2022-08-07,TRX-USD,Crypto,Crypto,0.0023174746100917964
2022-08-08,TRX-USD,Crypto,Crypto,0.006850215755795919
2022-08-09,TRX-USD,Crypto,Crypto,-0.02333473786677054
2022-08-10,TRX-USD,Crypto,Crypto,0.02698830576387934
2022-08-11,TRX-USD,Crypto,Crypto,0.00012798699448723916
2022-08-12,TRX-USD,Crypto,Crypto,0.001706204254874777
2022-08-13,TRX-USD,Crypto,Crypto,-0.007764251531842015
2022-08-14,TRX-USD,Crypto,Crypto,0.007095445962613134
2022-08-15,TRX-USD,Crypto,Crypto,-0.02079548071484938
2022-08-16,TRX-USD,Crypto,Crypto,0.011314861723397573
2022-08-17,TRX-USD,Crypto,Crypto,-0.021472839461445625
2022-08-18,TRX-USD,Crypto,Crypto,-0.011375135031468808
2022-08-19,TRX-USD,Crypto,Crypto,-0.049834700353931005
2022-08-20,TRX-USD,Crypto,Crypto,0.026637786102449157
2022-08-21,TRX-USD,Crypto,Crypto,0.002948794174438385
2022-08-22,TRX-USD,Crypto,Crypto,-0.006410731239346323
2022-08-23,TRX-USD,Crypto,Crypto,0.010646739052612597
2022-08-24,TRX-USD,Crypto,Crypto,-0.021204997459799313
2022-08-25,TRX-USD,Crypto,Crypto,0.010007327310187941
2022-08-26,TRX-USD,Crypto,Crypto,-0.05883793833382811
2022-08-27,TRX-USD,Crypto,Crypto,0.020308838699607312
2022-08-28,TRX-USD,Crypto,Crypto,-0.022718585408351588
2022-08-29,TRX-USD,Crypto,Crypto,0.030746144050940893
2022-08-30,TRX-USD,Crypto,Crypto,0.021069783537932985
2022-08-31,TRX-USD,Crypto,Crypto,-0.019923992468344642
2022-09-01,TRX-USD,Crypto,Crypto,-0.0024760459126030865
2022-09-02,TRX-USD,Crypto,Crypto,-0.010387346569569966
2022-09-03,TRX-USD,Crypto,Crypto,0.008291662153363522
2022-09-04,TRX-USD,Crypto,Crypto,0.006464717582825408
2022-09-05,TRX-USD,Crypto,Crypto,-0.008894834443921806
2022-09-06,TRX-USD,Crypto,Crypto,-0.03478677350625359
2022-09-07,TRX-USD,Crypto,Crypto,0.017345513711815252
2022-09-08,TRX-USD,Crypto,Crypto,-0.009560146485464327
2022-09-09,TRX-USD,Crypto,Crypto,0.03573523740846629
2022-09-10,TRX-USD,Crypto,Crypto,0.019758443555117022
2022-09-11,TRX-USD,Crypto,Crypto,-0.008829541393357343
2022-09-12,TRX-USD,Crypto,Crypto,-0.004290319940932874
2022-09-13,TRX-USD,Crypto,Crypto,-0.04272751511817752
2022-09-14,TRX-USD,Crypto,Crypto,0.008380256669178632
2022-09-15,TRX-USD,Crypto,Crypto,-0.005762263502000153
2022-09-16,TRX-USD,Crypto,Crypto,0.0006367045549158235
2022-09-17,TRX-USD,Crypto,Crypto,0.01625009891845508
2022-09-18,TRX-USD,Crypto,Crypto,-0.02266890059680715
2022-09-19,TRX-USD,Crypto,Crypto,-0.008886943168517347
2022-09-20,TRX-USD,Crypto,Crypto,-0.009728975325037581
2022-09-21,TRX-USD,Crypto,Crypto,-0.009272323901975299
2022-09-22,TRX-USD,Crypto,Crypto,0.018008632976894257
2022-09-23,TRX-USD,Crypto,Crypto,0.0031031927022888706
2022-09-24,TRX-USD,Crypto,Crypto,-0.009529019818541928
2022-09-25,TRX-USD,Crypto,Crypto,-0.0024051894599252943
2022-09-26,TRX-USD,Crypto,Crypto,-0.002996910591782753
2022-09-27,TRX-USD,Crypto,Crypto,-0.0023175148633435283
2022-09-28,TRX-USD,Crypto,Crypto,0.0031139815961498396
2022-09-29,TRX-USD,Crypto,Crypto,0.024112776748687725
2022-09-30,TRX-USD,Crypto,Crypto,-0.00029493712229877733
2022-10-01,TRX-USD,Crypto,Crypto,-0.008834055700825516
2022-10-02,TRX-USD,Crypto,Crypto,0.006680451216283467
2022-10-03,TRX-USD,Crypto,Crypto,0.00845938724331452
2022-10-04,TRX-USD,Crypto,Crypto,0.01508295406292337
2022-10-05,TRX-USD,Crypto,Crypto,0.0017008890842660218
2022-10-06,TRX-USD,Crypto,Crypto,0.005734796285236543
2022-10-07,TRX-USD,Crypto,Crypto,-0.004539366771863729
2022-10-08,TRX-USD,Crypto,Crypto,-0.0068321127299196815
2022-10-09,TRX-USD,Crypto,Crypto,0.0057191294900844625
2022-10-10,TRX-USD,Crypto,Crypto,0.006487556108803139
2022-10-11,TRX-USD,Crypto,Crypto,-0.01917808349128114
2022-10-12,TRX-USD,Crypto,Crypto,0.00241777848489666
2022-10-13,TRX-USD,Crypto,Crypto,-0.012415825030035466
2022-10-14,TRX-USD,Crypto,Crypto,0.048058497235662356
2022-10-15,TRX-USD,Crypto,Crypto,-0.03312432649857566
2022-10-16,TRX-USD,Crypto,Crypto,-3.235819863056655e-05
2022-10-17,TRX-USD,Crypto,Crypto,0.013652347690393585
2022-10-18,TRX-USD,Crypto,Crypto,-0.00789917289222819
2022-10-19,TRX-USD,Crypto,Crypto,-0.006224836163922887
2022-10-20,TRX-USD,Crypto,Crypto,0.0069598283917247095
2022-10-21,TRX-USD,Crypto,Crypto,-0.008856673657611336
2022-10-22,TRX-USD,Crypto,Crypto,-0.0003567487160519578
2022-10-23,TRX-USD,Crypto,Crypto,0.0038935446958068276
2022-10-24,TRX-USD,Crypto,Crypto,-0.008322544158957945
2022-10-25,TRX-USD,Crypto,Crypto,0.017061847527843677
2022-10-26,TRX-USD,Crypto,Crypto,0.016343000791352535
2022-10-27,TRX-USD,Crypto,Crypto,-0.007141549166819305
2022-10-28,TRX-USD,Crypto,Crypto,0.009257061897588237
2022-10-29,TRX-USD,Crypto,Crypto,0.009722842661133324
2022-10-30,TRX-USD,Crypto,Crypto,-0.016266829686325646
2022-10-31,TRX-USD,Crypto,Crypto,0.0027243428994909724
2022-11-01,TRX-USD,Crypto,Crypto,-0.007787285384490805
2022-11-02,TRX-USD,Crypto,Crypto,-0.019963439196848398
2022-11-03,TRX-USD,Crypto,Crypto,0.0037036263805090286
2022-11-04,TRX-USD,Crypto,Crypto,0.03178563974080384
2022-11-05,TRX-USD,Crypto,Crypto,-0.002541025055794899
2022-11-06,TRX-USD,Crypto,Crypto,-0.0131780284568086
2022-11-07,TRX-USD,Crypto,Crypto,-0.007537490063893815
2022-11-08,TRX-USD,Crypto,Crypto,-0.056470747977050095
2022-11-09,TRX-USD,Crypto,Crypto,-0.08891654045217112
2022-11-10,TRX-USD,Crypto,Crypto,0.07818747065806719
2022-11-11,TRX-USD,Crypto,Crypto,-0.03211833521262886
2022-11-12,TRX-USD,Crypto,Crypto,-0.016484692870919915
2022-11-13,TRX-USD,Crypto,Crypto,-0.07385029145248967
2022-11-14,TRX-USD,Crypto,Crypto,-0.015267972964396526
2022-11-15,TRX-USD,Crypto,Crypto,0.01111469246989416
2022-11-16,TRX-USD,Crypto,Crypto,-0.009137404624488643
2022-11-17,TRX-USD,Crypto,Crypto,-0.0032265371738469106
2022-11-18,TRX-USD,Crypto,Crypto,0.012388603616120486
2022-11-19,TRX-USD,Crypto,Crypto,0.02952667138265208
2022-11-20,TRX-USD,Crypto,Crypto,-0.04075765615659899
2022-11-21,TRX-USD,Crypto,Crypto,0.02742029966118298
2022-11-22,TRX-USD,Crypto,Crypto,-0.015231095101136072
2022-11-23,TRX-USD,Crypto,Crypto,0.02196541532479568
2022-11-24,TRX-USD,Crypto,Crypto,0.022247119734995158
2022-11-25,TRX-USD,Crypto,Crypto,0.0012668861212645766
2022-11-26,TRX-USD,Crypto,Crypto,-0.0031536405205768725
2022-11-27,TRX-USD,Crypto,Crypto,0.008505684229216381
2022-11-28,TRX-USD,Crypto,Crypto,-0.0038694401071242
2022-11-29,TRX-USD,Crypto,Crypto,0.00531758817331518
2022-11-30,TRX-USD,Crypto,Crypto,0.024609430764192197
2022-12-01,TRX-USD,Crypto,Crypto,-0.00862241869779945
2022-12-02,TRX-USD,Crypto,Crypto,0.004930365263350556
2022-12-03,TRX-USD,Crypto,Crypto,-0.014387830777725319
2022-12-04,TRX-USD,Crypto,Crypto,-0.008277689769953356
2022-12-05,TRX-USD,Crypto,Crypto,0.0020866779521142576
2022-12-06,TRX-USD,Crypto,Crypto,0.0066972759430599105
2022-12-07,TRX-USD,Crypto,Crypto,-0.010305188214220218
2022-12-08,TRX-USD,Crypto,Crypto,0.02604076684764589
2022-12-09,TRX-USD,Crypto,Crypto,0.0029545546992206795
2022-12-10,TRX-USD,Crypto,Crypto,0.0025067475856639376
2022-12-11,TRX-USD,Crypto,Crypto,-0.015313057301952981
2022-12-12,TRX-USD,Crypto,Crypto,-0.00826674600916244
2022-12-13,TRX-USD,Crypto,Crypto,0.01734416634714564
2022-12-14,TRX-USD,Crypto,Crypto,0.02265170619228485
2022-12-15,TRX-USD,Crypto,Crypto,0.0019401410505497374
2022-12-16,TRX-USD,Crypto,Crypto,-0.05054322753452689
2022-12-17,TRX-USD,Crypto,Crypto,0.036181639113612274
2022-12-18,TRX-USD,Crypto,Crypto,-0.019737228909789573
2022-12-19,TRX-USD,Crypto,Crypto,-0.002900279985477816
2022-12-20,TRX-USD,Crypto,Crypto,0.025227534308138067
2022-12-21,TRX-USD,Crypto,Crypto,-0.002509836771517282
2022-12-22,TRX-USD,Crypto,Crypto,0.01285393977631677
2022-12-23,TRX-USD,Crypto,Crypto,-0.023689512816616465
2022-12-24,TRX-USD,Crypto,Crypto,0.009329642111524539
2022-12-25,TRX-USD,Crypto,Crypto,0.001315236642559503
2022-12-26,TRX-USD,Crypto,Crypto,-0.0047797947277633535
2022-12-27,TRX-USD,Crypto,Crypto,-0.008175671010812735
2022-12-28,TRX-USD,Crypto,Crypto,0.0007208084787291291
2022-12-29,TRX-USD,Crypto,Crypto,-0.002419426193155827
2022-12-30,TRX-USD,Crypto,Crypto,0.006664885887726957
2022-12-31,TRX-USD,Crypto,Crypto,0.0023172931538555375
2023-01-01,TRX-USD,Crypto,Crypto,0.005871604483253634
2023-01-02,TRX-USD,Crypto,Crypto,0.0061473404608105575
2023-01-03,TRX-USD,Crypto,Crypto,-0.0058741353391380535
2023-01-04,TRX-USD,Crypto,Crypto,-0.0018419578179974527
2023-01-05,TRX-USD,Crypto,Crypto,-0.019568052265690805
2023-01-06,TRX-USD,Crypto,Crypto,-0.02174762565764965
2023-01-07,TRX-USD,Crypto,Crypto,-0.009048664309506682
2023-01-08,TRX-USD,Crypto,Crypto,0.0345258406341451
2023-01-09,TRX-USD,Crypto,Crypto,0.015070137078777135
2023-01-10,TRX-USD,Crypto,Crypto,0.0028557876995038978
2023-01-11,TRX-USD,Crypto,Crypto,0.031105106677934202
2023-01-12,TRX-USD,Crypto,Crypto,0.011064678165608077
2023-01-13,TRX-USD,Crypto,Crypto,0.050778321577011454
2023-01-14,TRX-USD,Crypto,Crypto,0.0310609916891591
2023-01-15,TRX-USD,Crypto,Crypto,0.007773709944775886
2023-01-16,TRX-USD,Crypto,Crypto,0.0011867806318595076
2023-01-17,TRX-USD,Crypto,Crypto,-0.011276655695469207
2023-01-18,TRX-USD,Crypto,Crypto,-0.04411432680885485
2023-01-19,TRX-USD,Crypto,Crypto,0.01949054888225832
2023-01-20,TRX-USD,Crypto,Crypto,0.044519798419515366
2023-01-21,TRX-USD,Crypto,Crypto,-0.017491332301043716
2023-01-22,TRX-USD,Crypto,Crypto,-0.0008586054070899296
2023-01-23,TRX-USD,Crypto,Crypto,0.018547632608415965
2023-01-24,TRX-USD,Crypto,Crypto,-0.0416885279341932
2023-01-25,TRX-USD,Crypto,Crypto,0.0272074777079081
2023-01-26,TRX-USD,Crypto,Crypto,-0.0017948765058580785
2023-01-27,TRX-USD,Crypto,Crypto,0.029984993472549792
2023-01-28,TRX-USD,Crypto,Crypto,-0.0077066199568962546
2023-01-29,TRX-USD,Crypto,Crypto,0.011126626921262428
2023-01-30,TRX-USD,Crypto,Crypto,-0.02424994913741496
2023-01-31,TRX-USD,Crypto,Crypto,-0.00043377036335812136
2023-02-01,TRX-USD,Crypto,Crypto,0.01563807661021821
2023-02-02,TRX-USD,Crypto,Crypto,0.008988376160641964
2023-02-03,TRX-USD,Crypto,Crypto,0.005661697782517239
2023-02-04,TRX-USD,Crypto,Crypto,-0.004647404595860993
2023-02-05,TRX-USD,Crypto,Crypto,0.0040893910938568645
2023-02-06,TRX-USD,Crypto,Crypto,-0.013903410200011734
2023-02-07,TRX-USD,Crypto,Crypto,0.04082669211737433
2023-02-08,TRX-USD,Crypto,Crypto,0.016723876440481567
2023-02-09,TRX-USD,Crypto,Crypto,-0.06370183148322195
2023-02-10,TRX-USD,Crypto,Crypto,0.011323302049082162
2023-02-11,TRX-USD,Crypto,Crypto,0.007611774889696665
2023-02-12,TRX-USD,Crypto,Crypto,0.0005015319202004154
2023-02-13,TRX-USD,Crypto,Crypto,0.027617229904049356
2023-02-14,TRX-USD,Crypto,Crypto,0.017469453471521845
2023-02-15,TRX-USD,Crypto,Crypto,0.061052435587402254
2023-02-16,TRX-USD,Crypto,Crypto,-0.055619133224216855
2023-02-17,TRX-USD,Crypto,Crypto,0.05345230734954187
2023-02-18,TRX-USD,Crypto,Crypto,-0.004527536282151967
2023-02-19,TRX-USD,Crypto,Crypto,0.0035216522871883704
2023-02-20,TRX-USD,Crypto,Crypto,0.02209271492333742
2023-02-21,TRX-USD,Crypto,Crypto,-0.034375824325369786
2023-02-22,TRX-USD,Crypto,Crypto,-0.0004750258561432297
2023-02-23,TRX-USD,Crypto,Crypto,0.002304364052392982
2023-02-24,TRX-USD,Crypto,Crypto,-0.02503096914390912
2023-02-25,TRX-USD,Crypto,Crypto,-0.000265292154632335
2023-02-26,TRX-USD,Crypto,Crypto,0.024751648218880096
2023-02-27,TRX-USD,Crypto,Crypto,-0.001668725107522806
2023-02-28,TRX-USD,Crypto,Crypto,-0.005562195280637061
2023-03-01,TRX-USD,Crypto,Crypto,0.012563130904183595
2023-03-02,TRX-USD,Crypto,Crypto,-0.0032484737493850835
2023-03-03,TRX-USD,Crypto,Crypto,-0.03577842580317758
2023-03-04,TRX-USD,Crypto,Crypto,-0.007072721237622481
2023-03-05,TRX-USD,Crypto,Crypto,0.008577821104056582
2023-03-06,TRX-USD,Crypto,Crypto,0.002155878155053026
2023-03-07,TRX-USD,Crypto,Crypto,-0.016884047581753103
2023-03-08,TRX-USD,Crypto,Crypto,-0.015136610098711811
2023-03-09,TRX-USD,Crypto,Crypto,-0.1042445932201087
2023-03-10,TRX-USD,Crypto,Crypto,-0.017790799615420183
2023-03-11,TRX-USD,Crypto,Crypto,0.03230745384392253
2023-03-12,TRX-USD,Crypto,Crypto,0.09174652589269128
2023-03-13,TRX-USD,Crypto,Crypto,0.03878849941665319
2023-03-14,TRX-USD,Crypto,Crypto,-0.001294264006359458
2023-03-15,TRX-USD,Crypto,Crypto,-0.027110443786368288
2023-03-16,TRX-USD,Crypto,Crypto,0.0008268156577531105
2023-03-17,TRX-USD,Crypto,Crypto,0.03714416629337958
2023-03-18,TRX-USD,Crypto,Crypto,-0.028291215216658117
2023-03-19,TRX-USD,Crypto,Crypto,0.013540362147742346
2023-03-20,TRX-USD,Crypto,Crypto,-0.02483188517028745
2023-03-21,TRX-USD,Crypto,Crypto,0.03182268095502372
2023-03-22,TRX-USD,Crypto,Crypto,-0.10877755166543757
2023-03-23,TRX-USD,Crypto,Crypto,0.08998752097750629
2023-03-24,TRX-USD,Crypto,Crypto,-0.027887246827769552
2023-03-25,TRX-USD,Crypto,Crypto,0.004413414874033794
2023-03-26,TRX-USD,Crypto,Crypto,0.007736687449051427
2023-03-27,TRX-USD,Crypto,Crypto,-0.009904134227396777
2023-03-28,TRX-USD,Crypto,Crypto,0.009987387448830098
2023-03-29,TRX-USD,Crypto,Crypto,0.0019622241680996577
2023-03-30,TRX-USD,Crypto,Crypto,0.007444674741593049
2023-03-31,TRX-USD,Crypto,Crypto,0.012280124823089045
2023-04-01,TRX-USD,Crypto,Crypto,0.01868447557180053
2023-04-02,TRX-USD,Crypto,Crypto,-0.022889786979284454
2023-04-03,TRX-USD,Crypto,Crypto,0.006874721367533754
2023-04-04,TRX-USD,Crypto,Crypto,0.0003345685821407596
2023-04-05,TRX-USD,Crypto,Crypto,0.004955689869292401
2023-04-06,TRX-USD,Crypto,Crypto,-0.0001664600473345601
2023-04-07,TRX-USD,Crypto,Crypto,0.00022701851756457003
2023-04-08,TRX-USD,Crypto,Crypto,0.0006049447925895457
2023-04-09,TRX-USD,Crypto,Crypto,0.007543159882891004
2023-04-10,TRX-USD,Crypto,Crypto,0.010262265981658691
2023-04-11,TRX-USD,Crypto,Crypto,-0.013425230022953927
2023-04-12,TRX-USD,Crypto,Crypto,-0.021164485206505934
2023-04-13,TRX-USD,Crypto,Crypto,0.004352149183020959
2023-04-14,TRX-USD,Crypto,Crypto,0.014530850392202366
2023-04-15,TRX-USD,Crypto,Crypto,-0.0038787819360804887
2023-04-16,TRX-USD,Crypto,Crypto,0.008348362206530568
2023-04-17,TRX-USD,Crypto,Crypto,-0.01153982476044113
2023-04-18,TRX-USD,Crypto,Crypto,0.014866843976229838
2023-04-19,TRX-USD,Crypto,Crypto,-0.013675467968596866
2023-04-20,TRX-USD,Crypto,Crypto,-0.0066212172453749
2023-04-21,TRX-USD,Crypto,Crypto,-0.0062983622003046635
2023-04-22,TRX-USD,Crypto,Crypto,0.016522725582044595
2023-04-23,TRX-USD,Crypto,Crypto,0.009110851112868135
2023-04-24,TRX-USD,Crypto,Crypto,-0.00805364927840202
2023-04-25,TRX-USD,Crypto,Crypto,-0.00418816331031957
2023-04-26,TRX-USD,Crypto,Crypto,-0.010324455411787059
2023-04-27,TRX-USD,Crypto,Crypto,0.009373606223726183
2023-04-28,TRX-USD,Crypto,Crypto,0.013922306004232166
2023-04-29,TRX-USD,Crypto,Crypto,0.01939730825310093
2023-04-30,TRX-USD,Crypto,Crypto,-0.009720025830082801
2023-05-01,TRX-USD,Crypto,Crypto,0.017240124160491588
2023-05-02,TRX-USD,Crypto,Crypto,0.01083153306271356
2023-05-03,TRX-USD,Crypto,Crypto,-1.4417840420555272e-05
2023-05-04,TRX-USD,Crypto,Crypto,0.0030182139761028015
2023-05-05,TRX-USD,Crypto,Crypto,0.022302503401109508
2023-05-06,TRX-USD,Crypto,Crypto,-0.009520705496124271
2023-05-07,TRX-USD,Crypto,Crypto,-0.014005951819712203
2023-05-08,TRX-USD,Crypto,Crypto,-0.013022452311321708
2023-05-09,TRX-USD,Crypto,Crypto,0.009380640204090573
2023-05-10,TRX-USD,Crypto,Crypto,0.004733552310503875
2023-05-11,TRX-USD,Crypto,Crypto,-0.024536099162453695
2023-05-12,TRX-USD,Crypto,Crypto,0.020545027511741587
2023-05-13,TRX-USD,Crypto,Crypto,0.004110241335152365
2023-05-14,TRX-USD,Crypto,Crypto,0.00030272681798781953
2023-05-15,TRX-USD,Crypto,Crypto,0.012117968683322156
2023-05-16,TRX-USD,Crypto,Crypto,0.004512967183376793
2023-05-17,TRX-USD,Crypto,Crypto,0.006987024339012882
2023-05-18,TRX-USD,Crypto,Crypto,-0.010921583090038434
2023-05-19,TRX-USD,Crypto,Crypto,0.005677627425380027
2023-05-20,TRX-USD,Crypto,Crypto,0.027944816261884275
2023-05-21,TRX-USD,Crypto,Crypto,0.034053716788511545
2023-05-22,TRX-USD,Crypto,Crypto,0.040519596749887254
2023-05-23,TRX-USD,Crypto,Crypto,0.004004277354753949
2023-05-24,TRX-USD,Crypto,Crypto,-0.020170518141001348
2023-05-25,TRX-USD,Crypto,Crypto,-0.0011054081091359524
2023-05-26,TRX-USD,Crypto,Crypto,-0.01723663986786772
2023-05-27,TRX-USD,Crypto,Crypto,0.022519823899852742
2023-05-28,TRX-USD,Crypto,Crypto,0.0033554591775470932
2023-05-29,TRX-USD,Crypto,Crypto,-0.016630567215926706
2023-05-30,TRX-USD,Crypto,Crypto,0.003177551368995335
2023-05-31,TRX-USD,Crypto,Crypto,-0.014659316009756895
2023-06-01,TRX-USD,Crypto,Crypto,-0.006761261850171119
2023-06-02,TRX-USD,Crypto,Crypto,0.10673642184398302
2023-06-03,TRX-USD,Crypto,Crypto,-0.011117259356081322
2023-06-04,TRX-USD,Crypto,Crypto,-0.004350314387648324
2023-06-05,TRX-USD,Crypto,Crypto,-0.038427577993436546
2023-06-06,TRX-USD,Crypto,Crypto,-0.0014422442332102658
2023-06-07,TRX-USD,Crypto,Crypto,-0.019083767364831195
2023-06-08,TRX-USD,Crypto,Crypto,0.009825239856726231
2023-06-09,TRX-USD,Crypto,Crypto,-0.0711142739931141
2023-06-10,TRX-USD,Crypto,Crypto,-0.033104594521219166
2023-06-11,TRX-USD,Crypto,Crypto,0.00827569920982163
2023-06-12,TRX-USD,Crypto,Crypto,0.012197795582693072
2023-06-13,TRX-USD,Crypto,Crypto,0.01247308548201942
2023-06-14,TRX-USD,Crypto,Crypto,-0.013264952518982853
2023-06-15,TRX-USD,Crypto,Crypto,-0.00019727529121205123
2023-06-16,TRX-USD,Crypto,Crypto,-0.0061450934706530624
2023-06-17,TRX-USD,Crypto,Crypto,0.01527339980514264
2023-06-18,TRX-USD,Crypto,Crypto,-0.020547062748805356
2023-06-19,TRX-USD,Crypto,Crypto,-0.002167671591750575
2023-06-20,TRX-USD,Crypto,Crypto,0.008889712365350855
2023-06-21,TRX-USD,Crypto,Crypto,0.025399796761096383
2023-06-22,TRX-USD,Crypto,Crypto,-0.006189260228491089
2023-06-23,TRX-USD,Crypto,Crypto,0.016903940575982546
2023-06-24,TRX-USD,Crypto,Crypto,-0.012371496273029026
2023-06-25,TRX-USD,Crypto,Crypto,0.013246290436419006
2023-06-26,TRX-USD,Crypto,Crypto,0.00777270865192059
2023-06-27,TRX-USD,Crypto,Crypto,0.008675327046700598
2023-06-28,TRX-USD,Crypto,Crypto,-0.008990398440297254
2023-06-29,TRX-USD,Crypto,Crypto,0.009532972739668466
2023-06-30,TRX-USD,Crypto,Crypto,0.023614138639628246
2023-07-01,TRX-USD,Crypto,Crypto,0.013227432528273741
2023-07-02,TRX-USD,Crypto,Crypto,-0.01589109239065778
2023-07-03,TRX-USD,Crypto,Crypto,0.017819091669617926
2023-07-04,TRX-USD,Crypto,Crypto,-0.003491098945233251
2023-07-05,TRX-USD,Crypto,Crypto,2.6005011523499988e-05
2023-07-06,TRX-USD,Crypto,Crypto,0.0015959314912403766
2023-07-07,TRX-USD,Crypto,Crypto,0.020674865538236054
2023-07-08,TRX-USD,Crypto,Crypto,0.01600440807027881
2023-07-09,TRX-USD,Crypto,Crypto,-0.03145462407479693
2023-07-10,TRX-USD,Crypto,Crypto,0.0006836153430804792
2023-07-11,TRX-USD,Crypto,Crypto,-0.0030675415139369555
2023-07-12,TRX-USD,Crypto,Crypto,0.006490035694859175
2023-07-13,TRX-USD,Crypto,Crypto,0.04870846773236526
2023-07-14,TRX-USD,Crypto,Crypto,-0.02164303174557114
2023-07-15,TRX-USD,Crypto,Crypto,0.012106307613022338
2023-07-16,TRX-USD,Crypto,Crypto,-0.012666530513989915
2023-07-17,TRX-USD,Crypto,Crypto,0.0017539233416954403
2023-07-18,TRX-USD,Crypto,Crypto,-0.002251135980857133
2023-07-19,TRX-USD,Crypto,Crypto,0.006192147075446908
2023-07-20,TRX-USD,Crypto,Crypto,0.005119982624934405
2023-07-21,TRX-USD,Crypto,Crypto,-0.0015120198374343197
2023-07-22,TRX-USD,Crypto,Crypto,0.04039120494515358
2023-07-23,TRX-USD,Crypto,Crypto,-0.005404728864413122
2023-07-24,TRX-USD,Crypto,Crypto,-0.02256391932212165
2023-07-25,TRX-USD,Crypto,Crypto,0.004995003350758642
2023-07-26,TRX-USD,Crypto,Crypto,0.005580679242096931
2023-07-27,TRX-USD,Crypto,Crypto,0.0025137770053689223
2023-07-28,TRX-USD,Crypto,Crypto,0.032209616612738134
2023-07-29,TRX-USD,Crypto,Crypto,-0.02264937337812034
2023-07-30,TRX-USD,Crypto,Crypto,-0.0390960895143202
2023-07-31,TRX-USD,Crypto,Crypto,-0.025604166798561145
2023-08-01,TRX-USD,Crypto,Crypto,0.007912557128410214
2023-08-02,TRX-USD,Crypto,Crypto,-0.027215844821944057
2023-08-03,TRX-USD,Crypto,Crypto,0.008384059586716175
2023-08-04,TRX-USD,Crypto,Crypto,-0.005084536102400117
2023-08-05,TRX-USD,Crypto,Crypto,0.008852129428966515
2023-08-06,TRX-USD,Crypto,Crypto,-0.0069136168578022295
2023-08-07,TRX-USD,Crypto,Crypto,-0.0013663469701088449
2023-08-08,TRX-USD,Crypto,Crypto,0.0006385268892439289
2023-08-09,TRX-USD,Crypto,Crypto,-0.0010418316055500476
2023-08-10,TRX-USD,Crypto,Crypto,0.007078498578589443
2023-08-11,TRX-USD,Crypto,Crypto,-0.0012815133121438782
2023-08-12,TRX-USD,Crypto,Crypto,0.003797521037441909
2023-08-13,TRX-USD,Crypto,Crypto,-0.0044028737197365775
2023-08-14,TRX-USD,Crypto,Crypto,0.004240785887997145
2023-08-15,TRX-USD,Crypto,Crypto,-0.014954465200636924
2023-08-16,TRX-USD,Crypto,Crypto,-0.02197255523345709
2023-08-17,TRX-USD,Crypto,Crypto,-0.024919260660653864
2023-08-18,TRX-USD,Crypto,Crypto,0.0035330390465648787
2023-08-19,TRX-USD,Crypto,Crypto,0.014753576327650508
2023-08-20,TRX-USD,Crypto,Crypto,0.0246504032462469
2023-08-21,TRX-USD,Crypto,Crypto,-0.010263272432576964
2023-08-22,TRX-USD,Crypto,Crypto,0.0040999369423568854
2023-08-23,TRX-USD,Crypto,Crypto,0.028728261072480166
2023-08-24,TRX-USD,Crypto,Crypto,-0.013621472128684808
2023-08-25,TRX-USD,Crypto,Crypto,0.008635902549546826
2023-08-26,TRX-USD,Crypto,Crypto,0.002979189967223128
2023-08-27,TRX-USD,Crypto,Crypto,0.001071901394309016
2023-08-28,TRX-USD,Crypto,Crypto,-0.014603580373373948
2023-08-29,TRX-USD,Crypto,Crypto,0.012437337549245475
2023-08-30,TRX-USD,Crypto,Crypto,-0.022060492549708766
2023-08-31,TRX-USD,Crypto,Crypto,0.014373206243170289
2023-09-01,TRX-USD,Crypto,Crypto,-0.00809498174066825
2023-09-02,TRX-USD,Crypto,Crypto,0.012340118456520832
2023-09-03,TRX-USD,Crypto,Crypto,0.00011683847467747199
2023-09-04,TRX-USD,Crypto,Crypto,0.005049288857890355
2023-09-05,TRX-USD,Crypto,Crypto,-0.00015501594951505826
2023-09-06,TRX-USD,Crypto,Crypto,0.018626162896112186
2023-09-07,TRX-USD,Crypto,Crypto,0.0022951680821132747
2023-09-08,TRX-USD,Crypto,Crypto,0.0010628066409248405
2023-09-09,TRX-USD,Crypto,Crypto,0.0003032962968472219
2023-09-10,TRX-USD,Crypto,Crypto,-0.010372864143842198
2023-09-11,TRX-USD,Crypto,Crypto,-0.010507080467755836
2023-09-12,TRX-USD,Crypto,Crypto,0.04230695469233736
2023-09-13,TRX-USD,Crypto,Crypto,0.004939108492438837
2023-09-14,TRX-USD,Crypto,Crypto,0.03093014646026071
2023-09-15,TRX-USD,Crypto,Crypto,0.004146006589918594
2023-09-16,TRX-USD,Crypto,Crypto,-0.0062112847470946475
2023-09-17,TRX-USD,Crypto,Crypto,-0.0016642684524962315
2023-09-18,TRX-USD,Crypto,Crypto,0.00797555265919958
2023-09-19,TRX-USD,Crypto,Crypto,0.006460804467671055
2023-09-20,TRX-USD,Crypto,Crypto,-0.000933920973356539
2023-09-21,TRX-USD,Crypto,Crypto,-0.01700411704329674
2023-09-22,TRX-USD,Crypto,Crypto,0.0036234045024388095
2023-09-23,TRX-USD,Crypto,Crypto,0.0031425000681404303
2023-09-24,TRX-USD,Crypto,Crypto,-0.00027500378609035536
2023-09-25,TRX-USD,Crypto,Crypto,0.011912178106047389
2023-09-26,TRX-USD,Crypto,Crypto,0.0004727060678797468
2023-09-27,TRX-USD,Crypto,Crypto,0.009061053252710893
2023-09-28,TRX-USD,Crypto,Crypto,0.015325176874423141
2023-09-29,TRX-USD,Crypto,Crypto,0.027858491543482522
2023-09-30,TRX-USD,Crypto,Crypto,-0.00511552495752321
2023-10-01,TRX-USD,Crypto,Crypto,0.016169752662466896
2023-10-02,TRX-USD,Crypto,Crypto,-0.028318374381471112
2023-10-03,TRX-USD,Crypto,Crypto,0.03759443405930951
2023-10-04,TRX-USD,Crypto,Crypto,-0.020460437332315173
2023-10-05,TRX-USD,Crypto,Crypto,-0.008123735270706867
2023-10-06,TRX-USD,Crypto,Crypto,-0.011441396518831026
2023-10-07,TRX-USD,Crypto,Crypto,0.00988931278027394
2023-10-08,TRX-USD,Crypto,Crypto,-0.0011914470116770604
2023-10-09,TRX-USD,Crypto,Crypto,-0.020732952492390377
2023-10-10,TRX-USD,Crypto,Crypto,0.0008816334489656352
2023-10-11,TRX-USD,Crypto,Crypto,-0.0028861015814489743
2023-10-12,TRX-USD,Crypto,Crypto,-0.013472641335073088
2023-10-13,TRX-USD,Crypto,Crypto,0.007234877429359576
2023-10-14,TRX-USD,Crypto,Crypto,-0.004936779758784593
2023-10-15,TRX-USD,Crypto,Crypto,0.01909257765959338
2023-10-16,TRX-USD,Crypto,Crypto,0.02573747925869796
2023-10-17,TRX-USD,Crypto,Crypto,-0.00393637083133791
2023-10-18,TRX-USD,Crypto,Crypto,0.007328008181135104
2023-10-19,TRX-USD,Crypto,Crypto,0.008474134635090724
2023-10-20,TRX-USD,Crypto,Crypto,0.008802995502853461
2023-10-21,TRX-USD,Crypto,Crypto,0.009233085434874333
2023-10-22,TRX-USD,Crypto,Crypto,-0.013297153700807085
2023-10-23,TRX-USD,Crypto,Crypto,0.02054641055461448
2023-10-24,TRX-USD,Crypto,Crypto,0.0012467714999424562
2023-10-25,TRX-USD,Crypto,Crypto,0.012311412046878578
2023-10-26,TRX-USD,Crypto,Crypto,-0.00693121581381595
2023-10-27,TRX-USD,Crypto,Crypto,0.008465985428826928
2023-10-28,TRX-USD,Crypto,Crypto,0.007519175728365024
2023-10-29,TRX-USD,Crypto,Crypto,0.005798660724757987
2023-10-30,TRX-USD,Crypto,Crypto,0.007715060037171595
2023-10-31,TRX-USD,Crypto,Crypto,0.016337025492159096
2023-11-01,TRX-USD,Crypto,Crypto,0.03172697780666489
2023-11-02,TRX-USD,Crypto,Crypto,-0.00958551762233617
2023-11-03,TRX-USD,Crypto,Crypto,-0.01996068326391487
2023-11-04,TRX-USD,Crypto,Crypto,0.004778376756069402
2023-11-05,TRX-USD,Crypto,Crypto,0.004520426308722625
2023-11-06,TRX-USD,Crypto,Crypto,-0.005070218044408437
2023-11-07,TRX-USD,Crypto,Crypto,-0.010755011522164626
2023-11-08,TRX-USD,Crypto,Crypto,0.01800953251346704
2023-11-09,TRX-USD,Crypto,Crypto,0.004989236207980641
2023-11-10,TRX-USD,Crypto,Crypto,0.07416357151767872
2023-11-11,TRX-USD,Crypto,Crypto,0.016481844513470456
2023-11-12,TRX-USD,Crypto,Crypto,0.003907813681735872
2023-11-13,TRX-USD,Crypto,Crypto,-0.011613204553079903
2023-11-14,TRX-USD,Crypto,Crypto,-0.045514792481388455
2023-11-15,TRX-USD,Crypto,Crypto,0.017892976515536674
2023-11-16,TRX-USD,Crypto,Crypto,-0.01641618245587817
2023-11-17,TRX-USD,Crypto,Crypto,0.012481010827193773
2023-11-18,TRX-USD,Crypto,Crypto,-0.006443314064524697
2023-11-19,TRX-USD,Crypto,Crypto,0.004786176809631559
2023-11-20,TRX-USD,Crypto,Crypto,-0.022976084269686003
2023-11-21,TRX-USD,Crypto,Crypto,-0.04820961270111013
2023-11-22,TRX-USD,Crypto,Crypto,0.05185672707809985
2023-11-23,TRX-USD,Crypto,Crypto,0.00836654940461301
2023-11-24,TRX-USD,Crypto,Crypto,0.025831656325085328
2023-11-25,TRX-USD,Crypto,Crypto,0.03905612178651441
2023-11-26,TRX-USD,Crypto,Crypto,-0.008795041756351596
2023-11-27,TRX-USD,Crypto,Crypto,-0.05335916842308941
2023-11-28,TRX-USD,Crypto,Crypto,0.009245888786336032
2023-11-29,TRX-USD,Crypto,Crypto,0.004862042095278962
2023-11-30,TRX-USD,Crypto,Crypto,-0.00028005157784449786
2023-12-01,TRX-USD,Crypto,Crypto,-0.0032651846742098867
2023-12-02,TRX-USD,Crypto,Crypto,0.0010563840758026632
2023-12-03,TRX-USD,Crypto,Crypto,-0.0012005500759875165
2023-12-04,TRX-USD,Crypto,Crypto,0.006649781611072436
2023-12-05,TRX-USD,Crypto,Crypto,-0.001954837492788686
2023-12-06,TRX-USD,Crypto,Crypto,0.011124508985553616
2023-12-07,TRX-USD,Crypto,Crypto,-0.005458081187144748
2023-12-08,TRX-USD,Crypto,Crypto,0.02389038169124169
2023-12-09,TRX-USD,Crypto,Crypto,-0.00038420241763370555
2023-12-10,TRX-USD,Crypto,Crypto,0.010761662716770592
2023-12-11,TRX-USD,Crypto,Crypto,-0.037431734278585926
2023-12-12,TRX-USD,Crypto,Crypto,-0.0015512501565858594
2023-12-13,TRX-USD,Crypto,Crypto,0.006504177389767385
2023-12-14,TRX-USD,Crypto,Crypto,0.016155330390389633
2023-12-15,TRX-USD,Crypto,Crypto,-0.04172289956334829
2023-12-16,TRX-USD,Crypto,Crypto,0.011746422180008098
2023-12-17,TRX-USD,Crypto,Crypto,-0.006277046656472551
2023-12-18,TRX-USD,Crypto,Crypto,-0.011742120053650051
2023-12-19,TRX-USD,Crypto,Crypto,-0.0033494093661934343
2023-12-20,TRX-USD,Crypto,Crypto,0.02111874420967652
2023-12-21,TRX-USD,Crypto,Crypto,0.019201978657406693
2023-12-22,TRX-USD,Crypto,Crypto,0.004385215007648435
2023-12-23,TRX-USD,Crypto,Crypto,0.01566642400491669
2023-12-24,TRX-USD,Crypto,Crypto,-0.003615041609821068
2023-12-25,TRX-USD,Crypto,Crypto,-0.004295481386364042
2023-12-26,TRX-USD,Crypto,Crypto,-0.027035985924126038
2023-12-27,TRX-USD,Crypto,Crypto,0.022703202696432223
2023-12-28,TRX-USD,Crypto,Crypto,0.0018120188106156565
2023-12-29,TRX-USD,Crypto,Crypto,0.000842776379853083
2023-12-30,TRX-USD,Crypto,Crypto,0.002800708929227458
2023-12-31,TRX-USD,Crypto,Crypto,0.0159267450850491
2020-01-02,XLM-USD,Crypto,Crypto,-0.02946029149242746
2020-01-03,XLM-USD,Crypto,Crypto,0.025435206239219355
2020-01-04,XLM-USD,Crypto,Crypto,0.022947341009514677
2020-01-05,XLM-USD,Crypto,Crypto,-0.019731109580554573
2020-01-06,XLM-USD,Crypto,Crypto,0.08300443398157231
2020-01-07,XLM-USD,Crypto,Crypto,0.014534653792710905
2020-01-08,XLM-USD,Crypto,Crypto,-0.022492866425489755
2020-01-09,XLM-USD,Crypto,Crypto,-0.046369874064892236
2020-01-10,XLM-USD,Crypto,Crypto,-0.0012053589398871578
2020-01-11,XLM-USD,Crypto,Crypto,0.02467569293434413
2020-01-12,XLM-USD,Crypto,Crypto,0.016236551970371993
2020-01-13,XLM-USD,Crypto,Crypto,-0.0040770876570762615
2020-01-14,XLM-USD,Crypto,Crypto,0.08297661858181482
2020-01-15,XLM-USD,Crypto,Crypto,0.05130957372786504
2020-01-16,XLM-USD,Crypto,Crypto,-0.01900014346607226
2020-01-17,XLM-USD,Crypto,Crypto,0.11728807629179339
2020-01-18,XLM-USD,Crypto,Crypto,0.018367395806697218
2020-01-19,XLM-USD,Crypto,Crypto,-0.018166904947987228
2020-01-20,XLM-USD,Crypto,Crypto,0.03330884922693911
2020-01-21,XLM-USD,Crypto,Crypto,0.006060231612383005
2020-01-22,XLM-USD,Crypto,Crypto,-0.04054789340560949
2020-01-23,XLM-USD,Crypto,Crypto,-0.010870079746429728
2020-01-24,XLM-USD,Crypto,Crypto,-0.032664867264762365
2020-01-25,XLM-USD,Crypto,Crypto,-0.022058154782843564
2020-01-26,XLM-USD,Crypto,Crypto,0.04520066170949599
2020-01-27,XLM-USD,Crypto,Crypto,0.018319317383759026
2020-01-28,XLM-USD,Crypto,Crypto,0.011031905710340073
2020-01-29,XLM-USD,Crypto,Crypto,0.023813120067054383
2020-01-30,XLM-USD,Crypto,Crypto,-0.008616939773559706
2020-01-31,XLM-USD,Crypto,Crypto,0.00566927989427235
2020-02-01,XLM-USD,Crypto,Crypto,-0.017610551321662893
2020-02-02,XLM-USD,Crypto,Crypto,0.04790808346720232
2020-02-03,XLM-USD,Crypto,Crypto,0.01095206041170016
2020-02-04,XLM-USD,Crypto,Crypto,0.03481050862037072
2020-02-05,XLM-USD,Crypto,Crypto,0.03683761608833658
2020-02-06,XLM-USD,Crypto,Crypto,0.026290198778626372
2020-02-07,XLM-USD,Crypto,Crypto,0.015381318351336715
2020-02-08,XLM-USD,Crypto,Crypto,-0.010778350303666362
2020-02-09,XLM-USD,Crypto,Crypto,0.02777576521896674
2020-02-10,XLM-USD,Crypto,Crypto,-0.026997701728967316
2020-02-11,XLM-USD,Crypto,Crypto,0.040731032827875824
2020-02-12,XLM-USD,Crypto,Crypto,0.08542065153002087
2020-02-13,XLM-USD,Crypto,Crypto,0.03267113087134654
2020-02-14,XLM-USD,Crypto,Crypto,0.03800134237552877
2020-02-15,XLM-USD,Crypto,Crypto,-0.07634387648341201
2020-02-16,XLM-USD,Crypto,Crypto,-0.05258307041092991
2020-02-17,XLM-USD,Crypto,Crypto,-0.042994728654045855
2020-02-18,XLM-USD,Crypto,Crypto,0.038844308157115925
2020-02-19,XLM-USD,Crypto,Crypto,-0.05254414929508855
2020-02-20,XLM-USD,Crypto,Crypto,0.006348901660977901
2020-02-21,XLM-USD,Crypto,Crypto,0.011016064356671462
2020-02-22,XLM-USD,Crypto,Crypto,-0.03562047133339019
2020-02-23,XLM-USD,Crypto,Crypto,0.06132013681838844
2020-02-24,XLM-USD,Crypto,Crypto,-0.057912997820317
2020-02-25,XLM-USD,Crypto,Crypto,-0.058446250042686776
2020-02-26,XLM-USD,Crypto,Crypto,-0.09218521054320183
2020-02-27,XLM-USD,Crypto,Crypto,0.011938668617204495
2020-02-28,XLM-USD,Crypto,Crypto,-0.02842812873236711
2020-02-29,XLM-USD,Crypto,Crypto,-0.01456131375570413
2020-03-01,XLM-USD,Crypto,Crypto,-0.020955211191846512
2020-03-02,XLM-USD,Crypto,Crypto,0.05251373324995168
2020-03-03,XLM-USD,Crypto,Crypto,-0.01442422099302898
2020-03-04,XLM-USD,Crypto,Crypto,0.004130110383556929
2020-03-05,XLM-USD,Crypto,Crypto,0.019882901284736576
2020-03-06,XLM-USD,Crypto,Crypto,0.023812732815058357
2020-03-07,XLM-USD,Crypto,Crypto,-0.04530817778562579
2020-03-08,XLM-USD,Crypto,Crypto,-0.13122978711652566
2020-03-09,XLM-USD,Crypto,Crypto,0.023175146270719704
2020-03-10,XLM-USD,Crypto,Crypto,0.0013289642968381532
2020-03-11,XLM-USD,Crypto,Crypto,-0.030814239151612077
2020-03-12,XLM-USD,Crypto,Crypto,-0.33631689758212857
2020-03-13,XLM-USD,Crypto,Crypto,0.1821117887877015
2020-03-14,XLM-USD,Crypto,Crypto,-0.056512628442932145
2020-03-15,XLM-USD,Crypto,Crypto,0.026409638910421807
2020-03-16,XLM-USD,Crypto,Crypto,-0.08152656135324121
2020-03-17,XLM-USD,Crypto,Crypto,0.04718291407527442
2020-03-18,XLM-USD,Crypto,Crypto,-0.02284082639124474
2020-03-19,XLM-USD,Crypto,Crypto,0.15328391198254643
2020-03-20,XLM-USD,Crypto,Crypto,-0.037957308464787065
2020-03-21,XLM-USD,Crypto,Crypto,-0.007590375781273639
2020-03-22,XLM-USD,Crypto,Crypto,-0.061035951552795176
2020-03-23,XLM-USD,Crypto,Crypto,0.05543309729879886
2020-03-24,XLM-USD,Crypto,Crypto,0.026617417430639057
2020-03-25,XLM-USD,Crypto,Crypto,0.006798134923998278
2020-03-26,XLM-USD,Crypto,Crypto,0.048276198259370684
2020-03-27,XLM-USD,Crypto,Crypto,-0.032112392410103885
2020-03-28,XLM-USD,Crypto,Crypto,-0.029534678034115913
2020-03-29,XLM-USD,Crypto,Crypto,-0.04572524426822655
2020-03-30,XLM-USD,Crypto,Crypto,0.05455157781361053
2020-03-31,XLM-USD,Crypto,Crypto,0.015842281679907755
2020-04-01,XLM-USD,Crypto,Crypto,-0.000734460210962351
2020-04-02,XLM-USD,Crypto,Crypto,0.011931588865091713
2020-04-03,XLM-USD,Crypto,Crypto,0.006488569240718389
2020-04-04,XLM-USD,Crypto,Crypto,0.008948547064152823
2020-04-05,XLM-USD,Crypto,Crypto,0.03683572626598419
2020-04-06,XLM-USD,Crypto,Crypto,0.13764719920923252
2020-04-07,XLM-USD,Crypto,Crypto,-0.02338603385877236
2020-04-08,XLM-USD,Crypto,Crypto,0.055177272221209606
2020-04-09,XLM-USD,Crypto,Crypto,0.02071279797188952
2020-04-10,XLM-USD,Crypto,Crypto,-0.08168872282728334
2020-04-11,XLM-USD,Crypto,Crypto,0.03689205030809961
2020-04-12,XLM-USD,Crypto,Crypto,-0.0022199425692858155
2020-04-13,XLM-USD,Crypto,Crypto,-0.02228912807589256
2020-04-14,XLM-USD,Crypto,Crypto,-0.002565216660853298
2020-04-15,XLM-USD,Crypto,Crypto,-0.037457265208208246
2020-04-16,XLM-USD,Crypto,Crypto,0.05852315585526546
2020-04-17,XLM-USD,Crypto,Crypto,-0.0011195966418774406
2020-04-18,XLM-USD,Crypto,Crypto,0.02916241020433441
2020-04-19,XLM-USD,Crypto,Crypto,-0.025583680571461542
2020-04-20,XLM-USD,Crypto,Crypto,0.016013320776656625
2020-04-21,XLM-USD,Crypto,Crypto,0.024501513192007662
2020-04-22,XLM-USD,Crypto,Crypto,0.07008705071440668
2020-04-23,XLM-USD,Crypto,Crypto,0.12634098083091683
2020-04-24,XLM-USD,Crypto,Crypto,-0.002024751997296681
2020-04-25,XLM-USD,Crypto,Crypto,0.00878078245488112
2020-04-26,XLM-USD,Crypto,Crypto,0.005582990576219693
2020-04-27,XLM-USD,Crypto,Crypto,0.07787203788757324
2020-04-28,XLM-USD,Crypto,Crypto,0.024552066027224928
2020-04-29,XLM-USD,Crypto,Crypto,0.048231716387218126
2020-04-30,XLM-USD,Crypto,Crypto,-0.0643123588084138
2020-05-01,XLM-USD,Crypto,Crypto,0.08161355242458357
2020-05-02,XLM-USD,Crypto,Crypto,0.030428106706662517
2020-05-03,XLM-USD,Crypto,Crypto,-0.03106699419595349
2020-05-04,XLM-USD,Crypto,Crypto,0.008645021805173458
2020-05-05,XLM-USD,Crypto,Crypto,-0.01753510451253304
2020-05-06,XLM-USD,Crypto,Crypto,-0.017254452993463287
2020-05-07,XLM-USD,Crypto,Crypto,0.0158157007109212
2020-05-08,XLM-USD,Crypto,Crypto,0.011365996480803053
2020-05-09,XLM-USD,Crypto,Crypto,-0.016023388608046307
2020-05-10,XLM-USD,Crypto,Crypto,-0.1063483407082394
2020-05-11,XLM-USD,Crypto,Crypto,-0.02369515511297915
2020-05-12,XLM-USD,Crypto,Crypto,0.11326097238065702
2020-05-13,XLM-USD,Crypto,Crypto,-0.0015591809850050709
2020-05-14,XLM-USD,Crypto,Crypto,-0.010229869977788963
2020-05-15,XLM-USD,Crypto,Crypto,-0.024261032833266638
2020-05-16,XLM-USD,Crypto,Crypto,0.010444143303695697
2020-05-17,XLM-USD,Crypto,Crypto,0.014535360396010777
2020-05-18,XLM-USD,Crypto,Crypto,0.014399460021597088
2020-05-19,XLM-USD,Crypto,Crypto,-0.010072074891220195
2020-05-20,XLM-USD,Crypto,Crypto,0.023101642243714693
2020-05-21,XLM-USD,Crypto,Crypto,-0.06047163291575641
2020-05-22,XLM-USD,Crypto,Crypto,0.022009367989144213
2020-05-23,XLM-USD,Crypto,Crypto,-0.008200480478117278
2020-05-24,XLM-USD,Crypto,Crypto,-0.04064604319591214
2020-05-25,XLM-USD,Crypto,Crypto,0.019087201658012587
2020-05-26,XLM-USD,Crypto,Crypto,-0.014433034778808529
2020-05-27,XLM-USD,Crypto,Crypto,0.017008445149986118
2020-05-28,XLM-USD,Crypto,Crypto,0.03944032703743616
2020-05-29,XLM-USD,Crypto,Crypto,-0.014361395509463248
2020-05-30,XLM-USD,Crypto,Crypto,0.06718123484728
2020-05-31,XLM-USD,Crypto,Crypto,-0.024973784212310113
2020-06-01,XLM-USD,Crypto,Crypto,0.06925114946681732
2020-06-02,XLM-USD,Crypto,Crypto,0.04986891089788781
2020-06-03,XLM-USD,Crypto,Crypto,0.04222794582400424
2020-06-04,XLM-USD,Crypto,Crypto,-0.0018878916250303357
2020-06-05,XLM-USD,Crypto,Crypto,-0.03586497642537434
2020-06-06,XLM-USD,Crypto,Crypto,0.004590205406772796
2020-06-07,XLM-USD,Crypto,Crypto,-0.011053642071254477
2020-06-08,XLM-USD,Crypto,Crypto,0.012784724160185279
2020-06-09,XLM-USD,Crypto,Crypto,-0.017922739683166378
2020-06-10,XLM-USD,Crypto,Crypto,0.001030883650860348
2020-06-11,XLM-USD,Crypto,Crypto,-0.09118073755413858
2020-06-12,XLM-USD,Crypto,Crypto,0.021598919553738494
2020-06-13,XLM-USD,Crypto,Crypto,0.01734928716052364
2020-06-14,XLM-USD,Crypto,Crypto,-0.038790734708940344
2020-06-15,XLM-USD,Crypto,Crypto,-0.004256848573686578
2020-06-16,XLM-USD,Crypto,Crypto,0.0019265056987876061
2020-06-17,XLM-USD,Crypto,Crypto,0.009067085241372341
2020-06-18,XLM-USD,Crypto,Crypto,-0.013297524228403801
2020-06-19,XLM-USD,Crypto,Crypto,-0.02348565587050022
2020-06-20,XLM-USD,Crypto,Crypto,0.009383487591579476
2020-06-21,XLM-USD,Crypto,Crypto,-0.016647418898843025
2020-06-22,XLM-USD,Crypto,Crypto,0.045304563907447415
2020-06-23,XLM-USD,Crypto,Crypto,-0.009085681569174775
2020-06-24,XLM-USD,Crypto,Crypto,-0.028728240587886478
2020-06-25,XLM-USD,Crypto,Crypto,-0.01940061241395774
2020-06-26,XLM-USD,Crypto,Crypto,-0.010821031306365247
2020-06-27,XLM-USD,Crypto,Crypto,-0.05824404729187049
2020-06-28,XLM-USD,Crypto,Crypto,0.018816580522018178
2020-06-29,XLM-USD,Crypto,Crypto,0.013762476030501736
2020-06-30,XLM-USD,Crypto,Crypto,0.027641603153391037
2020-07-01,XLM-USD,Crypto,Crypto,0.021172521014051204
2020-07-02,XLM-USD,Crypto,Crypto,-0.001197305920256797
2020-07-03,XLM-USD,Crypto,Crypto,-0.016913730498672397
2020-07-04,XLM-USD,Crypto,Crypto,0.009189776920206505
2020-07-05,XLM-USD,Crypto,Crypto,-0.010167027941185403
2020-07-06,XLM-USD,Crypto,Crypto,0.06975610069890847
2020-07-07,XLM-USD,Crypto,Crypto,0.019550995309731034
2020-07-08,XLM-USD,Crypto,Crypto,0.16016552598246214
2020-07-09,XLM-USD,Crypto,Crypto,0.0657035597616249
2020-07-10,XLM-USD,Crypto,Crypto,-0.01849033220830565
2020-07-11,XLM-USD,Crypto,Crypto,0.06093591585711766
2020-07-12,XLM-USD,Crypto,Crypto,0.007113321873371881
2020-07-13,XLM-USD,Crypto,Crypto,-0.0495884503691606
2020-07-14,XLM-USD,Crypto,Crypto,0.020123771181500105
2020-07-15,XLM-USD,Crypto,Crypto,0.020997165142463636
2020-07-16,XLM-USD,Crypto,Crypto,0.07046844171146116
2020-07-17,XLM-USD,Crypto,Crypto,0.0322840494261063
2020-07-18,XLM-USD,Crypto,Crypto,-0.031062667213086037
2020-07-19,XLM-USD,Crypto,Crypto,-0.008084121689291623
2020-07-20,XLM-USD,Crypto,Crypto,-0.05204403285157233
2020-07-21,XLM-USD,Crypto,Crypto,0.016318344927444883
2020-07-22,XLM-USD,Crypto,Crypto,0.010392361049006205
2020-07-23,XLM-USD,Crypto,Crypto,0.005554217029969166
2020-07-24,XLM-USD,Crypto,Crypto,-0.022513382832144324
2020-07-25,XLM-USD,Crypto,Crypto,0.048303210081139136
2020-07-26,XLM-USD,Crypto,Crypto,-0.01444414083864709
2020-07-27,XLM-USD,Crypto,Crypto,-0.04244828071509932
2020-07-28,XLM-USD,Crypto,Crypto,0.026031048118704936
2020-07-29,XLM-USD,Crypto,Crypto,-0.017669724567698553
2020-07-30,XLM-USD,Crypto,Crypto,0.014220046868723912
2020-07-31,XLM-USD,Crypto,Crypto,0.002980062606370293
2020-08-01,XLM-USD,Crypto,Crypto,0.10382641349149124
2020-08-02,XLM-USD,Crypto,Crypto,-0.04154401068588509
2020-08-03,XLM-USD,Crypto,Crypto,0.02446609379173026
2020-08-04,XLM-USD,Crypto,Crypto,0.04675471853330104
2020-08-05,XLM-USD,Crypto,Crypto,-0.018514019389354708
2020-08-06,XLM-USD,Crypto,Crypto,-0.013925031011010724
2020-08-07,XLM-USD,Crypto,Crypto,-0.031109072617890865
2020-08-08,XLM-USD,Crypto,Crypto,-0.001561268800215232
2020-08-09,XLM-USD,Crypto,Crypto,0.020648804039233637
2020-08-10,XLM-USD,Crypto,Crypto,0.008640563614031427
2020-08-11,XLM-USD,Crypto,Crypto,-0.04775740998662048
2020-08-12,XLM-USD,Crypto,Crypto,0.012354815107024075
2020-08-13,XLM-USD,Crypto,Crypto,-0.0004110328299073984
2020-08-14,XLM-USD,Crypto,Crypto,0.02775681769307381
2020-08-15,XLM-USD,Crypto,Crypto,0.01740465663427959
2020-08-16,XLM-USD,Crypto,Crypto,0.07322168566222076
2020-08-17,XLM-USD,Crypto,Crypto,-0.008419190397858767
2020-08-18,XLM-USD,Crypto,Crypto,-0.04297257011132927
2020-08-19,XLM-USD,Crypto,Crypto,-0.05720322584047988
2020-08-20,XLM-USD,Crypto,Crypto,0.04512030142926071
2020-08-21,XLM-USD,Crypto,Crypto,-0.06285982028928483
2020-08-22,XLM-USD,Crypto,Crypto,0.020151759274095404
2020-08-23,XLM-USD,Crypto,Crypto,0.0057387110747306735
2020-08-24,XLM-USD,Crypto,Crypto,0.00438619037610577
2020-08-25,XLM-USD,Crypto,Crypto,-0.052076249569620314
2020-08-26,XLM-USD,Crypto,Crypto,0.00311883703146254
2020-08-27,XLM-USD,Crypto,Crypto,-0.045733505735292335
2020-08-28,XLM-USD,Crypto,Crypto,0.0202519157378398
2020-08-29,XLM-USD,Crypto,Crypto,0.009580573484550658
2020-08-30,XLM-USD,Crypto,Crypto,0.01560935071496683
2020-08-31,XLM-USD,Crypto,Crypto,-0.00952702421395113
2020-09-01,XLM-USD,Crypto,Crypto,0.021251508610343528
2020-09-02,XLM-USD,Crypto,Crypto,-0.06771054811273058
2020-09-03,XLM-USD,Crypto,Crypto,-0.14250399991250695
2020-09-04,XLM-USD,Crypto,Crypto,0.0252368989559979
2020-09-05,XLM-USD,Crypto,Crypto,-0.07292636079757031
2020-09-06,XLM-USD,Crypto,Crypto,0.031120915152951012
2020-09-07,XLM-USD,Crypto,Crypto,0.01064699442445649
2020-09-08,XLM-USD,Crypto,Crypto,-0.014664931218161592
2020-09-09,XLM-USD,Crypto,Crypto,0.014044897394406064
2020-09-10,XLM-USD,Crypto,Crypto,0.03431440320826207
2020-09-11,XLM-USD,Crypto,Crypto,0.03054441072262759
2020-09-12,XLM-USD,Crypto,Crypto,0.0035438443051925006
2020-09-13,XLM-USD,Crypto,Crypto,-0.0480827101705098
2020-09-14,XLM-USD,Crypto,Crypto,0.004883763651859274
2020-09-15,XLM-USD,Crypto,Crypto,-0.027295765869596367
2020-09-16,XLM-USD,Crypto,Crypto,0.024828761661882304
2020-09-17,XLM-USD,Crypto,Crypto,0.0028055221937159924
2020-09-18,XLM-USD,Crypto,Crypto,-0.024408191450935313
2020-09-19,XLM-USD,Crypto,Crypto,0.006614751297069121
2020-09-20,XLM-USD,Crypto,Crypto,-0.01992912420489723
2020-09-21,XLM-USD,Crypto,Crypto,-0.08659531668145282
2020-09-22,XLM-USD,Crypto,Crypto,0.018160520216034426
2020-09-23,XLM-USD,Crypto,Crypto,-0.06130274980200645
2020-09-24,XLM-USD,Crypto,Crypto,0.04137688542717677
2020-09-25,XLM-USD,Crypto,Crypto,0.058107114292980544
2020-09-26,XLM-USD,Crypto,Crypto,-0.006661384681857174
2020-09-27,XLM-USD,Crypto,Crypto,-0.00847726023169193
2020-09-28,XLM-USD,Crypto,Crypto,0.0027817763929682826
2020-09-29,XLM-USD,Crypto,Crypto,0.008158760379041397
2020-09-30,XLM-USD,Crypto,Crypto,0.009225796817213139
2020-10-01,XLM-USD,Crypto,Crypto,-0.022078409735542426
2020-10-02,XLM-USD,Crypto,Crypto,-0.028357862453645133
2020-10-03,XLM-USD,Crypto,Crypto,0.0008439107745388252
2020-10-04,XLM-USD,Crypto,Crypto,0.025268019128988684
2020-10-05,XLM-USD,Crypto,Crypto,0.006360082574760506
2020-10-06,XLM-USD,Crypto,Crypto,-0.01250358859649825
2020-10-07,XLM-USD,Crypto,Crypto,-0.002758526712636322
2020-10-08,XLM-USD,Crypto,Crypto,0.010981880191375248
2020-10-09,XLM-USD,Crypto,Crypto,0.028031999934764684
2020-10-10,XLM-USD,Crypto,Crypto,0.029663015508062607
2020-10-11,XLM-USD,Crypto,Crypto,-0.0018610804146202975
2020-10-12,XLM-USD,Crypto,Crypto,0.005878635292206225
2020-10-13,XLM-USD,Crypto,Crypto,-0.017223910452238922
2020-10-14,XLM-USD,Crypto,Crypto,-0.027008977976845983
2020-10-15,XLM-USD,Crypto,Crypto,-0.0032577422782832377
2020-10-16,XLM-USD,Crypto,Crypto,0.06295162370448049
2020-10-17,XLM-USD,Crypto,Crypto,0.04083751482978082
2020-10-18,XLM-USD,Crypto,Crypto,-0.02887104635839166
2020-10-19,XLM-USD,Crypto,Crypto,0.071627045933776
2020-10-20,XLM-USD,Crypto,Crypto,-0.050944827737495646
2020-10-21,XLM-USD,Crypto,Crypto,0.03552263463922167
2020-10-22,XLM-USD,Crypto,Crypto,0.017904071060292015
2020-10-23,XLM-USD,Crypto,Crypto,-0.017413198290979426
2020-10-24,XLM-USD,Crypto,Crypto,0.019595395124380133
2020-10-25,XLM-USD,Crypto,Crypto,-0.026850152958535545
2020-10-26,XLM-USD,Crypto,Crypto,-0.026893437874268566
2020-10-27,XLM-USD,Crypto,Crypto,0.011148566453703435
2020-10-28,XLM-USD,Crypto,Crypto,-0.03932326298075317
2020-10-29,XLM-USD,Crypto,Crypto,-0.01449256951738831
2020-10-30,XLM-USD,Crypto,Crypto,-0.008908702037003113
2020-10-31,XLM-USD,Crypto,Crypto,0.011854754291365843
2020-11-01,XLM-USD,Crypto,Crypto,0.010363935327585505
2020-11-02,XLM-USD,Crypto,Crypto,-0.03590819412902457
2020-11-03,XLM-USD,Crypto,Crypto,-0.004612742620247023
2020-11-04,XLM-USD,Crypto,Crypto,-0.009533767619954392
2020-11-05,XLM-USD,Crypto,Crypto,0.07483272326396428
2020-11-06,XLM-USD,Crypto,Crypto,0.04613663570706783
2020-11-07,XLM-USD,Crypto,Crypto,-0.050790512675331634
2020-11-08,XLM-USD,Crypto,Crypto,0.024166612855980985
2020-11-09,XLM-USD,Crypto,Crypto,-0.022823696790296277
2020-11-10,XLM-USD,Crypto,Crypto,0.0018951631680597103
2020-11-11,XLM-USD,Crypto,Crypto,0.010823258900017452
2020-11-12,XLM-USD,Crypto,Crypto,-0.00032224416375659093
2020-11-13,XLM-USD,Crypto,Crypto,0.02047953750353182
2020-11-14,XLM-USD,Crypto,Crypto,-0.014091732523814238
2020-11-15,XLM-USD,Crypto,Crypto,-0.01064589020936868
2020-11-16,XLM-USD,Crypto,Crypto,0.019951696585968515
2020-11-17,XLM-USD,Crypto,Crypto,0.0510281439187692
2020-11-18,XLM-USD,Crypto,Crypto,-0.028579760509819696
2020-11-19,XLM-USD,Crypto,Crypto,0.0034802940312930186
2020-11-20,XLM-USD,Crypto,Crypto,0.052451531846112065
2020-11-21,XLM-USD,Crypto,Crypto,0.22759238346102229
2020-11-22,XLM-USD,Crypto,Crypto,-0.04500712824091313
2020-11-23,XLM-USD,Crypto,Crypto,0.26150920923136156
2020-11-24,XLM-USD,Crypto,Crypto,0.49679548434333576
2020-11-25,XLM-USD,Crypto,Crypto,-0.0014221964332499226
2020-11-26,XLM-USD,Crypto,Crypto,-0.14166859545165023
2020-11-27,XLM-USD,Crypto,Crypto,0.23193954156348529
2020-11-28,XLM-USD,Crypto,Crypto,-0.030066545508571574
2020-11-29,XLM-USD,Crypto,Crypto,-0.029864694721316698
2020-11-30,XLM-USD,Crypto,Crypto,0.04051510217158749
2020-12-01,XLM-USD,Crypto,Crypto,-0.08742513769120008
2020-12-02,XLM-USD,Crypto,Crypto,0.003936556805158586
2020-12-03,XLM-USD,Crypto,Crypto,-0.004574627857271252
2020-12-04,XLM-USD,Crypto,Crypto,-0.11637837358850334
2020-12-05,XLM-USD,Crypto,Crypto,0.05442265880526831
2020-12-06,XLM-USD,Crypto,Crypto,0.022781547753345288
2020-12-07,XLM-USD,Crypto,Crypto,-0.040824497532310766
2020-12-08,XLM-USD,Crypto,Crypto,-0.09294190378038913
2020-12-09,XLM-USD,Crypto,Crypto,0.12709826264457647
2020-12-10,XLM-USD,Crypto,Crypto,-0.06457870675079946
2020-12-11,XLM-USD,Crypto,Crypto,-0.061588297951453375
2020-12-12,XLM-USD,Crypto,Crypto,0.05139570005198357
2020-12-13,XLM-USD,Crypto,Crypto,0.10004402381410848
2020-12-14,XLM-USD,Crypto,Crypto,-0.029110323493395596
2020-12-15,XLM-USD,Crypto,Crypto,-0.018879380225735543
2020-12-16,XLM-USD,Crypto,Crypto,0.14916218375728052
2020-12-17,XLM-USD,Crypto,Crypto,-0.02855783986925664
2020-12-18,XLM-USD,Crypto,Crypto,-0.0043456075535865946
2020-12-19,XLM-USD,Crypto,Crypto,-0.017771570268768522
2020-12-20,XLM-USD,Crypto,Crypto,-0.026716245147147655
2020-12-21,XLM-USD,Crypto,Crypto,-0.06001847289603479
2020-12-22,XLM-USD,Crypto,Crypto,-0.02507858050171674
2020-12-23,XLM-USD,Crypto,Crypto,-0.22020532612351784
2020-12-24,XLM-USD,Crypto,Crypto,0.26210755450038725
2020-12-25,XLM-USD,Crypto,Crypto,-0.044060927656553006
2020-12-26,XLM-USD,Crypto,Crypto,-0.03630714633093557
2020-12-27,XLM-USD,Crypto,Crypto,-0.014104356061623302
2020-12-28,XLM-USD,Crypto,Crypto,-0.004124895813771956
2020-12-29,XLM-USD,Crypto,Crypto,-0.03851079416921033
2020-12-30,XLM-USD,Crypto,Crypto,-0.0497208105398651
2020-12-31,XLM-USD,Crypto,Crypto,-0.026858643380221592
2021-01-01,XLM-USD,Crypto,Crypto,0.031455878366966505
2021-01-02,XLM-USD,Crypto,Crypto,-0.03465042343077396
2021-01-03,XLM-USD,Crypto,Crypto,0.06730563759821084
2021-01-04,XLM-USD,Crypto,Crypto,0.21079282544890088
2021-01-05,XLM-USD,Crypto,Crypto,0.17945876975477404
2021-01-06,XLM-USD,Crypto,Crypto,0.7492442836546367
2021-01-07,XLM-USD,Crypto,Crypto,-0.07334661056346081
2021-01-08,XLM-USD,Crypto,Crypto,-0.04104218899476042
2021-01-09,XLM-USD,Crypto,Crypto,0.0300459873502803
2021-01-10,XLM-USD,Crypto,Crypto,-0.07432958032453463
2021-01-11,XLM-USD,Crypto,Crypto,-0.05718122836356876
2021-01-12,XLM-USD,Crypto,Crypto,0.03491431823672819
2021-01-13,XLM-USD,Crypto,Crypto,0.07907569988806529
2021-01-14,XLM-USD,Crypto,Crypto,-0.0046115754425472
2021-01-15,XLM-USD,Crypto,Crypto,-0.0584198209969784
2021-01-16,XLM-USD,Crypto,Crypto,0.02484030752743971
2021-01-17,XLM-USD,Crypto,Crypto,0.03954194362992336
2021-01-18,XLM-USD,Crypto,Crypto,0.00014824290434356513
2021-01-19,XLM-USD,Crypto,Crypto,-0.01385325833288753
2021-01-20,XLM-USD,Crypto,Crypto,-0.016880135252899886
2021-01-21,XLM-USD,Crypto,Crypto,-0.14183072399803132
2021-01-22,XLM-USD,Crypto,Crypto,0.07085424052761047
2021-01-23,XLM-USD,Crypto,Crypto,-0.0027577789561556987
2021-01-24,XLM-USD,Crypto,Crypto,0.00667636968821439
2021-01-25,XLM-USD,Crypto,Crypto,-0.034530642158661196
2021-01-26,XLM-USD,Crypto,Crypto,-0.0023342476703276382
2021-01-27,XLM-USD,Crypto,Crypto,-0.08600855079088665
2021-01-28,XLM-USD,Crypto,Crypto,0.22240770155741973
2021-01-29,XLM-USD,Crypto,Crypto,0.00832532716512513
2021-01-30,XLM-USD,Crypto,Crypto,0.10245894385695897
2021-01-31,XLM-USD,Crypto,Crypto,-0.05899046427686161
2021-02-01,XLM-USD,Crypto,Crypto,0.052773649967044145
2021-02-02,XLM-USD,Crypto,Crypto,0.04593966232585989
2021-02-03,XLM-USD,Crypto,Crypto,0.016430940409255523
2021-02-04,XLM-USD,Crypto,Crypto,-0.04945768901185488
2021-02-05,XLM-USD,Crypto,Crypto,0.07495642302843408
2021-02-06,XLM-USD,Crypto,Crypto,0.0763514946554662
2021-02-07,XLM-USD,Crypto,Crypto,0.019061923015605275
2021-02-08,XLM-USD,Crypto,Crypto,0.031639781680874446
2021-02-09,XLM-USD,Crypto,Crypto,0.0028589002763603766
2021-02-10,XLM-USD,Crypto,Crypto,0.03952739894015189
2021-02-11,XLM-USD,Crypto,Crypto,0.09818415816471249
2021-02-12,XLM-USD,Crypto,Crypto,0.16544272450098552
2021-02-13,XLM-USD,Crypto,Crypto,0.06082306428285578
2021-02-14,XLM-USD,Crypto,Crypto,-0.07554993847910385
2021-02-15,XLM-USD,Crypto,Crypto,-0.046135958662579024
2021-02-16,XLM-USD,Crypto,Crypto,-0.014484693687547567
2021-02-17,XLM-USD,Crypto,Crypto,0.021355932494043106
2021-02-18,XLM-USD,Crypto,Crypto,0.0010180720073971194
2021-02-19,XLM-USD,Crypto,Crypto,0.032349287433422136
2021-02-20,XLM-USD,Crypto,Crypto,-0.04983629676497525
2021-02-21,XLM-USD,Crypto,Crypto,0.02205302012291588
2021-02-22,XLM-USD,Crypto,Crypto,-0.06377914942850027
2021-02-23,XLM-USD,Crypto,Crypto,-0.17223639540716051
2021-02-24,XLM-USD,Crypto,Crypto,0.05357925857733292
2021-02-25,XLM-USD,Crypto,Crypto,-0.06377319323422015
2021-02-26,XLM-USD,Crypto,Crypto,0.050906316722119094
2021-02-27,XLM-USD,Crypto,Crypto,0.10177743011038776
2021-02-28,XLM-USD,Crypto,Crypto,-0.07884554730507354
2021-03-01,XLM-USD,Crypto,Crypto,0.058199803399691774
2021-03-02,XLM-USD,Crypto,Crypto,-0.02498851034512184
2021-03-03,XLM-USD,Crypto,Crypto,0.006053942016292391
2021-03-04,XLM-USD,Crypto,Crypto,-0.021044595351966122
2021-03-05,XLM-USD,Crypto,Crypto,-0.017065826091641312
2021-03-06,XLM-USD,Crypto,Crypto,-0.007041410236730994
2021-03-07,XLM-USD,Crypto,Crypto,0.02363938739235638
2021-03-08,XLM-USD,Crypto,Crypto,0.01135536593250186
2021-03-09,XLM-USD,Crypto,Crypto,0.03620801040738697
2021-03-10,XLM-USD,Crypto,Crypto,-0.05057439989805279
2021-03-11,XLM-USD,Crypto,Crypto,-0.01185333944709177
2021-03-12,XLM-USD,Crypto,Crypto,-0.044417354687430244
2021-03-13,XLM-USD,Crypto,Crypto,0.0525767951248699
2021-03-14,XLM-USD,Crypto,Crypto,-0.040980893078338854
2021-03-15,XLM-USD,Crypto,Crypto,-0.015411183736046885
2021-03-16,XLM-USD,Crypto,Crypto,0.026583740491063157
2021-03-17,XLM-USD,Crypto,Crypto,0.022734204348408227
2021-03-18,XLM-USD,Crypto,Crypto,-0.0176284362918514
2021-03-19,XLM-USD,Crypto,Crypto,0.001808336426428525
2021-03-20,XLM-USD,Crypto,Crypto,0.048101067885111704
2021-03-21,XLM-USD,Crypto,Crypto,-0.029914681531088116
2021-03-22,XLM-USD,Crypto,Crypto,-0.020392639587988093
2021-03-23,XLM-USD,Crypto,Crypto,0.008433725436876927
2021-03-24,XLM-USD,Crypto,Crypto,-0.07860058706895923
2021-03-25,XLM-USD,Crypto,Crypto,-0.0074299856938113695
2021-03-26,XLM-USD,Crypto,Crypto,0.05904614489173632
2021-03-27,XLM-USD,Crypto,Crypto,-0.007181844120865866
2021-03-28,XLM-USD,Crypto,Crypto,0.03799884856668867
2021-03-29,XLM-USD,Crypto,Crypto,0.021390244230077515
2021-03-30,XLM-USD,Crypto,Crypto,-0.0047611177381848835
2021-03-31,XLM-USD,Crypto,Crypto,0.012211110393271607
2021-04-01,XLM-USD,Crypto,Crypto,0.05260182648726386
2021-04-02,XLM-USD,Crypto,Crypto,0.03253785961448652
2021-04-03,XLM-USD,Crypto,Crypto,-0.06388702071270913
2021-04-04,XLM-USD,Crypto,Crypto,0.047249825611216156
2021-04-05,XLM-USD,Crypto,Crypto,0.22512204427868188
2021-04-06,XLM-USD,Crypto,Crypto,0.011889213440318569
2021-04-07,XLM-USD,Crypto,Crypto,-0.12798662117591197
2021-04-08,XLM-USD,Crypto,Crypto,0.07085872221034895
2021-04-09,XLM-USD,Crypto,Crypto,-0.04030854189398936
2021-04-10,XLM-USD,Crypto,Crypto,0.15510684760950078
2021-04-11,XLM-USD,Crypto,Crypto,0.048023610624568835
2021-04-12,XLM-USD,Crypto,Crypto,0.0030264431382081014
2021-04-13,XLM-USD,Crypto,Crypto,0.1096593931063159
2021-04-14,XLM-USD,Crypto,Crypto,-0.028413515937946277
2021-04-15,XLM-USD,Crypto,Crypto,0.006761062175542509
2021-04-16,XLM-USD,Crypto,Crypto,-0.043331172761132186
2021-04-17,XLM-USD,Crypto,Crypto,-0.02284172588451605
2021-04-18,XLM-USD,Crypto,Crypto,-0.09098133835748778
2021-04-19,XLM-USD,Crypto,Crypto,-0.07985550031075206
2021-04-20,XLM-USD,Crypto,Crypto,0.05330044280678892
2021-04-21,XLM-USD,Crypto,Crypto,-0.06792688617177856
2021-04-22,XLM-USD,Crypto,Crypto,-0.0848262868591686
2021-04-23,XLM-USD,Crypto,Crypto,0.001212419688197519
2021-04-24,XLM-USD,Crypto,Crypto,-0.0557694690974706
2021-04-25,XLM-USD,Crypto,Crypto,-0.021862755426506175
2021-04-26,XLM-USD,Crypto,Crypto,0.1661039403532769
2021-04-27,XLM-USD,Crypto,Crypto,0.0491525660890928
2021-04-28,XLM-USD,Crypto,Crypto,-0.023808621304666655
2021-04-29,XLM-USD,Crypto,Crypto,-0.011163174981122959
2021-04-30,XLM-USD,Crypto,Crypto,0.0767166027278321
2021-05-01,XLM-USD,Crypto,Crypto,0.01940607196870947
2021-05-02,XLM-USD,Crypto,Crypto,0.036476294323059655
2021-05-03,XLM-USD,Crypto,Crypto,-0.013136859975978799
2021-05-04,XLM-USD,Crypto,Crypto,-0.08841747840912939
2021-05-05,XLM-USD,Crypto,Crypto,0.19889017034922363
2021-05-06,XLM-USD,Crypto,Crypto,0.07888740844770759
2021-05-07,XLM-USD,Crypto,Crypto,-0.03172651619079292
2021-05-08,XLM-USD,Crypto,Crypto,-0.021932927009728043
2021-05-09,XLM-USD,Crypto,Crypto,0.019524731658682848
2021-05-10,XLM-USD,Crypto,Crypto,0.04930090376677421
2021-05-11,XLM-USD,Crypto,Crypto,0.10676059848368391
2021-05-12,XLM-USD,Crypto,Crypto,-0.19355039939003704
2021-05-13,XLM-USD,Crypto,Crypto,0.09418294187680232
2021-05-14,XLM-USD,Crypto,Crypto,0.03708918059120614
2021-05-15,XLM-USD,Crypto,Crypto,0.012273145200901059
2021-05-16,XLM-USD,Crypto,Crypto,0.05628322424840082
2021-05-17,XLM-USD,Crypto,Crypto,-0.09617924701095182
2021-05-18,XLM-USD,Crypto,Crypto,0.0023451290217957332
2021-05-19,XLM-USD,Crypto,Crypto,-0.30394597370787746
2021-05-20,XLM-USD,Crypto,Crypto,0.10470733345939887
2021-05-21,XLM-USD,Crypto,Crypto,-0.1572278372219078
2021-05-22,XLM-USD,Crypto,Crypto,-0.07011247568529777
2021-05-23,XLM-USD,Crypto,Crypto,-0.056796547343907045
2021-05-24,XLM-USD,Crypto,Crypto,0.19547586158168295
2021-05-25,XLM-USD,Crypto,Crypto,-0.024764485119951885
2021-05-26,XLM-USD,Crypto,Crypto,0.03698809131716074
2021-05-27,XLM-USD,Crypto,Crypto,-0.05865643914263752
2021-05-28,XLM-USD,Crypto,Crypto,-0.047299140235047554
2021-05-29,XLM-USD,Crypto,Crypto,-0.07932703391666496
2021-05-30,XLM-USD,Crypto,Crypto,0.023235221183555366
2021-05-31,XLM-USD,Crypto,Crypto,0.0737820261261366
2021-06-01,XLM-USD,Crypto,Crypto,0.03545550403650455
2021-06-02,XLM-USD,Crypto,Crypto,0.003112223996223795
2021-06-03,XLM-USD,Crypto,Crypto,0.01511418177545476
2021-06-04,XLM-USD,Crypto,Crypto,-0.09475647770625617
2021-06-05,XLM-USD,Crypto,Crypto,-0.02508575039871086
2021-06-06,XLM-USD,Crypto,Crypto,0.015650783924593625
2021-06-07,XLM-USD,Crypto,Crypto,-0.09186241161528819
2021-06-08,XLM-USD,Crypto,Crypto,0.012520552836218224
2021-06-09,XLM-USD,Crypto,Crypto,0.03914800523706519
2021-06-10,XLM-USD,Crypto,Crypto,-0.06884882642381795
2021-06-11,XLM-USD,Crypto,Crypto,-0.06057898968362241
2021-06-12,XLM-USD,Crypto,Crypto,0.030238983645435535
2021-06-13,XLM-USD,Crypto,Crypto,0.050055288671682074
2021-06-14,XLM-USD,Crypto,Crypto,0.01036178185958092
2021-06-15,XLM-USD,Crypto,Crypto,-0.01288543002544007
2021-06-16,XLM-USD,Crypto,Crypto,-0.07690489380515708
2021-06-17,XLM-USD,Crypto,Crypto,0.0005923410156432052
2021-06-18,XLM-USD,Crypto,Crypto,-0.06268087355928753
2021-06-19,XLM-USD,Crypto,Crypto,-0.023036685804248003
2021-06-20,XLM-USD,Crypto,Crypto,0.023490521998504654
2021-06-21,XLM-USD,Crypto,Crypto,-0.20482815026145496
2021-06-22,XLM-USD,Crypto,Crypto,-0.008607045233689936
2021-06-23,XLM-USD,Crypto,Crypto,0.09608743386232454
2021-06-24,XLM-USD,Crypto,Crypto,0.04119378016518249
2021-06-25,XLM-USD,Crypto,Crypto,-0.09401762102083766
2021-06-26,XLM-USD,Crypto,Crypto,0.02767999032936186
2021-06-27,XLM-USD,Crypto,Crypto,0.03745955673246382
2021-06-28,XLM-USD,Crypto,Crypto,0.01878995301993247
2021-06-29,XLM-USD,Crypto,Crypto,0.06569058255948601
2021-06-30,XLM-USD,Crypto,Crypto,0.007691860326904498
2021-07-01,XLM-USD,Crypto,Crypto,-0.04675979335169078
2021-07-02,XLM-USD,Crypto,Crypto,-0.023425800896104798
2021-07-03,XLM-USD,Crypto,Crypto,0.0034051943723503175
2021-07-04,XLM-USD,Crypto,Crypto,0.014391421499154067
2021-07-05,XLM-USD,Crypto,Crypto,-0.050990548615559406
2021-07-06,XLM-USD,Crypto,Crypto,0.022534333349691238
2021-07-07,XLM-USD,Crypto,Crypto,-0.012490882567468997
2021-07-08,XLM-USD,Crypto,Crypto,-0.052615410632703696
2021-07-09,XLM-USD,Crypto,Crypto,0.009781394830355339
2021-07-10,XLM-USD,Crypto,Crypto,-0.0019731450281601504
2021-07-11,XLM-USD,Crypto,Crypto,0.003424174714791395
2021-07-12,XLM-USD,Crypto,Crypto,-0.028043108561933927
2021-07-13,XLM-USD,Crypto,Crypto,-0.02722628659178239
2021-07-14,XLM-USD,Crypto,Crypto,0.03169201808294386
2021-07-15,XLM-USD,Crypto,Crypto,0.0036107309013477806
2021-07-16,XLM-USD,Crypto,Crypto,-0.018922471083678394
2021-07-17,XLM-USD,Crypto,Crypto,-0.014469800635683261
2021-07-18,XLM-USD,Crypto,Crypto,-0.00971668851725127
2021-07-19,XLM-USD,Crypto,Crypto,-0.08327628189748948
2021-07-20,XLM-USD,Crypto,Crypto,0.004117768227668961
2021-07-21,XLM-USD,Crypto,Crypto,0.0727044968541104
2021-07-22,XLM-USD,Crypto,Crypto,0.15697253367682995
2021-07-23,XLM-USD,Crypto,Crypto,0.0222269254720322
2021-07-24,XLM-USD,Crypto,Crypto,-0.006579849636301094
2021-07-25,XLM-USD,Crypto,Crypto,-0.022205170934214147
2021-07-26,XLM-USD,Crypto,Crypto,-0.0010048272699076932
2021-07-27,XLM-USD,Crypto,Crypto,0.0062911317916716225
2021-07-28,XLM-USD,Crypto,Crypto,0.022080929883601552
2021-07-29,XLM-USD,Crypto,Crypto,0.012504864843779773
2021-07-30,XLM-USD,Crypto,Crypto,0.026162634479949265
2021-07-31,XLM-USD,Crypto,Crypto,0.022460772201834622
2021-08-01,XLM-USD,Crypto,Crypto,-0.033322098668728706
2021-08-02,XLM-USD,Crypto,Crypto,-0.005677480926327361
2021-08-03,XLM-USD,Crypto,Crypto,-0.001605864939563273
2021-08-04,XLM-USD,Crypto,Crypto,0.022613818585948575
2021-08-05,XLM-USD,Crypto,Crypto,0.00017836663570225397
2021-08-06,XLM-USD,Crypto,Crypto,0.015444773753364727
2021-08-07,XLM-USD,Crypto,Crypto,0.07554022982250097
2021-08-08,XLM-USD,Crypto,Crypto,-0.06178761772057717
2021-08-09,XLM-USD,Crypto,Crypto,0.04124786493574173
2021-08-10,XLM-USD,Crypto,Crypto,0.03619464048658627
2021-08-11,XLM-USD,Crypto,Crypto,0.08980476126571801
2021-08-12,XLM-USD,Crypto,Crypto,-0.031134376494325933
2021-08-13,XLM-USD,Crypto,Crypto,0.10003701857866498
2021-08-14,XLM-USD,Crypto,Crypto,0.09709927988103084
2021-08-15,XLM-USD,Crypto,Crypto,-0.008707761862964847
2021-08-16,XLM-USD,Crypto,Crypto,-0.04697037750819655
2021-08-17,XLM-USD,Crypto,Crypto,-0.08457586538451556
2021-08-18,XLM-USD,Crypto,Crypto,0.0035357163792477664
2021-08-19,XLM-USD,Crypto,Crypto,0.07069405153938857
2021-08-20,XLM-USD,Crypto,Crypto,0.04956193925196084
2021-08-21,XLM-USD,Crypto,Crypto,-0.03506709796199581
2021-08-22,XLM-USD,Crypto,Crypto,0.0035774426799941583
2021-08-23,XLM-USD,Crypto,Crypto,0.014995613629053217
2021-08-24,XLM-USD,Crypto,Crypto,-0.07380439023614804
2021-08-25,XLM-USD,Crypto,Crypto,0.02209527101366926
2021-08-26,XLM-USD,Crypto,Crypto,-0.061896114834674165
2021-08-27,XLM-USD,Crypto,Crypto,0.062159227103654624
2021-08-28,XLM-USD,Crypto,Crypto,-0.026216471981592937
2021-08-29,XLM-USD,Crypto,Crypto,-0.011823894068930363
2021-08-30,XLM-USD,Crypto,Crypto,-0.0419676238166109
2021-08-31,XLM-USD,Crypto,Crypto,0.03477825928703204
2021-09-01,XLM-USD,Crypto,Crypto,0.0383720807183523
2021-09-02,XLM-USD,Crypto,Crypto,0.019073389329130164
2021-09-03,XLM-USD,Crypto,Crypto,0.023045428432414417
2021-09-04,XLM-USD,Crypto,Crypto,0.0037896062078159876
2021-09-05,XLM-USD,Crypto,Crypto,0.07315665532416271
2021-09-06,XLM-USD,Crypto,Crypto,0.06552992302742067
2021-09-07,XLM-USD,Crypto,Crypto,-0.21052968675438244
2021-09-08,XLM-USD,Crypto,Crypto,-0.014203325187820748
2021-09-09,XLM-USD,Crypto,Crypto,0.008375315419569818
2021-09-10,XLM-USD,Crypto,Crypto,-0.04467958325769872
2021-09-11,XLM-USD,Crypto,Crypto,0.024655644305318747
2021-09-12,XLM-USD,Crypto,Crypto,0.024216110748292774
2021-09-13,XLM-USD,Crypto,Crypto,-0.04165317393723511
2021-09-14,XLM-USD,Crypto,Crypto,0.03698960863792178
2021-09-15,XLM-USD,Crypto,Crypto,0.03136927007445789
2021-09-16,XLM-USD,Crypto,Crypto,-0.031812009076627734
2021-09-17,XLM-USD,Crypto,Crypto,-0.03345617405799328
2021-09-18,XLM-USD,Crypto,Crypto,0.009234820867660476
2021-09-19,XLM-USD,Crypto,Crypto,-0.025795160335968514
2021-09-20,XLM-USD,Crypto,Crypto,-0.10584599162682062
2021-09-21,XLM-USD,Crypto,Crypto,-0.05199196849606835
2021-09-22,XLM-USD,Crypto,Crypto,0.10132098547013335
2021-09-23,XLM-USD,Crypto,Crypto,0.03380426746717746
2021-09-24,XLM-USD,Crypto,Crypto,-0.07083606240284446
2021-09-25,XLM-USD,Crypto,Crypto,-0.01477951526456378
2021-09-26,XLM-USD,Crypto,Crypto,-0.005090416849009238
2021-09-27,XLM-USD,Crypto,Crypto,-0.03740881189999312
2021-09-28,XLM-USD,Crypto,Crypto,-0.03420931760626711
2021-09-29,XLM-USD,Crypto,Crypto,0.05263683919410456
2021-09-30,XLM-USD,Crypto,Crypto,0.031662887718084454
2021-10-01,XLM-USD,Crypto,Crypto,0.07740003174655774
2021-10-02,XLM-USD,Crypto,Crypto,0.05520807734629152
2021-10-03,XLM-USD,Crypto,Crypto,-0.00592473652480896
2021-10-04,XLM-USD,Crypto,Crypto,-0.01727085120725147
2021-10-05,XLM-USD,Crypto,Crypto,0.030449944746531843
2021-10-06,XLM-USD,Crypto,Crypto,0.11081098700792635
2021-10-07,XLM-USD,Crypto,Crypto,-0.029158503670195346
2021-10-08,XLM-USD,Crypto,Crypto,-0.02410587273948439
2021-10-09,XLM-USD,Crypto,Crypto,0.05079330538452265
2021-10-10,XLM-USD,Crypto,Crypto,-0.05767581093043184
2021-10-11,XLM-USD,Crypto,Crypto,0.036205685203719584
2021-10-12,XLM-USD,Crypto,Crypto,-0.03312960622956718
2021-10-13,XLM-USD,Crypto,Crypto,0.10362578328818817
2021-10-14,XLM-USD,Crypto,Crypto,0.004523162269267189
2021-10-15,XLM-USD,Crypto,Crypto,-0.02136860900975457
2021-10-16,XLM-USD,Crypto,Crypto,0.0959206406022306
2021-10-17,XLM-USD,Crypto,Crypto,-0.0339457246706063
2021-10-18,XLM-USD,Crypto,Crypto,-0.007369485502854434
2021-10-19,XLM-USD,Crypto,Crypto,-0.015567254063583835
2021-10-20,XLM-USD,Crypto,Crypto,0.04560554729183286
2021-10-21,XLM-USD,Crypto,Crypto,-0.04694645046032819
2021-10-22,XLM-USD,Crypto,Crypto,-0.0013069537843354295
2021-10-23,XLM-USD,Crypto,Crypto,0.017552725166353866
2021-10-24,XLM-USD,Crypto,Crypto,-0.015380267332894881
2021-10-25,XLM-USD,Crypto,Crypto,0.03744476155496157
2021-10-26,XLM-USD,Crypto,Crypto,-0.03456794670216612
2021-10-27,XLM-USD,Crypto,Crypto,-0.11428284581765269
2021-10-28,XLM-USD,Crypto,Crypto,0.03642863385752637
2021-10-29,XLM-USD,Crypto,Crypto,0.054970051623859595
2021-10-30,XLM-USD,Crypto,Crypto,-0.008389337653205486
2021-10-31,XLM-USD,Crypto,Crypto,0.03969717587030397
2021-11-01,XLM-USD,Crypto,Crypto,-0.016894198006778827
2021-11-02,XLM-USD,Crypto,Crypto,0.041653021063391193
2021-11-03,XLM-USD,Crypto,Crypto,0.008242119560063266
2021-11-04,XLM-USD,Crypto,Crypto,-0.039699477036658215
2021-11-05,XLM-USD,Crypto,Crypto,-0.026206217934615417
2021-11-06,XLM-USD,Crypto,Crypto,-0.0022916585433737646
2021-11-07,XLM-USD,Crypto,Crypto,0.011868953123020276
2021-11-08,XLM-USD,Crypto,Crypto,0.03901672685478541
2021-11-09,XLM-USD,Crypto,Crypto,0.09145588184574671
2021-11-10,XLM-USD,Crypto,Crypto,-0.065253105949589
2021-11-11,XLM-USD,Crypto,Crypto,0.017702542729708615
2021-11-12,XLM-USD,Crypto,Crypto,-0.03212653469702542
2021-11-13,XLM-USD,Crypto,Crypto,-0.0014836016895043436
2021-11-14,XLM-USD,Crypto,Crypto,-0.003924318038153962
2021-11-15,XLM-USD,Crypto,Crypto,-0.003942463671439689
2021-11-16,XLM-USD,Crypto,Crypto,-0.08481121745180764
2021-11-17,XLM-USD,Crypto,Crypto,0.006798308166813705
2021-11-18,XLM-USD,Crypto,Crypto,-0.052656511104031356
2021-11-19,XLM-USD,Crypto,Crypto,0.07881927744106676
2021-11-20,XLM-USD,Crypto,Crypto,-0.014939842447672658
2021-11-21,XLM-USD,Crypto,Crypto,-0.013110365983723171
2021-11-22,XLM-USD,Crypto,Crypto,-0.021937474871392193
2021-11-23,XLM-USD,Crypto,Crypto,0.012224875665762358
2021-11-24,XLM-USD,Crypto,Crypto,-0.021888623590616274
2021-11-25,XLM-USD,Crypto,Crypto,-0.003918771911861185
2021-11-26,XLM-USD,Crypto,Crypto,-0.012143000079990918
2021-11-27,XLM-USD,Crypto,Crypto,-0.004150313922700044
2021-11-28,XLM-USD,Crypto,Crypto,-0.008969014596585057
2021-11-29,XLM-USD,Crypto,Crypto,0.015087817586649122
2021-11-30,XLM-USD,Crypto,Crypto,0.023258607165137724
2021-12-01,XLM-USD,Crypto,Crypto,-0.024642741639207544
2021-12-02,XLM-USD,Crypto,Crypto,0.031810443847190006
2021-12-03,XLM-USD,Crypto,Crypto,-0.03587536778308287
2021-12-04,XLM-USD,Crypto,Crypto,-0.11348278366858389
2021-12-05,XLM-USD,Crypto,Crypto,-0.029786451619020715
2021-12-06,XLM-USD,Crypto,Crypto,0.055231789824176536
2021-12-07,XLM-USD,Crypto,Crypto,-0.029914871503909923
2021-12-08,XLM-USD,Crypto,Crypto,0.06614927561378359
2021-12-09,XLM-USD,Crypto,Crypto,-0.10492489095975854
2021-12-10,XLM-USD,Crypto,Crypto,-0.04689574325558732
2021-12-11,XLM-USD,Crypto,Crypto,0.051465807931480034
2021-12-12,XLM-USD,Crypto,Crypto,0.0058765628813171045
2021-12-13,XLM-USD,Crypto,Crypto,-0.08374349375446821
2021-12-14,XLM-USD,Crypto,Crypto,0.029752047044163232
2021-12-15,XLM-USD,Crypto,Crypto,0.04731136987598217
2021-12-16,XLM-USD,Crypto,Crypto,-0.06270597121798716
2021-12-17,XLM-USD,Crypto,Crypto,-0.002825670459036367
2021-12-18,XLM-USD,Crypto,Crypto,0.00021164977848608935
2021-12-19,XLM-USD,Crypto,Crypto,-0.007586249178892057
2021-12-20,XLM-USD,Crypto,Crypto,0.01757850490747237
2021-12-21,XLM-USD,Crypto,Crypto,0.03820458701125462
2021-12-22,XLM-USD,Crypto,Crypto,-0.0012108589914550105
2021-12-23,XLM-USD,Crypto,Crypto,0.07470469952614311
2021-12-24,XLM-USD,Crypto,Crypto,-0.03012161336790309
2021-12-25,XLM-USD,Crypto,Crypto,0.0380575765402249
2021-12-26,XLM-USD,Crypto,Crypto,0.008012994769831971
2021-12-27,XLM-USD,Crypto,Crypto,0.025529262963299937
2021-12-28,XLM-USD,Crypto,Crypto,-0.08141886135391285
2021-12-29,XLM-USD,Crypto,Crypto,-0.029616825904207777
2021-12-30,XLM-USD,Crypto,Crypto,0.007067204604761956
2021-12-31,XLM-USD,Crypto,Crypto,-0.003469653388967986
2022-01-01,XLM-USD,Crypto,Crypto,0.03343752862992955
2022-01-02,XLM-USD,Crypto,Crypto,0.05561360202858756
2022-01-03,XLM-USD,Crypto,Crypto,-0.005217549618264483
2022-01-04,XLM-USD,Crypto,Crypto,-0.0362326290233842
2022-01-05,XLM-USD,Crypto,Crypto,-0.044291883252751685
2022-01-06,XLM-USD,Crypto,Crypto,0.0030079961607545336
2022-01-07,XLM-USD,Crypto,Crypto,-0.04150185105597237
2022-01-08,XLM-USD,Crypto,Crypto,-0.0034402371585510183
2022-01-09,XLM-USD,Crypto,Crypto,0.020306623816485736
2022-01-10,XLM-USD,Crypto,Crypto,-0.0312546018256622
2022-01-11,XLM-USD,Crypto,Crypto,0.038023312427623246
2022-01-12,XLM-USD,Crypto,Crypto,0.07565498989714281
2022-01-13,XLM-USD,Crypto,Crypto,-0.044740236622493934
2022-01-14,XLM-USD,Crypto,Crypto,-0.013427687209900285
2022-01-15,XLM-USD,Crypto,Crypto,-0.024018094891431474
2022-01-16,XLM-USD,Crypto,Crypto,-0.004524067212092309
2022-01-17,XLM-USD,Crypto,Crypto,-0.009734670232344977
2022-01-18,XLM-USD,Crypto,Crypto,-0.0070907402617460535
2022-01-19,XLM-USD,Crypto,Crypto,-0.03111257345423979
2022-01-20,XLM-USD,Crypto,Crypto,-0.06035334335710407
2022-01-21,XLM-USD,Crypto,Crypto,-0.12368921606165784
2022-01-22,XLM-USD,Crypto,Crypto,-0.054033281065557937
2022-01-23,XLM-USD,Crypto,Crypto,0.04465203230455117
2022-01-24,XLM-USD,Crypto,Crypto,-0.014646657902413707
2022-01-25,XLM-USD,Crypto,Crypto,-0.00425991955118743
2022-01-26,XLM-USD,Crypto,Crypto,0.0016360749646233685
2022-01-27,XLM-USD,Crypto,Crypto,-0.01672466988207133
2022-01-28,XLM-USD,Crypto,Crypto,0.02520160197647936
2022-01-29,XLM-USD,Crypto,Crypto,0.0201638301356748
2022-01-30,XLM-USD,Crypto,Crypto,-0.035609121498976104
2022-01-31,XLM-USD,Crypto,Crypto,0.02211653651619061
2022-02-01,XLM-USD,Crypto,Crypto,0.010063357933961736
2022-02-02,XLM-USD,Crypto,Crypto,-0.04400901282328884
2022-02-03,XLM-USD,Crypto,Crypto,0.0067681581495939724
2022-02-04,XLM-USD,Crypto,Crypto,0.07525681506745552
2022-02-05,XLM-USD,Crypto,Crypto,0.02156662221979988
2022-02-06,XLM-USD,Crypto,Crypto,0.04822087289591015
2022-02-07,XLM-USD,Crypto,Crypto,0.06977730896951528
2022-02-08,XLM-USD,Crypto,Crypto,0.014680904816606333
2022-02-09,XLM-USD,Crypto,Crypto,-0.016560698123840978
2022-02-10,XLM-USD,Crypto,Crypto,-0.026643462966855158
2022-02-11,XLM-USD,Crypto,Crypto,-0.07257947406858367
2022-02-12,XLM-USD,Crypto,Crypto,0.012280088071923156
2022-02-13,XLM-USD,Crypto,Crypto,-0.03014678530558479
2022-02-14,XLM-USD,Crypto,Crypto,-0.0027171500202969323
2022-02-15,XLM-USD,Crypto,Crypto,0.047487276228571185
2022-02-16,XLM-USD,Crypto,Crypto,-0.008128678393127031
2022-02-17,XLM-USD,Crypto,Crypto,-0.07679536865305314
2022-02-18,XLM-USD,Crypto,Crypto,-0.006570122801782152
2022-02-19,XLM-USD,Crypto,Crypto,0.01559901145006859
2022-02-20,XLM-USD,Crypto,Crypto,-0.04556914814099
2022-02-21,XLM-USD,Crypto,Crypto,-0.08265446332710702
2022-02-22,XLM-USD,Crypto,Crypto,0.03945866169372425
2022-02-23,XLM-USD,Crypto,Crypto,-0.020836421441299158
2022-02-24,XLM-USD,Crypto,Crypto,0.002763628503813065
2022-02-25,XLM-USD,Crypto,Crypto,0.04488074155540156
2022-02-26,XLM-USD,Crypto,Crypto,0.01092310590719614
2022-02-27,XLM-USD,Crypto,Crypto,-0.059715718498688286
2022-02-28,XLM-USD,Crypto,Crypto,0.08616520437429975
2022-03-01,XLM-USD,Crypto,Crypto,0.008355040084802257
2022-03-02,XLM-USD,Crypto,Crypto,-0.025366169848708875
2022-03-03,XLM-USD,Crypto,Crypto,-0.028822290318042065
2022-03-04,XLM-USD,Crypto,Crypto,-0.06378281046172984
2022-03-05,XLM-USD,Crypto,Crypto,0.023685098517244096
2022-03-06,XLM-USD,Crypto,Crypto,-0.03738478903314213
2022-03-07,XLM-USD,Crypto,Crypto,-0.016808254648990162
2022-03-08,XLM-USD,Crypto,Crypto,0.014860423290441904
2022-03-09,XLM-USD,Crypto,Crypto,0.09271270803230691
2022-03-10,XLM-USD,Crypto,Crypto,-0.05282926084016426
2022-03-11,XLM-USD,Crypto,Crypto,0.02718976229536363
2022-03-12,XLM-USD,Crypto,Crypto,0.007514671978944953
2022-03-13,XLM-USD,Crypto,Crypto,-0.0434998138641568
2022-03-14,XLM-USD,Crypto,Crypto,0.016363043224195906
2022-03-15,XLM-USD,Crypto,Crypto,0.013423851471498827
2022-03-16,XLM-USD,Crypto,Crypto,0.03685095778075187
2022-03-17,XLM-USD,Crypto,Crypto,0.002113385277284552
2022-03-18,XLM-USD,Crypto,Crypto,0.01776208799928347
2022-03-19,XLM-USD,Crypto,Crypto,0.03606987016192953
2022-03-20,XLM-USD,Crypto,Crypto,-0.015069614996392477
2022-03-21,XLM-USD,Crypto,Crypto,0.03501176489098734
2022-03-22,XLM-USD,Crypto,Crypto,0.01599897154741181
2022-03-23,XLM-USD,Crypto,Crypto,0.01122374322209363
2022-03-24,XLM-USD,Crypto,Crypto,0.02527275403270357
2022-03-25,XLM-USD,Crypto,Crypto,-0.014918367596148507
2022-03-26,XLM-USD,Crypto,Crypto,0.01842929162628204
2022-03-27,XLM-USD,Crypto,Crypto,0.06647519451512451
2022-03-28,XLM-USD,Crypto,Crypto,0.0027807995009321296
2022-03-29,XLM-USD,Crypto,Crypto,0.012741642048142987
2022-03-30,XLM-USD,Crypto,Crypto,0.006243479281427433
2022-03-31,XLM-USD,Crypto,Crypto,-0.02785974445687378
2022-04-01,XLM-USD,Crypto,Crypto,0.018639621238677018
2022-04-02,XLM-USD,Crypto,Crypto,0.0033415021046516724
2022-04-03,XLM-USD,Crypto,Crypto,0.016021675020064352
2022-04-04,XLM-USD,Crypto,Crypto,-0.020687888543813426
2022-04-05,XLM-USD,Crypto,Crypto,-0.02938277933555189
2022-04-06,XLM-USD,Crypto,Crypto,-0.0973007061720299
2022-04-07,XLM-USD,Crypto,Crypto,0.046888348401065594
2022-04-08,XLM-USD,Crypto,Crypto,-0.05263577037257139
2022-04-09,XLM-USD,Crypto,Crypto,0.016314107228200925
2022-04-10,XLM-USD,Crypto,Crypto,-0.015505949947396291
2022-04-11,XLM-USD,Crypto,Crypto,-0.07455940435221786
2022-04-12,XLM-USD,Crypto,Crypto,0.03119543144879655
2022-04-13,XLM-USD,Crypto,Crypto,0.020351286693772064
2022-04-14,XLM-USD,Crypto,Crypto,-0.013519063640240692
2022-04-15,XLM-USD,Crypto,Crypto,0.053228762867795654
2022-04-16,XLM-USD,Crypto,Crypto,0.0069000695436172155
2022-04-17,XLM-USD,Crypto,Crypto,-0.04002250730639523
2022-04-18,XLM-USD,Crypto,Crypto,0.039086972106488815
2022-04-19,XLM-USD,Crypto,Crypto,-0.0051731759182056525
2022-04-20,XLM-USD,Crypto,Crypto,-0.017702915978028866
2022-04-21,XLM-USD,Crypto,Crypto,-0.019758302042967246
2022-04-22,XLM-USD,Crypto,Crypto,-0.00431640805434208
2022-04-23,XLM-USD,Crypto,Crypto,-0.018521138138735904
2022-04-24,XLM-USD,Crypto,Crypto,-0.010906764186919604
2022-04-25,XLM-USD,Crypto,Crypto,0.01218556013086225
2022-04-26,XLM-USD,Crypto,Crypto,-0.06174464468811758
2022-04-27,XLM-USD,Crypto,Crypto,0.02232963886975159
2022-04-28,XLM-USD,Crypto,Crypto,0.0071757857782448475
2022-04-29,XLM-USD,Crypto,Crypto,-0.041859398028157746
2022-04-30,XLM-USD,Crypto,Crypto,-0.048004737684871124
2022-05-01,XLM-USD,Crypto,Crypto,0.039030839903325676
2022-05-02,XLM-USD,Crypto,Crypto,-0.012978040113326372
2022-05-03,XLM-USD,Crypto,Crypto,-0.009205202753454267
2022-05-04,XLM-USD,Crypto,Crypto,0.07242007618244473
2022-05-05,XLM-USD,Crypto,Crypto,-0.07209694542782985
2022-05-06,XLM-USD,Crypto,Crypto,0.0001752320388901385
2022-05-07,XLM-USD,Crypto,Crypto,-0.021255906520778023
2022-05-08,XLM-USD,Crypto,Crypto,-0.035281213175502035
2022-05-09,XLM-USD,Crypto,Crypto,-0.11601472740182861
2022-05-10,XLM-USD,Crypto,Crypto,0.03798590135534541
2022-05-11,XLM-USD,Crypto,Crypto,-0.15418617650593802
2022-05-12,XLM-USD,Crypto,Crypto,-0.03659090191419312
2022-05-13,XLM-USD,Crypto,Crypto,0.09079628733992773
2022-05-14,XLM-USD,Crypto,Crypto,0.04947318954444757
2022-05-15,XLM-USD,Crypto,Crypto,0.046281259677450004
2022-05-16,XLM-USD,Crypto,Crypto,-0.06258502225611706
2022-05-17,XLM-USD,Crypto,Crypto,0.043600642543871526
2022-05-18,XLM-USD,Crypto,Crypto,-0.09126453646114197
2022-05-19,XLM-USD,Crypto,Crypto,0.013808043659895297
2022-05-20,XLM-USD,Crypto,Crypto,-0.027599975344323346
2022-05-21,XLM-USD,Crypto,Crypto,0.029076522626368284
2022-05-22,XLM-USD,Crypto,Crypto,0.03881896729220613
2022-05-23,XLM-USD,Crypto,Crypto,-0.0492620189979569
2022-05-24,XLM-USD,Crypto,Crypto,0.02963161959615168
2022-05-25,XLM-USD,Crypto,Crypto,-0.005134041570604597
2022-05-26,XLM-USD,Crypto,Crypto,-0.05513054400476258
2022-05-27,XLM-USD,Crypto,Crypto,-0.03670123871058584
2022-05-28,XLM-USD,Crypto,Crypto,0.020425578092011065
2022-05-29,XLM-USD,Crypto,Crypto,0.0652806406478541
2022-05-30,XLM-USD,Crypto,Crypto,0.09635977939990803
2022-05-31,XLM-USD,Crypto,Crypto,0.04762831332808837
2022-06-01,XLM-USD,Crypto,Crypto,-0.08732391263927797
2022-06-02,XLM-USD,Crypto,Crypto,0.044757187693672984
2022-06-03,XLM-USD,Crypto,Crypto,0.02314816067299552
2022-06-04,XLM-USD,Crypto,Crypto,-0.020925065331081294
2022-06-05,XLM-USD,Crypto,Crypto,0.001666002578517789
2022-06-06,XLM-USD,Crypto,Crypto,0.008566695443197547
2022-06-07,XLM-USD,Crypto,Crypto,-0.029870183549344453
2022-06-08,XLM-USD,Crypto,Crypto,-0.00314370223028837
2022-06-09,XLM-USD,Crypto,Crypto,-0.0017979503939627994
2022-06-10,XLM-USD,Crypto,Crypto,-0.048304580809537034
2022-06-11,XLM-USD,Crypto,Crypto,-0.06039991821182489
2022-06-12,XLM-USD,Crypto,Crypto,-0.046497284823562635
2022-06-13,XLM-USD,Crypto,Crypto,-0.10702760637909159
2022-06-14,XLM-USD,Crypto,Crypto,0.06008265304466609
2022-06-15,XLM-USD,Crypto,Crypto,0.06736625937442309
2022-06-16,XLM-USD,Crypto,Crypto,-0.09682478552698115
2022-06-17,XLM-USD,Crypto,Crypto,0.029635251649511307
2022-06-18,XLM-USD,Crypto,Crypto,-0.0379183709989267
2022-06-19,XLM-USD,Crypto,Crypto,0.06248550759685201
2022-06-20,XLM-USD,Crypto,Crypto,-0.012149666599663878
2022-06-21,XLM-USD,Crypto,Crypto,0.008579368805555543
2022-06-22,XLM-USD,Crypto,Crypto,-0.007551487981753646
2022-06-23,XLM-USD,Crypto,Crypto,0.041522478605755975
2022-06-24,XLM-USD,Crypto,Crypto,0.08351416950260471
2022-06-25,XLM-USD,Crypto,Crypto,-0.007383910671826199
2022-06-26,XLM-USD,Crypto,Crypto,-0.05266268048292155
2022-06-27,XLM-USD,Crypto,Crypto,-0.010231339911490944
2022-06-28,XLM-USD,Crypto,Crypto,-0.038213616374709436
2022-06-29,XLM-USD,Crypto,Crypto,-0.040457170163432754
2022-06-30,XLM-USD,Crypto,Crypto,0.01947876467130749
2022-07-01,XLM-USD,Crypto,Crypto,-0.02316194755304024
2022-07-02,XLM-USD,Crypto,Crypto,-0.006474138940065988
2022-07-03,XLM-USD,Crypto,Crypto,0.002742760010522094
2022-07-04,XLM-USD,Crypto,Crypto,0.02052356351775897
2022-07-05,XLM-USD,Crypto,Crypto,-0.027998646908529046
2022-07-06,XLM-USD,Crypto,Crypto,0.012029125868215251
2022-07-07,XLM-USD,Crypto,Crypto,0.041912385869108615
2022-07-08,XLM-USD,Crypto,Crypto,-0.00553724829404223
2022-07-09,XLM-USD,Crypto,Crypto,-0.004526863417639193
2022-07-10,XLM-USD,Crypto,Crypto,-0.04785877454125942
2022-07-11,XLM-USD,Crypto,Crypto,-0.05566418422658059
2022-07-12,XLM-USD,Crypto,Crypto,-0.008734836592660833
2022-07-13,XLM-USD,Crypto,Crypto,0.04831573323532301
2022-07-14,XLM-USD,Crypto,Crypto,0.014989800116206542
2022-07-15,XLM-USD,Crypto,Crypto,0.004710889484461855
2022-07-16,XLM-USD,Crypto,Crypto,0.018057689200522198
2022-07-17,XLM-USD,Crypto,Crypto,-0.026683740658518862
2022-07-18,XLM-USD,Crypto,Crypto,0.07466907487865093
2022-07-19,XLM-USD,Crypto,Crypto,0.036596974385932235
2022-07-20,XLM-USD,Crypto,Crypto,-0.05638339783696311
2022-07-21,XLM-USD,Crypto,Crypto,0.01415658250974805
2022-07-22,XLM-USD,Crypto,Crypto,-0.014047028809673456
2022-07-23,XLM-USD,Crypto,Crypto,-0.003063834329732229
2022-07-24,XLM-USD,Crypto,Crypto,0.01628902077222638
2022-07-25,XLM-USD,Crypto,Crypto,-0.06375903069342093
2022-07-26,XLM-USD,Crypto,Crypto,-0.0069118261572868045
2022-07-27,XLM-USD,Crypto,Crypto,0.0663847068571255
2022-07-28,XLM-USD,Crypto,Crypto,0.0373814940831676
2022-07-29,XLM-USD,Crypto,Crypto,0.009574391653939474
2022-07-30,XLM-USD,Crypto,Crypto,0.013439927856838674
2022-07-31,XLM-USD,Crypto,Crypto,-0.013228173239515861
2022-08-01,XLM-USD,Crypto,Crypto,0.006732449859270906
2022-08-02,XLM-USD,Crypto,Crypto,-0.02873167089921813
2022-08-03,XLM-USD,Crypto,Crypto,-0.008569723703667043
2022-08-04,XLM-USD,Crypto,Crypto,-0.002399550822355878
2022-08-05,XLM-USD,Crypto,Crypto,0.038292734454356436
2022-08-06,XLM-USD,Crypto,Crypto,0.02916110322563248
2022-08-07,XLM-USD,Crypto,Crypto,0.016126754679528066
2022-08-08,XLM-USD,Crypto,Crypto,0.051921786674348214
2022-08-09,XLM-USD,Crypto,Crypto,-0.060434409144008994
2022-08-10,XLM-USD,Crypto,Crypto,0.028508276059540316
2022-08-11,XLM-USD,Crypto,Crypto,-0.002926899684827289
2022-08-12,XLM-USD,Crypto,Crypto,0.007649917668114625
2022-08-13,XLM-USD,Crypto,Crypto,0.0028340528465626846
2022-08-14,XLM-USD,Crypto,Crypto,-0.008478131068200945
2022-08-15,XLM-USD,Crypto,Crypto,-0.01669522015648206
2022-08-16,XLM-USD,Crypto,Crypto,-0.012598387292050983
2022-08-17,XLM-USD,Crypto,Crypto,-0.007035505604797598
2022-08-18,XLM-USD,Crypto,Crypto,-0.04222344210243034
2022-08-19,XLM-USD,Crypto,Crypto,-0.06758860866261618
2022-08-20,XLM-USD,Crypto,Crypto,0.010199541509106735
2022-08-21,XLM-USD,Crypto,Crypto,0.016952704756095338
2022-08-22,XLM-USD,Crypto,Crypto,-0.013726740869120624
2022-08-23,XLM-USD,Crypto,Crypto,0.01126202316593905
2022-08-24,XLM-USD,Crypto,Crypto,-0.012336901304655035
2022-08-25,XLM-USD,Crypto,Crypto,0.00836080691940877
2022-08-26,XLM-USD,Crypto,Crypto,-0.059390689495021576
2022-08-27,XLM-USD,Crypto,Crypto,0.016840106806012223
2022-08-28,XLM-USD,Crypto,Crypto,-0.025533421904331055
2022-08-29,XLM-USD,Crypto,Crypto,0.029294234367783334
2022-08-30,XLM-USD,Crypto,Crypto,-0.032531701176725325
2022-08-31,XLM-USD,Crypto,Crypto,0.01810160409135242
2022-09-01,XLM-USD,Crypto,Crypto,0.0070293793345492794
2022-09-02,XLM-USD,Crypto,Crypto,-0.005370911693422298
2022-09-03,XLM-USD,Crypto,Crypto,0.008013769930899972
2022-09-04,XLM-USD,Crypto,Crypto,0.010514616001983113
2022-09-05,XLM-USD,Crypto,Crypto,-0.01269867059216534
2022-09-06,XLM-USD,Crypto,Crypto,-0.04831584877303541
2022-09-07,XLM-USD,Crypto,Crypto,0.03032122322397579
2022-09-08,XLM-USD,Crypto,Crypto,0.013359958291680574
2022-09-09,XLM-USD,Crypto,Crypto,0.09604296137491009
2022-09-10,XLM-USD,Crypto,Crypto,0.004799167992242559
2022-09-11,XLM-USD,Crypto,Crypto,-0.00515907164582885
2022-09-12,XLM-USD,Crypto,Crypto,-0.004197605688946782
2022-09-13,XLM-USD,Crypto,Crypto,-0.07851938181447249
2022-09-14,XLM-USD,Crypto,Crypto,0.0020871481265938296
2022-09-15,XLM-USD,Crypto,Crypto,-0.029225466433628777
2022-09-16,XLM-USD,Crypto,Crypto,0.04962031784033538
2022-09-17,XLM-USD,Crypto,Crypto,0.05953893046683234
2022-09-18,XLM-USD,Crypto,Crypto,-0.05512730090884499
2022-09-19,XLM-USD,Crypto,Crypto,0.042811472481038226
2022-09-20,XLM-USD,Crypto,Crypto,0.049985225798819366
2022-09-21,XLM-USD,Crypto,Crypto,-0.05478356464512901
2022-09-22,XLM-USD,Crypto,Crypto,0.10825147941106783
2022-09-23,XLM-USD,Crypto,Crypto,0.0005527359916823738
2022-09-24,XLM-USD,Crypto,Crypto,-0.039766048315982294
2022-09-25,XLM-USD,Crypto,Crypto,-0.006818920315029731
2022-09-26,XLM-USD,Crypto,Crypto,-0.032097015325117106
2022-09-27,XLM-USD,Crypto,Crypto,-0.029042680483106764
2022-09-28,XLM-USD,Crypto,Crypto,-0.0179830703002255
2022-09-29,XLM-USD,Crypto,Crypto,0.06449020752241674
2022-09-30,XLM-USD,Crypto,Crypto,-0.007786386321356753
2022-10-01,XLM-USD,Crypto,Crypto,0.06048186857858573
2022-10-02,XLM-USD,Crypto,Crypto,-0.022916834227777128
2022-10-03,XLM-USD,Crypto,Crypto,-0.013696398151854305
2022-10-04,XLM-USD,Crypto,Crypto,0.01876919115201292
2022-10-05,XLM-USD,Crypto,Crypto,-0.0016534957950328222
2022-10-06,XLM-USD,Crypto,Crypto,0.004102720731862464
2022-10-07,XLM-USD,Crypto,Crypto,0.02418929326752184
2022-10-08,XLM-USD,Crypto,Crypto,0.03213643792666021
2022-10-09,XLM-USD,Crypto,Crypto,0.020490646718665184
2022-10-10,XLM-USD,Crypto,Crypto,-0.03901735608247037
2022-10-11,XLM-USD,Crypto,Crypto,-0.06316784912654427
2022-10-12,XLM-USD,Crypto,Crypto,0.003431228936607411
2022-10-13,XLM-USD,Crypto,Crypto,-0.03672991007771864
2022-10-14,XLM-USD,Crypto,Crypto,0.00299691231042698
2022-10-15,XLM-USD,Crypto,Crypto,-0.004997774452892401
2022-10-16,XLM-USD,Crypto,Crypto,0.014282016691607557
2022-10-17,XLM-USD,Crypto,Crypto,0.006873045352579821
2022-10-18,XLM-USD,Crypto,Crypto,-0.016041370684628298
2022-10-19,XLM-USD,Crypto,Crypto,-0.014986578431816944
2022-10-20,XLM-USD,Crypto,Crypto,-0.005995501086852761
2022-10-21,XLM-USD,Crypto,Crypto,0.007630406814480795
2022-10-22,XLM-USD,Crypto,Crypto,0.0029659927750356196
2022-10-23,XLM-USD,Crypto,Crypto,0.006291948190826346
2022-10-24,XLM-USD,Crypto,Crypto,-0.014604212957996299
2022-10-25,XLM-USD,Crypto,Crypto,0.015364529972311303
2022-10-26,XLM-USD,Crypto,Crypto,0.014123204559717495
2022-10-27,XLM-USD,Crypto,Crypto,-0.020687370434202434
2022-10-28,XLM-USD,Crypto,Crypto,0.012593709072655557
2022-10-29,XLM-USD,Crypto,Crypto,0.007599001112755577
2022-10-30,XLM-USD,Crypto,Crypto,-0.020122862404543973
2022-10-31,XLM-USD,Crypto,Crypto,0.00177128735230081
2022-11-01,XLM-USD,Crypto,Crypto,-0.013373276264106448
2022-11-02,XLM-USD,Crypto,Crypto,-0.020813991144649546
2022-11-03,XLM-USD,Crypto,Crypto,0.01008934217710511
2022-11-04,XLM-USD,Crypto,Crypto,0.06364742397014167
2022-11-05,XLM-USD,Crypto,Crypto,-0.01763170059546526
2022-11-06,XLM-USD,Crypto,Crypto,-0.03908280568908118
2022-11-07,XLM-USD,Crypto,Crypto,0.005771069073875701
2022-11-08,XLM-USD,Crypto,Crypto,-0.09852905400797407
2022-11-09,XLM-USD,Crypto,Crypto,-0.16329046823704196
2022-11-10,XLM-USD,Crypto,Crypto,0.17396608854454887
2022-11-11,XLM-USD,Crypto,Crypto,-0.020345214882217078
2022-11-12,XLM-USD,Crypto,Crypto,-0.045913644636773276
2022-11-13,XLM-USD,Crypto,Crypto,-0.028127743871417477
2022-11-14,XLM-USD,Crypto,Crypto,0.03169333389238349
2022-11-15,XLM-USD,Crypto,Crypto,0.014311748177341377
2022-11-16,XLM-USD,Crypto,Crypto,-0.027505426819800505
2022-11-17,XLM-USD,Crypto,Crypto,0.005952605468992456
2022-11-18,XLM-USD,Crypto,Crypto,-0.011668958567698007
2022-11-19,XLM-USD,Crypto,Crypto,0.011985749542718471
2022-11-20,XLM-USD,Crypto,Crypto,-0.042564719542196316
2022-11-21,XLM-USD,Crypto,Crypto,-0.02599966851119706
2022-11-22,XLM-USD,Crypto,Crypto,0.03178108702655136
2022-11-23,XLM-USD,Crypto,Crypto,0.018056013924442782
2022-11-24,XLM-USD,Crypto,Crypto,0.01592944516062178
2022-11-25,XLM-USD,Crypto,Crypto,-0.007523108523769251
2022-11-26,XLM-USD,Crypto,Crypto,-0.0128090219828495
2022-11-27,XLM-USD,Crypto,Crypto,0.022400415626241843
2022-11-28,XLM-USD,Crypto,Crypto,-0.031150555646519695
2022-11-29,XLM-USD,Crypto,Crypto,0.014953968659531025
2022-11-30,XLM-USD,Crypto,Crypto,0.013030047253159038
2022-12-01,XLM-USD,Crypto,Crypto,-0.025234946439306016
2022-12-02,XLM-USD,Crypto,Crypto,0.006591971895317794
2022-12-03,XLM-USD,Crypto,Crypto,-0.019101737673968056
2022-12-04,XLM-USD,Crypto,Crypto,0.016465348515767753
2022-12-05,XLM-USD,Crypto,Crypto,-0.011064723032069956
2022-12-06,XLM-USD,Crypto,Crypto,-0.008840269412997204
2022-12-07,XLM-USD,Crypto,Crypto,-0.021182934867837844
2022-12-08,XLM-USD,Crypto,Crypto,0.015305588894468869
2022-12-09,XLM-USD,Crypto,Crypto,-0.004873050287956482
2022-12-10,XLM-USD,Crypto,Crypto,0.0008219996684002417
2022-12-11,XLM-USD,Crypto,Crypto,-0.015347447818135351
2022-12-12,XLM-USD,Crypto,Crypto,0.004301854086415036
2022-12-13,XLM-USD,Crypto,Crypto,-0.0033816206460264286
2022-12-14,XLM-USD,Crypto,Crypto,-0.011667555477969382
2022-12-15,XLM-USD,Crypto,Crypto,-0.014069889023016646
2022-12-16,XLM-USD,Crypto,Crypto,-0.08897192800776033
2022-12-17,XLM-USD,Crypto,Crypto,0.01628128269009066
2022-12-18,XLM-USD,Crypto,Crypto,0.010807854798529526
2022-12-19,XLM-USD,Crypto,Crypto,-0.04190765684159847
2022-12-20,XLM-USD,Crypto,Crypto,0.035564957629751426
2022-12-21,XLM-USD,Crypto,Crypto,-0.01190836012625307
2022-12-22,XLM-USD,Crypto,Crypto,0.008376396190055813
2022-12-23,XLM-USD,Crypto,Crypto,-0.004675049475548865
2022-12-24,XLM-USD,Crypto,Crypto,-0.012976507149164207
2022-12-25,XLM-USD,Crypto,Crypto,-0.007165032621640921
2022-12-26,XLM-USD,Crypto,Crypto,0.018089164649490508
2022-12-27,XLM-USD,Crypto,Crypto,-0.014030678850851519
2022-12-28,XLM-USD,Crypto,Crypto,-0.03180603989749253
2022-12-29,XLM-USD,Crypto,Crypto,0.0035246990506760945
2022-12-30,XLM-USD,Crypto,Crypto,0.004317555358823499
2022-12-31,XLM-USD,Crypto,Crypto,-0.016532311511164077
2023-01-01,XLM-USD,Crypto,Crypto,0.01935431375376484
2023-01-02,XLM-USD,Crypto,Crypto,0.01646341532320661
2023-01-03,XLM-USD,Crypto,Crypto,-0.000935997045560355
2023-01-04,XLM-USD,Crypto,Crypto,0.002539099389064381
2023-01-05,XLM-USD,Crypto,Crypto,-0.012812181511790977
2023-01-06,XLM-USD,Crypto,Crypto,0.0295376837474306
2023-01-07,XLM-USD,Crypto,Crypto,0.008195310988243554
2023-01-08,XLM-USD,Crypto,Crypto,0.019971451488456804
2023-01-09,XLM-USD,Crypto,Crypto,0.029752888935575594
2023-01-10,XLM-USD,Crypto,Crypto,0.0011199544854998411
2023-01-11,XLM-USD,Crypto,Crypto,0.02324211427763867
2023-01-12,XLM-USD,Crypto,Crypto,0.0029605355287145585
2023-01-13,XLM-USD,Crypto,Crypto,0.03598552738109406
2023-01-14,XLM-USD,Crypto,Crypto,0.03211081987568454
2023-01-15,XLM-USD,Crypto,Crypto,0.008763124908305775
2023-01-16,XLM-USD,Crypto,Crypto,-0.003247652038780302
2023-01-17,XLM-USD,Crypto,Crypto,-0.01572170308193621
2023-01-18,XLM-USD,Crypto,Crypto,-0.044145015754989525
2023-01-19,XLM-USD,Crypto,Crypto,0.021880976746607272
2023-01-20,XLM-USD,Crypto,Crypto,0.053276463245832684
2023-01-21,XLM-USD,Crypto,Crypto,0.0168755826135909
2023-01-22,XLM-USD,Crypto,Crypto,0.0071913358091115764
2023-01-23,XLM-USD,Crypto,Crypto,0.03780926608474178
2023-01-24,XLM-USD,Crypto,Crypto,-0.042052192546060185
2023-01-25,XLM-USD,Crypto,Crypto,0.021645252575144935
2023-01-26,XLM-USD,Crypto,Crypto,-0.005169573551276896
2023-01-27,XLM-USD,Crypto,Crypto,0.005718218923596696
2023-01-28,XLM-USD,Crypto,Crypto,0.0026807336863510223
2023-01-29,XLM-USD,Crypto,Crypto,0.018111272931258915
2023-01-30,XLM-USD,Crypto,Crypto,-0.04761752612634018
2023-01-31,XLM-USD,Crypto,Crypto,0.00893899036153667
2023-02-01,XLM-USD,Crypto,Crypto,0.016849049775301106
2023-02-02,XLM-USD,Crypto,Crypto,-0.00695740639439002
2023-02-03,XLM-USD,Crypto,Crypto,0.012822765470134945
2023-02-04,XLM-USD,Crypto,Crypto,0.002413577430719016
2023-02-05,XLM-USD,Crypto,Crypto,-0.022002969885184798
2023-02-06,XLM-USD,Crypto,Crypto,-0.02337721445268215
2023-02-07,XLM-USD,Crypto,Crypto,0.03551693030610181
2023-02-08,XLM-USD,Crypto,Crypto,-0.011215506600624203
2023-02-09,XLM-USD,Crypto,Crypto,-0.05997830575230034
2023-02-10,XLM-USD,Crypto,Crypto,0.0018123364147291099
2023-02-11,XLM-USD,Crypto,Crypto,0.006921011288002266
2023-02-12,XLM-USD,Crypto,Crypto,-0.014001899909322546
2023-02-13,XLM-USD,Crypto,Crypto,0.0008228693748513205
2023-02-14,XLM-USD,Crypto,Crypto,0.009326265713115456
2023-02-15,XLM-USD,Crypto,Crypto,0.04917955605012225
2023-02-16,XLM-USD,Crypto,Crypto,-0.039143234434384055
2023-02-17,XLM-USD,Crypto,Crypto,0.046428968599397935
2023-02-18,XLM-USD,Crypto,Crypto,0.01607296569991057
2023-02-19,XLM-USD,Crypto,Crypto,-0.016578686515036356
2023-02-20,XLM-USD,Crypto,Crypto,0.04307836899418849
2023-02-21,XLM-USD,Crypto,Crypto,0.003831472613609721
2023-02-22,XLM-USD,Crypto,Crypto,-0.025399910067958054
2023-02-23,XLM-USD,Crypto,Crypto,-0.015319014618482396
2023-02-24,XLM-USD,Crypto,Crypto,-0.020929944911805443
2023-02-25,XLM-USD,Crypto,Crypto,-0.012018433275275742
2023-02-26,XLM-USD,Crypto,Crypto,0.010052047098718875
2023-02-27,XLM-USD,Crypto,Crypto,-0.006218633698571785
2023-02-28,XLM-USD,Crypto,Crypto,-0.015162767632742158
2023-03-01,XLM-USD,Crypto,Crypto,0.012271020534509791
2023-03-02,XLM-USD,Crypto,Crypto,-0.007377768005513818
2023-03-03,XLM-USD,Crypto,Crypto,-0.020971562436608693
2023-03-04,XLM-USD,Crypto,Crypto,-0.02352304795572846
2023-03-05,XLM-USD,Crypto,Crypto,-0.010178913210147411
2023-03-06,XLM-USD,Crypto,Crypto,0.009123501384722399
2023-03-07,XLM-USD,Crypto,Crypto,-0.008490171618166342
2023-03-08,XLM-USD,Crypto,Crypto,-0.012198223105104655
2023-03-09,XLM-USD,Crypto,Crypto,-0.05750162103802181
2023-03-10,XLM-USD,Crypto,Crypto,0.013867652113198181
2023-03-11,XLM-USD,Crypto,Crypto,0.015865908430743092
2023-03-12,XLM-USD,Crypto,Crypto,0.046249715072431474
2023-03-13,XLM-USD,Crypto,Crypto,0.02032098838072871
2023-03-14,XLM-USD,Crypto,Crypto,0.04343102409151367
2023-03-15,XLM-USD,Crypto,Crypto,-0.05100862458032773
2023-03-16,XLM-USD,Crypto,Crypto,0.009913599899433745
2023-03-17,XLM-USD,Crypto,Crypto,0.03937141808308309
2023-03-18,XLM-USD,Crypto,Crypto,-0.02818583266582242
2023-03-19,XLM-USD,Crypto,Crypto,0.027087648124357155
2023-03-20,XLM-USD,Crypto,Crypto,-0.016035482828204106
2023-03-21,XLM-USD,Crypto,Crypto,0.11584602064771832
2023-03-22,XLM-USD,Crypto,Crypto,-0.058502450496543346
2023-03-23,XLM-USD,Crypto,Crypto,0.018218860760738753
2023-03-24,XLM-USD,Crypto,Crypto,-0.039621364862379105
2023-03-25,XLM-USD,Crypto,Crypto,0.02109488928112757
2023-03-26,XLM-USD,Crypto,Crypto,0.01325488957939136
2023-03-27,XLM-USD,Crypto,Crypto,0.006926717811190919
2023-03-28,XLM-USD,Crypto,Crypto,0.05523820512442956
2023-03-29,XLM-USD,Crypto,Crypto,0.04272673226152346
2023-03-30,XLM-USD,Crypto,Crypto,0.0429879834533915
2023-03-31,XLM-USD,Crypto,Crypto,0.05471961940615788
2023-04-01,XLM-USD,Crypto,Crypto,-0.0385871523286222
2023-04-02,XLM-USD,Crypto,Crypto,-0.01051422482266684
2023-04-03,XLM-USD,Crypto,Crypto,0.001519380167798401
2023-04-04,XLM-USD,Crypto,Crypto,-0.005815245447117534
2023-04-05,XLM-USD,Crypto,Crypto,0.010521145522781383
2023-04-06,XLM-USD,Crypto,Crypto,-0.014009596917652578
2023-04-07,XLM-USD,Crypto,Crypto,0.006428442383388466
2023-04-08,XLM-USD,Crypto,Crypto,-0.019227719537763255
2023-04-09,XLM-USD,Crypto,Crypto,0.003821335630049827
2023-04-10,XLM-USD,Crypto,Crypto,0.008729817242442817
2023-04-11,XLM-USD,Crypto,Crypto,-0.005145247140143416
2023-04-12,XLM-USD,Crypto,Crypto,-0.005780390631297538
2023-04-13,XLM-USD,Crypto,Crypto,0.008338443424539932
2023-04-14,XLM-USD,Crypto,Crypto,0.015315631868910273
2023-04-15,XLM-USD,Crypto,Crypto,-0.004305919524156043
2023-04-16,XLM-USD,Crypto,Crypto,0.007992380141905064
2023-04-17,XLM-USD,Crypto,Crypto,-0.03144603415060854
2023-04-18,XLM-USD,Crypto,Crypto,0.014499191407080447
2023-04-19,XLM-USD,Crypto,Crypto,-0.07476513178623334
2023-04-20,XLM-USD,Crypto,Crypto,-0.019746135712068513
2023-04-21,XLM-USD,Crypto,Crypto,-0.028696417223172177
2023-04-22,XLM-USD,Crypto,Crypto,0.02773799795161702
2023-04-23,XLM-USD,Crypto,Crypto,-0.010670231152488885
2023-04-24,XLM-USD,Crypto,Crypto,-0.011557211782872834
2023-04-25,XLM-USD,Crypto,Crypto,0.015361602235110405
2023-04-26,XLM-USD,Crypto,Crypto,-0.014307412980663958
2023-04-27,XLM-USD,Crypto,Crypto,0.008625688870923076
2023-04-28,XLM-USD,Crypto,Crypto,0.004069336311302241
2023-04-29,XLM-USD,Crypto,Crypto,0.011050172540747916
2023-04-30,XLM-USD,Crypto,Crypto,-0.011983725323100769
2023-05-01,XLM-USD,Crypto,Crypto,-0.02124715825004886
2023-05-02,XLM-USD,Crypto,Crypto,0.00986646750624609
2023-05-03,XLM-USD,Crypto,Crypto,0.00038482971325004556
2023-05-04,XLM-USD,Crypto,Crypto,-0.001154045028932682
2023-05-05,XLM-USD,Crypto,Crypto,0.00969199553757405
2023-05-06,XLM-USD,Crypto,Crypto,-0.01904960002020817
2023-05-07,XLM-USD,Crypto,Crypto,-0.0058431696547877054
2023-05-08,XLM-USD,Crypto,Crypto,-0.027453648373165218
2023-05-09,XLM-USD,Crypto,Crypto,-0.004446012109658892
2023-05-10,XLM-USD,Crypto,Crypto,8.978718430907584e-05
2023-05-11,XLM-USD,Crypto,Crypto,0.004218615676137016
2023-05-12,XLM-USD,Crypto,Crypto,-0.004424315404825241
2023-05-13,XLM-USD,Crypto,Crypto,-0.008663622967476248
2023-05-14,XLM-USD,Crypto,Crypto,0.004369626474025612
2023-05-15,XLM-USD,Crypto,Crypto,-0.007213433366372146
2023-05-16,XLM-USD,Crypto,Crypto,-0.0020548455038359448
2023-05-17,XLM-USD,Crypto,Crypto,0.007701724537034105
2023-05-18,XLM-USD,Crypto,Crypto,0.0018175820212380511
2023-05-19,XLM-USD,Crypto,Crypto,0.005228756084662001
2023-05-20,XLM-USD,Crypto,Crypto,-0.0039908098033886175
2023-05-21,XLM-USD,Crypto,Crypto,-0.008114984205001008
2023-05-22,XLM-USD,Crypto,Crypto,0.00015885756470601642
2023-05-23,XLM-USD,Crypto,Crypto,6.804684835315378e-05
2023-05-24,XLM-USD,Crypto,Crypto,-0.018571214845206074
2023-05-25,XLM-USD,Crypto,Crypto,0.005976138851051749
2023-05-26,XLM-USD,Crypto,Crypto,0.009238507791488937
2023-05-27,XLM-USD,Crypto,Crypto,0.003472628398053512
2023-05-28,XLM-USD,Crypto,Crypto,0.006376478158596877
2023-05-29,XLM-USD,Crypto,Crypto,0.006956160030320513
2023-05-30,XLM-USD,Crypto,Crypto,0.017108015111544805
2023-05-31,XLM-USD,Crypto,Crypto,0.019098904831981622
2023-06-01,XLM-USD,Crypto,Crypto,-0.016105367551803695
2023-06-02,XLM-USD,Crypto,Crypto,0.010517451652244603
2023-06-03,XLM-USD,Crypto,Crypto,-0.0005758425704368575
2023-06-04,XLM-USD,Crypto,Crypto,-0.006565747333533323
2023-06-05,XLM-USD,Crypto,Crypto,-0.03810127108591388
2023-06-06,XLM-USD,Crypto,Crypto,0.020237497101337265
2023-06-07,XLM-USD,Crypto,Crypto,-0.026002139845615058
2023-06-08,XLM-USD,Crypto,Crypto,-0.0023238872425960233
2023-06-09,XLM-USD,Crypto,Crypto,0.02111305604178826
2023-06-10,XLM-USD,Crypto,Crypto,-0.07481742352417553
2023-06-11,XLM-USD,Crypto,Crypto,0.014356475694032866
2023-06-12,XLM-USD,Crypto,Crypto,-0.005076964979843557
2023-06-13,XLM-USD,Crypto,Crypto,-0.006727670742621705
2023-06-14,XLM-USD,Crypto,Crypto,-0.03974262992295019
2023-06-15,XLM-USD,Crypto,Crypto,-0.03702163292293448
2023-06-16,XLM-USD,Crypto,Crypto,0.014269418986099236
2023-06-17,XLM-USD,Crypto,Crypto,0.029222590219878164
2023-06-18,XLM-USD,Crypto,Crypto,-0.0021338542043670694
2023-06-19,XLM-USD,Crypto,Crypto,0.005924625781662973
2023-06-20,XLM-USD,Crypto,Crypto,0.03620159286225988
2023-06-21,XLM-USD,Crypto,Crypto,0.047439186650959364
2023-06-22,XLM-USD,Crypto,Crypto,-0.001129154152461398
2023-06-23,XLM-USD,Crypto,Crypto,0.031961949331891004
2023-06-24,XLM-USD,Crypto,Crypto,0.011814268126292493
2023-06-25,XLM-USD,Crypto,Crypto,0.012383313333432122
2023-06-26,XLM-USD,Crypto,Crypto,0.0052157153056480166
2023-06-27,XLM-USD,Crypto,Crypto,0.10866877687191745
2023-06-28,XLM-USD,Crypto,Crypto,-0.016879666141633054
2023-06-29,XLM-USD,Crypto,Crypto,0.01945011833550292
2023-06-30,XLM-USD,Crypto,Crypto,0.08138596632201445
2023-07-01,XLM-USD,Crypto,Crypto,-0.029621939646761852
2023-07-02,XLM-USD,Crypto,Crypto,-0.001135732206359208
2023-07-03,XLM-USD,Crypto,Crypto,-0.014530208377240172
2023-07-04,XLM-USD,Crypto,Crypto,-0.021780837854404655
2023-07-05,XLM-USD,Crypto,Crypto,-0.027380336322055943
2023-07-06,XLM-USD,Crypto,Crypto,-0.045715682724643325
2023-07-07,XLM-USD,Crypto,Crypto,0.012666553667370462
2023-07-08,XLM-USD,Crypto,Crypto,0.023822973894190413
2023-07-09,XLM-USD,Crypto,Crypto,-0.005244517722872377
2023-07-10,XLM-USD,Crypto,Crypto,0.008857605945836067
2023-07-11,XLM-USD,Crypto,Crypto,-0.012904404799377045
2023-07-12,XLM-USD,Crypto,Crypto,-0.023702078340096633
2023-07-13,XLM-USD,Crypto,Crypto,0.6089319041456984
2023-07-14,XLM-USD,Crypto,Crypto,-0.12891357636519007
2023-07-15,XLM-USD,Crypto,Crypto,-0.05215953243357696
2023-07-16,XLM-USD,Crypto,Crypto,0.029747554451593272
2023-07-17,XLM-USD,Crypto,Crypto,-0.02073205577298365
2023-07-18,XLM-USD,Crypto,Crypto,0.030918956172212297
2023-07-19,XLM-USD,Crypto,Crypto,0.17337534836762236
2023-07-20,XLM-USD,Crypto,Crypto,0.04681860180038622
2023-07-21,XLM-USD,Crypto,Crypto,-0.03798806943411215
2023-07-22,XLM-USD,Crypto,Crypto,-0.008282175067701902
2023-07-23,XLM-USD,Crypto,Crypto,0.0019000454063409222
2023-07-24,XLM-USD,Crypto,Crypto,-0.06601096335228784
2023-07-25,XLM-USD,Crypto,Crypto,-0.004108994351282758
2023-07-26,XLM-USD,Crypto,Crypto,0.07333754775739987
2023-07-27,XLM-USD,Crypto,Crypto,0.020741230070384642
2023-07-28,XLM-USD,Crypto,Crypto,0.005394254429047507
2023-07-29,XLM-USD,Crypto,Crypto,-0.008291872109152387
2023-07-30,XLM-USD,Crypto,Crypto,-0.012005944340586328
2023-07-31,XLM-USD,Crypto,Crypto,-0.04034207669231393
2023-08-01,XLM-USD,Crypto,Crypto,0.019825271780898213
2023-08-02,XLM-USD,Crypto,Crypto,-0.06074536997042701
2023-08-03,XLM-USD,Crypto,Crypto,-0.03381238173374068
2023-08-04,XLM-USD,Crypto,Crypto,-0.019509962126038838
2023-08-05,XLM-USD,Crypto,Crypto,0.019091986398110494
2023-08-06,XLM-USD,Crypto,Crypto,0.0005752565935892573
2023-08-07,XLM-USD,Crypto,Crypto,0.027650421083928123
2023-08-08,XLM-USD,Crypto,Crypto,0.0011050519519284485
2023-08-09,XLM-USD,Crypto,Crypto,-0.011450684062581207
2023-08-10,XLM-USD,Crypto,Crypto,-0.01874966563587732
2023-08-11,XLM-USD,Crypto,Crypto,0.004659892959514522
2023-08-12,XLM-USD,Crypto,Crypto,-0.011757058395911124
2023-08-13,XLM-USD,Crypto,Crypto,0.0003554226876203437
2023-08-14,XLM-USD,Crypto,Crypto,-0.013234250876219544
2023-08-15,XLM-USD,Crypto,Crypto,-0.04273409366769121
2023-08-16,XLM-USD,Crypto,Crypto,-0.028213125979948184
2023-08-17,XLM-USD,Crypto,Crypto,-0.103978347970337
2023-08-18,XLM-USD,Crypto,Crypto,0.02942993158553664
2023-08-19,XLM-USD,Crypto,Crypto,0.058847207072410646
2023-08-20,XLM-USD,Crypto,Crypto,0.050181541271169694
2023-08-21,XLM-USD,Crypto,Crypto,-0.038764540066720365
2023-08-22,XLM-USD,Crypto,Crypto,-0.0325876484368568
2023-08-23,XLM-USD,Crypto,Crypto,0.055004829748659834
2023-08-24,XLM-USD,Crypto,Crypto,-0.02834134626352014
2023-08-25,XLM-USD,Crypto,Crypto,0.0007514632403362587
2023-08-26,XLM-USD,Crypto,Crypto,-0.021887835677343537
2023-08-27,XLM-USD,Crypto,Crypto,-0.0020553241351325413
2023-08-28,XLM-USD,Crypto,Crypto,-0.008527750006486201
2023-08-29,XLM-USD,Crypto,Crypto,0.03704909080206864
2023-08-30,XLM-USD,Crypto,Crypto,-0.0313171432695023
2023-08-31,XLM-USD,Crypto,Crypto,-0.045102011748326065
2023-09-01,XLM-USD,Crypto,Crypto,-0.00823584488459006
2023-09-02,XLM-USD,Crypto,Crypto,-0.004673877514459912
2023-09-03,XLM-USD,Crypto,Crypto,0.04895820198297507
2023-09-04,XLM-USD,Crypto,Crypto,0.044615437661695845
2023-09-05,XLM-USD,Crypto,Crypto,-0.015742881111561857
2023-09-06,XLM-USD,Crypto,Crypto,0.01239221425994752
2023-09-07,XLM-USD,Crypto,Crypto,0.012522900376493729
2023-09-08,XLM-USD,Crypto,Crypto,0.011092895084712895
2023-09-09,XLM-USD,Crypto,Crypto,0.03756395947605573
2023-09-10,XLM-USD,Crypto,Crypto,0.015800372452631883
2023-09-11,XLM-USD,Crypto,Crypto,-0.03976131488314183
2023-09-12,XLM-USD,Crypto,Crypto,-0.05496629350132021
2023-09-13,XLM-USD,Crypto,Crypto,-0.0044582651017345265
2023-09-14,XLM-USD,Crypto,Crypto,-0.004974886275758705
2023-09-15,XLM-USD,Crypto,Crypto,0.0011896161196238708
2023-09-16,XLM-USD,Crypto,Crypto,-0.008217746223619926
2023-09-17,XLM-USD,Crypto,Crypto,-0.0266672234627372
2023-09-18,XLM-USD,Crypto,Crypto,0.01614774514713746
2023-09-19,XLM-USD,Crypto,Crypto,0.0035916503863568927
2023-09-20,XLM-USD,Crypto,Crypto,-0.01270290737212354
2023-09-21,XLM-USD,Crypto,Crypto,-0.026707234704118177
2023-09-22,XLM-USD,Crypto,Crypto,0.005366802744950716
2023-09-23,XLM-USD,Crypto,Crypto,-0.002157992353682081
2023-09-24,XLM-USD,Crypto,Crypto,-0.017073475425289142
2023-09-25,XLM-USD,Crypto,Crypto,0.00653822243574953
2023-09-26,XLM-USD,Crypto,Crypto,-0.010186161658534254
2023-09-27,XLM-USD,Crypto,Crypto,0.0057132552718295315
2023-09-28,XLM-USD,Crypto,Crypto,0.015175513949570174
2023-09-29,XLM-USD,Crypto,Crypto,-0.011831110086303664
2023-09-30,XLM-USD,Crypto,Crypto,-0.004510757518853548
2023-10-01,XLM-USD,Crypto,Crypto,0.018311895114166088
2023-10-02,XLM-USD,Crypto,Crypto,-0.023280362005945854
2023-10-03,XLM-USD,Crypto,Crypto,0.02423804352726111
2023-10-04,XLM-USD,Crypto,Crypto,-0.016411357114102354
2023-10-05,XLM-USD,Crypto,Crypto,-0.016258689089656886
2023-10-06,XLM-USD,Crypto,Crypto,0.00956426434424329
2023-10-07,XLM-USD,Crypto,Crypto,-0.005519617393263343
2023-10-08,XLM-USD,Crypto,Crypto,-0.003706155698216085
2023-10-09,XLM-USD,Crypto,Crypto,-0.04275195818660449
2023-10-10,XLM-USD,Crypto,Crypto,-0.016015866461313033
2023-10-11,XLM-USD,Crypto,Crypto,-0.009863688129478798
2023-10-12,XLM-USD,Crypto,Crypto,-0.00833555014544407
2023-10-13,XLM-USD,Crypto,Crypto,0.004812997201813385
2023-10-14,XLM-USD,Crypto,Crypto,0.013368914665608855
2023-10-15,XLM-USD,Crypto,Crypto,0.019108163322307137
2023-10-16,XLM-USD,Crypto,Crypto,0.012860582373902973
2023-10-17,XLM-USD,Crypto,Crypto,-0.042299471661448096
2023-10-18,XLM-USD,Crypto,Crypto,0.001639088743832895
2023-10-19,XLM-USD,Crypto,Crypto,0.03953484009993158
2023-10-20,XLM-USD,Crypto,Crypto,0.002188906040405003
2023-10-21,XLM-USD,Crypto,Crypto,0.028932855306224248
2023-10-22,XLM-USD,Crypto,Crypto,-0.00016259678917107667
2023-10-23,XLM-USD,Crypto,Crypto,0.04677067014637304
2023-10-24,XLM-USD,Crypto,Crypto,-0.01333434418318602
2023-10-25,XLM-USD,Crypto,Crypto,-0.00012245904807151042
2023-10-26,XLM-USD,Crypto,Crypto,-0.010200608446368165
2023-10-27,XLM-USD,Crypto,Crypto,-0.009200931307755678
2023-10-28,XLM-USD,Crypto,Crypto,0.01712756251625458
2023-10-29,XLM-USD,Crypto,Crypto,0.015488543310829828
2023-10-30,XLM-USD,Crypto,Crypto,0.028155403154100034
2023-10-31,XLM-USD,Crypto,Crypto,0.01874905652016845
2023-11-01,XLM-USD,Crypto,Crypto,0.009762645215914967
2023-11-02,XLM-USD,Crypto,Crypto,-0.021843485481247926
2023-11-03,XLM-USD,Crypto,Crypto,0.02294909687359481
2023-11-04,XLM-USD,Crypto,Crypto,0.008683121957103968
2023-11-05,XLM-USD,Crypto,Crypto,0.01859227306064737
2023-11-06,XLM-USD,Crypto,Crypto,0.04082663342514836
2023-11-07,XLM-USD,Crypto,Crypto,-0.03314296838992792
2023-11-08,XLM-USD,Crypto,Crypto,0.00958992787647861
2023-11-09,XLM-USD,Crypto,Crypto,-0.038706904033658396
2023-11-10,XLM-USD,Crypto,Crypto,0.00743337172166636
2023-11-11,XLM-USD,Crypto,Crypto,0.008468326597579123
2023-11-12,XLM-USD,Crypto,Crypto,-0.005779594574904734
2023-11-13,XLM-USD,Crypto,Crypto,-0.014436429571438092
2023-11-14,XLM-USD,Crypto,Crypto,-0.03637860639377877
2023-11-15,XLM-USD,Crypto,Crypto,0.031520729724085816
2023-11-16,XLM-USD,Crypto,Crypto,-0.02572487044058991
2023-11-17,XLM-USD,Crypto,Crypto,-0.003214053566595765
2023-11-18,XLM-USD,Crypto,Crypto,0.008953862468465745
2023-11-19,XLM-USD,Crypto,Crypto,0.016255801168192363
2023-11-20,XLM-USD,Crypto,Crypto,-0.011480979794073254
2023-11-21,XLM-USD,Crypto,Crypto,-0.049613368071107944
2023-11-22,XLM-USD,Crypto,Crypto,0.03783906984519869
2023-11-23,XLM-USD,Crypto,Crypto,-0.007542474510374264
2023-11-24,XLM-USD,Crypto,Crypto,0.006567746712790257
2023-11-25,XLM-USD,Crypto,Crypto,0.024980942650921767
2023-11-26,XLM-USD,Crypto,Crypto,-0.007870483411219986
2023-11-27,XLM-USD,Crypto,Crypto,-0.02905692846676644
2023-11-28,XLM-USD,Crypto,Crypto,0.01627203677492961
2023-11-29,XLM-USD,Crypto,Crypto,0.0014103345591678362
2023-11-30,XLM-USD,Crypto,Crypto,-0.0022769187889749576
2023-12-01,XLM-USD,Crypto,Crypto,0.012526222375822904
2023-12-02,XLM-USD,Crypto,Crypto,0.01535132769710379
2023-12-03,XLM-USD,Crypto,Crypto,0.003280367503087911
2023-12-04,XLM-USD,Crypto,Crypto,0.00159791360301198
2023-12-05,XLM-USD,Crypto,Crypto,0.0017917675249603526
2023-12-06,XLM-USD,Crypto,Crypto,0.024451602319618848
2023-12-07,XLM-USD,Crypto,Crypto,0.005851414137286515
2023-12-08,XLM-USD,Crypto,Crypto,0.04875006406929927
2023-12-09,XLM-USD,Crypto,Crypto,0.010330646450860126
2023-12-10,XLM-USD,Crypto,Crypto,-0.005280810636031252
2023-12-11,XLM-USD,Crypto,Crypto,-0.0713834070308842
2023-12-12,XLM-USD,Crypto,Crypto,-0.0033362393250054856
2023-12-13,XLM-USD,Crypto,Crypto,0.014746376013247797
2023-12-14,XLM-USD,Crypto,Crypto,0.02088144326606689
2023-12-15,XLM-USD,Crypto,Crypto,-0.035802859273530996
2023-12-16,XLM-USD,Crypto,Crypto,0.014332333389472707
2023-12-17,XLM-USD,Crypto,Crypto,-0.019791319695156018
2023-12-18,XLM-USD,Crypto,Crypto,-0.008762003960054221
2023-12-19,XLM-USD,Crypto,Crypto,-0.013221918366202456
2023-12-20,XLM-USD,Crypto,Crypto,0.01825024527839103
2023-12-21,XLM-USD,Crypto,Crypto,0.02172627981690267
2023-12-22,XLM-USD,Crypto,Crypto,0.018152984188443577
2023-12-23,XLM-USD,Crypto,Crypto,0.00034745255972401523
2023-12-24,XLM-USD,Crypto,Crypto,-0.004420277453832666
2023-12-25,XLM-USD,Crypto,Crypto,0.03890458999094326
2023-12-26,XLM-USD,Crypto,Crypto,-0.038416921613109056
2023-12-27,XLM-USD,Crypto,Crypto,0.03849937753160493
2023-12-28,XLM-USD,Crypto,Crypto,0.011531993318602218
2023-12-29,XLM-USD,Crypto,Crypto,-0.02072340243010462
2023-12-30,XLM-USD,Crypto,Crypto,0.023083067313024674
2023-12-31,XLM-USD,Crypto,Crypto,-0.027539240400504594
2020-01-02,XRP-USD,Crypto,Crypto,-0.02400000494985799
2020-01-03,XRP-USD,Crypto,Crypto,0.029131606757621054
2020-01-04,XRP-USD,Crypto,Crypto,0.004309625937497064
2020-01-05,XRP-USD,Crypto,Crypto,0.006081679571857457
2020-01-06,XRP-USD,Crypto,Crypto,0.13282904035019572
2020-01-07,XRP-USD,Crypto,Crypto,-0.03427832256686114
2020-01-08,XRP-USD,Crypto,Crypto,-0.02286404582644963
2020-01-09,XRP-USD,Crypto,Crypto,-0.019743935785550337
2020-01-10,XRP-USD,Crypto,Crypto,0.036149492030821406
2020-01-11,XRP-USD,Crypto,Crypto,-0.0021430956790379208
2020-01-12,XRP-USD,Crypto,Crypto,0.01785218905710595
2020-01-13,XRP-USD,Crypto,Crypto,-0.01398677316648056
2020-01-14,XRP-USD,Crypto,Crypto,0.10380170004033373
2020-01-15,XRP-USD,Crypto,Crypto,-0.007635696651681734
2020-01-16,XRP-USD,Crypto,Crypto,-0.018553463525826097
2020-01-17,XRP-USD,Crypto,Crypto,0.044633273359005354
2020-01-18,XRP-USD,Crypto,Crypto,0.018887997031450166
2020-01-19,XRP-USD,Crypto,Crypto,-0.031654080595972967
2020-01-20,XRP-USD,Crypto,Crypto,-0.009716226133063222
2020-01-21,XRP-USD,Crypto,Crypto,0.016588348536014097
2020-01-22,XRP-USD,Crypto,Crypto,-0.004680276208613776
2020-01-23,XRP-USD,Crypto,Crypto,-0.0421594614129388
2020-01-24,XRP-USD,Crypto,Crypto,-0.013546899239289756
2020-01-25,XRP-USD,Crypto,Crypto,-0.011719780321095108
2020-01-26,XRP-USD,Crypto,Crypto,0.04654142752129009
2020-01-27,XRP-USD,Crypto,Crypto,0.0023235466529294424
2020-01-28,XRP-USD,Crypto,Crypto,0.03142434455630272
2020-01-29,XRP-USD,Crypto,Crypto,-0.011564507559954862
2020-01-30,XRP-USD,Crypto,Crypto,0.03356380099513423
2020-01-31,XRP-USD,Crypto,Crypto,-0.018096224112013948
2020-02-01,XRP-USD,Crypto,Crypto,0.009288022694975417
2020-02-02,XRP-USD,Crypto,Crypto,0.0384295112538926
2020-02-03,XRP-USD,Crypto,Crypto,0.01552636636766569
2020-02-04,XRP-USD,Crypto,Crypto,0.04783865941686338
2020-02-05,XRP-USD,Crypto,Crypto,0.03995379661597398
2020-02-06,XRP-USD,Crypto,Crypto,0.017104639484028406
2020-02-07,XRP-USD,Crypto,Crypto,-0.01038214145791816
2020-02-08,XRP-USD,Crypto,Crypto,-0.007308016376956883
2020-02-09,XRP-USD,Crypto,Crypto,0.01880662786014131
2020-02-10,XRP-USD,Crypto,Crypto,-0.029657561910694685
2020-02-11,XRP-USD,Crypto,Crypto,0.02211393581475063
2020-02-12,XRP-USD,Crypto,Crypto,0.08657068340203566
2020-02-13,XRP-USD,Crypto,Crypto,0.07330326010056654
2020-02-14,XRP-USD,Crypto,Crypto,0.02484192835277277
2020-02-15,XRP-USD,Crypto,Crypto,-0.08537670846965872
2020-02-16,XRP-USD,Crypto,Crypto,-0.03657965612629954
2020-02-17,XRP-USD,Crypto,Crypto,-0.028681379977449795
2020-02-18,XRP-USD,Crypto,Crypto,0.03957471488736042
2020-02-19,XRP-USD,Crypto,Crypto,-0.06817771211794121
2020-02-20,XRP-USD,Crypto,Crypto,-0.018753428020874763
2020-02-21,XRP-USD,Crypto,Crypto,0.009331961939555766
2020-02-22,XRP-USD,Crypto,Crypto,0.003502616908904077
2020-02-23,XRP-USD,Crypto,Crypto,0.02468280191810046
2020-02-24,XRP-USD,Crypto,Crypto,-0.04274332196208663
2020-02-25,XRP-USD,Crypto,Crypto,-0.0636114807887247
2020-02-26,XRP-USD,Crypto,Crypto,-0.08902898426643657
2020-02-27,XRP-USD,Crypto,Crypto,0.027138715690038673
2020-02-28,XRP-USD,Crypto,Crypto,-0.00345820619339976
2020-02-29,XRP-USD,Crypto,Crypto,-0.021595761667182467
2020-03-01,XRP-USD,Crypto,Crypto,-0.010151723160018333
2020-03-02,XRP-USD,Crypto,Crypto,0.04326491224700213
2020-03-03,XRP-USD,Crypto,Crypto,-0.018287121989459476
2020-03-04,XRP-USD,Crypto,Crypto,0.0006357030113020024
2020-03-05,XRP-USD,Crypto,Crypto,0.021540955288130048
2020-03-06,XRP-USD,Crypto,Crypto,0.018807723013624322
2020-03-07,XRP-USD,Crypto,Crypto,-0.02874783553192739
2020-03-08,XRP-USD,Crypto,Crypto,-0.12724879655729116
2020-03-09,XRP-USD,Crypto,Crypto,0.01100511253364389
2020-03-10,XRP-USD,Crypto,Crypto,0.014599834348430596
2020-03-11,XRP-USD,Crypto,Crypto,-0.01950199573821254
2020-03-12,XRP-USD,Crypto,Crypto,-0.3289875909106468
2020-03-13,XRP-USD,Crypto,Crypto,0.14120391268742094
2020-03-14,XRP-USD,Crypto,Crypto,-0.07568151733151096
2020-03-15,XRP-USD,Crypto,Crypto,0.04487678255840222
2020-03-16,XRP-USD,Crypto,Crypto,-0.0834231522509079
2020-03-17,XRP-USD,Crypto,Crypto,0.02453505374381315
2020-03-18,XRP-USD,Crypto,Crypto,-0.009853032955174701
2020-03-19,XRP-USD,Crypto,Crypto,0.1532984882870203
2020-03-20,XRP-USD,Crypto,Crypto,-0.04949805181660405
2020-03-21,XRP-USD,Crypto,Crypto,0.008357371780409961
2020-03-22,XRP-USD,Crypto,Crypto,-0.05035433580089255
2020-03-23,XRP-USD,Crypto,Crypto,0.047964866694158115
2020-03-24,XRP-USD,Crypto,Crypto,0.03072061233163681
2020-03-25,XRP-USD,Crypto,Crypto,-0.003833498228308918
2020-03-26,XRP-USD,Crypto,Crypto,0.08281722322111529
2020-03-27,XRP-USD,Crypto,Crypto,0.00671926858394567
2020-03-28,XRP-USD,Crypto,Crypto,-0.002338330917675435
2020-03-29,XRP-USD,Crypto,Crypto,-0.06800427275764354
2020-03-30,XRP-USD,Crypto,Crypto,0.05091893329481678
2020-03-31,XRP-USD,Crypto,Crypto,0.013893216319606827
2020-04-01,XRP-USD,Crypto,Crypto,0.004353666005817436
2020-04-02,XRP-USD,Crypto,Crypto,0.018919357894331634
2020-04-03,XRP-USD,Crypto,Crypto,0.004629419934908396
2020-04-04,XRP-USD,Crypto,Crypto,0.012620740286350962
2020-04-05,XRP-USD,Crypto,Crypto,-0.012799048986259942
2020-04-06,XRP-USD,Crypto,Crypto,0.08974061135741129
2020-04-07,XRP-USD,Crypto,Crypto,-0.017457298242570696
2020-04-08,XRP-USD,Crypto,Crypto,0.04568617383268503
2020-04-09,XRP-USD,Crypto,Crypto,-0.013003474012413863
2020-04-10,XRP-USD,Crypto,Crypto,-0.05443944224047825
2020-04-11,XRP-USD,Crypto,Crypto,0.003195263525380909
2020-04-12,XRP-USD,Crypto,Crypto,0.011017619157868808
2020-04-13,XRP-USD,Crypto,Crypto,-0.012638419704972148
2020-04-14,XRP-USD,Crypto,Crypto,-0.012768205944827749
2020-04-15,XRP-USD,Crypto,Crypto,-0.021933213755267134
2020-04-16,XRP-USD,Crypto,Crypto,0.04873387399603968
2020-04-17,XRP-USD,Crypto,Crypto,0.000515533291638226
2020-04-18,XRP-USD,Crypto,Crypto,0.02483148232875587
2020-04-19,XRP-USD,Crypto,Crypto,-0.02085925635998853
2020-04-20,XRP-USD,Crypto,Crypto,-0.03860971425551074
2020-04-21,XRP-USD,Crypto,Crypto,0.004567069236519394
2020-04-22,XRP-USD,Crypto,Crypto,0.01975821749366591
2020-04-23,XRP-USD,Crypto,Crypto,0.019902091672147737
2020-04-24,XRP-USD,Crypto,Crypto,0.010192447137916893
2020-04-25,XRP-USD,Crypto,Crypto,0.007172162523877423
2020-04-26,XRP-USD,Crypto,Crypto,0.008977030450764367
2020-04-27,XRP-USD,Crypto,Crypto,0.005960237322220285
2020-04-28,XRP-USD,Crypto,Crypto,0.08842390595449579
2020-04-29,XRP-USD,Crypto,Crypto,0.05544729416994221
2020-04-30,XRP-USD,Crypto,Crypto,-0.06450718460550531
2020-05-01,XRP-USD,Crypto,Crypto,0.030489596375552708
2020-05-02,XRP-USD,Crypto,Crypto,0.02128183916195514
2020-05-03,XRP-USD,Crypto,Crypto,-0.020097009213120187
2020-05-04,XRP-USD,Crypto,Crypto,-0.0020554684452384064
2020-05-05,XRP-USD,Crypto,Crypto,-0.011417443347984335
2020-05-06,XRP-USD,Crypto,Crypto,-0.005788490151781067
2020-05-07,XRP-USD,Crypto,Crypto,0.017224996865154774
2020-05-08,XRP-USD,Crypto,Crypto,0.0041568221020495955
2020-05-09,XRP-USD,Crypto,Crypto,-0.0133058890996276
2020-05-10,XRP-USD,Crypto,Crypto,-0.08633394767136982
2020-05-11,XRP-USD,Crypto,Crypto,-0.02074918458519004
2020-05-12,XRP-USD,Crypto,Crypto,0.018411453524286747
2020-05-13,XRP-USD,Crypto,Crypto,0.019444711474120746
2020-05-14,XRP-USD,Crypto,Crypto,0.008184396913444969
2020-05-15,XRP-USD,Crypto,Crypto,-0.0207651163943956
2020-05-16,XRP-USD,Crypto,Crypto,0.005635683678646863
2020-05-17,XRP-USD,Crypto,Crypto,0.0061140114065041384
2020-05-18,XRP-USD,Crypto,Crypto,0.019482757063271405
2020-05-19,XRP-USD,Crypto,Crypto,-0.0055951981853897825
2020-05-20,XRP-USD,Crypto,Crypto,-0.011375840658914838
2020-05-21,XRP-USD,Crypto,Crypto,-0.03072775718791687
2020-05-22,XRP-USD,Crypto,Crypto,0.024725185316561094
2020-05-23,XRP-USD,Crypto,Crypto,-0.007422279751317817
2020-05-24,XRP-USD,Crypto,Crypto,-0.01722352941176475
2020-05-25,XRP-USD,Crypto,Crypto,0.009701679401046936
2020-05-26,XRP-USD,Crypto,Crypto,-0.016987038065859883
2020-05-27,XRP-USD,Crypto,Crypto,0.020012918052563666
2020-05-28,XRP-USD,Crypto,Crypto,0.013838271378906919
2020-05-29,XRP-USD,Crypto,Crypto,-0.011201703083183467
2020-05-30,XRP-USD,Crypto,Crypto,0.039687822972871434
2020-05-31,XRP-USD,Crypto,Crypto,-0.016070232434123644
2020-06-01,XRP-USD,Crypto,Crypto,0.03618921668108155
2020-06-02,XRP-USD,Crypto,Crypto,-0.03560065464778095
2020-06-03,XRP-USD,Crypto,Crypto,0.004433735456846444
2020-06-04,XRP-USD,Crypto,Crypto,0.006476341518217632
2020-06-05,XRP-USD,Crypto,Crypto,-0.004341852772466348
2020-06-06,XRP-USD,Crypto,Crypto,-0.0046547329068362675
2020-06-07,XRP-USD,Crypto,Crypto,0.0015112272181689868
2020-06-08,XRP-USD,Crypto,Crypto,0.0015827022922265677
2020-06-09,XRP-USD,Crypto,Crypto,-0.008627303866078129
2020-06-10,XRP-USD,Crypto,Crypto,0.0045789354071070765
2020-06-11,XRP-USD,Crypto,Crypto,-0.06286649789678922
2020-06-12,XRP-USD,Crypto,Crypto,0.019786466317170737
2020-06-13,XRP-USD,Crypto,Crypto,-0.004315691985136816
2020-06-14,XRP-USD,Crypto,Crypto,-0.007710783537529187
2020-06-15,XRP-USD,Crypto,Crypto,0.0076037395486296955
2020-06-16,XRP-USD,Crypto,Crypto,-0.009151980434942475
2020-06-17,XRP-USD,Crypto,Crypto,0.011165336477028553
2020-06-18,XRP-USD,Crypto,Crypto,-0.012851358908744115
2020-06-19,XRP-USD,Crypto,Crypto,-0.021821617589577458
2020-06-20,XRP-USD,Crypto,Crypto,0.009154652893257564
2020-06-21,XRP-USD,Crypto,Crypto,-0.015331595101699791
2020-06-22,XRP-USD,Crypto,Crypto,0.01972956812402238
2020-06-23,XRP-USD,Crypto,Crypto,-0.0031278172615928357
2020-06-24,XRP-USD,Crypto,Crypto,-0.023362238491245524
2020-06-25,XRP-USD,Crypto,Crypto,-0.003809632399706109
2020-06-26,XRP-USD,Crypto,Crypto,-0.0048973250966338755
2020-06-27,XRP-USD,Crypto,Crypto,-0.03186051081655916
2020-06-28,XRP-USD,Crypto,Crypto,0.004755368726865772
2020-06-29,XRP-USD,Crypto,Crypto,0.0015025944450799411
2020-06-30,XRP-USD,Crypto,Crypto,-0.011738624319307944
2020-07-01,XRP-USD,Crypto,Crypto,0.006288701756145931
2020-07-02,XRP-USD,Crypto,Crypto,0.0015143148855512045
2020-07-03,XRP-USD,Crypto,Crypto,-0.005122810327304439
2020-07-04,XRP-USD,Crypto,Crypto,0.009345759643067053
2020-07-05,XRP-USD,Crypto,Crypto,-0.005433049929070788
2020-07-06,XRP-USD,Crypto,Crypto,0.06524793739756429
2020-07-07,XRP-USD,Crypto,Crypto,-0.02004588559168241
2020-07-08,XRP-USD,Crypto,Crypto,0.1077186185523149
2020-07-09,XRP-USD,Crypto,Crypto,-0.008705762861507371
2020-07-10,XRP-USD,Crypto,Crypto,-0.020984705949742444
2020-07-11,XRP-USD,Crypto,Crypto,0.012811344121470336
2020-07-12,XRP-USD,Crypto,Crypto,-0.0032754159315342424
2020-07-13,XRP-USD,Crypto,Crypto,-0.00978861673353082
2020-07-14,XRP-USD,Crypto,Crypto,0.0011783604603372577
2020-07-15,XRP-USD,Crypto,Crypto,-0.008540872080220363
2020-07-16,XRP-USD,Crypto,Crypto,-0.015539433900858768
2020-07-17,XRP-USD,Crypto,Crypto,0.0012007057717196012
2020-07-18,XRP-USD,Crypto,Crypto,0.026044761392047144
2020-07-19,XRP-USD,Crypto,Crypto,-0.0010333732310285892
2020-07-20,XRP-USD,Crypto,Crypto,-0.02043838977817858
2020-07-21,XRP-USD,Crypto,Crypto,0.02011123867516762
2020-07-22,XRP-USD,Crypto,Crypto,0.021880716278343204
2020-07-23,XRP-USD,Crypto,Crypto,0.020831887554868533
2020-07-24,XRP-USD,Crypto,Crypto,-0.017000824962865146
2020-07-25,XRP-USD,Crypto,Crypto,0.04926754648575149
2020-07-26,XRP-USD,Crypto,Crypto,0.0041102043674123845
2020-07-27,XRP-USD,Crypto,Crypto,0.04042198630669658
2020-07-28,XRP-USD,Crypto,Crypto,0.029529843826676228
2020-07-29,XRP-USD,Crypto,Crypto,0.05568077606112953
2020-07-30,XRP-USD,Crypto,Crypto,0.005853587492241408
2020-07-31,XRP-USD,Crypto,Crypto,0.05881681167736397
2020-08-01,XRP-USD,Crypto,Crypto,0.11828702725805496
2020-08-02,XRP-USD,Crypto,Crypto,-0.008520757786350752
2020-08-03,XRP-USD,Crypto,Crypto,0.07969714505572045
2020-08-04,XRP-USD,Crypto,Crypto,-0.030480118916973997
2020-08-05,XRP-USD,Crypto,Crypto,0.009377883603005177
2020-08-06,XRP-USD,Crypto,Crypto,0.0009001291878458773
2020-08-07,XRP-USD,Crypto,Crypto,-0.029382357529100234
2020-08-08,XRP-USD,Crypto,Crypto,-0.002178758310043327
2020-08-09,XRP-USD,Crypto,Crypto,-0.018260564513096433
2020-08-10,XRP-USD,Crypto,Crypto,0.020806999100828838
2020-08-11,XRP-USD,Crypto,Crypto,-0.03465014819793233
2020-08-12,XRP-USD,Crypto,Crypto,0.0016909170440644328
2020-08-13,XRP-USD,Crypto,Crypto,0.045193618351194065
2020-08-14,XRP-USD,Crypto,Crypto,0.008609546225786913
2020-08-15,XRP-USD,Crypto,Crypto,-0.0023636794063724986
2020-08-16,XRP-USD,Crypto,Crypto,0.012784443092982434
2020-08-17,XRP-USD,Crypto,Crypto,0.03715087403134998
2020-08-18,XRP-USD,Crypto,Crypto,-0.03640790211694411
2020-08-19,XRP-USD,Crypto,Crypto,-0.04306193768205968
2020-08-20,XRP-USD,Crypto,Crypto,0.008017319982257076
2020-08-21,XRP-USD,Crypto,Crypto,-0.040642872793357654
2020-08-22,XRP-USD,Crypto,Crypto,0.020891950361669576
2020-08-23,XRP-USD,Crypto,Crypto,-0.004048201081489511
2020-08-24,XRP-USD,Crypto,Crypto,0.013416924560605725
2020-08-25,XRP-USD,Crypto,Crypto,-0.03902974358657296
2020-08-26,XRP-USD,Crypto,Crypto,-0.0015687859001854987
2020-08-27,XRP-USD,Crypto,Crypto,-0.04677634205282688
2020-08-28,XRP-USD,Crypto,Crypto,0.0284865691189109
2020-08-29,XRP-USD,Crypto,Crypto,0.00900951530227423
2020-08-30,XRP-USD,Crypto,Crypto,0.031100501585620277
2020-08-31,XRP-USD,Crypto,Crypto,-0.004480025102545082
2020-09-01,XRP-USD,Crypto,Crypto,0.049438161603080344
2020-09-02,XRP-USD,Crypto,Crypto,-0.06504986791355016
2020-09-03,XRP-USD,Crypto,Crypto,-0.10808396104906903
2020-09-04,XRP-USD,Crypto,Crypto,0.03772813436836908
2020-09-05,XRP-USD,Crypto,Crypto,-0.07109112044955923
2020-09-06,XRP-USD,Crypto,Crypto,0.01278546370062772
2020-09-07,XRP-USD,Crypto,Crypto,0.005994236896342375
2020-09-08,XRP-USD,Crypto,Crypto,-0.022384722344087393
2020-09-09,XRP-USD,Crypto,Crypto,0.012063210333438823
2020-09-10,XRP-USD,Crypto,Crypto,0.016364168705652604
2020-09-11,XRP-USD,Crypto,Crypto,-0.000977297833901214
2020-09-12,XRP-USD,Crypto,Crypto,0.018586701210567824
2020-09-13,XRP-USD,Crypto,Crypto,-0.024264189998674746
2020-09-14,XRP-USD,Crypto,Crypto,0.018717889146415922
2020-09-15,XRP-USD,Crypto,Crypto,-0.010055759804848297
2020-09-16,XRP-USD,Crypto,Crypto,0.016391277800428483
2020-09-17,XRP-USD,Crypto,Crypto,0.01753897180204511
2020-09-18,XRP-USD,Crypto,Crypto,-0.005896202724909538
2020-09-19,XRP-USD,Crypto,Crypto,0.004024568220152069
2020-09-20,XRP-USD,Crypto,Crypto,-0.019756370537379775
2020-09-21,XRP-USD,Crypto,Crypto,-0.05919114623046984
2020-09-22,XRP-USD,Crypto,Crypto,0.00550970288121766
2020-09-23,XRP-USD,Crypto,Crypto,-0.0522498539677676
2020-09-24,XRP-USD,Crypto,Crypto,0.05281596455315252
2020-09-25,XRP-USD,Crypto,Crypto,0.038715379856289145
2020-09-26,XRP-USD,Crypto,Crypto,0.0009837937048906564
2020-09-27,XRP-USD,Crypto,Crypto,0.0024570054808039643
2020-09-28,XRP-USD,Crypto,Crypto,-0.0036785928338890495
2020-09-29,XRP-USD,Crypto,Crypto,0.00543697512747765
2020-09-30,XRP-USD,Crypto,Crypto,-0.0057282981925975696
2020-10-01,XRP-USD,Crypto,Crypto,-0.014620497539420074
2020-10-02,XRP-USD,Crypto,Crypto,-0.01734321035836739
2020-10-03,XRP-USD,Crypto,Crypto,-0.005035921220143957
2020-10-04,XRP-USD,Crypto,Crypto,0.06330866310926697
2020-10-05,XRP-USD,Crypto,Crypto,0.012641004835860947
2020-10-06,XRP-USD,Crypto,Crypto,-0.02182869082037664
2020-10-07,XRP-USD,Crypto,Crypto,0.013034909656840954
2020-10-08,XRP-USD,Crypto,Crypto,0.011728521263348224
2020-10-09,XRP-USD,Crypto,Crypto,0.008100959111081218
2020-10-10,XRP-USD,Crypto,Crypto,0.0031519865333402564
2020-10-11,XRP-USD,Crypto,Crypto,0.005619534683448446
2020-10-12,XRP-USD,Crypto,Crypto,0.002842955881622755
2020-10-13,XRP-USD,Crypto,Crypto,-0.0004796104545085056
2020-10-14,XRP-USD,Crypto,Crypto,-0.02682165893693511
2020-10-15,XRP-USD,Crypto,Crypto,-0.0140630574166144
2020-10-16,XRP-USD,Crypto,Crypto,-0.022350954155390568
2020-10-17,XRP-USD,Crypto,Crypto,0.002029579216028088
2020-10-18,XRP-USD,Crypto,Crypto,0.005370840256729625
2020-10-19,XRP-USD,Crypto,Crypto,0.0154360585022435
2020-10-20,XRP-USD,Crypto,Crypto,-0.009720977332077663
2020-10-21,XRP-USD,Crypto,Crypto,0.03301676682731647
2020-10-22,XRP-USD,Crypto,Crypto,0.020634746916839752
2020-10-23,XRP-USD,Crypto,Crypto,-0.007507589927043146
2020-10-24,XRP-USD,Crypto,Crypto,0.006089224912070534
2020-10-25,XRP-USD,Crypto,Crypto,-0.012549281489452446
2020-10-26,XRP-USD,Crypto,Crypto,-0.017870295458627394
2020-10-27,XRP-USD,Crypto,Crypto,0.01693283829770076
2020-10-28,XRP-USD,Crypto,Crypto,-0.027813431768200392
2020-10-29,XRP-USD,Crypto,Crypto,-0.014520184917066192
2020-10-30,XRP-USD,Crypto,Crypto,-0.012839678767872953
2020-10-31,XRP-USD,Crypto,Crypto,0.0023412336158035174
2020-11-01,XRP-USD,Crypto,Crypto,0.0002210834556171104
2020-11-02,XRP-USD,Crypto,Crypto,-0.01824874488146777
2020-11-03,XRP-USD,Crypto,Crypto,0.017368874517084576
2020-11-04,XRP-USD,Crypto,Crypto,-0.007168807989227366
2020-11-05,XRP-USD,Crypto,Crypto,0.033571211663002254
2020-11-06,XRP-USD,Crypto,Crypto,0.051546925538088706
2020-11-07,XRP-USD,Crypto,Crypto,-0.03429357211015949
2020-11-08,XRP-USD,Crypto,Crypto,0.017457229507096494
2020-11-09,XRP-USD,Crypto,Crypto,-0.012565987217835417
2020-11-10,XRP-USD,Crypto,Crypto,0.01261417826886535
2020-11-11,XRP-USD,Crypto,Crypto,0.009247357843264359
2020-11-12,XRP-USD,Crypto,Crypto,-0.005291543706115842
2020-11-13,XRP-USD,Crypto,Crypto,0.040360453050785505
2020-11-14,XRP-USD,Crypto,Crypto,0.01188200081970403
2020-11-15,XRP-USD,Crypto,Crypto,0.004844590714214281
2020-11-16,XRP-USD,Crypto,Crypto,0.05888545621177754
2020-11-17,XRP-USD,Crypto,Crypto,0.059148301944969006
2020-11-18,XRP-USD,Crypto,Crypto,-0.02706943018069441
2020-11-19,XRP-USD,Crypto,Crypto,0.032438142013757165
2020-11-20,XRP-USD,Crypto,Crypto,0.08000228791283481
2020-11-21,XRP-USD,Crypto,Crypto,0.3971006896263536
2020-11-22,XRP-USD,Crypto,Crypto,-0.031949859400253855
2020-11-23,XRP-USD,Crypto,Crypto,0.3837728532335991
2020-11-24,XRP-USD,Crypto,Crypto,0.12724035579501747
2020-11-25,XRP-USD,Crypto,Crypto,-0.08180863177581099
2020-11-26,XRP-USD,Crypto,Crypto,-0.16123801262770554
2020-11-27,XRP-USD,Crypto,Crypto,0.049245882757483095
2020-11-28,XRP-USD,Crypto,Crypto,0.1186443297211115
2020-11-29,XRP-USD,Crypto,Crypto,-0.03097074701832425
2020-11-30,XRP-USD,Crypto,Crypto,0.09582081422694855
2020-12-01,XRP-USD,Crypto,Crypto,-0.07739137651431383
2020-12-02,XRP-USD,Crypto,Crypto,0.027686965715342682
2020-12-03,XRP-USD,Crypto,Crypto,0.0025242596626315894
2020-12-04,XRP-USD,Crypto,Crypto,-0.11753445906551563
2020-12-05,XRP-USD,Crypto,Crypto,0.048736456881019574
2020-12-06,XRP-USD,Crypto,Crypto,0.06062413124300292
2020-12-07,XRP-USD,Crypto,Crypto,-0.01761231012559028
2020-12-08,XRP-USD,Crypto,Crypto,-0.0822716471273075
2020-12-09,XRP-USD,Crypto,Crypto,0.04429562256178521
2020-12-10,XRP-USD,Crypto,Crypto,-0.018225076766811177
2020-12-11,XRP-USD,Crypto,Crypto,-0.0462009495272494
2020-12-12,XRP-USD,Crypto,Crypto,-0.07334533607214211
2020-12-13,XRP-USD,Crypto,Crypto,0.009998000235169613
2020-12-14,XRP-USD,Crypto,Crypto,-0.026887549175836356
2020-12-15,XRP-USD,Crypto,Crypto,-0.05626144168750491
2020-12-16,XRP-USD,Crypto,Crypto,0.21059381815145528
2020-12-17,XRP-USD,Crypto,Crypto,0.014155143687182292
2020-12-18,XRP-USD,Crypto,Crypto,0.0131841383519542
2020-12-19,XRP-USD,Crypto,Crypto,-0.00875778569586494
2020-12-20,XRP-USD,Crypto,Crypto,-0.03989382038816913
2020-12-21,XRP-USD,Crypto,Crypto,-0.07034158153434866
2020-12-22,XRP-USD,Crypto,Crypto,-0.13250176037236072
2020-12-23,XRP-USD,Crypto,Crypto,-0.42334007070183066
2020-12-24,XRP-USD,Crypto,Crypto,0.30632794310358724
2020-12-25,XRP-USD,Crypto,Crypto,-0.05839814914878927
2020-12-26,XRP-USD,Crypto,Crypto,-0.07349473638252535
2020-12-27,XRP-USD,Crypto,Crypto,-0.03961137543031712
2020-12-28,XRP-USD,Crypto,Crypto,-0.12394404547944748
2020-12-29,XRP-USD,Crypto,Crypto,-0.10887328141883079
2020-12-30,XRP-USD,Crypto,Crypto,-0.04133746690243778
2020-12-31,XRP-USD,Crypto,Crypto,0.037851474612002
2021-01-01,XRP-USD,Crypto,Crypto,0.08004695798284023
2021-01-02,XRP-USD,Crypto,Crypto,-0.06649568859507393
2021-01-03,XRP-USD,Crypto,Crypto,0.018916821260348327
2021-01-04,XRP-USD,Crypto,Crypto,0.047948184011734174
2021-01-05,XRP-USD,Crypto,Crypto,-0.041943257387951016
2021-01-06,XRP-USD,Crypto,Crypto,0.10648287582223359
2021-01-07,XRP-USD,Crypto,Crypto,0.2993563448913774
2021-01-08,XRP-USD,Crypto,Crypto,-0.008503025739906689
2021-01-09,XRP-USD,Crypto,Crypto,0.011403678050828647
2021-01-10,XRP-USD,Crypto,Crypto,-0.026245270856478986
2021-01-11,XRP-USD,Crypto,Crypto,-0.0924526736858503
2021-01-12,XRP-USD,Crypto,Crypto,0.011138593051423396
2021-01-13,XRP-USD,Crypto,Crypto,0.04606621430417257
2021-01-14,XRP-USD,Crypto,Crypto,-0.03318934111001215
2021-01-15,XRP-USD,Crypto,Crypto,-0.05088036683010444
2021-01-16,XRP-USD,Crypto,Crypto,-0.0007774583626674048
2021-01-17,XRP-USD,Crypto,Crypto,-0.010007499827953903
2021-01-18,XRP-USD,Crypto,Crypto,0.026623688968733905
2021-01-19,XRP-USD,Crypto,Crypto,0.033518390181242586
2021-01-20,XRP-USD,Crypto,Crypto,0.007488603913163638
2021-01-21,XRP-USD,Crypto,Crypto,-0.09298594410790584
2021-01-22,XRP-USD,Crypto,Crypto,0.01432627131321662
2021-01-23,XRP-USD,Crypto,Crypto,-0.0035850317060527326
2021-01-24,XRP-USD,Crypto,Crypto,0.006209982261422553
2021-01-25,XRP-USD,Crypto,Crypto,-0.016160281751804617
2021-01-26,XRP-USD,Crypto,Crypto,-0.000973737333911151
2021-01-27,XRP-USD,Crypto,Crypto,-0.06280619005697907
2021-01-28,XRP-USD,Crypto,Crypto,0.04834036843059053
2021-01-29,XRP-USD,Crypto,Crypto,0.06840016501054325
2021-01-30,XRP-USD,Crypto,Crypto,0.5601088348528376
2021-01-31,XRP-USD,Crypto,Crypto,0.11827537207378991
2021-02-01,XRP-USD,Crypto,Crypto,-0.24538205786595169
2021-02-02,XRP-USD,Crypto,Crypto,-0.0060267421843795965
2021-02-03,XRP-USD,Crypto,Crypto,0.06558883738497867
2021-02-04,XRP-USD,Crypto,Crypto,0.13458798623044643
2021-02-05,XRP-USD,Crypto,Crypto,0.008059094508049647
2021-02-06,XRP-USD,Crypto,Crypto,-0.02433297611805152
2021-02-07,XRP-USD,Crypto,Crypto,-0.048139842375433006
2021-02-08,XRP-USD,Crypto,Crypto,0.07116504495076881
2021-02-09,XRP-USD,Crypto,Crypto,0.05425263336995867
2021-02-10,XRP-USD,Crypto,Crypto,0.06664115741293242
2021-02-11,XRP-USD,Crypto,Crypto,0.0423918764975304
2021-02-12,XRP-USD,Crypto,Crypto,0.15969329198310178
2021-02-13,XRP-USD,Crypto,Crypto,0.03352663474455997
2021-02-14,XRP-USD,Crypto,Crypto,-0.055331086473526137
2021-02-15,XRP-USD,Crypto,Crypto,-0.07620075386421621
2021-02-16,XRP-USD,Crypto,Crypto,-0.05113545422621091
2021-02-17,XRP-USD,Crypto,Crypto,0.028206024343737424
2021-02-18,XRP-USD,Crypto,Crypto,-0.0057961094379186395
2021-02-19,XRP-USD,Crypto,Crypto,0.06495843438012261
2021-02-20,XRP-USD,Crypto,Crypto,-0.08731094292021446
2021-02-21,XRP-USD,Crypto,Crypto,0.05999474109207692
2021-02-22,XRP-USD,Crypto,Crypto,0.0422578398424045
2021-02-23,XRP-USD,Crypto,Crypto,-0.1717176166273049
2021-02-24,XRP-USD,Crypto,Crypto,-0.0036552233627690223
2021-02-25,XRP-USD,Crypto,Crypto,-0.07907053127341968
2021-02-26,XRP-USD,Crypto,Crypto,-0.01524429764572599
2021-02-27,XRP-USD,Crypto,Crypto,0.023157289753454213
2021-02-28,XRP-USD,Crypto,Crypto,-0.05220540825484232
2021-03-01,XRP-USD,Crypto,Crypto,0.07781844120937298
2021-03-02,XRP-USD,Crypto,Crypto,-0.023269179793080852
2021-03-03,XRP-USD,Crypto,Crypto,0.03077122602908733
2021-03-04,XRP-USD,Crypto,Crypto,0.08067440711593243
2021-03-05,XRP-USD,Crypto,Crypto,-0.05854026218180408
2021-03-06,XRP-USD,Crypto,Crypto,0.01525150757000282
2021-03-07,XRP-USD,Crypto,Crypto,0.0037862108595669852
2021-03-08,XRP-USD,Crypto,Crypto,0.014415219421942238
2021-03-09,XRP-USD,Crypto,Crypto,0.02616359741488372
2021-03-10,XRP-USD,Crypto,Crypto,-0.046959992950288854
2021-03-11,XRP-USD,Crypto,Crypto,-0.02203526197855621
2021-03-12,XRP-USD,Crypto,Crypto,-0.02611492895236045
2021-03-13,XRP-USD,Crypto,Crypto,0.04260189570257866
2021-03-14,XRP-USD,Crypto,Crypto,-0.03872816627311382
2021-03-15,XRP-USD,Crypto,Crypto,-0.010307373525403118
2021-03-16,XRP-USD,Crypto,Crypto,0.05723853757709563
2021-03-17,XRP-USD,Crypto,Crypto,0.02122136696413146
2021-03-18,XRP-USD,Crypto,Crypto,0.001062600036690009
2021-03-19,XRP-USD,Crypto,Crypto,-0.0036961840442919502
2021-03-20,XRP-USD,Crypto,Crypto,0.11847082914950313
2021-03-21,XRP-USD,Crypto,Crypto,-0.01357900668239409
2021-03-22,XRP-USD,Crypto,Crypto,0.05791649582222269
2021-03-23,XRP-USD,Crypto,Crypto,0.01209765874282076
2021-03-24,XRP-USD,Crypto,Crypto,-0.12173666741092826
2021-03-25,XRP-USD,Crypto,Crypto,0.058631021040017384
2021-03-26,XRP-USD,Crypto,Crypto,0.09576262909206168
2021-03-27,XRP-USD,Crypto,Crypto,-0.029295207158086423
2021-03-28,XRP-USD,Crypto,Crypto,0.0005686038215244604
2021-03-29,XRP-USD,Crypto,Crypto,0.031075462827884204
2021-03-30,XRP-USD,Crypto,Crypto,-0.0017820380057548268
2021-03-31,XRP-USD,Crypto,Crypto,0.012366360907460905
2021-04-01,XRP-USD,Crypto,Crypto,0.00944990841223925
2021-04-02,XRP-USD,Crypto,Crypto,0.064349211284767
2021-04-03,XRP-USD,Crypto,Crypto,-0.04160760441173894
2021-04-04,XRP-USD,Crypto,Crypto,0.09445345927625515
2021-04-05,XRP-USD,Crypto,Crypto,0.4232746486921297
2021-04-06,XRP-USD,Crypto,Crypto,0.1909812190320337
2021-04-07,XRP-USD,Crypto,Crypto,-0.1629987714418627
2021-04-08,XRP-USD,Crypto,Crypto,0.1473228753548943
2021-04-09,XRP-USD,Crypto,Crypto,-0.030319470030937046
2021-04-10,XRP-USD,Crypto,Crypto,0.346361918588187
2021-04-11,XRP-USD,Crypto,Crypto,-0.01010318196803539
2021-04-12,XRP-USD,Crypto,Crypto,0.07879652181166441
2021-04-13,XRP-USD,Crypto,Crypto,0.22229211645568725
2021-04-14,XRP-USD,Crypto,Crypto,0.025214611489230876
2021-04-15,XRP-USD,Crypto,Crypto,-0.03978227490062303
2021-04-16,XRP-USD,Crypto,Crypto,-0.11808163487917933
2021-04-17,XRP-USD,Crypto,Crypto,0.0016231317280808177
2021-04-18,XRP-USD,Crypto,Crypto,-0.09875102107561196
2021-04-19,XRP-USD,Crypto,Crypto,-0.06468995450878834
2021-04-20,XRP-USD,Crypto,Crypto,0.05190316468760181
2021-04-21,XRP-USD,Crypto,Crypto,-0.06274930620625574
2021-04-22,XRP-USD,Crypto,Crypto,-0.10552728333964545
2021-04-23,XRP-USD,Crypto,Crypto,0.008604028035021694
2021-04-24,XRP-USD,Crypto,Crypto,-0.10340946974256249
2021-04-25,XRP-USD,Crypto,Crypto,-0.015686042260796174
2021-04-26,XRP-USD,Crypto,Crypto,0.3257427859022859
2021-04-27,XRP-USD,Crypto,Crypto,0.023711264771521634
2021-04-28,XRP-USD,Crypto,Crypto,-0.030232226480765623
2021-04-29,XRP-USD,Crypto,Crypto,0.030000690546471365
2021-04-30,XRP-USD,Crypto,Crypto,0.1374299942702255
2021-05-01,XRP-USD,Crypto,Crypto,0.03728846970351629
2021-05-02,XRP-USD,Crypto,Crypto,-0.05353282306851748
2021-05-03,XRP-USD,Crypto,Crypto,-0.004253079880256805
2021-05-04,XRP-USD,Crypto,Crypto,-0.10515396434987212
2021-05-05,XRP-USD,Crypto,Crypto,0.1595373873639394
2021-05-06,XRP-USD,Crypto,Crypto,-0.008628562112563465
2021-05-07,XRP-USD,Crypto,Crypto,-0.011761983464672943
2021-05-08,XRP-USD,Crypto,Crypto,-0.012111263457681654
2021-05-09,XRP-USD,Crypto,Crypto,-0.01747410860311338
2021-05-10,XRP-USD,Crypto,Crypto,-0.09528276754408405
2021-05-11,XRP-USD,Crypto,Crypto,0.06384131861895992
2021-05-12,XRP-USD,Crypto,Crypto,-0.15552601124825993
2021-05-13,XRP-USD,Crypto,Crypto,0.08898882883406145
2021-05-14,XRP-USD,Crypto,Crypto,0.032384090233813945
2021-05-15,XRP-USD,Crypto,Crypto,0.05913606306179009
2021-05-16,XRP-USD,Crypto,Crypto,-0.022393500242489317
2021-05-17,XRP-USD,Crypto,Crypto,0.030079746633290938
2021-05-18,XRP-USD,Crypto,Crypto,0.06311169152908969
2021-05-19,XRP-USD,Crypto,Crypto,-0.3271577941439642
2021-05-20,XRP-USD,Crypto,Crypto,0.10765449572731822
2021-05-21,XRP-USD,Crypto,Crypto,-0.15061611331517677
2021-05-22,XRP-USD,Crypto,Crypto,-0.09996167927864708
2021-05-23,XRP-USD,Crypto,Crypto,-0.12060017062274142
2021-05-24,XRP-USD,Crypto,Crypto,0.24569170111817562
2021-05-25,XRP-USD,Crypto,Crypto,-0.01676813847769887
2021-05-26,XRP-USD,Crypto,Crypto,0.058941609627725544
2021-05-27,XRP-USD,Crypto,Crypto,-0.06141868651771765
2021-05-28,XRP-USD,Crypto,Crypto,-0.07223715526910757
2021-05-29,XRP-USD,Crypto,Crypto,-0.0759430371268609
2021-05-30,XRP-USD,Crypto,Crypto,0.08995200101583034
2021-05-31,XRP-USD,Crypto,Crypto,0.15439402381598089
2021-06-01,XRP-USD,Crypto,Crypto,-0.033999200171583865
2021-06-02,XRP-USD,Crypto,Crypto,0.013253206532191086
2021-06-03,XRP-USD,Crypto,Crypto,0.020422678624834045
2021-06-04,XRP-USD,Crypto,Crypto,-0.0718678567665223
2021-06-05,XRP-USD,Crypto,Crypto,-0.04835104196130191
2021-06-06,XRP-USD,Crypto,Crypto,0.023827887223180078
2021-06-07,XRP-USD,Crypto,Crypto,-0.08900058243549336
2021-06-08,XRP-USD,Crypto,Crypto,0.01699229563456206
2021-06-09,XRP-USD,Crypto,Crypto,0.05052138106089821
2021-06-10,XRP-USD,Crypto,Crypto,-0.055271871683196916
2021-06-11,XRP-USD,Crypto,Crypto,-0.023852295368118392
2021-06-12,XRP-USD,Crypto,Crypto,-0.01858327322756359
2021-06-13,XRP-USD,Crypto,Crypto,0.06061966758584392
2021-06-14,XRP-USD,Crypto,Crypto,0.011025199085966664
2021-06-15,XRP-USD,Crypto,Crypto,-0.003468482595105127
2021-06-16,XRP-USD,Crypto,Crypto,-0.06506183831091505
2021-06-17,XRP-USD,Crypto,Crypto,0.011455603241361079
2021-06-18,XRP-USD,Crypto,Crypto,-0.052041841506264785
2021-06-19,XRP-USD,Crypto,Crypto,-0.04510139614878239
2021-06-20,XRP-USD,Crypto,Crypto,0.019304936820121466
2021-06-21,XRP-USD,Crypto,Crypto,-0.21379952853818052
2021-06-22,XRP-USD,Crypto,Crypto,-0.10701548960311058
2021-06-23,XRP-USD,Crypto,Crypto,0.14946416544565078
2021-06-24,XRP-USD,Crypto,Crypto,0.07256576669790538
2021-06-25,XRP-USD,Crypto,Crypto,-0.0873169917854687
2021-06-26,XRP-USD,Crypto,Crypto,0.003443586943718824
2021-06-27,XRP-USD,Crypto,Crypto,0.05116381279898685
2021-06-28,XRP-USD,Crypto,Crypto,-0.004910920068950553
2021-06-29,XRP-USD,Crypto,Crypto,0.09006500395453232
2021-06-30,XRP-USD,Crypto,Crypto,0.006625078824482378
2021-07-01,XRP-USD,Crypto,Crypto,-0.06398022983567031
2021-07-02,XRP-USD,Crypto,Crypto,-0.00668048348652639
2021-07-03,XRP-USD,Crypto,Crypto,0.024552179916695893
2021-07-04,XRP-USD,Crypto,Crypto,0.03277959697186339
2021-07-05,XRP-USD,Crypto,Crypto,-0.058486649475154584
2021-07-06,XRP-USD,Crypto,Crypto,0.016967784157388976
2021-07-07,XRP-USD,Crypto,Crypto,-0.020779868990207673
2021-07-08,XRP-USD,Crypto,Crypto,-0.04376626875351908
2021-07-09,XRP-USD,Crypto,Crypto,0.022062092307038927
2021-07-10,XRP-USD,Crypto,Crypto,-0.017809209795991987
2021-07-11,XRP-USD,Crypto,Crypto,0.01674279613110108
2021-07-12,XRP-USD,Crypto,Crypto,-0.009052865069130167
2021-07-13,XRP-USD,Crypto,Crypto,-0.016907899565595352
2021-07-14,XRP-USD,Crypto,Crypto,0.0012929735225692962
2021-07-15,XRP-USD,Crypto,Crypto,-0.03769485102298287
2021-07-16,XRP-USD,Crypto,Crypto,-0.010330995242340268
2021-07-17,XRP-USD,Crypto,Crypto,-0.014127265552901336
2021-07-18,XRP-USD,Crypto,Crypto,0.009432923434634422
2021-07-19,XRP-USD,Crypto,Crypto,-0.051649716627462317
2021-07-20,XRP-USD,Crypto,Crypto,-0.050613748614665166
2021-07-21,XRP-USD,Crypto,Crypto,0.07681709182432539
2021-07-22,XRP-USD,Crypto,Crypto,0.03896149526611992
2021-07-23,XRP-USD,Crypto,Crypto,0.02873665602208142
2021-07-24,XRP-USD,Crypto,Crypto,0.0009897189955310193
2021-07-25,XRP-USD,Crypto,Crypto,-0.005690144429797539
2021-07-26,XRP-USD,Crypto,Crypto,0.03176512059099279
2021-07-27,XRP-USD,Crypto,Crypto,0.03034766725405791
2021-07-28,XRP-USD,Crypto,Crypto,0.12541179053139073
2021-07-29,XRP-USD,Crypto,Crypto,0.031114752204573826
2021-07-30,XRP-USD,Crypto,Crypto,0.005483821332606942
2021-07-31,XRP-USD,Crypto,Crypto,-0.005761081995485529
2021-08-01,XRP-USD,Crypto,Crypto,-0.02923830802851668
2021-08-02,XRP-USD,Crypto,Crypto,0.01831882058798162
2021-08-03,XRP-USD,Crypto,Crypto,-0.03583648321479649
2021-08-04,XRP-USD,Crypto,Crypto,0.024916939909721103
2021-08-05,XRP-USD,Crypto,Crypto,0.0036455305369686997
2021-08-06,XRP-USD,Crypto,Crypto,0.01822542711182784
2021-08-07,XRP-USD,Crypto,Crypto,0.09345853417446404
2021-08-08,XRP-USD,Crypto,Crypto,-0.045991569284471345
2021-08-09,XRP-USD,Crypto,Crypto,0.05112623948800277
2021-08-10,XRP-USD,Crypto,Crypto,0.039941265735772946
2021-08-11,XRP-USD,Crypto,Crypto,0.18945969118908979
2021-08-12,XRP-USD,Crypto,Crypto,-0.047381596193964315
2021-08-13,XRP-USD,Crypto,Crypto,0.13002032387314477
2021-08-14,XRP-USD,Crypto,Crypto,0.17473300240056955
2021-08-15,XRP-USD,Crypto,Crypto,0.006051183544281358
2021-08-16,XRP-USD,Crypto,Crypto,-0.07543086076649641
2021-08-17,XRP-USD,Crypto,Crypto,-0.0779130904085199
2021-08-18,XRP-USD,Crypto,Crypto,0.04361498642964601
2021-08-19,XRP-USD,Crypto,Crypto,0.07568733528198734
2021-08-20,XRP-USD,Crypto,Crypto,0.0246422586026378
2021-08-21,XRP-USD,Crypto,Crypto,-0.037007744128015996
2021-08-22,XRP-USD,Crypto,Crypto,0.00924727926804958
2021-08-23,XRP-USD,Crypto,Crypto,0.015922121232806008
2021-08-24,XRP-USD,Crypto,Crypto,-0.08812686857387642
2021-08-25,XRP-USD,Crypto,Crypto,0.03092885292637937
2021-08-26,XRP-USD,Crypto,Crypto,-0.08295144941696153
2021-08-27,XRP-USD,Crypto,Crypto,0.10528276931724379
2021-08-28,XRP-USD,Crypto,Crypto,-0.036153985191432314
2021-08-29,XRP-USD,Crypto,Crypto,-0.004079427281711068
2021-08-30,XRP-USD,Crypto,Crypto,-0.03453357118793832
2021-08-31,XRP-USD,Crypto,Crypto,0.07822344614528087
2021-09-01,XRP-USD,Crypto,Crypto,0.03982513190792614
2021-09-02,XRP-USD,Crypto,Crypto,0.01735785307462101
2021-09-03,XRP-USD,Crypto,Crypto,0.027947367871704598
2021-09-04,XRP-USD,Crypto,Crypto,-0.027609577912337646
2021-09-05,XRP-USD,Crypto,Crypto,0.03959213756134994
2021-09-06,XRP-USD,Crypto,Crypto,0.06427814898143236
2021-09-07,XRP-USD,Crypto,Crypto,-0.19023433320683802
2021-09-08,XRP-USD,Crypto,Crypto,-0.02166822384455036
2021-09-09,XRP-USD,Crypto,Crypto,-0.010283306162370165
2021-09-10,XRP-USD,Crypto,Crypto,-0.029496995040136476
2021-09-11,XRP-USD,Crypto,Crypto,0.021412790937600734
2021-09-12,XRP-USD,Crypto,Crypto,0.036790306292988184
2021-09-13,XRP-USD,Crypto,Crypto,-0.04908568695601068
2021-09-14,XRP-USD,Crypto,Crypto,0.02995835034305716
2021-09-15,XRP-USD,Crypto,Crypto,0.022596817451628448
2021-09-16,XRP-USD,Crypto,Crypto,-0.02662409793303444
2021-09-17,XRP-USD,Crypto,Crypto,-0.023728862428953446
2021-09-18,XRP-USD,Crypto,Crypto,0.009450061103824625
2021-09-19,XRP-USD,Crypto,Crypto,-0.02532372375380909
2021-09-20,XRP-USD,Crypto,Crypto,-0.12521228327662592
2021-09-21,XRP-USD,Crypto,Crypto,-0.0445105973078892
2021-09-22,XRP-USD,Crypto,Crypto,0.1457751581531701
2021-09-23,XRP-USD,Crypto,Crypto,-0.0020277105000712226
2021-09-24,XRP-USD,Crypto,Crypto,-0.0560017992507722
2021-09-25,XRP-USD,Crypto,Crypto,-0.004843928196214042
2021-09-26,XRP-USD,Crypto,Crypto,0.003589542723029915
2021-09-27,XRP-USD,Crypto,Crypto,-0.022266859342219614
2021-09-28,XRP-USD,Crypto,Crypto,-0.03247431431767833
2021-09-29,XRP-USD,Crypto,Crypto,0.038783113849877315
2021-09-30,XRP-USD,Crypto,Crypto,0.02616148121438866
2021-10-01,XRP-USD,Crypto,Crypto,0.09446209560659158
2021-10-02,XRP-USD,Crypto,Crypto,-0.003787603342448209
2021-10-03,XRP-USD,Crypto,Crypto,0.015880915001279083
2021-10-04,XRP-USD,Crypto,Crypto,-0.01152991704822559
2021-10-05,XRP-USD,Crypto,Crypto,0.04074667472516813
2021-10-06,XRP-USD,Crypto,Crypto,-0.007228862208386921
2021-10-07,XRP-USD,Crypto,Crypto,-0.008936138956999518
2021-10-08,XRP-USD,Crypto,Crypto,-0.004807879587255703
2021-10-09,XRP-USD,Crypto,Crypto,0.09129350968397221
2021-10-10,XRP-USD,Crypto,Crypto,-0.018512430159200788
2021-10-11,XRP-USD,Crypto,Crypto,-0.0004963332075397231
2021-10-12,XRP-USD,Crypto,Crypto,-0.0316630306697665
2021-10-13,XRP-USD,Crypto,Crypto,0.024080221026298254
2021-10-14,XRP-USD,Crypto,Crypto,0.003477525762130451
2021-10-15,XRP-USD,Crypto,Crypto,0.007271842927687455
2021-10-16,XRP-USD,Crypto,Crypto,-0.004781958995684121
2021-10-17,XRP-USD,Crypto,Crypto,-0.03667355431572039
2021-10-18,XRP-USD,Crypto,Crypto,-0.008803103653307609
2021-10-19,XRP-USD,Crypto,Crypto,0.007600699785721865
2021-10-20,XRP-USD,Crypto,Crypto,0.04601130593270564
2021-10-21,XRP-USD,Crypto,Crypto,-0.0464078320762904
2021-10-22,XRP-USD,Crypto,Crypto,-0.0008638805879334077
2021-10-23,XRP-USD,Crypto,Crypto,0.0056257744434986545
2021-10-24,XRP-USD,Crypto,Crypto,-0.009332114625087096
2021-10-25,XRP-USD,Crypto,Crypto,0.010029657115371293
2021-10-26,XRP-USD,Crypto,Crypto,0.011811120045377876
2021-10-27,XRP-USD,Crypto,Crypto,-0.10165305090992727
2021-10-28,XRP-USD,Crypto,Crypto,0.06365753776455207
2021-10-29,XRP-USD,Crypto,Crypto,0.021422927606832065
2021-10-30,XRP-USD,Crypto,Crypto,0.0022616082682405114
2021-10-31,XRP-USD,Crypto,Crypto,0.027029009582612673
2021-11-01,XRP-USD,Crypto,Crypto,-0.018306826306703772
2021-11-02,XRP-USD,Crypto,Crypto,0.039647093202792805
2021-11-03,XRP-USD,Crypto,Crypto,0.06389743138858117
2021-11-04,XRP-USD,Crypto,Crypto,-0.0056196595778589264
2021-11-05,XRP-USD,Crypto,Crypto,-0.03366880449447651
2021-11-06,XRP-USD,Crypto,Crypto,-0.007816376725547802
2021-11-07,XRP-USD,Crypto,Crypto,0.05647073670142744
2021-11-08,XRP-USD,Crypto,Crypto,0.05325770077882863
2021-11-09,XRP-USD,Crypto,Crypto,-0.01828404334967748
2021-11-10,XRP-USD,Crypto,Crypto,-0.05207359002790546
2021-11-11,XRP-USD,Crypto,Crypto,0.02094151300333702
2021-11-12,XRP-USD,Crypto,Crypto,-0.023809784726161798
2021-11-13,XRP-USD,Crypto,Crypto,0.002171787945374204
2021-11-14,XRP-USD,Crypto,Crypto,-0.0028030641180288862
2021-11-15,XRP-USD,Crypto,Crypto,-0.014492701295820143
2021-11-16,XRP-USD,Crypto,Crypto,-0.06866906054565303
2021-11-17,XRP-USD,Crypto,Crypto,0.004910386565229574
2021-11-18,XRP-USD,Crypto,Crypto,-0.0495643110775954
2021-11-19,XRP-USD,Crypto,Crypto,0.04754337945098164
2021-11-20,XRP-USD,Crypto,Crypto,0.005638099806478669
2021-11-21,XRP-USD,Crypto,Crypto,-0.03413938865660804
2021-11-22,XRP-USD,Crypto,Crypto,-0.022214286228311897
2021-11-23,XRP-USD,Crypto,Crypto,0.02935975186227502
2021-11-24,XRP-USD,Crypto,Crypto,-0.023412034445286944
2021-11-25,XRP-USD,Crypto,Crypto,-0.009775716208058505
2021-11-26,XRP-USD,Crypto,Crypto,-0.09258564823158322
2021-11-27,XRP-USD,Crypto,Crypto,0.011542682935368642
2021-11-28,XRP-USD,Crypto,Crypto,0.02279771141236675
2021-11-29,XRP-USD,Crypto,Crypto,0.023958673335817027
2021-11-30,XRP-USD,Crypto,Crypto,0.006848073804988086
2021-12-01,XRP-USD,Crypto,Crypto,-0.007833764374881591
2021-12-02,XRP-USD,Crypto,Crypto,-0.018788458161952848
2021-12-03,XRP-USD,Crypto,Crypto,-0.0514937207160463
2021-12-04,XRP-USD,Crypto,Crypto,-0.08155655187751165
2021-12-05,XRP-USD,Crypto,Crypto,-0.04891685105709831
2021-12-06,XRP-USD,Crypto,Crypto,0.028169289196124714
2021-12-07,XRP-USD,Crypto,Crypto,-0.011710902568995207
2021-12-08,XRP-USD,Crypto,Crypto,0.05462941037867042
2021-12-09,XRP-USD,Crypto,Crypto,-0.002357239989704385
2021-12-10,XRP-USD,Crypto,Crypto,-0.06986759490443639
2021-12-11,XRP-USD,Crypto,Crypto,0.04770458008105094
2021-12-12,XRP-USD,Crypto,Crypto,0.0023960086170806694
2021-12-13,XRP-USD,Crypto,Crypto,-0.0694500078426794
2021-12-14,XRP-USD,Crypto,Crypto,0.017058448324456466
2021-12-15,XRP-USD,Crypto,Crypto,0.03916118172227656
2021-12-16,XRP-USD,Crypto,Crypto,-0.025622697150962992
2021-12-17,XRP-USD,Crypto,Crypto,-0.008606717508379047
2021-12-18,XRP-USD,Crypto,Crypto,0.03514111015775079
2021-12-19,XRP-USD,Crypto,Crypto,0.0092509132551013
2021-12-20,XRP-USD,Crypto,Crypto,0.053644558642906626
2021-12-21,XRP-USD,Crypto,Crypto,0.077081028847243
2021-12-22,XRP-USD,Crypto,Crypto,0.0074426081564831215
2021-12-23,XRP-USD,Crypto,Crypto,0.0404169495138067
2021-12-24,XRP-USD,Crypto,Crypto,-0.08178717262031032
2021-12-25,XRP-USD,Crypto,Crypto,0.014003624455204422
2021-12-26,XRP-USD,Crypto,Crypto,-0.00393480540720581
2021-12-27,XRP-USD,Crypto,Crypto,0.005432150816741199
2021-12-28,XRP-USD,Crypto,Crypto,-0.0790598932773976
2021-12-29,XRP-USD,Crypto,Crypto,-0.04249437502821396
2021-12-30,XRP-USD,Crypto,Crypto,0.02808208645816901
2021-12-31,XRP-USD,Crypto,Crypto,-0.010106642498711405
2022-01-01,XRP-USD,Crypto,Crypto,0.022028167030379686
2022-01-02,XRP-USD,Crypto,Crypto,0.011355287323859597
2022-01-03,XRP-USD,Crypto,Crypto,-0.030534755766911337
2022-01-04,XRP-USD,Crypto,Crypto,-0.009859740142263651
2022-01-05,XRP-USD,Crypto,Crypto,-0.06101208921807233
2022-01-06,XRP-USD,Crypto,Crypto,0.009024312764022158
2022-01-07,XRP-USD,Crypto,Crypto,-0.023385339829828933
2022-01-08,XRP-USD,Crypto,Crypto,-0.02016316341720059
2022-01-09,XRP-USD,Crypto,Crypto,0.009117416976858417
2022-01-10,XRP-USD,Crypto,Crypto,-0.020105868842365315
2022-01-11,XRP-USD,Crypto,Crypto,0.04222579150584127
2022-01-12,XRP-USD,Crypto,Crypto,0.03762742645646555
2022-01-13,XRP-USD,Crypto,Crypto,-0.03904701208548644
2022-01-14,XRP-USD,Crypto,Crypto,0.007768801678457837
2022-01-15,XRP-USD,Crypto,Crypto,0.00920315293858276
2022-01-16,XRP-USD,Crypto,Crypto,-0.0031595482628586913
2022-01-17,XRP-USD,Crypto,Crypto,-0.020812583979407218
2022-01-18,XRP-USD,Crypto,Crypto,-0.013256087298220254
2022-01-19,XRP-USD,Crypto,Crypto,-0.017115949382646933
2022-01-20,XRP-USD,Crypto,Crypto,-0.027479570626824157
2022-01-21,XRP-USD,Crypto,Crypto,-0.116319944138642
2022-01-22,XRP-USD,Crypto,Crypto,-0.06244087473422344
2022-01-23,XRP-USD,Crypto,Crypto,0.054885411640587245
2022-01-24,XRP-USD,Crypto,Crypto,-0.02642837675464682
2022-01-25,XRP-USD,Crypto,Crypto,0.008860769847053307
2022-01-26,XRP-USD,Crypto,Crypto,0.007301234206622098
2022-01-27,XRP-USD,Crypto,Crypto,-0.021383326964742322
2022-01-28,XRP-USD,Crypto,Crypto,0.006146786996696241
2022-01-29,XRP-USD,Crypto,Crypto,0.00722111946327475
2022-01-30,XRP-USD,Crypto,Crypto,-0.02229409884708422
2022-01-31,XRP-USD,Crypto,Crypto,0.026473023206819102
2022-02-01,XRP-USD,Crypto,Crypto,0.01628682745393384
2022-02-02,XRP-USD,Crypto,Crypto,-0.04410133470647959
2022-02-03,XRP-USD,Crypto,Crypto,0.010309566444460128
2022-02-04,XRP-USD,Crypto,Crypto,0.07930598241572584
2022-02-05,XRP-USD,Crypto,Crypto,0.017152635591918708
2022-02-06,XRP-USD,Crypto,Crypto,0.024762846375985914
2022-02-07,XRP-USD,Crypto,Crypto,0.21088663837820243
2022-02-08,XRP-USD,Crypto,Crypto,0.06085265663716832
2022-02-09,XRP-USD,Crypto,Crypto,-0.0086165342600103
2022-02-10,XRP-USD,Crypto,Crypto,-0.04665257313135196
2022-02-11,XRP-USD,Crypto,Crypto,-0.08407607845226839
2022-02-12,XRP-USD,Crypto,Crypto,0.08179410898573969
2022-02-13,XRP-USD,Crypto,Crypto,-0.014755484548639508
2022-02-14,XRP-USD,Crypto,Crypto,-0.009941059097220317
2022-02-15,XRP-USD,Crypto,Crypto,0.06247053548243042
2022-02-16,XRP-USD,Crypto,Crypto,-0.015600734976599306
2022-02-17,XRP-USD,Crypto,Crypto,-0.08564947947983215
2022-02-18,XRP-USD,Crypto,Crypto,0.024397353839751945
2022-02-19,XRP-USD,Crypto,Crypto,0.04661978426165514
2022-02-20,XRP-USD,Crypto,Crypto,-0.053775689814220984
2022-02-21,XRP-USD,Crypto,Crypto,-0.09614593448739583
2022-02-22,XRP-USD,Crypto,Crypto,0.02753079700981198
2022-02-23,XRP-USD,Crypto,Crypto,-0.03332298463155947
2022-02-24,XRP-USD,Crypto,Crypto,-0.00354064266584031
2022-02-25,XRP-USD,Crypto,Crypto,0.10431411840219917
2022-02-26,XRP-USD,Crypto,Crypto,-0.023318975768469752
2022-02-27,XRP-USD,Crypto,Crypto,-0.038591228864988336
2022-02-28,XRP-USD,Crypto,Crypto,0.08317540404470702
2022-03-01,XRP-USD,Crypto,Crypto,0.003603363006697613
2022-03-02,XRP-USD,Crypto,Crypto,-0.020852080138829554
2022-03-03,XRP-USD,Crypto,Crypto,-0.021224561151234278
2022-03-04,XRP-USD,Crypto,Crypto,-0.05253094994520413
2022-03-05,XRP-USD,Crypto,Crypto,0.059253041737770795
2022-03-06,XRP-USD,Crypto,Crypto,-0.03829114923506449
2022-03-07,XRP-USD,Crypto,Crypto,-0.003728687263334307
2022-03-08,XRP-USD,Crypto,Crypto,-0.0031937226189069357
2022-03-09,XRP-USD,Crypto,Crypto,0.06416152729000113
2022-03-10,XRP-USD,Crypto,Crypto,-0.03880288537582566
2022-03-11,XRP-USD,Crypto,Crypto,0.08771940601053463
2022-03-12,XRP-USD,Crypto,Crypto,-0.019407742410272988
2022-03-13,XRP-USD,Crypto,Crypto,-0.032082923509897165
2022-03-14,XRP-USD,Crypto,Crypto,0.017475525214607046
2022-03-15,XRP-USD,Crypto,Crypto,-0.010163219206050567
2022-03-16,XRP-USD,Crypto,Crypto,0.0348924993804649
2022-03-17,XRP-USD,Crypto,Crypto,-4.409105501401722e-05
2022-03-18,XRP-USD,Crypto,Crypto,0.006002506916103378
2022-03-19,XRP-USD,Crypto,Crypto,0.026441083753133476
2022-03-20,XRP-USD,Crypto,Crypto,-0.016173366335927808
2022-03-21,XRP-USD,Crypto,Crypto,0.03973472963738467
2022-03-22,XRP-USD,Crypto,Crypto,-0.001258724221132379
2022-03-23,XRP-USD,Crypto,Crypto,0.0009437376696941335
2022-03-24,XRP-USD,Crypto,Crypto,0.006064061156069167
2022-03-25,XRP-USD,Crypto,Crypto,-0.021164482824159725
2022-03-26,XRP-USD,Crypto,Crypto,0.009265253587033229
2022-03-27,XRP-USD,Crypto,Crypto,0.029505075869642905
2022-03-28,XRP-USD,Crypto,Crypto,0.006952877429229787
2022-03-29,XRP-USD,Crypto,Crypto,-0.006143882581398641
2022-03-30,XRP-USD,Crypto,Crypto,0.003279714392319777
2022-03-31,XRP-USD,Crypto,Crypto,-0.05372820030823855
2022-04-01,XRP-USD,Crypto,Crypto,0.016175554195500652
2022-04-02,XRP-USD,Crypto,Crypto,-0.003408109051424635
2022-04-03,XRP-USD,Crypto,Crypto,0.021857905334771166
2022-04-04,XRP-USD,Crypto,Crypto,-0.01862384437555442
2022-04-05,XRP-USD,Crypto,Crypto,-0.011615632256257613
2022-04-06,XRP-USD,Crypto,Crypto,-0.06889078651056335
2022-04-07,XRP-USD,Crypto,Crypto,0.035052571772250074
2022-04-08,XRP-USD,Crypto,Crypto,-0.043076156432241386
2022-04-09,XRP-USD,Crypto,Crypto,0.012636985651681698
2022-04-10,XRP-USD,Crypto,Crypto,-0.009129228941450296
2022-04-11,XRP-USD,Crypto,Crypto,-0.08140349871044128
2022-04-12,XRP-USD,Crypto,Crypto,0.03106517007643972
2022-04-13,XRP-USD,Crypto,Crypto,0.010097491530250746
2022-04-14,XRP-USD,Crypto,Crypto,0.004101632813984679
2022-04-15,XRP-USD,Crypto,Crypto,0.0809775365735228
2022-04-16,XRP-USD,Crypto,Crypto,-0.004879892096758209
2022-04-17,XRP-USD,Crypto,Crypto,-0.03669160482316425
2022-04-18,XRP-USD,Crypto,Crypto,0.01973436325141198
2022-04-19,XRP-USD,Crypto,Crypto,0.009174255678245036
2022-04-20,XRP-USD,Crypto,Crypto,-0.02952658762528171
2022-04-21,XRP-USD,Crypto,Crypto,-0.02525996966746502
2022-04-22,XRP-USD,Crypto,Crypto,-0.019073163886957234
2022-04-23,XRP-USD,Crypto,Crypto,-0.015974791466950355
2022-04-24,XRP-USD,Crypto,Crypto,-0.012669160773903121
2022-04-25,XRP-USD,Crypto,Crypto,-0.006172536732607425
2022-04-26,XRP-USD,Crypto,Crypto,-0.07592887365258338
2022-04-27,XRP-USD,Crypto,Crypto,0.0165482327897013
2022-04-28,XRP-USD,Crypto,Crypto,-0.012194994919627833
2022-04-29,XRP-USD,Crypto,Crypto,-0.05114509190363514
2022-04-30,XRP-USD,Crypto,Crypto,-0.039770486717938036
2022-05-01,XRP-USD,Crypto,Crypto,0.03534880519338901
2022-05-02,XRP-USD,Crypto,Crypto,0.010570184341331945
2022-05-03,XRP-USD,Crypto,Crypto,-0.015335361203152709
2022-05-04,XRP-USD,Crypto,Crypto,0.06881886917623148
2022-05-05,XRP-USD,Crypto,Crypto,-0.07361160770840292
2022-05-06,XRP-USD,Crypto,Crypto,0.006151394755385287
2022-05-07,XRP-USD,Crypto,Crypto,-0.03356128183866036
2022-05-08,XRP-USD,Crypto,Crypto,-0.027165877819208872
2022-05-09,XRP-USD,Crypto,Crypto,-0.1298914247682158
2022-05-10,XRP-USD,Crypto,Crypto,0.04196447928885538
2022-05-11,XRP-USD,Crypto,Crypto,-0.1951808902506077
2022-05-12,XRP-USD,Crypto,Crypto,-0.06814616559042119
2022-05-13,XRP-USD,Crypto,Crypto,0.09919623958124513
2022-05-14,XRP-USD,Crypto,Crypto,0.010290116140631689
2022-05-15,XRP-USD,Crypto,Crypto,0.04581155790062419
2022-05-16,XRP-USD,Crypto,Crypto,-0.05559592519758472
2022-05-17,XRP-USD,Crypto,Crypto,0.03579651814941043
2022-05-18,XRP-USD,Crypto,Crypto,-0.07188152210768706
2022-05-19,XRP-USD,Crypto,Crypto,0.03400089913402393
2022-05-20,XRP-USD,Crypto,Crypto,-0.021046396636516307
2022-05-21,XRP-USD,Crypto,Crypto,0.008600504991892688
2022-05-22,XRP-USD,Crypto,Crypto,0.018482020813825217
2022-05-23,XRP-USD,Crypto,Crypto,-0.041829113789172756
2022-05-24,XRP-USD,Crypto,Crypto,0.009988359544120584
2022-05-25,XRP-USD,Crypto,Crypto,-0.007163996440752052
2022-05-26,XRP-USD,Crypto,Crypto,-0.03108788007536789
2022-05-27,XRP-USD,Crypto,Crypto,-0.02895184541389728
2022-05-28,XRP-USD,Crypto,Crypto,0.011880977743042864
2022-05-29,XRP-USD,Crypto,Crypto,0.006970844140821164
2022-05-30,XRP-USD,Crypto,Crypto,0.07495580972375304
2022-05-31,XRP-USD,Crypto,Crypto,0.008828841990859981
2022-06-01,XRP-USD,Crypto,Crypto,-0.056373250610292525
2022-06-02,XRP-USD,Crypto,Crypto,0.018129268944914623
2022-06-03,XRP-USD,Crypto,Crypto,-0.03586459914712692
2022-06-04,XRP-USD,Crypto,Crypto,0.003948693750752685
2022-06-05,XRP-USD,Crypto,Crypto,0.007827962733291116
2022-06-06,XRP-USD,Crypto,Crypto,0.019300430075155584
2022-06-07,XRP-USD,Crypto,Crypto,0.011639892758935844
2022-06-08,XRP-USD,Crypto,Crypto,-0.017301855549136658
2022-06-09,XRP-USD,Crypto,Crypto,-0.0008087170052833992
2022-06-10,XRP-USD,Crypto,Crypto,-0.04643233305371597
2022-06-11,XRP-USD,Crypto,Crypto,-0.05949401726216896
2022-06-12,XRP-USD,Crypto,Crypto,-0.03769930471624183
2022-06-13,XRP-USD,Crypto,Crypto,-0.10040231279610712
2022-06-14,XRP-USD,Crypto,Crypto,0.0364893897035945
2022-06-15,XRP-USD,Crypto,Crypto,0.06692684325802034
2022-06-16,XRP-USD,Crypto,Crypto,-0.09207657942041447
2022-06-17,XRP-USD,Crypto,Crypto,0.02988244902855186
2022-06-18,XRP-USD,Crypto,Crypto,-0.04135590221478469
2022-06-19,XRP-USD,Crypto,Crypto,0.05830436597394906
2022-06-20,XRP-USD,Crypto,Crypto,-0.008302345326635652
2022-06-21,XRP-USD,Crypto,Crypto,0.016329312973060617
2022-06-22,XRP-USD,Crypto,Crypto,-0.01838266001224831
2022-06-23,XRP-USD,Crypto,Crypto,0.04013208974445681
2022-06-24,XRP-USD,Crypto,Crypto,0.09553812959250885
2022-06-25,XRP-USD,Crypto,Crypto,-8.431858382396129e-05
2022-06-26,XRP-USD,Crypto,Crypto,-0.023648086824329173
2022-06-27,XRP-USD,Crypto,Crypto,-0.01568561600162377
2022-06-28,XRP-USD,Crypto,Crypto,-0.0450295293859575
2022-06-29,XRP-USD,Crypto,Crypto,-0.02475624140650623
2022-06-30,XRP-USD,Crypto,Crypto,0.007508060300742692
2022-07-01,XRP-USD,Crypto,Crypto,-0.05361618242207089
2022-07-02,XRP-USD,Crypto,Crypto,0.006063511626417828
2022-07-03,XRP-USD,Crypto,Crypto,0.019405568418919383
2022-07-04,XRP-USD,Crypto,Crypto,0.022029705515583364
2022-07-05,XRP-USD,Crypto,Crypto,-0.01024059942920652
2022-07-06,XRP-USD,Crypto,Crypto,0.021046425329487528
2022-07-07,XRP-USD,Crypto,Crypto,0.029731645271704688
2022-07-08,XRP-USD,Crypto,Crypto,-0.0015285677279450738
2022-07-09,XRP-USD,Crypto,Crypto,0.009729887980886254
2022-07-10,XRP-USD,Crypto,Crypto,-0.055917888962344287
2022-07-11,XRP-USD,Crypto,Crypto,-0.034901139214987054
2022-07-12,XRP-USD,Crypto,Crypto,-0.00839327911844212
2022-07-13,XRP-USD,Crypto,Crypto,0.03873138054156322
2022-07-14,XRP-USD,Crypto,Crypto,0.029317631471577288
2022-07-15,XRP-USD,Crypto,Crypto,0.003943371641334625
2022-07-16,XRP-USD,Crypto,Crypto,0.0488020987191955
2022-07-17,XRP-USD,Crypto,Crypto,-0.02123063207140574
2022-07-18,XRP-USD,Crypto,Crypto,0.06629057810057204
2022-07-19,XRP-USD,Crypto,Crypto,0.01924755232438935
2022-07-20,XRP-USD,Crypto,Crypto,-0.03413758280230539
2022-07-21,XRP-USD,Crypto,Crypto,0.018175593650575195
2022-07-22,XRP-USD,Crypto,Crypto,-0.022973224794235914
2022-07-23,XRP-USD,Crypto,Crypto,0.002612868176312677
2022-07-24,XRP-USD,Crypto,Crypto,-0.000781568996652382
2022-07-25,XRP-USD,Crypto,Crypto,-0.061083895040674796
2022-07-26,XRP-USD,Crypto,Crypto,0.001485278899082454
2022-07-27,XRP-USD,Crypto,Crypto,0.06305803925886244
2022-07-28,XRP-USD,Crypto,Crypto,0.0397028182819239
2022-07-29,XRP-USD,Crypto,Crypto,-0.01259057407079267
2022-07-30,XRP-USD,Crypto,Crypto,0.051777347728661605
2022-07-31,XRP-USD,Crypto,Crypto,-0.018841381360567677
2022-08-01,XRP-USD,Crypto,Crypto,-0.001266875616674601
2022-08-02,XRP-USD,Crypto,Crypto,-0.02093557123169565
2022-08-03,XRP-USD,Crypto,Crypto,-0.005830271090502381
2022-08-04,XRP-USD,Crypto,Crypto,0.0040529649302258886
2022-08-05,XRP-USD,Crypto,Crypto,0.014121375177441164
2022-08-06,XRP-USD,Crypto,Crypto,-0.013340554781646863
2022-08-07,XRP-USD,Crypto,Crypto,0.0025163111470507538
2022-08-08,XRP-USD,Crypto,Crypto,0.0167728772347282
2022-08-09,XRP-USD,Crypto,Crypto,-0.028126407726883795
2022-08-10,XRP-USD,Crypto,Crypto,0.03521862263610176
2022-08-11,XRP-USD,Crypto,Crypto,-0.0013174133181922398
2022-08-12,XRP-USD,Crypto,Crypto,-0.0014925320537292341
2022-08-13,XRP-USD,Crypto,Crypto,-0.005344803300509571
2022-08-14,XRP-USD,Crypto,Crypto,-0.004003038234108858
2022-08-15,XRP-USD,Crypto,Crypto,-0.0017983471451239463
2022-08-16,XRP-USD,Crypto,Crypto,0.0038932869787118296
2022-08-17,XRP-USD,Crypto,Crypto,0.006547651823874068
2022-08-18,XRP-USD,Crypto,Crypto,-0.023023026794202872
2022-08-19,XRP-USD,Crypto,Crypto,-0.09681775968224993
2022-08-20,XRP-USD,Crypto,Crypto,0.0074377496079789385
2022-08-21,XRP-USD,Crypto,Crypto,0.022992677819003493
2022-08-22,XRP-USD,Crypto,Crypto,-0.001682574381093982
2022-08-23,XRP-USD,Crypto,Crypto,0.006878064396934835
2022-08-24,XRP-USD,Crypto,Crypto,-0.0027283791876940855
2022-08-25,XRP-USD,Crypto,Crypto,0.009683763651559207
2022-08-26,XRP-USD,Crypto,Crypto,-0.03183716996415076
2022-08-27,XRP-USD,Crypto,Crypto,-0.008934003052542772
2022-08-28,XRP-USD,Crypto,Crypto,-0.036535299471809446
2022-08-29,XRP-USD,Crypto,Crypto,0.03312342863183271
2022-08-30,XRP-USD,Crypto,Crypto,-0.020755119764357732
2022-08-31,XRP-USD,Crypto,Crypto,0.0030623900428012885
2022-09-01,XRP-USD,Crypto,Crypto,0.016238070254470882
2022-09-02,XRP-USD,Crypto,Crypto,-0.005807353846800645
2022-09-03,XRP-USD,Crypto,Crypto,-0.0038943040921951555
2022-09-04,XRP-USD,Crypto,Crypto,0.005546010891333886
2022-09-05,XRP-USD,Crypto,Crypto,0.0034991337270520173
2022-09-06,XRP-USD,Crypto,Crypto,-0.03229223317273355
2022-09-07,XRP-USD,Crypto,Crypto,0.04704728462436214
2022-09-08,XRP-USD,Crypto,Crypto,0.00853079965845005
2022-09-09,XRP-USD,Crypto,Crypto,0.05076340611775976
2022-09-10,XRP-USD,Crypto,Crypto,0.00045872553825021534
2022-09-11,XRP-USD,Crypto,Crypto,-0.007162852386182972
2022-09-12,XRP-USD,Crypto,Crypto,0.012181876591582208
2022-09-13,XRP-USD,Crypto,Crypto,-0.07164654128651149
2022-09-14,XRP-USD,Crypto,Crypto,0.025142883987151476
2022-09-15,XRP-USD,Crypto,Crypto,-0.04603276755308483
2022-09-16,XRP-USD,Crypto,Crypto,0.09301171709260636
2022-09-17,XRP-USD,Crypto,Crypto,0.05695735534295432
2022-09-18,XRP-USD,Crypto,Crypto,-0.04955117150738464
2022-09-19,XRP-USD,Crypto,Crypto,0.08023487679156971
2022-09-20,XRP-USD,Crypto,Crypto,0.07262195185330467
2022-09-21,XRP-USD,Crypto,Crypto,-0.044209448842636334
2022-09-22,XRP-USD,Crypto,Crypto,0.22244654998618896
2022-09-23,XRP-USD,Crypto,Crypto,0.04549559819205773
2022-09-24,XRP-USD,Crypto,Crypto,-0.03638806207652512
2022-09-25,XRP-USD,Crypto,Crypto,0.008002579246457087
2022-09-26,XRP-USD,Crypto,Crypto,-0.05064477717511606
2022-09-27,XRP-USD,Crypto,Crypto,-0.0404167041045278
2022-09-28,XRP-USD,Crypto,Crypto,0.004224811308275012
2022-09-29,XRP-USD,Crypto,Crypto,0.07709599820606261
2022-09-30,XRP-USD,Crypto,Crypto,-0.011625077081797941
2022-10-01,XRP-USD,Crypto,Crypto,-0.009721251810101639
2022-10-02,XRP-USD,Crypto,Crypto,-0.055271387373992065
2022-10-03,XRP-USD,Crypto,Crypto,0.031255421735224775
2022-10-04,XRP-USD,Crypto,Crypto,0.037363982507451654
2022-10-05,XRP-USD,Crypto,Crypto,0.019803231958160694
2022-10-06,XRP-USD,Crypto,Crypto,0.007149519187318321
2022-10-07,XRP-USD,Crypto,Crypto,0.050881623232643
2022-10-08,XRP-USD,Crypto,Crypto,-0.0022478908628630334
2022-10-09,XRP-USD,Crypto,Crypto,0.03277435545377472
2022-10-10,XRP-USD,Crypto,Crypto,-0.06936853191893755
2022-10-11,XRP-USD,Crypto,Crypto,-0.023373537553647128
2022-10-12,XRP-USD,Crypto,Crypto,0.0061248631672647935
2022-10-13,XRP-USD,Crypto,Crypto,-0.015475946815819208
2022-10-14,XRP-USD,Crypto,Crypto,0.016958758905607718
2022-10-15,XRP-USD,Crypto,Crypto,-0.015254608771293365
2022-10-16,XRP-USD,Crypto,Crypto,-0.009339410649233049
2022-10-17,XRP-USD,Crypto,Crypto,0.006096290094840695
2022-10-18,XRP-USD,Crypto,Crypto,-0.02904869140483335
2022-10-19,XRP-USD,Crypto,Crypto,-0.03165393012890971
2022-10-20,XRP-USD,Crypto,Crypto,-0.006965479589867485
2022-10-21,XRP-USD,Crypto,Crypto,0.02904363652132691
2022-10-22,XRP-USD,Crypto,Crypto,0.009481717187457717
2022-10-23,XRP-USD,Crypto,Crypto,0.007654664658716337
2022-10-24,XRP-USD,Crypto,Crypto,-0.03243268453138293
2022-10-25,XRP-USD,Crypto,Crypto,0.017017730707435508
2022-10-26,XRP-USD,Crypto,Crypto,0.01696910933516671
2022-10-27,XRP-USD,Crypto,Crypto,-0.014847382274330578
2022-10-28,XRP-USD,Crypto,Crypto,0.02502989854731341
2022-10-29,XRP-USD,Crypto,Crypto,-0.00752136406046644
2022-10-30,XRP-USD,Crypto,Crypto,-0.0254264583666729
2022-10-31,XRP-USD,Crypto,Crypto,0.01627204020074635
2022-11-01,XRP-USD,Crypto,Crypto,-0.002871779362706217
2022-11-02,XRP-USD,Crypto,Crypto,-0.029495624916565766
2022-11-03,XRP-USD,Crypto,Crypto,0.009450505098844042
2022-11-04,XRP-USD,Crypto,Crypto,0.1082514459988857
2022-11-05,XRP-USD,Crypto,Crypto,-0.021954636309977182
2022-11-06,XRP-USD,Crypto,Crypto,-0.04593271669495491
2022-11-07,XRP-USD,Crypto,Crypto,-0.01022588079008091
2022-11-08,XRP-USD,Crypto,Crypto,-0.12796842440684286
2022-11-09,XRP-USD,Crypto,Crypto,-0.17984604459468778
2022-11-10,XRP-USD,Crypto,Crypto,0.18765782513464813
2022-11-11,XRP-USD,Crypto,Crypto,-0.029178340726831564
2022-11-12,XRP-USD,Crypto,Crypto,-0.053316475096617744
2022-11-13,XRP-USD,Crypto,Crypto,-0.06429055209897583
2022-11-14,XRP-USD,Crypto,Crypto,0.10611354143942098
2022-11-15,XRP-USD,Crypto,Crypto,0.03218591474803434
2022-11-16,XRP-USD,Crypto,Crypto,-0.03145260025983765
2022-11-17,XRP-USD,Crypto,Crypto,0.016590496576820657
2022-11-18,XRP-USD,Crypto,Crypto,0.001356648195507626
2022-11-19,XRP-USD,Crypto,Crypto,0.004270834135646329
2022-11-20,XRP-USD,Crypto,Crypto,-0.0591475010450595
2022-11-21,XRP-USD,Crypto,Crypto,0.007885147122745462
2022-11-22,XRP-USD,Crypto,Crypto,0.03087179467907797
2022-11-23,XRP-USD,Crypto,Crypto,0.014678512436449465
2022-11-24,XRP-USD,Crypto,Crypto,0.05349056767346161
2022-11-25,XRP-USD,Crypto,Crypto,0.015970507864670802
2022-11-26,XRP-USD,Crypto,Crypto,-0.0288507769938966
2022-11-27,XRP-USD,Crypto,Crypto,0.0004840456902464041
2022-11-28,XRP-USD,Crypto,Crypto,-0.01638770650140675
2022-11-29,XRP-USD,Crypto,Crypto,0.02108789263779154
2022-11-30,XRP-USD,Crypto,Crypto,0.025577793007372618
2022-12-01,XRP-USD,Crypto,Crypto,-0.029443886788168894
2022-12-02,XRP-USD,Crypto,Crypto,-0.001096586121638543
2022-12-03,XRP-USD,Crypto,Crypto,-0.020506042281871917
2022-12-04,XRP-USD,Crypto,Crypto,0.006667587015162457
2022-12-05,XRP-USD,Crypto,Crypto,-0.002945718944654452
2022-12-06,XRP-USD,Crypto,Crypto,0.006442721883804348
2022-12-07,XRP-USD,Crypto,Crypto,-0.021354554189259134
2022-12-08,XRP-USD,Crypto,Crypto,0.028207981956484884
2022-12-09,XRP-USD,Crypto,Crypto,-0.013666338009838297
2022-12-10,XRP-USD,Crypto,Crypto,-0.006308562662278416
2022-12-11,XRP-USD,Crypto,Crypto,-0.012798109535004265
2022-12-12,XRP-USD,Crypto,Crypto,0.014787221011866913
2022-12-13,XRP-USD,Crypto,Crypto,0.019897011920959384
2022-12-14,XRP-USD,Crypto,Crypto,-0.02198926593803341
2022-12-15,XRP-USD,Crypto,Crypto,-0.021161196498323043
2022-12-16,XRP-USD,Crypto,Crypto,-0.06939834194905448
2022-12-17,XRP-USD,Crypto,Crypto,0.00801735231704459
2022-12-18,XRP-USD,Crypto,Crypto,-0.01279557056567715
2022-12-19,XRP-USD,Crypto,Crypto,-0.03254636155482582
2022-12-20,XRP-USD,Crypto,Crypto,0.030994257993648633
2022-12-21,XRP-USD,Crypto,Crypto,-0.009597191438753816
2022-12-22,XRP-USD,Crypto,Crypto,0.010346147734314748
2022-12-23,XRP-USD,Crypto,Crypto,0.013366717164100983
2022-12-24,XRP-USD,Crypto,Crypto,-0.0059106977631580015
2022-12-25,XRP-USD,Crypto,Crypto,-0.01643194315794494
2022-12-26,XRP-USD,Crypto,Crypto,0.055806738835722625
2022-12-27,XRP-USD,Crypto,Crypto,0.006570521857409695
2022-12-28,XRP-USD,Crypto,Crypto,-0.03149739654908468
2022-12-29,XRP-USD,Crypto,Crypto,-0.03838372608655127
2022-12-30,XRP-USD,Crypto,Crypto,0.006332230615725631
2022-12-31,XRP-USD,Crypto,Crypto,-0.0147470179493574
2023-01-01,XRP-USD,Crypto,Crypto,-0.0034301745772556957
2023-01-02,XRP-USD,Crypto,Crypto,0.02890815518606482
2023-01-03,XRP-USD,Crypto,Crypto,-0.01357604685317959
2023-01-04,XRP-USD,Crypto,Crypto,0.011546597029909123
2023-01-05,XRP-USD,Crypto,Crypto,-0.028048171255772303
2023-01-06,XRP-USD,Crypto,Crypto,0.019542072276044875
2023-01-07,XRP-USD,Crypto,Crypto,-0.001093877425370482
2023-01-08,XRP-USD,Crypto,Crypto,0.003166195986276321
2023-01-09,XRP-USD,Crypto,Crypto,0.01152999941665267
2023-01-10,XRP-USD,Crypto,Crypto,0.005441692284658517
2023-01-11,XRP-USD,Crypto,Crypto,0.0652458082223768
2023-01-12,XRP-USD,Crypto,Crypto,0.0027768974051785023
2023-01-13,XRP-USD,Crypto,Crypto,0.02827049351039701
2023-01-14,XRP-USD,Crypto,Crypto,0.024984175887807325
2023-01-15,XRP-USD,Crypto,Crypto,-0.026709292769200643
2023-01-16,XRP-USD,Crypto,Crypto,0.004403977153366823
2023-01-17,XRP-USD,Crypto,Crypto,0.002936011689773199
2023-01-18,XRP-USD,Crypto,Crypto,-0.021301945620643248
2023-01-19,XRP-USD,Crypto,Crypto,0.03777292013946276
2023-01-20,XRP-USD,Crypto,Crypto,0.04966922551575581
2023-01-21,XRP-USD,Crypto,Crypto,-0.023735639646727535
2023-01-22,XRP-USD,Crypto,Crypto,-0.006358859586859111
2023-01-23,XRP-USD,Crypto,Crypto,0.059795439646445514
2023-01-24,XRP-USD,Crypto,Crypto,-0.04056072069858163
2023-01-25,XRP-USD,Crypto,Crypto,0.024493038459393324
2023-01-26,XRP-USD,Crypto,Crypto,-0.018171231164805235
2023-01-27,XRP-USD,Crypto,Crypto,0.006554500971711397
2023-01-28,XRP-USD,Crypto,Crypto,-0.011281738575960931
2023-01-29,XRP-USD,Crypto,Crypto,0.013794455594333677
2023-01-30,XRP-USD,Crypto,Crypto,-0.046338000129072965
2023-01-31,XRP-USD,Crypto,Crypto,0.029899298934606966
2023-02-01,XRP-USD,Crypto,Crypto,0.018462613206423617
2023-02-02,XRP-USD,Crypto,Crypto,-0.010014681113667878
2023-02-03,XRP-USD,Crypto,Crypto,0.005998838591914968
2023-02-04,XRP-USD,Crypto,Crypto,-0.0021833803824006237
2023-02-05,XRP-USD,Crypto,Crypto,-0.03007019872175465
2023-02-06,XRP-USD,Crypto,Crypto,-0.015323203823905729
2023-02-07,XRP-USD,Crypto,Crypto,0.028206008260686977
2023-02-08,XRP-USD,Crypto,Crypto,-0.014488552118021025
2023-02-09,XRP-USD,Crypto,Crypto,-0.039155734149800336
2023-02-10,XRP-USD,Crypto,Crypto,0.0004680744327958397
2023-02-11,XRP-USD,Crypto,Crypto,0.0035619944676696935
2023-02-12,XRP-USD,Crypto,Crypto,-0.022723487544207832
2023-02-13,XRP-USD,Crypto,Crypto,-0.009611372724475986
2023-02-14,XRP-USD,Crypto,Crypto,0.028874674614059348
2023-02-15,XRP-USD,Crypto,Crypto,0.049541400231462474
2023-02-16,XRP-USD,Crypto,Crypto,-0.04035111246353906
2023-02-17,XRP-USD,Crypto,Crypto,0.026339931122020266
2023-02-18,XRP-USD,Crypto,Crypto,-0.0016999225128455642
2023-02-19,XRP-USD,Crypto,Crypto,-0.021065301392144464
2023-02-20,XRP-USD,Crypto,Crypto,0.03160095066995572
2023-02-21,XRP-USD,Crypto,Crypto,-0.016611228601255745
2023-02-22,XRP-USD,Crypto,Crypto,0.009392592479933626
2023-02-23,XRP-USD,Crypto,Crypto,-0.01632013587205461
2023-02-24,XRP-USD,Crypto,Crypto,-0.027376427544505533
2023-02-25,XRP-USD,Crypto,Crypto,-0.001035782204153013
2023-02-26,XRP-USD,Crypto,Crypto,-0.00011634481481670456
2023-02-27,XRP-USD,Crypto,Crypto,0.002840925439916875
2023-02-28,XRP-USD,Crypto,Crypto,-0.005183087980273227
2023-03-01,XRP-USD,Crypto,Crypto,0.017841725527208308
2023-03-02,XRP-USD,Crypto,Crypto,-0.016408865196855915
2023-03-03,XRP-USD,Crypto,Crypto,0.0002410516862489942
2023-03-04,XRP-USD,Crypto,Crypto,-0.010215240264458525
2023-03-05,XRP-USD,Crypto,Crypto,-0.017706731271729614
2023-03-06,XRP-USD,Crypto,Crypto,0.008924448092060056
2023-03-07,XRP-USD,Crypto,Crypto,0.027200508666115786
2023-03-08,XRP-USD,Crypto,Crypto,0.022704077477204265
2023-03-09,XRP-USD,Crypto,Crypto,-0.04382967983262398
2023-03-10,XRP-USD,Crypto,Crypto,-0.004052340543002408
2023-03-11,XRP-USD,Crypto,Crypto,-0.010226108677452883
2023-03-12,XRP-USD,Crypto,Crypto,0.017681115172600848
2023-03-13,XRP-USD,Crypto,Crypto,0.0012536649382470788
2023-03-14,XRP-USD,Crypto,Crypto,0.0013189097873518296
2023-03-15,XRP-USD,Crypto,Crypto,-0.03665978990373142
2023-03-16,XRP-USD,Crypto,Crypto,0.015162602341697307
2023-03-17,XRP-USD,Crypto,Crypto,0.03922409823802964
2023-03-18,XRP-USD,Crypto,Crypto,-0.015639516490066785
2023-03-19,XRP-USD,Crypto,Crypto,0.037475265417461934
2023-03-20,XRP-USD,Crypto,Crypto,-0.03561963193384565
2023-03-21,XRP-USD,Crypto,Crypto,0.25380372827341624
2023-03-22,XRP-USD,Crypto,Crypto,-0.1005514168904067
2023-03-23,XRP-USD,Crypto,Crypto,0.05294927877079658
2023-03-24,XRP-USD,Crypto,Crypto,-0.04259410777567618
2023-03-25,XRP-USD,Crypto,Crypto,0.04417447466569646
2023-03-26,XRP-USD,Crypto,Crypto,0.009221633844301635
2023-03-27,XRP-USD,Crypto,Crypto,0.0694580937329845
2023-03-28,XRP-USD,Crypto,Crypto,0.07305760493486058
2023-03-29,XRP-USD,Crypto,Crypto,0.05537053193413577
2023-03-30,XRP-USD,Crypto,Crypto,-0.017160415973799137
2023-03-31,XRP-USD,Crypto,Crypto,0.007942019885507579
2023-04-01,XRP-USD,Crypto,Crypto,-0.04410654081285115
2023-04-02,XRP-USD,Crypto,Crypto,0.008182798337316832
2023-04-03,XRP-USD,Crypto,Crypto,-0.04237957996629449
2023-04-04,XRP-USD,Crypto,Crypto,0.013117735061943137
2023-04-05,XRP-USD,Crypto,Crypto,0.005473911610498261
2023-04-06,XRP-USD,Crypto,Crypto,-0.005801690620299893
2023-04-07,XRP-USD,Crypto,Crypto,0.020739254511431326
2023-04-08,XRP-USD,Crypto,Crypto,-0.015611099122178063
2023-04-09,XRP-USD,Crypto,Crypto,0.0002332486731404515
2023-04-10,XRP-USD,Crypto,Crypto,0.024680061924334806
2023-04-11,XRP-USD,Crypto,Crypto,-0.0015434801533084075
2023-04-12,XRP-USD,Crypto,Crypto,-0.022033948474122322
2023-04-13,XRP-USD,Crypto,Crypto,0.01418056173679072
2023-04-14,XRP-USD,Crypto,Crypto,0.02084778330094106
2023-04-15,XRP-USD,Crypto,Crypto,-0.006773066167497621
2023-04-16,XRP-USD,Crypto,Crypto,0.001821544525454133
2023-04-17,XRP-USD,Crypto,Crypto,-0.019687668690938853
2023-04-18,XRP-USD,Crypto,Crypto,0.04135371313476588
2023-04-19,XRP-USD,Crypto,Crypto,-0.07640005921673554
2023-04-20,XRP-USD,Crypto,Crypto,-0.03405419414288591
2023-04-21,XRP-USD,Crypto,Crypto,-0.053620182269030425
2023-04-22,XRP-USD,Crypto,Crypto,0.051769427453447925
2023-04-23,XRP-USD,Crypto,Crypto,-0.016174343410485514
2023-04-24,XRP-USD,Crypto,Crypto,-0.00804916996019056
2023-04-25,XRP-USD,Crypto,Crypto,0.018908492795530973
2023-04-26,XRP-USD,Crypto,Crypto,-0.016932084539309833
2023-04-27,XRP-USD,Crypto,Crypto,0.01045590741482405
2023-04-28,XRP-USD,Crypto,Crypto,0.02870832455873873
2023-04-29,XRP-USD,Crypto,Crypto,-0.0038770178826589285
2023-04-30,XRP-USD,Crypto,Crypto,-0.012702502787374281
2023-05-01,XRP-USD,Crypto,Crypto,-0.015594966241045394
2023-05-02,XRP-USD,Crypto,Crypto,-3.2240138395422946e-05
2023-05-03,XRP-USD,Crypto,Crypto,-0.003133675833352778
2023-05-04,XRP-USD,Crypto,Crypto,-0.004144601839036088
2023-05-05,XRP-USD,Crypto,Crypto,0.013490794701901176
2023-05-06,XRP-USD,Crypto,Crypto,-0.017637840362372814
2023-05-07,XRP-USD,Crypto,Crypto,-0.01998702197017288
2023-05-08,XRP-USD,Crypto,Crypto,-0.04762592024673851
2023-05-09,XRP-USD,Crypto,Crypto,0.0022685521309444567
2023-05-10,XRP-USD,Crypto,Crypto,0.002291286414753513
2023-05-11,XRP-USD,Crypto,Crypto,-0.02087393021531292
2023-05-12,XRP-USD,Crypto,Crypto,0.020951531904342513
2023-05-13,XRP-USD,Crypto,Crypto,-0.013500711088145434
2023-05-14,XRP-USD,Crypto,Crypto,0.0022522372450084482
2023-05-15,XRP-USD,Crypto,Crypto,0.003996643687073531
2023-05-16,XRP-USD,Crypto,Crypto,0.03241632163718222
2023-05-17,XRP-USD,Crypto,Crypto,0.016236190613019508
2023-05-18,XRP-USD,Crypto,Crypto,0.026104046671342473
2023-05-19,XRP-USD,Crypto,Crypto,0.016691344442508527
2023-05-20,XRP-USD,Crypto,Crypto,0.002348424205256716
2023-05-21,XRP-USD,Crypto,Crypto,-0.024582161326989538
2023-05-22,XRP-USD,Crypto,Crypto,0.008853677139654348
2023-05-23,XRP-USD,Crypto,Crypto,0.008295048040969588
2023-05-24,XRP-USD,Crypto,Crypto,-0.025398023299765038
2023-05-25,XRP-USD,Crypto,Crypto,0.0002756134583989933
2023-05-26,XRP-USD,Crypto,Crypto,0.033953775510948025
2023-05-27,XRP-USD,Crypto,Crypto,0.006618524550611626
2023-05-28,XRP-USD,Crypto,Crypto,0.02253912412620207
2023-05-29,XRP-USD,Crypto,Crypto,0.023322129280964443
2023-05-30,XRP-USD,Crypto,Crypto,0.05623186021360893
2023-05-31,XRP-USD,Crypto,Crypto,-0.008721354825985683
2023-06-01,XRP-USD,Crypto,Crypto,-0.019461315666963963
2023-06-02,XRP-USD,Crypto,Crypto,0.035618720236126666
2023-06-03,XRP-USD,Crypto,Crypto,-0.011488643014585853
2023-06-04,XRP-USD,Crypto,Crypto,0.03188598440263024
2023-06-05,XRP-USD,Crypto,Crypto,-0.04761433396043535
2023-06-06,XRP-USD,Crypto,Crypto,0.0393225964295183
2023-06-07,XRP-USD,Crypto,Crypto,-0.020427409480467285
2023-06-08,XRP-USD,Crypto,Crypto,0.00946453800686875
2023-06-09,XRP-USD,Crypto,Crypto,0.02549059579188362
2023-06-10,XRP-USD,Crypto,Crypto,-0.055246516524003475
2023-06-11,XRP-USD,Crypto,Crypto,0.02562383271070079
2023-06-12,XRP-USD,Crypto,Crypto,0.008633634535087031
2023-06-13,XRP-USD,Crypto,Crypto,-0.010718656800604576
2023-06-14,XRP-USD,Crypto,Crypto,-0.07665270964329651
2023-06-15,XRP-USD,Crypto,Crypto,-0.0002123683922601316
2023-06-16,XRP-USD,Crypto,Crypto,-0.009112365439118975
2023-06-17,XRP-USD,Crypto,Crypto,0.008506707203015829
2023-06-18,XRP-USD,Crypto,Crypto,0.01622167128670271
2023-06-19,XRP-USD,Crypto,Crypto,0.011940782024218999
2023-06-20,XRP-USD,Crypto,Crypto,-0.0010640515417482677
2023-06-21,XRP-USD,Crypto,Crypto,0.01587637130620534
2023-06-22,XRP-USD,Crypto,Crypto,-0.011424099802530119
2023-06-23,XRP-USD,Crypto,Crypto,0.0032142976487188335
2023-06-24,XRP-USD,Crypto,Crypto,-0.01863396869161482
2023-06-25,XRP-USD,Crypto,Crypto,0.006082312515338861
2023-06-26,XRP-USD,Crypto,Crypto,-0.022324099387233565
2023-06-27,XRP-USD,Crypto,Crypto,0.009404731357740559
2023-06-28,XRP-USD,Crypto,Crypto,-0.03847963803580612
2023-06-29,XRP-USD,Crypto,Crypto,0.02042035174302037
2023-06-30,XRP-USD,Crypto,Crypto,-0.001442963214262849
2023-07-01,XRP-USD,Crypto,Crypto,-0.0010863796285712768
2023-07-02,XRP-USD,Crypto,Crypto,0.02316889132079636
2023-07-03,XRP-USD,Crypto,Crypto,0.01043157893636093
2023-07-04,XRP-USD,Crypto,Crypto,-0.0034828537740788645
2023-07-05,XRP-USD,Crypto,Crypto,-0.019617012643392995
2023-07-06,XRP-USD,Crypto,Crypto,-0.03038644030197879
2023-07-07,XRP-USD,Crypto,Crypto,0.01083795577506863
2023-07-08,XRP-USD,Crypto,Crypto,0.0040084192762441795
2023-07-09,XRP-USD,Crypto,Crypto,-0.004449224021592424
2023-07-10,XRP-USD,Crypto,Crypto,0.0194514935158403
2023-07-11,XRP-USD,Crypto,Crypto,-0.004071876865515245
2023-07-12,XRP-USD,Crypto,Crypto,-0.009698993533649336
2023-07-13,XRP-USD,Crypto,Crypto,0.7307500458163925
2023-07-14,XRP-USD,Crypto,Crypto,-0.11799382362949673
2023-07-15,XRP-USD,Crypto,Crypto,-0.008173419445869134
2023-07-16,XRP-USD,Crypto,Crypto,0.04707977948390041
2023-07-17,XRP-USD,Crypto,Crypto,-0.010249610701541734
2023-07-18,XRP-USD,Crypto,Crypto,0.05456537687023233
2023-07-19,XRP-USD,Crypto,Crypto,0.05279270705969519
2023-07-20,XRP-USD,Crypto,Crypto,-0.03245546268886956
2023-07-21,XRP-USD,Crypto,Crypto,-0.027146655669387454
2023-07-22,XRP-USD,Crypto,Crypto,-0.0507636588993593
2023-07-23,XRP-USD,Crypto,Crypto,0.007358658563607401
2023-07-24,XRP-USD,Crypto,Crypto,-0.048624373479187244
2023-07-25,XRP-USD,Crypto,Crypto,0.009725845685148338
2023-07-26,XRP-USD,Crypto,Crypto,0.008735911094326587
2023-07-27,XRP-USD,Crypto,Crypto,-0.003007798910061088
2023-07-28,XRP-USD,Crypto,Crypto,-0.0015105663220549292
2023-07-29,XRP-USD,Crypto,Crypto,0.00023998513748368921
2023-07-30,XRP-USD,Crypto,Crypto,-0.010667284618812056
2023-07-31,XRP-USD,Crypto,Crypto,-0.009381145015151415
2023-08-01,XRP-USD,Crypto,Crypto,0.012440569941492674
2023-08-02,XRP-USD,Crypto,Crypto,-0.031130720928523425
2023-08-03,XRP-USD,Crypto,Crypto,-0.030735846947523293
2023-08-04,XRP-USD,Crypto,Crypto,-0.043057488124572774
2023-08-05,XRP-USD,Crypto,Crypto,-0.011196826282581784
2023-08-06,XRP-USD,Crypto,Crypto,-0.0084910749955327
2023-08-07,XRP-USD,Crypto,Crypto,-0.0018552345038796991
2023-08-08,XRP-USD,Crypto,Crypto,0.03292160995243454
2023-08-09,XRP-USD,Crypto,Crypto,0.0014928857360658743
2023-08-10,XRP-USD,Crypto,Crypto,-0.016132391391635692
2023-08-11,XRP-USD,Crypto,Crypto,-0.0020711423995853906
2023-08-12,XRP-USD,Crypto,Crypto,-0.00707640906351048
2023-08-13,XRP-USD,Crypto,Crypto,-0.0017586650795029524
2023-08-14,XRP-USD,Crypto,Crypto,0.013064999988576131
2023-08-15,XRP-USD,Crypto,Crypto,-0.03891486583734638
2023-08-16,XRP-USD,Crypto,Crypto,-0.034893414477655704
2023-08-17,XRP-USD,Crypto,Crypto,-0.13799444526957383
2023-08-18,XRP-USD,Crypto,Crypto,-0.0020546678935281504
2023-08-19,XRP-USD,Crypto,Crypto,0.026731876495784013
2023-08-20,XRP-USD,Crypto,Crypto,0.03833124109306696
2023-08-21,XRP-USD,Crypto,Crypto,-0.027817863639773233
2023-08-22,XRP-USD,Crypto,Crypto,-0.006878412033607506
2023-08-23,XRP-USD,Crypto,Crypto,0.017223022842173474
2023-08-24,XRP-USD,Crypto,Crypto,-0.021681319373518027
2023-08-25,XRP-USD,Crypto,Crypto,0.015109582298508561
2023-08-26,XRP-USD,Crypto,Crypto,-0.005275150151042962
2023-08-27,XRP-USD,Crypto,Crypto,0.0007144996982022533
2023-08-28,XRP-USD,Crypto,Crypto,-0.0011377181735885422
2023-08-29,XRP-USD,Crypto,Crypto,0.03213958418411944
2023-08-30,XRP-USD,Crypto,Crypto,-0.021980651349601255
2023-08-31,XRP-USD,Crypto,Crypto,-0.03293301172189078
2023-09-01,XRP-USD,Crypto,Crypto,-0.02490995981812849
2023-09-02,XRP-USD,Crypto,Crypto,0.0020398352766148875
2023-09-03,XRP-USD,Crypto,Crypto,0.011937684495138212
2023-09-04,XRP-USD,Crypto,Crypto,0.006585497342480817
2023-09-05,XRP-USD,Crypto,Crypto,-0.005830263554832182
2023-09-06,XRP-USD,Crypto,Crypto,-0.004289577434225866
2023-09-07,XRP-USD,Crypto,Crypto,0.0032071473976660325
2023-09-08,XRP-USD,Crypto,Crypto,-1.3931366767416797e-05
2023-09-09,XRP-USD,Crypto,Crypto,-0.001970843604415906
2023-09-10,XRP-USD,Crypto,Crypto,-0.011989541579343621
2023-09-11,XRP-USD,Crypto,Crypto,-0.04708586623000932
2023-09-12,XRP-USD,Crypto,Crypto,0.013415612523441478
2023-09-13,XRP-USD,Crypto,Crypto,0.006317319979410874
2023-09-14,XRP-USD,Crypto,Crypto,0.011745173890263416
2023-09-15,XRP-USD,Crypto,Crypto,0.023327860671434886
2023-09-16,XRP-USD,Crypto,Crypto,-0.0019865438385546774
2023-09-17,XRP-USD,Crypto,Crypto,-0.013681238552788022
2023-09-18,XRP-USD,Crypto,Crypto,0.020610792826349478
2023-09-19,XRP-USD,Crypto,Crypto,0.02175663278390072
2023-09-20,XRP-USD,Crypto,Crypto,0.014011441195025842
2023-09-21,XRP-USD,Crypto,Crypto,-0.02719059413722713
2023-09-22,XRP-USD,Crypto,Crypto,0.01051104165305361
2023-09-23,XRP-USD,Crypto,Crypto,-0.008733509170388176
2023-09-24,XRP-USD,Crypto,Crypto,-0.01111341066401228
2023-09-25,XRP-USD,Crypto,Crypto,0.006116740573129498
2023-09-26,XRP-USD,Crypto,Crypto,-0.007424918292291194
2023-09-27,XRP-USD,Crypto,Crypto,-0.004207543473454534
2023-09-28,XRP-USD,Crypto,Crypto,0.01987199241408244
2023-09-29,XRP-USD,Crypto,Crypto,0.023932050061701515
2023-09-30,XRP-USD,Crypto,Crypto,-0.012102261718050289
2023-10-01,XRP-USD,Crypto,Crypto,0.017072043322002628
2023-10-02,XRP-USD,Crypto,Crypto,-0.021693900542645972
2023-10-03,XRP-USD,Crypto,Crypto,0.049831163637204634
2023-10-04,XRP-USD,Crypto,Crypto,-0.0101339199469479
2023-10-05,XRP-USD,Crypto,Crypto,-0.017948017352229284
2023-10-06,XRP-USD,Crypto,Crypto,0.005401666214155165
2023-10-07,XRP-USD,Crypto,Crypto,-0.00814720888657905
2023-10-08,XRP-USD,Crypto,Crypto,-0.007558818793233946
2023-10-09,XRP-USD,Crypto,Crypto,-0.02844621323221419
2023-10-10,XRP-USD,Crypto,Crypto,-0.01150774605614191
2023-10-11,XRP-USD,Crypto,Crypto,-0.017284635683680216
2023-10-12,XRP-USD,Crypto,Crypto,-0.011840320493948564
2023-10-13,XRP-USD,Crypto,Crypto,0.005483923588583517
2023-10-14,XRP-USD,Crypto,Crypto,0.0022153903020085686
2023-10-15,XRP-USD,Crypto,Crypto,0.0022001463376495334
2023-10-16,XRP-USD,Crypto,Crypto,0.0207668029270478
2023-10-17,XRP-USD,Crypto,Crypto,-0.012617019169224863
2023-10-18,XRP-USD,Crypto,Crypto,-0.006864012532523334
2023-10-19,XRP-USD,Crypto,Crypto,0.06513772402976414
2023-10-20,XRP-USD,Crypto,Crypto,-0.007926857288492739
2023-10-21,XRP-USD,Crypto,Crypto,0.010152925150203052
2023-10-22,XRP-USD,Crypto,Crypto,0.002386619288768932
2023-10-23,XRP-USD,Crypto,Crypto,0.04666720739978447
2023-10-24,XRP-USD,Crypto,Crypto,0.02132500689921568
2023-10-25,XRP-USD,Crypto,Crypto,-0.005775823393391999
2023-10-26,XRP-USD,Crypto,Crypto,-0.0029227748779609986
2023-10-27,XRP-USD,Crypto,Crypto,-0.013682899787808678
2023-10-28,XRP-USD,Crypto,Crypto,-0.0013110452726460275
2023-10-29,XRP-USD,Crypto,Crypto,0.0201744388038525
2023-10-30,XRP-USD,Crypto,Crypto,0.04052891874247844
2023-10-31,XRP-USD,Crypto,Crypto,0.03685673395298639
2023-11-01,XRP-USD,Crypto,Crypto,0.015419428002670266
2023-11-02,XRP-USD,Crypto,Crypto,-0.00508421821234184
2023-11-03,XRP-USD,Crypto,Crypto,0.010822206177529825
2023-11-04,XRP-USD,Crypto,Crypto,0.005190837794510905
2023-11-05,XRP-USD,Crypto,Crypto,0.07297009088541806
2023-11-06,XRP-USD,Crypto,Crypto,0.08223585101106123
2023-11-07,XRP-USD,Crypto,Crypto,-0.04069080435037764
2023-11-08,XRP-USD,Crypto,Crypto,0.0024387988275356154
2023-11-09,XRP-USD,Crypto,Crypto,-0.029940055440055402
2023-11-10,XRP-USD,Crypto,Crypto,-0.010337484770107652
2023-11-11,XRP-USD,Crypto,Crypto,0.00326989790941834
2023-11-12,XRP-USD,Crypto,Crypto,-0.0018091802316211325
2023-11-13,XRP-USD,Crypto,Crypto,0.01509821121908339
2023-11-14,XRP-USD,Crypto,Crypto,-0.062322396264329116
2023-11-15,XRP-USD,Crypto,Crypto,0.03172282509920343
2023-11-16,XRP-USD,Crypto,Crypto,-0.05769277526002847
2023-11-17,XRP-USD,Crypto,Crypto,0.0025303600855850483
2023-11-18,XRP-USD,Crypto,Crypto,-0.00411918150922308
2023-11-19,XRP-USD,Crypto,Crypto,0.026685651035444513
2023-11-20,XRP-USD,Crypto,Crypto,-0.023357744522395474
2023-11-21,XRP-USD,Crypto,Crypto,-0.05283587486722874
2023-11-22,XRP-USD,Crypto,Crypto,0.05415865382640672
2023-11-23,XRP-USD,Crypto,Crypto,0.013634572191091321
2023-11-24,XRP-USD,Crypto,Crypto,0.002642530694505707
2023-11-25,XRP-USD,Crypto,Crypto,0.0025133628129268004
2023-11-26,XRP-USD,Crypto,Crypto,-0.010626449916369185
2023-11-27,XRP-USD,Crypto,Crypto,-0.020534461689445838
2023-11-28,XRP-USD,Crypto,Crypto,0.01203176202063827
2023-11-29,XRP-USD,Crypto,Crypto,-0.003375720257801751
2023-11-30,XRP-USD,Crypto,Crypto,-0.00492324859676363
2023-12-01,XRP-USD,Crypto,Crypto,0.010813723662019381
2023-12-02,XRP-USD,Crypto,Crypto,0.01315189224319302
2023-12-03,XRP-USD,Crypto,Crypto,0.004423680449918255
2023-12-04,XRP-USD,Crypto,Crypto,0.0010437356984462909
2023-12-05,XRP-USD,Crypto,Crypto,-0.0038069710366055443
2023-12-06,XRP-USD,Crypto,Crypto,0.029479238797099683
2023-12-07,XRP-USD,Crypto,Crypto,0.005152003559525387
2023-12-08,XRP-USD,Crypto,Crypto,0.04584300957747911
2023-12-09,XRP-USD,Crypto,Crypto,-0.021279453754420086
2023-12-10,XRP-USD,Crypto,Crypto,0.00419539738525021
2023-12-11,XRP-USD,Crypto,Crypto,-0.06252776604795363
2023-12-12,XRP-USD,Crypto,Crypto,-0.0010674250923605744
2023-12-13,XRP-USD,Crypto,Crypto,0.014425011691496126
2023-12-14,XRP-USD,Crypto,Crypto,0.006278590833198594
2023-12-15,XRP-USD,Crypto,Crypto,-0.026785485400804943
2023-12-16,XRP-USD,Crypto,Crypto,0.00705619721095041
2023-12-17,XRP-USD,Crypto,Crypto,-0.015192748299709624
2023-12-18,XRP-USD,Crypto,Crypto,0.0034598771715774745
2023-12-19,XRP-USD,Crypto,Crypto,-0.011548819700934576
2023-12-20,XRP-USD,Crypto,Crypto,0.019593485482088502
2023-12-21,XRP-USD,Crypto,Crypto,0.010676849642373476
2023-12-22,XRP-USD,Crypto,Crypto,0.002391312592829209
2023-12-23,XRP-USD,Crypto,Crypto,-0.008309837194248382
2023-12-24,XRP-USD,Crypto,Crypto,-0.010781895748835257
2023-12-25,XRP-USD,Crypto,Crypto,0.0534930891729275
2023-12-26,XRP-USD,Crypto,Crypto,-0.037082794811935216
2023-12-27,XRP-USD,Crypto,Crypto,0.020063651048750186
2023-12-28,XRP-USD,Crypto,Crypto,0.00022373242390760772
2023-12-29,XRP-USD,Crypto,Crypto,-0.01826151201591142
2023-12-30,XRP-USD,Crypto,Crypto,-0.0024991992504027616
2023-12-31,XRP-USD,Crypto,Crypto,-0.011100843291419693
