date,universe,method,fund,return,periods_per_year
2021-01-04,Equity,Equal Weight,Equity Equal Weight,-0.013701064199660195,252
2021-01-05,Equity,Equal Weight,Equity Equal Weight,0.012674408604811126,252
2021-01-06,Equity,Equal Weight,Equity Equal Weight,0.013264430714510804,252
2021-01-07,Equity,Equal Weight,Equity Equal Weight,0.009679796812702826,252
2021-01-08,Equity,Equal Weight,Equity Equal Weight,0.0028657693620504298,252
2021-01-11,Equity,Equal Weight,Equity Equal Weight,-8.806647741709245e-05,252
2021-01-12,Equity,Equal Weight,Equity Equal Weight,0.003012843574414888,252
2021-01-13,Equity,Equal Weight,Equity Equal Weight,8.709165777319526e-05,252
2021-01-14,Equity,Equal Weight,Equity Equal Weight,0.003088648294878564,252
2021-01-15,Equity,Equal Weight,Equity Equal Weight,-0.010835450462099166,252
2021-01-19,Equity,Equal Weight,Equity Equal Weight,0.007283796632033242,252
2021-01-20,Equity,Equal Weight,Equity Equal Weight,0.007972222095949909,252
2021-01-21,Equity,Equal Weight,Equity Equal Weight,-0.007354873075140488,252
2021-01-22,Equity,Equal Weight,Equity Equal Weight,-0.0028008371292316974,252
2021-01-25,Equity,Equal Weight,Equity Equal Weight,0.0019324605381932259,252
2021-01-26,Equity,Equal Weight,Equity Equal Weight,-0.005039220682649926,252
2021-01-27,Equity,Equal Weight,Equity Equal Weight,-0.025815778404221418,252
2021-01-28,Equity,Equal Weight,Equity Equal Weight,0.010643214962448222,252
2021-01-29,Equity,Equal Weight,Equity Equal Weight,-0.014793783126670682,252
2021-02-01,Equity,Equal Weight,Equity Equal Weight,0.008517686014717273,252
2021-02-02,Equity,Equal Weight,Equity Equal Weight,0.017473889706152945,252
2021-02-03,Equity,Equal Weight,Equity Equal Weight,0.001902784610192674,252
2021-02-04,Equity,Equal Weight,Equity Equal Weight,0.009138734300265725,252
2021-02-05,Equity,Equal Weight,Equity Equal Weight,0.006317001689045663,252
2021-02-08,Equity,Equal Weight,Equity Equal Weight,0.013036997474039065,252
2021-02-09,Equity,Equal Weight,Equity Equal Weight,-0.0027438667563593655,252
2021-02-10,Equity,Equal Weight,Equity Equal Weight,0.0014557026145883103,252
2021-02-11,Equity,Equal Weight,Equity Equal Weight,-0.0010303835566599063,252
2021-02-12,Equity,Equal Weight,Equity Equal Weight,0.004467629428637099,252
2021-02-16,Equity,Equal Weight,Equity Equal Weight,0.000556028999220457,252
2021-02-17,Equity,Equal Weight,Equity Equal Weight,0.002470031678470779,252
2021-02-18,Equity,Equal Weight,Equity Equal Weight,-0.005919355778125217,252
2021-02-19,Equity,Equal Weight,Equity Equal Weight,0.0011058595895655544,252
2021-02-22,Equity,Equal Weight,Equity Equal Weight,0.002141918707192052,252
2021-02-23,Equity,Equal Weight,Equity Equal Weight,0.000247470338147786,252
2021-02-24,Equity,Equal Weight,Equity Equal Weight,0.014576435503532907,252
2021-02-25,Equity,Equal Weight,Equity Equal Weight,-0.018364899811465808,252
2021-02-26,Equity,Equal Weight,Equity Equal Weight,-0.012928311779984663,252
2021-03-01,Equity,Equal Weight,Equity Equal Weight,0.01996332649691379,252
2021-03-02,Equity,Equal Weight,Equity Equal Weight,-0.0027913416635460416,252
2021-03-03,Equity,Equal Weight,Equity Equal Weight,-0.00703708544492842,252
2021-03-04,Equity,Equal Weight,Equity Equal Weight,-0.007899217627752662,252
2021-03-05,Equity,Equal Weight,Equity Equal Weight,0.017580768996769726,252
2021-03-08,Equity,Equal Weight,Equity Equal Weight,0.0018204582191550917,252
2021-03-09,Equity,Equal Weight,Equity Equal Weight,0.0073186245017265615,252
2021-03-10,Equity,Equal Weight,Equity Equal Weight,0.009821255768227703,252
2021-03-11,Equity,Equal Weight,Equity Equal Weight,0.005296440739070051,252
2021-03-12,Equity,Equal Weight,Equity Equal Weight,0.007082392417840364,252
2021-03-15,Equity,Equal Weight,Equity Equal Weight,0.005841980012247009,252
2021-03-16,Equity,Equal Weight,Equity Equal Weight,-0.00020791992646234758,252
2021-03-17,Equity,Equal Weight,Equity Equal Weight,0.0021785532396102385,252
2021-03-18,Equity,Equal Weight,Equity Equal Weight,-0.013475213399477744,252
2021-03-19,Equity,Equal Weight,Equity Equal Weight,-0.004686513277944682,252
2021-03-22,Equity,Equal Weight,Equity Equal Weight,0.005873122338467356,252
2021-03-23,Equity,Equal Weight,Equity Equal Weight,-0.008100983457706075,252
2021-03-24,Equity,Equal Weight,Equity Equal Weight,-0.003305425688800321,252
2021-03-25,Equity,Equal Weight,Equity Equal Weight,0.007122806063378126,252
2021-03-26,Equity,Equal Weight,Equity Equal Weight,0.019635042704920395,252
2021-03-29,Equity,Equal Weight,Equity Equal Weight,0.0011022909356362375,252
2021-03-30,Equity,Equal Weight,Equity Equal Weight,-0.003326924065019589,252
2021-03-31,Equity,Equal Weight,Equity Equal Weight,-0.0009145486313490108,252
2021-04-01,Equity,Equal Weight,Equity Equal Weight,0.011919235422437927,252
2021-04-05,Equity,Equal Weight,Equity Equal Weight,0.005203894475596235,252
2021-04-06,Equity,Equal Weight,Equity Equal Weight,0.00031178142225714674,252
2021-04-07,Equity,Equal Weight,Equity Equal Weight,-0.0009843279076349229,252
2021-04-08,Equity,Equal Weight,Equity Equal Weight,-0.0012589867542405497,252
2021-04-09,Equity,Equal Weight,Equity Equal Weight,0.002570252431860107,252
2021-04-12,Equity,Equal Weight,Equity Equal Weight,-0.0004073299999306899,252
2021-04-13,Equity,Equal Weight,Equity Equal Weight,0.0017323719424837082,252
2021-04-14,Equity,Equal Weight,Equity Equal Weight,0.0033581112989769886,252
2021-04-15,Equity,Equal Weight,Equity Equal Weight,0.009449393897939497,252
2021-04-16,Equity,Equal Weight,Equity Equal Weight,0.0028414438132387267,252
2021-04-19,Equity,Equal Weight,Equity Equal Weight,-0.0035293475918233954,252
2021-04-20,Equity,Equal Weight,Equity Equal Weight,-0.008747199313497125,252
2021-04-21,Equity,Equal Weight,Equity Equal Weight,0.01074810100907438,252
2021-04-22,Equity,Equal Weight,Equity Equal Weight,-0.009628306971395238,252
2021-04-23,Equity,Equal Weight,Equity Equal Weight,0.008856224632086745,252
2021-04-26,Equity,Equal Weight,Equity Equal Weight,0.001031024202245785,252
2021-04-27,Equity,Equal Weight,Equity Equal Weight,0.0010263258205212857,252
2021-04-28,Equity,Equal Weight,Equity Equal Weight,0.0005173149641775314,252
2021-04-29,Equity,Equal Weight,Equity Equal Weight,0.008854898351562737,252
2021-04-30,Equity,Equal Weight,Equity Equal Weight,-0.0067296475233175465,252
2021-05-03,Equity,Equal Weight,Equity Equal Weight,0.0074376449481444815,252
2021-05-04,Equity,Equal Weight,Equity Equal Weight,-0.0023142375990448214,252
2021-05-05,Equity,Equal Weight,Equity Equal Weight,0.005992361499102263,252
2021-05-06,Equity,Equal Weight,Equity Equal Weight,0.008050152328450045,252
2021-05-07,Equity,Equal Weight,Equity Equal Weight,0.00963665939255605,252
2021-05-10,Equity,Equal Weight,Equity Equal Weight,-0.004327123236936114,252
2021-05-11,Equity,Equal Weight,Equity Equal Weight,-0.009261384465219461,252
2021-05-12,Equity,Equal Weight,Equity Equal Weight,-0.015936792590103527,252
2021-05-13,Equity,Equal Weight,Equity Equal Weight,0.008494958615479206,252
2021-05-14,Equity,Equal Weight,Equity Equal Weight,0.013989839118725322,252
2021-05-17,Equity,Equal Weight,Equity Equal Weight,0.003109889447838574,252
2021-05-18,Equity,Equal Weight,Equity Equal Weight,-0.008646340971441622,252
2021-05-19,Equity,Equal Weight,Equity Equal Weight,-0.005355264782657151,252
2021-05-20,Equity,Equal Weight,Equity Equal Weight,0.008595708763838071,252
2021-05-21,Equity,Equal Weight,Equity Equal Weight,0.0023746797752530243,252
2021-05-24,Equity,Equal Weight,Equity Equal Weight,0.006160084121522578,252
2021-05-25,Equity,Equal Weight,Equity Equal Weight,-0.005482264863134029,252
2021-05-26,Equity,Equal Weight,Equity Equal Weight,0.0037127526757294287,252
2021-05-27,Equity,Equal Weight,Equity Equal Weight,0.002493264197657326,252
2021-05-28,Equity,Equal Weight,Equity Equal Weight,0.0029368120789191243,252
2021-06-01,Equity,Equal Weight,Equity Equal Weight,0.006155867931106327,252
2021-06-02,Equity,Equal Weight,Equity Equal Weight,0.003927973385446997,252
2021-06-03,Equity,Equal Weight,Equity Equal Weight,0.0015356426218946576,252
2021-06-04,Equity,Equal Weight,Equity Equal Weight,0.00663026846810969,252
2021-06-07,Equity,Equal Weight,Equity Equal Weight,-0.001919024263638152,252
2021-06-08,Equity,Equal Weight,Equity Equal Weight,-0.0026256523440645056,252
2021-06-09,Equity,Equal Weight,Equity Equal Weight,-0.0026214941868457227,252
2021-06-10,Equity,Equal Weight,Equity Equal Weight,0.0035983856432469487,252
2021-06-11,Equity,Equal Weight,Equity Equal Weight,-0.00019304660451298578,252
2021-06-14,Equity,Equal Weight,Equity Equal Weight,-0.0015218262616063982,252
2021-06-15,Equity,Equal Weight,Equity Equal Weight,-0.0014924320060200659,252
2021-06-16,Equity,Equal Weight,Equity Equal Weight,-0.00794295372627938,252
2021-06-17,Equity,Equal Weight,Equity Equal Weight,-0.008628992318018565,252
2021-06-18,Equity,Equal Weight,Equity Equal Weight,-0.015075440337741249,252
2021-06-21,Equity,Equal Weight,Equity Equal Weight,0.016981836922855056,252
2021-06-22,Equity,Equal Weight,Equity Equal Weight,0.0013849084679286628,252
2021-06-23,Equity,Equal Weight,Equity Equal Weight,-0.0034092189923983834,252
2021-06-24,Equity,Equal Weight,Equity Equal Weight,0.008045844887354254,252
2021-06-25,Equity,Equal Weight,Equity Equal Weight,0.007796049512859092,252
2021-06-28,Equity,Equal Weight,Equity Equal Weight,-0.0016871117212886432,252
2021-06-29,Equity,Equal Weight,Equity Equal Weight,-0.00041512416175831345,252
2021-06-30,Equity,Equal Weight,Equity Equal Weight,0.004396661504242165,252
2021-07-01,Equity,Equal Weight,Equity Equal Weight,0.006588444236266209,252
2021-07-02,Equity,Equal Weight,Equity Equal Weight,0.0037870288658624985,252
2021-07-06,Equity,Equal Weight,Equity Equal Weight,-0.008689862235726454,252
2021-07-07,Equity,Equal Weight,Equity Equal Weight,9.602564581949087e-05,252
2021-07-08,Equity,Equal Weight,Equity Equal Weight,-0.006922522612545072,252
2021-07-09,Equity,Equal Weight,Equity Equal Weight,0.01211670315324331,252
2021-07-12,Equity,Equal Weight,Equity Equal Weight,0.004299687110597881,252
2021-07-13,Equity,Equal Weight,Equity Equal Weight,-0.004766188522257002,252
2021-07-14,Equity,Equal Weight,Equity Equal Weight,-0.0013789228043061602,252
2021-07-15,Equity,Equal Weight,Equity Equal Weight,-0.0012527313665276264,252
2021-07-16,Equity,Equal Weight,Equity Equal Weight,-0.0094583508671908,252
2021-07-19,Equity,Equal Weight,Equity Equal Weight,-0.01726527922780359,252
2021-07-20,Equity,Equal Weight,Equity Equal Weight,0.011365506267585472,252
2021-07-21,Equity,Equal Weight,Equity Equal Weight,0.01031280545381726,252
2021-07-22,Equity,Equal Weight,Equity Equal Weight,-0.001290319131949631,252
2021-07-23,Equity,Equal Weight,Equity Equal Weight,0.005172454986152821,252
2021-07-26,Equity,Equal Weight,Equity Equal Weight,0.0056894440619372506,252
2021-07-27,Equity,Equal Weight,Equity Equal Weight,-0.002067414333794766,252
2021-07-28,Equity,Equal Weight,Equity Equal Weight,0.002450610591411265,252
2021-07-29,Equity,Equal Weight,Equity Equal Weight,0.006330181297196201,252
2021-07-30,Equity,Equal Weight,Equity Equal Weight,-0.005476928437086001,252
2021-08-02,Equity,Equal Weight,Equity Equal Weight,-0.0025946151195928874,252
2021-08-03,Equity,Equal Weight,Equity Equal Weight,0.006555937558699152,252
2021-08-04,Equity,Equal Weight,Equity Equal Weight,-0.007995184894552278,252
2021-08-05,Equity,Equal Weight,Equity Equal Weight,0.004858409186381643,252
2021-08-06,Equity,Equal Weight,Equity Equal Weight,0.003386159313318462,252
2021-08-09,Equity,Equal Weight,Equity Equal Weight,-0.0025151353318879437,252
2021-08-10,Equity,Equal Weight,Equity Equal Weight,0.00622520196822989,252
2021-08-11,Equity,Equal Weight,Equity Equal Weight,0.008553749273534141,252
2021-08-12,Equity,Equal Weight,Equity Equal Weight,0.0018025545333928794,252
2021-08-13,Equity,Equal Weight,Equity Equal Weight,0.001137156171144575,252
2021-08-16,Equity,Equal Weight,Equity Equal Weight,-0.0013067599761297918,252
2021-08-17,Equity,Equal Weight,Equity Equal Weight,-0.00534792781736097,252
2021-08-18,Equity,Equal Weight,Equity Equal Weight,-0.012821725418145535,252
2021-08-19,Equity,Equal Weight,Equity Equal Weight,-0.004620087357378641,252
2021-08-20,Equity,Equal Weight,Equity Equal Weight,0.005321036088544203,252
2021-08-23,Equity,Equal Weight,Equity Equal Weight,0.010275235784609368,252
2021-08-24,Equity,Equal Weight,Equity Equal Weight,0.002133403403996566,252
2021-08-25,Equity,Equal Weight,Equity Equal Weight,0.0002972607359191247,252
2021-08-26,Equity,Equal Weight,Equity Equal Weight,-0.007054964671320488,252
2021-08-27,Equity,Equal Weight,Equity Equal Weight,0.011274058695481978,252
2021-08-30,Equity,Equal Weight,Equity Equal Weight,-0.0008556941413459176,252
2021-08-31,Equity,Equal Weight,Equity Equal Weight,-0.00035154282498478523,252
2021-09-01,Equity,Equal Weight,Equity Equal Weight,-0.002052550198318417,252
2021-09-02,Equity,Equal Weight,Equity Equal Weight,0.00692413419262577,252
2021-09-03,Equity,Equal Weight,Equity Equal Weight,-0.0034739609787678314,252
2021-09-07,Equity,Equal Weight,Equity Equal Weight,-0.010009097258011456,252
2021-09-08,Equity,Equal Weight,Equity Equal Weight,-0.001972143961338453,252
2021-09-09,Equity,Equal Weight,Equity Equal Weight,-0.006242056306770116,252
2021-09-10,Equity,Equal Weight,Equity Equal Weight,-0.0037122719779800503,252
2021-09-13,Equity,Equal Weight,Equity Equal Weight,0.005540850199334925,252
2021-09-14,Equity,Equal Weight,Equity Equal Weight,-0.009594622715975656,252
2021-09-15,Equity,Equal Weight,Equity Equal Weight,0.008697701909292489,252
2021-09-16,Equity,Equal Weight,Equity Equal Weight,-0.004843745212585662,252
2021-09-17,Equity,Equal Weight,Equity Equal Weight,-0.01150139410424331,252
2021-09-20,Equity,Equal Weight,Equity Equal Weight,-0.0171070073638203,252
2021-09-21,Equity,Equal Weight,Equity Equal Weight,-0.0021089054322317364,252
2021-09-22,Equity,Equal Weight,Equity Equal Weight,0.008905878341474216,252
2021-09-23,Equity,Equal Weight,Equity Equal Weight,0.011459114793696431,252
2021-09-24,Equity,Equal Weight,Equity Equal Weight,-0.0023443356466225375,252
2021-09-27,Equity,Equal Weight,Equity Equal Weight,0.0032894814945791905,252
2021-09-28,Equity,Equal Weight,Equity Equal Weight,-0.011152180037691917,252
2021-09-29,Equity,Equal Weight,Equity Equal Weight,0.003919694130095626,252
2021-09-30,Equity,Equal Weight,Equity Equal Weight,-0.010112777369907561,252
2021-10-01,Equity,Equal Weight,Equity Equal Weight,0.012342170182835965,252
2021-10-04,Equity,Equal Weight,Equity Equal Weight,-0.002745104393907883,252
2021-10-05,Equity,Equal Weight,Equity Equal Weight,0.005693677902995397,252
2021-10-06,Equity,Equal Weight,Equity Equal Weight,0.0010971533003962207,252
2021-10-07,Equity,Equal Weight,Equity Equal Weight,0.008043666617446347,252
2021-10-08,Equity,Equal Weight,Equity Equal Weight,-0.0008405341466329578,252
2021-10-11,Equity,Equal Weight,Equity Equal Weight,-0.008973806475380097,252
2021-10-12,Equity,Equal Weight,Equity Equal Weight,-0.0007657505468342868,252
2021-10-13,Equity,Equal Weight,Equity Equal Weight,0.0032749128553063653,252
2021-10-14,Equity,Equal Weight,Equity Equal Weight,0.012783921551769493,252
2021-10-15,Equity,Equal Weight,Equity Equal Weight,0.004786977308970226,252
2021-10-18,Equity,Equal Weight,Equity Equal Weight,0.00027362495568025193,252
2021-10-19,Equity,Equal Weight,Equity Equal Weight,0.00980585190173537,252
2021-10-20,Equity,Equal Weight,Equity Equal Weight,0.008858487613223512,252
2021-10-21,Equity,Equal Weight,Equity Equal Weight,0.0007577563531104437,252
2021-10-22,Equity,Equal Weight,Equity Equal Weight,0.0012181275672072391,252
2021-10-25,Equity,Equal Weight,Equity Equal Weight,0.006157737969974207,252
2021-10-26,Equity,Equal Weight,Equity Equal Weight,0.005035039278010809,252
2021-10-27,Equity,Equal Weight,Equity Equal Weight,-0.016021570019775676,252
2021-10-28,Equity,Equal Weight,Equity Equal Weight,0.008177747360443858,252
2021-10-29,Equity,Equal Weight,Equity Equal Weight,-0.0029640878507516404,252
2021-11-01,Equity,Equal Weight,Equity Equal Weight,0.007461175731891203,252
2021-11-02,Equity,Equal Weight,Equity Equal Weight,0.004540063787491219,252
2021-11-03,Equity,Equal Weight,Equity Equal Weight,0.005006007983429448,252
2021-11-04,Equity,Equal Weight,Equity Equal Weight,0.004566805541999333,252
2021-11-05,Equity,Equal Weight,Equity Equal Weight,0.004317548129979446,252
2021-11-08,Equity,Equal Weight,Equity Equal Weight,0.003743337195565299,252
2021-11-09,Equity,Equal Weight,Equity Equal Weight,-0.0007145187867039062,252
2021-11-10,Equity,Equal Weight,Equity Equal Weight,-0.007127343452293766,252
2021-11-11,Equity,Equal Weight,Equity Equal Weight,0.001065959126717244,252
2021-11-12,Equity,Equal Weight,Equity Equal Weight,0.002158136556547572,252
2021-11-15,Equity,Equal Weight,Equity Equal Weight,-0.0008570796974349085,252
2021-11-16,Equity,Equal Weight,Equity Equal Weight,-4.3818578374865714e-05,252
2021-11-17,Equity,Equal Weight,Equity Equal Weight,-0.006410498431443284,252
2021-11-18,Equity,Equal Weight,Equity Equal Weight,-0.0012952494090488886,252
2021-11-19,Equity,Equal Weight,Equity Equal Weight,-0.008108011963673637,252
2021-11-22,Equity,Equal Weight,Equity Equal Weight,0.0021290502357046797,252
2021-11-23,Equity,Equal Weight,Equity Equal Weight,0.007614035389942484,252
2021-11-24,Equity,Equal Weight,Equity Equal Weight,0.0015933253638177266,252
2021-11-26,Equity,Equal Weight,Equity Equal Weight,-0.02190708025971444,252
2021-11-29,Equity,Equal Weight,Equity Equal Weight,0.007100239839562275,252
2021-11-30,Equity,Equal Weight,Equity Equal Weight,-0.0227366521971692,252
2021-12-01,Equity,Equal Weight,Equity Equal Weight,-0.01313797524308134,252
2021-12-02,Equity,Equal Weight,Equity Equal Weight,0.021514026022957152,252
2021-12-03,Equity,Equal Weight,Equity Equal Weight,-0.0009151530011433476,252
2021-12-06,Equity,Equal Weight,Equity Equal Weight,0.013552429844853974,252
2021-12-07,Equity,Equal Weight,Equity Equal Weight,0.014952137327276691,252
2021-12-08,Equity,Equal Weight,Equity Equal Weight,-0.0005769049565259767,252
2021-12-09,Equity,Equal Weight,Equity Equal Weight,-0.00681983318171246,252
2021-12-10,Equity,Equal Weight,Equity Equal Weight,0.005428423454781844,252
2021-12-13,Equity,Equal Weight,Equity Equal Weight,-0.006038152907783946,252
2021-12-14,Equity,Equal Weight,Equity Equal Weight,-0.001934503618555359,252
2021-12-15,Equity,Equal Weight,Equity Equal Weight,0.008657972774681649,252
2021-12-16,Equity,Equal Weight,Equity Equal Weight,0.004803852555990487,252
2021-12-17,Equity,Equal Weight,Equity Equal Weight,-0.012437317144134917,252
2021-12-20,Equity,Equal Weight,Equity Equal Weight,-0.008131606148534016,252
2021-12-21,Equity,Equal Weight,Equity Equal Weight,0.01462265780225411,252
2021-12-22,Equity,Equal Weight,Equity Equal Weight,0.005938186176970401,252
2021-12-23,Equity,Equal Weight,Equity Equal Weight,0.005000741890955203,252
2021-12-27,Equity,Equal Weight,Equity Equal Weight,0.012643323884424488,252
2021-12-28,Equity,Equal Weight,Equity Equal Weight,0.001782330226257714,252
2021-12-29,Equity,Equal Weight,Equity Equal Weight,0.00038045048004864407,252
2021-12-30,Equity,Equal Weight,Equity Equal Weight,-0.0015226750242771365,252
2021-12-31,Equity,Equal Weight,Equity Equal Weight,-0.0011037789850730853,252
2022-01-03,Equity,Equal Weight,Equity Equal Weight,0.007893532580496583,252
2022-01-04,Equity,Equal Weight,Equity Equal Weight,0.008287326862424097,252
2022-01-05,Equity,Equal Weight,Equity Equal Weight,-0.009811024567845612,252
2022-01-06,Equity,Equal Weight,Equity Equal Weight,0.0005963769310551336,252
2022-01-07,Equity,Equal Weight,Equity Equal Weight,0.0013930725716407813,252
2022-01-10,Equity,Equal Weight,Equity Equal Weight,-0.006524926800297903,252
2022-01-11,Equity,Equal Weight,Equity Equal Weight,0.01010867090205998,252
2022-01-12,Equity,Equal Weight,Equity Equal Weight,0.0028088568181742126,252
2022-01-13,Equity,Equal Weight,Equity Equal Weight,-0.005023576980461089,252
2022-01-14,Equity,Equal Weight,Equity Equal Weight,0.001807202440442065,252
2022-01-18,Equity,Equal Weight,Equity Equal Weight,-0.010761970773172893,252
2022-01-19,Equity,Equal Weight,Equity Equal Weight,-0.0067844203426378705,252
2022-01-20,Equity,Equal Weight,Equity Equal Weight,-0.011862060931541647,252
2022-01-21,Equity,Equal Weight,Equity Equal Weight,-0.012930960558085396,252
2022-01-24,Equity,Equal Weight,Equity Equal Weight,0.002307455792883595,252
2022-01-25,Equity,Equal Weight,Equity Equal Weight,-0.003389437755906941,252
2022-01-26,Equity,Equal Weight,Equity Equal Weight,-0.00884844116500199,252
2022-01-27,Equity,Equal Weight,Equity Equal Weight,-0.003411783232470778,252
2022-01-28,Equity,Equal Weight,Equity Equal Weight,0.0168862597049742,252
2022-01-31,Equity,Equal Weight,Equity Equal Weight,0.014021638256743595,252
2022-02-01,Equity,Equal Weight,Equity Equal Weight,0.01095025843212488,252
2022-02-02,Equity,Equal Weight,Equity Equal Weight,0.00999170295568433,252
2022-02-03,Equity,Equal Weight,Equity Equal Weight,-0.00951382855415483,252
2022-02-04,Equity,Equal Weight,Equity Equal Weight,-0.0009650934505631595,252
2022-02-07,Equity,Equal Weight,Equity Equal Weight,0.0023266470700742488,252
2022-02-08,Equity,Equal Weight,Equity Equal Weight,0.004025120961881327,252
2022-02-09,Equity,Equal Weight,Equity Equal Weight,0.012606793313618202,252
2022-02-10,Equity,Equal Weight,Equity Equal Weight,-0.016922118858680186,252
2022-02-11,Equity,Equal Weight,Equity Equal Weight,-0.010206802133622503,252
2022-02-14,Equity,Equal Weight,Equity Equal Weight,-0.00634100905569615,252
2022-02-15,Equity,Equal Weight,Equity Equal Weight,0.010470141652055797,252
2022-02-16,Equity,Equal Weight,Equity Equal Weight,-0.0004521061122067474,252
2022-02-17,Equity,Equal Weight,Equity Equal Weight,-0.015235853249305863,252
2022-02-18,Equity,Equal Weight,Equity Equal Weight,-0.008409016441980765,252
2022-02-22,Equity,Equal Weight,Equity Equal Weight,-0.006636163123505222,252
2022-02-23,Equity,Equal Weight,Equity Equal Weight,-0.011444759515712766,252
2022-02-24,Equity,Equal Weight,Equity Equal Weight,0.0066461620133129295,252
2022-02-25,Equity,Equal Weight,Equity Equal Weight,0.02542752148262096,252
2022-02-28,Equity,Equal Weight,Equity Equal Weight,-0.002195598379704531,252
2022-03-01,Equity,Equal Weight,Equity Equal Weight,-0.012896231197349313,252
2022-03-02,Equity,Equal Weight,Equity Equal Weight,0.01978061939202785,252
2022-03-03,Equity,Equal Weight,Equity Equal Weight,-0.0008418490610408492,252
2022-03-04,Equity,Equal Weight,Equity Equal Weight,0.001816968692633778,252
2022-03-07,Equity,Equal Weight,Equity Equal Weight,-0.01776749892036473,252
2022-03-08,Equity,Equal Weight,Equity Equal Weight,-0.0044516636473597914,252
2022-03-09,Equity,Equal Weight,Equity Equal Weight,0.015019626125899074,252
2022-03-10,Equity,Equal Weight,Equity Equal Weight,-0.0008810613935192377,252
2022-03-11,Equity,Equal Weight,Equity Equal Weight,-0.008321164119682884,252
2022-03-14,Equity,Equal Weight,Equity Equal Weight,-0.009521426509802988,252
2022-03-15,Equity,Equal Weight,Equity Equal Weight,0.009821014009503299,252
2022-03-16,Equity,Equal Weight,Equity Equal Weight,0.015830145929724593,252
2022-03-17,Equity,Equal Weight,Equity Equal Weight,0.01456936661752879,252
2022-03-18,Equity,Equal Weight,Equity Equal Weight,0.004900691902451894,252
2022-03-21,Equity,Equal Weight,Equity Equal Weight,0.0036164035562298476,252
2022-03-22,Equity,Equal Weight,Equity Equal Weight,0.0055469342443239394,252
2022-03-23,Equity,Equal Weight,Equity Equal Weight,-0.009675333619606636,252
2022-03-24,Equity,Equal Weight,Equity Equal Weight,0.010775713212324893,252
2022-03-25,Equity,Equal Weight,Equity Equal Weight,0.009012400337871582,252
2022-03-28,Equity,Equal Weight,Equity Equal Weight,0.0008465485017869987,252
2022-03-29,Equity,Equal Weight,Equity Equal Weight,0.012421936723784475,252
2022-03-30,Equity,Equal Weight,Equity Equal Weight,-0.004279865159334702,252
2022-03-31,Equity,Equal Weight,Equity Equal Weight,-0.01461285970420726,252
2022-04-01,Equity,Equal Weight,Equity Equal Weight,0.006186125023239844,252
2022-04-04,Equity,Equal Weight,Equity Equal Weight,0.0023851263573864533,252
2022-04-05,Equity,Equal Weight,Equity Equal Weight,-0.010698340505611343,252
2022-04-06,Equity,Equal Weight,Equity Equal Weight,-0.0012633246356550413,252
2022-04-07,Equity,Equal Weight,Equity Equal Weight,0.0016102370143205457,252
2022-04-08,Equity,Equal Weight,Equity Equal Weight,0.003154132343436489,252
2022-04-11,Equity,Equal Weight,Equity Equal Weight,-0.011840453695113766,252
2022-04-12,Equity,Equal Weight,Equity Equal Weight,-0.0008602131354637925,252
2022-04-13,Equity,Equal Weight,Equity Equal Weight,0.009111691535789815,252
2022-04-14,Equity,Equal Weight,Equity Equal Weight,-0.002157609439999568,252
2022-04-18,Equity,Equal Weight,Equity Equal Weight,0.0008561339045568393,252
2022-04-19,Equity,Equal Weight,Equity Equal Weight,0.012514123824200304,252
2022-04-20,Equity,Equal Weight,Equity Equal Weight,0.0015008733592365075,252
2022-04-21,Equity,Equal Weight,Equity Equal Weight,-0.01236558266008561,252
2022-04-22,Equity,Equal Weight,Equity Equal Weight,-0.02310687701405426,252
2022-04-25,Equity,Equal Weight,Equity Equal Weight,-0.002562322005097424,252
2022-04-26,Equity,Equal Weight,Equity Equal Weight,-0.02058994664206025,252
2022-04-27,Equity,Equal Weight,Equity Equal Weight,0.0004532832337849474,252
2022-04-28,Equity,Equal Weight,Equity Equal Weight,0.017596976760320904,252
2022-04-29,Equity,Equal Weight,Equity Equal Weight,-0.03513723368055067,252
2022-05-02,Equity,Equal Weight,Equity Equal Weight,0.0042827520663408876,252
2022-05-03,Equity,Equal Weight,Equity Equal Weight,0.006419254004216236,252
2022-05-04,Equity,Equal Weight,Equity Equal Weight,0.03059747582803359,252
2022-05-05,Equity,Equal Weight,Equity Equal Weight,-0.025223333537134414,252
2022-05-06,Equity,Equal Weight,Equity Equal Weight,-0.0037348140552296693,252
2022-05-09,Equity,Equal Weight,Equity Equal Weight,-0.035055110842849325,252
2022-05-10,Equity,Equal Weight,Equity Equal Weight,-0.004350157266790659,252
2022-05-11,Equity,Equal Weight,Equity Equal Weight,-0.003418132781437833,252
2022-05-12,Equity,Equal Weight,Equity Equal Weight,0.002203313593436477,252
2022-05-13,Equity,Equal Weight,Equity Equal Weight,0.02229112494462501,252
2022-05-16,Equity,Equal Weight,Equity Equal Weight,0.0013181692032246063,252
2022-05-17,Equity,Equal Weight,Equity Equal Weight,0.01945053993405474,252
2022-05-18,Equity,Equal Weight,Equity Equal Weight,-0.02801387185213911,252
2022-05-19,Equity,Equal Weight,Equity Equal Weight,-0.0018228315479148118,252
2022-05-20,Equity,Equal Weight,Equity Equal Weight,0.0006859801810684976,252
2022-05-23,Equity,Equal Weight,Equity Equal Weight,0.019290594368582815,252
2022-05-24,Equity,Equal Weight,Equity Equal Weight,0.00041604997641936354,252
2022-05-25,Equity,Equal Weight,Equity Equal Weight,0.008934932428617256,252
2022-05-26,Equity,Equal Weight,Equity Equal Weight,0.015234428874930362,252
2022-05-27,Equity,Equal Weight,Equity Equal Weight,0.01958241057376831,252
2022-05-31,Equity,Equal Weight,Equity Equal Weight,-0.007686832348451912,252
2022-06-01,Equity,Equal Weight,Equity Equal Weight,-0.005248085487194565,252
2022-06-02,Equity,Equal Weight,Equity Equal Weight,0.014666480722361937,252
2022-06-03,Equity,Equal Weight,Equity Equal Weight,-0.00828168804204499,252
2022-06-06,Equity,Equal Weight,Equity Equal Weight,-0.00047266348390630615,252
2022-06-07,Equity,Equal Weight,Equity Equal Weight,0.010212564518665373,252
2022-06-08,Equity,Equal Weight,Equity Equal Weight,-0.012888746067976289,252
2022-06-09,Equity,Equal Weight,Equity Equal Weight,-0.023559022078012803,252
2022-06-10,Equity,Equal Weight,Equity Equal Weight,-0.025725198523414775,252
2022-06-13,Equity,Equal Weight,Equity Equal Weight,-0.04038529147505947,252
2022-06-14,Equity,Equal Weight,Equity Equal Weight,-0.0064914420956830995,252
2022-06-15,Equity,Equal Weight,Equity Equal Weight,0.010895650187921787,252
2022-06-16,Equity,Equal Weight,Equity Equal Weight,-0.028833026531388663,252
2022-06-17,Equity,Equal Weight,Equity Equal Weight,-0.00401295014613857,252
2022-06-21,Equity,Equal Weight,Equity Equal Weight,0.021283145794544638,252
2022-06-22,Equity,Equal Weight,Equity Equal Weight,-0.003436148511325536,252
2022-06-23,Equity,Equal Weight,Equity Equal Weight,0.002533836044849525,252
2022-06-24,Equity,Equal Weight,Equity Equal Weight,0.02872286471939655,252
2022-06-27,Equity,Equal Weight,Equity Equal Weight,-0.0030991162767539794,252
2022-06-28,Equity,Equal Weight,Equity Equal Weight,-0.009510549810128444,252
2022-06-29,Equity,Equal Weight,Equity Equal Weight,-0.005108620032928053,252
2022-06-30,Equity,Equal Weight,Equity Equal Weight,-0.00757003786096443,252
2022-07-01,Equity,Equal Weight,Equity Equal Weight,0.010735052336339567,252
2022-07-05,Equity,Equal Weight,Equity Equal Weight,-0.006293927342713391,252
2022-07-06,Equity,Equal Weight,Equity Equal Weight,-0.0001359733330719325,252
2022-07-07,Equity,Equal Weight,Equity Equal Weight,0.01411019528266564,252
2022-07-08,Equity,Equal Weight,Equity Equal Weight,-0.0033276940985262076,252
2022-07-11,Equity,Equal Weight,Equity Equal Weight,-0.007581620815643346,252
2022-07-12,Equity,Equal Weight,Equity Equal Weight,-0.0038619318641055773,252
2022-07-13,Equity,Equal Weight,Equity Equal Weight,-0.0037269688378600164,252
2022-07-14,Equity,Equal Weight,Equity Equal Weight,-0.004163211008786747,252
2022-07-15,Equity,Equal Weight,Equity Equal Weight,0.018608815343360566,252
2022-07-18,Equity,Equal Weight,Equity Equal Weight,-0.003209800204396856,252
2022-07-19,Equity,Equal Weight,Equity Equal Weight,0.027385120685752964,252
2022-07-20,Equity,Equal Weight,Equity Equal Weight,0.0026521370079764716,252
2022-07-21,Equity,Equal Weight,Equity Equal Weight,0.005351057035176228,252
2022-07-22,Equity,Equal Weight,Equity Equal Weight,-0.0049439479230477265,252
2022-07-25,Equity,Equal Weight,Equity Equal Weight,0.003585901730108284,252
2022-07-26,Equity,Equal Weight,Equity Equal Weight,-0.004859655657097752,252
2022-07-27,Equity,Equal Weight,Equity Equal Weight,0.01169157046844971,252
2022-07-28,Equity,Equal Weight,Equity Equal Weight,0.010345161395059147,252
2022-07-29,Equity,Equal Weight,Equity Equal Weight,0.009706179215131488,252
2022-08-01,Equity,Equal Weight,Equity Equal Weight,-0.0016167632894356562,252
2022-08-02,Equity,Equal Weight,Equity Equal Weight,-0.009763777204931854,252
2022-08-03,Equity,Equal Weight,Equity Equal Weight,0.006348969490789133,252
2022-08-04,Equity,Equal Weight,Equity Equal Weight,-0.0016205048618749829,252
2022-08-05,Equity,Equal Weight,Equity Equal Weight,0.0015885986438003053,252
2022-08-08,Equity,Equal Weight,Equity Equal Weight,-0.00012185518376140329,252
2022-08-09,Equity,Equal Weight,Equity Equal Weight,-0.0008059676403024049,252
2022-08-10,Equity,Equal Weight,Equity Equal Weight,0.01673915248481959,252
2022-08-11,Equity,Equal Weight,Equity Equal Weight,0.005926270642628071,252
2022-08-12,Equity,Equal Weight,Equity Equal Weight,0.014869254887947707,252
2022-08-15,Equity,Equal Weight,Equity Equal Weight,0.004334572828434532,252
2022-08-16,Equity,Equal Weight,Equity Equal Weight,0.0029590749949569162,252
2022-08-17,Equity,Equal Weight,Equity Equal Weight,-0.008142599544448667,252
2022-08-18,Equity,Equal Weight,Equity Equal Weight,0.003991893977378181,252
2022-08-19,Equity,Equal Weight,Equity Equal Weight,-0.008808503379776997,252
2022-08-22,Equity,Equal Weight,Equity Equal Weight,-0.019339684380979442,252
2022-08-23,Equity,Equal Weight,Equity Equal Weight,0.0019793433425868744,252
2022-08-24,Equity,Equal Weight,Equity Equal Weight,0.0023558955475155596,252
2022-08-25,Equity,Equal Weight,Equity Equal Weight,0.013855207018783827,252
2022-08-26,Equity,Equal Weight,Equity Equal Weight,-0.027690347312465242,252
2022-08-29,Equity,Equal Weight,Equity Equal Weight,-0.0038147275975503707,252
2022-08-30,Equity,Equal Weight,Equity Equal Weight,-0.013364542345735522,252
2022-08-31,Equity,Equal Weight,Equity Equal Weight,-0.007346647125874835,252
2022-09-01,Equity,Equal Weight,Equity Equal Weight,-0.0006877551969647994,252
2022-09-02,Equity,Equal Weight,Equity Equal Weight,-0.009523452905370697,252
2022-09-06,Equity,Equal Weight,Equity Equal Weight,-0.003960837321840622,252
2022-09-07,Equity,Equal Weight,Equity Equal Weight,0.015912572907354677,252
2022-09-08,Equity,Equal Weight,Equity Equal Weight,0.006066542642071267,252
2022-09-09,Equity,Equal Weight,Equity Equal Weight,0.014643056352534132,252
2022-09-12,Equity,Equal Weight,Equity Equal Weight,0.008484821861791865,252
2022-09-13,Equity,Equal Weight,Equity Equal Weight,-0.04004930998571301,252
2022-09-14,Equity,Equal Weight,Equity Equal Weight,0.0031318623014507815,252
2022-09-15,Equity,Equal Weight,Equity Equal Weight,-0.0161715370948445,252
2022-09-16,Equity,Equal Weight,Equity Equal Weight,-0.007247144972022487,252
2022-09-19,Equity,Equal Weight,Equity Equal Weight,0.00623659457267969,252
2022-09-20,Equity,Equal Weight,Equity Equal Weight,-0.015572445225681554,252
2022-09-21,Equity,Equal Weight,Equity Equal Weight,-0.016955160199631784,252
2022-09-22,Equity,Equal Weight,Equity Equal Weight,-0.009265739650809663,252
2022-09-23,Equity,Equal Weight,Equity Equal Weight,-0.02221841628898861,252
2022-09-26,Equity,Equal Weight,Equity Equal Weight,-0.016062688619373506,252
2022-09-27,Equity,Equal Weight,Equity Equal Weight,-0.00366578905075212,252
2022-09-28,Equity,Equal Weight,Equity Equal Weight,0.021300718433708194,252
2022-09-29,Equity,Equal Weight,Equity Equal Weight,-0.019865724827656663,252
2022-09-30,Equity,Equal Weight,Equity Equal Weight,-0.014866290633047615,252
2022-10-03,Equity,Equal Weight,Equity Equal Weight,0.032184778043647604,252
2022-10-04,Equity,Equal Weight,Equity Equal Weight,0.029652109428984046,252
2022-10-05,Equity,Equal Weight,Equity Equal Weight,-0.0032365855896064866,252
2022-10-06,Equity,Equal Weight,Equity Equal Weight,-0.011450484466690943,252
2022-10-07,Equity,Equal Weight,Equity Equal Weight,-0.023496317394339127,252
2022-10-10,Equity,Equal Weight,Equity Equal Weight,-0.005697925739041467,252
2022-10-11,Equity,Equal Weight,Equity Equal Weight,-0.0033305028978534057,252
2022-10-12,Equity,Equal Weight,Equity Equal Weight,-0.00562266176377491,252
2022-10-13,Equity,Equal Weight,Equity Equal Weight,0.02967841986663328,252
2022-10-14,Equity,Equal Weight,Equity Equal Weight,-0.018412143694895352,252
2022-10-17,Equity,Equal Weight,Equity Equal Weight,0.020060602583880396,252
2022-10-18,Equity,Equal Weight,Equity Equal Weight,0.011945856181977304,252
2022-10-19,Equity,Equal Weight,Equity Equal Weight,-0.00776157460082436,252
2022-10-20,Equity,Equal Weight,Equity Equal Weight,-0.004160841489002484,252
2022-10-21,Equity,Equal Weight,Equity Equal Weight,0.02375712927962149,252
2022-10-24,Equity,Equal Weight,Equity Equal Weight,0.008125459137320448,252
2022-10-25,Equity,Equal Weight,Equity Equal Weight,0.01680246788305665,252
2022-10-26,Equity,Equal Weight,Equity Equal Weight,0.004962875049564562,252
2022-10-27,Equity,Equal Weight,Equity Equal Weight,-0.00014844107300958422,252
2022-10-28,Equity,Equal Weight,Equity Equal Weight,0.02428404944569426,252
2022-10-31,Equity,Equal Weight,Equity Equal Weight,-0.007574400264519281,252
2022-11-01,Equity,Equal Weight,Equity Equal Weight,0.0023824155053552678,252
2022-11-02,Equity,Equal Weight,Equity Equal Weight,-0.017184054928434212,252
2022-11-03,Equity,Equal Weight,Equity Equal Weight,-0.0024372190071154636,252
2022-11-04,Equity,Equal Weight,Equity Equal Weight,0.018582602903941765,252
2022-11-07,Equity,Equal Weight,Equity Equal Weight,0.007644605369874352,252
2022-11-08,Equity,Equal Weight,Equity Equal Weight,0.006914344387095322,252
2022-11-09,Equity,Equal Weight,Equity Equal Weight,-0.02140736571925811,252
2022-11-10,Equity,Equal Weight,Equity Equal Weight,0.049564450163136105,252
2022-11-11,Equity,Equal Weight,Equity Equal Weight,0.011668351522039641,252
2022-11-14,Equity,Equal Weight,Equity Equal Weight,-0.008784826109372678,252
2022-11-15,Equity,Equal Weight,Equity Equal Weight,0.009768660956136386,252
2022-11-16,Equity,Equal Weight,Equity Equal Weight,-0.010351341361087306,252
2022-11-17,Equity,Equal Weight,Equity Equal Weight,-0.0023031547499413746,252
2022-11-18,Equity,Equal Weight,Equity Equal Weight,0.005043184604821627,252
2022-11-21,Equity,Equal Weight,Equity Equal Weight,0.0008225379434163571,252
2022-11-22,Equity,Equal Weight,Equity Equal Weight,0.01480286462718221,252
2022-11-23,Equity,Equal Weight,Equity Equal Weight,0.0033861557980510862,252
2022-11-25,Equity,Equal Weight,Equity Equal Weight,0.0007421905149644117,252
2022-11-28,Equity,Equal Weight,Equity Equal Weight,-0.018420829031751167,252
2022-11-29,Equity,Equal Weight,Equity Equal Weight,0.004199710872548122,252
2022-11-30,Equity,Equal Weight,Equity Equal Weight,0.023794226081712402,252
2022-12-01,Equity,Equal Weight,Equity Equal Weight,-0.0002670937734517386,252
2022-12-02,Equity,Equal Weight,Equity Equal Weight,0.0015015822510261343,252
2022-12-05,Equity,Equal Weight,Equity Equal Weight,-0.017223212605578297,252
2022-12-06,Equity,Equal Weight,Equity Equal Weight,-0.01234790929014816,252
2022-12-07,Equity,Equal Weight,Equity Equal Weight,-0.0011825738283450572,252
2022-12-08,Equity,Equal Weight,Equity Equal Weight,0.007090693516795498,252
2022-12-09,Equity,Equal Weight,Equity Equal Weight,-0.010230167262818932,252
2022-12-12,Equity,Equal Weight,Equity Equal Weight,0.01662403157485824,252
2022-12-13,Equity,Equal Weight,Equity Equal Weight,0.008769632273229215,252
2022-12-14,Equity,Equal Weight,Equity Equal Weight,-0.008793645194072684,252
2022-12-15,Equity,Equal Weight,Equity Equal Weight,-0.021585069814526625,252
2022-12-16,Equity,Equal Weight,Equity Equal Weight,-0.009499489174056302,252
2022-12-19,Equity,Equal Weight,Equity Equal Weight,-0.006694591923182899,252
2022-12-20,Equity,Equal Weight,Equity Equal Weight,0.0031792629903663818,252
2022-12-21,Equity,Equal Weight,Equity Equal Weight,0.017830127277777864,252
2022-12-22,Equity,Equal Weight,Equity Equal Weight,-0.011582264695177421,252
2022-12-23,Equity,Equal Weight,Equity Equal Weight,0.007750029854520147,252
2022-12-27,Equity,Equal Weight,Equity Equal Weight,0.00026554827864285987,252
2022-12-28,Equity,Equal Weight,Equity Equal Weight,-0.012808033008290866,252
2022-12-29,Equity,Equal Weight,Equity Equal Weight,0.01359935971204697,252
2022-12-30,Equity,Equal Weight,Equity Equal Weight,-0.0018817762241893558,252
2023-01-03,Equity,Equal Weight,Equity Equal Weight,0.002250905749167053,252
2023-01-04,Equity,Equal Weight,Equity Equal Weight,0.018428178719494946,252
2023-01-05,Equity,Equal Weight,Equity Equal Weight,-0.006797638011936682,252
2023-01-06,Equity,Equal Weight,Equity Equal Weight,0.023249459158050573,252
2023-01-09,Equity,Equal Weight,Equity Equal Weight,0.0001720890313203482,252
2023-01-10,Equity,Equal Weight,Equity Equal Weight,0.00761660497420216,252
2023-01-11,Equity,Equal Weight,Equity Equal Weight,0.009853849638699681,252
2023-01-12,Equity,Equal Weight,Equity Equal Weight,0.007037757028810944,252
2023-01-13,Equity,Equal Weight,Equity Equal Weight,0.0034311464254617027,252
2023-01-17,Equity,Equal Weight,Equity Equal Weight,-0.004052224805721267,252
2023-01-18,Equity,Equal Weight,Equity Equal Weight,-0.01596550501830723,252
2023-01-19,Equity,Equal Weight,Equity Equal Weight,-0.007476202030265403,252
2023-01-20,Equity,Equal Weight,Equity Equal Weight,0.01531290783669132,252
2023-01-23,Equity,Equal Weight,Equity Equal Weight,0.011435710954858262,252
2023-01-24,Equity,Equal Weight,Equity Equal Weight,-0.002883421629474606,252
2023-01-25,Equity,Equal Weight,Equity Equal Weight,0.0018486905394841727,252
2023-01-26,Equity,Equal Weight,Equity Equal Weight,0.00842206428422566,252
2023-01-27,Equity,Equal Weight,Equity Equal Weight,-0.0012064818542402752,252
2023-01-30,Equity,Equal Weight,Equity Equal Weight,-0.010144239154965134,252
2023-01-31,Equity,Equal Weight,Equity Equal Weight,0.011922802217140906,252
2023-02-01,Equity,Equal Weight,Equity Equal Weight,0.006518284067217186,252
2023-02-02,Equity,Equal Weight,Equity Equal Weight,0.0001570453670352758,252
2023-02-03,Equity,Equal Weight,Equity Equal Weight,-0.012768350780830778,252
2023-02-06,Equity,Equal Weight,Equity Equal Weight,-0.004594982931553284,252
2023-02-07,Equity,Equal Weight,Equity Equal Weight,0.01095346104811467,252
2023-02-08,Equity,Equal Weight,Equity Equal Weight,-0.009564990182089905,252
2023-02-09,Equity,Equal Weight,Equity Equal Weight,-0.009694773106965707,252
2023-02-10,Equity,Equal Weight,Equity Equal Weight,0.007601926295478061,252
2023-02-13,Equity,Equal Weight,Equity Equal Weight,0.008750994416299038,252
2023-02-14,Equity,Equal Weight,Equity Equal Weight,-0.0006439293321590836,252
2023-02-15,Equity,Equal Weight,Equity Equal Weight,0.00028921341721578126,252
2023-02-16,Equity,Equal Weight,Equity Equal Weight,-0.013939445741509309,252
2023-02-17,Equity,Equal Weight,Equity Equal Weight,-0.0027721399648127053,252
2023-02-21,Equity,Equal Weight,Equity Equal Weight,-0.0175027760743078,252
2023-02-22,Equity,Equal Weight,Equity Equal Weight,-0.0055512586445058175,252
2023-02-23,Equity,Equal Weight,Equity Equal Weight,0.0054789650955139645,252
2023-02-24,Equity,Equal Weight,Equity Equal Weight,-0.009477223615106894,252
2023-02-27,Equity,Equal Weight,Equity Equal Weight,0.0017761100564900152,252
2023-02-28,Equity,Equal Weight,Equity Equal Weight,-0.0042929255026671834,252
2023-03-01,Equity,Equal Weight,Equity Equal Weight,-0.001058031993739652,252
2023-03-02,Equity,Equal Weight,Equity Equal Weight,0.011963634596800691,252
2023-03-03,Equity,Equal Weight,Equity Equal Weight,0.01304169866288786,252
2023-03-06,Equity,Equal Weight,Equity Equal Weight,-0.001808663736776781,252
2023-03-07,Equity,Equal Weight,Equity Equal Weight,-0.01716608729068232,252
2023-03-08,Equity,Equal Weight,Equity Equal Weight,0.003191727051693716,252
2023-03-09,Equity,Equal Weight,Equity Equal Weight,-0.017318717825019148,252
2023-03-10,Equity,Equal Weight,Equity Equal Weight,-0.013042274760361032,252
2023-03-13,Equity,Equal Weight,Equity Equal Weight,-0.0035160180638044687,252
2023-03-14,Equity,Equal Weight,Equity Equal Weight,0.01454549521775727,252
2023-03-15,Equity,Equal Weight,Equity Equal Weight,-0.009688142471152121,252
2023-03-16,Equity,Equal Weight,Equity Equal Weight,0.014200648998945934,252
2023-03-17,Equity,Equal Weight,Equity Equal Weight,-0.012241012240181462,252
2023-03-20,Equity,Equal Weight,Equity Equal Weight,0.011381656021337803,252
2023-03-21,Equity,Equal Weight,Equity Equal Weight,0.008352348230895297,252
2023-03-22,Equity,Equal Weight,Equity Equal Weight,-0.019948754862968057,252
2023-03-23,Equity,Equal Weight,Equity Equal Weight,0.0017877909140547078,252
2023-03-24,Equity,Equal Weight,Equity Equal Weight,0.007631212702629167,252
2023-03-27,Equity,Equal Weight,Equity Equal Weight,0.004297343942389522,252
2023-03-28,Equity,Equal Weight,Equity Equal Weight,0.0015994860897350029,252
2023-03-29,Equity,Equal Weight,Equity Equal Weight,0.015570466202065446,252
2023-03-30,Equity,Equal Weight,Equity Equal Weight,0.004909293457587829,252
2023-03-31,Equity,Equal Weight,Equity Equal Weight,0.01245554165487161,252
2023-04-03,Equity,Equal Weight,Equity Equal Weight,0.006940014431519135,252
2023-04-04,Equity,Equal Weight,Equity Equal Weight,-0.005064090563162219,252
2023-04-05,Equity,Equal Weight,Equity Equal Weight,0.0037000673038339793,252
2023-04-06,Equity,Equal Weight,Equity Equal Weight,-0.00016101982917674716,252
2023-04-10,Equity,Equal Weight,Equity Equal Weight,0.0035142478174856424,252
2023-04-11,Equity,Equal Weight,Equity Equal Weight,0.002569206481788522,252
2023-04-12,Equity,Equal Weight,Equity Equal Weight,-0.0022219339949199977,252
2023-04-13,Equity,Equal Weight,Equity Equal Weight,0.00697289572006567,252
2023-04-14,Equity,Equal Weight,Equity Equal Weight,-0.005796901834398558,252
2023-04-17,Equity,Equal Weight,Equity Equal Weight,0.0050131419049538805,252
2023-04-18,Equity,Equal Weight,Equity Equal Weight,0.0003185701739072886,252
2023-04-19,Equity,Equal Weight,Equity Equal Weight,0.0021501861398795594,252
2023-04-20,Equity,Equal Weight,Equity Equal Weight,-0.006963271769652835,252
2023-04-21,Equity,Equal Weight,Equity Equal Weight,-0.0010172047667623984,252
2023-04-24,Equity,Equal Weight,Equity Equal Weight,0.0017570893495593108,252
2023-04-25,Equity,Equal Weight,Equity Equal Weight,-0.014954209205319131,252
2023-04-26,Equity,Equal Weight,Equity Equal Weight,-0.012476823412631977,252
2023-04-27,Equity,Equal Weight,Equity Equal Weight,0.01466191302179606,252
2023-04-28,Equity,Equal Weight,Equity Equal Weight,0.009482238561268227,252
2023-05-01,Equity,Equal Weight,Equity Equal Weight,-0.003422566579296094,252
2023-05-02,Equity,Equal Weight,Equity Equal Weight,-0.016682054474223173,252
2023-05-03,Equity,Equal Weight,Equity Equal Weight,-0.01221749617771301,252
2023-05-04,Equity,Equal Weight,Equity Equal Weight,-0.005351289952589209,252
2023-05-05,Equity,Equal Weight,Equity Equal Weight,0.017515249613176284,252
2023-05-08,Equity,Equal Weight,Equity Equal Weight,-0.0006943661313251728,252
2023-05-09,Equity,Equal Weight,Equity Equal Weight,-0.004258718762879401,252
2023-05-10,Equity,Equal Weight,Equity Equal Weight,-0.0017783329876314969,252
2023-05-11,Equity,Equal Weight,Equity Equal Weight,-0.008972948417903203,252
2023-05-12,Equity,Equal Weight,Equity Equal Weight,-0.0008388740546909412,252
2023-05-15,Equity,Equal Weight,Equity Equal Weight,0.004566875681341903,252
2023-05-16,Equity,Equal Weight,Equity Equal Weight,-0.01596931677803586,252
2023-05-17,Equity,Equal Weight,Equity Equal Weight,0.012319075380388221,252
2023-05-18,Equity,Equal Weight,Equity Equal Weight,0.005885373981134901,252
2023-05-19,Equity,Equal Weight,Equity Equal Weight,-0.0024750102388178584,252
2023-05-22,Equity,Equal Weight,Equity Equal Weight,0.0006733174629292174,252
2023-05-23,Equity,Equal Weight,Equity Equal Weight,-0.007158860298573352,252
2023-05-24,Equity,Equal Weight,Equity Equal Weight,-0.0092430297574062,252
2023-05-25,Equity,Equal Weight,Equity Equal Weight,9.278741905413943e-05,252
2023-05-26,Equity,Equal Weight,Equity Equal Weight,0.008663674683658414,252
2023-05-30,Equity,Equal Weight,Equity Equal Weight,-0.001819071116654152,252
2023-05-31,Equity,Equal Weight,Equity Equal Weight,-0.004663092855496196,252
2023-06-01,Equity,Equal Weight,Equity Equal Weight,0.005148317863618266,252
2023-06-02,Equity,Equal Weight,Equity Equal Weight,0.019500197664424103,252
2023-06-05,Equity,Equal Weight,Equity Equal Weight,-0.0058969493851712155,252
2023-06-06,Equity,Equal Weight,Equity Equal Weight,0.004403184679716094,252
2023-06-07,Equity,Equal Weight,Equity Equal Weight,0.00825333091667653,252
2023-06-08,Equity,Equal Weight,Equity Equal Weight,0.004105881849056212,252
2023-06-09,Equity,Equal Weight,Equity Equal Weight,-0.0028027315168983654,252
2023-06-12,Equity,Equal Weight,Equity Equal Weight,0.005228664642244208,252
2023-06-13,Equity,Equal Weight,Equity Equal Weight,0.00731871902904849,252
2023-06-14,Equity,Equal Weight,Equity Equal Weight,0.00012724349296770325,252
2023-06-15,Equity,Equal Weight,Equity Equal Weight,0.010003512200136696,252
2023-06-16,Equity,Equal Weight,Equity Equal Weight,0.0005502064556709697,252
2023-06-20,Equity,Equal Weight,Equity Equal Weight,-0.012622406708579169,252
2023-06-21,Equity,Equal Weight,Equity Equal Weight,-0.003164890673324905,252
2023-06-22,Equity,Equal Weight,Equity Equal Weight,-0.00559242287012034,252
2023-06-23,Equity,Equal Weight,Equity Equal Weight,-0.00725958143982272,252
2023-06-26,Equity,Equal Weight,Equity Equal Weight,0.006682503230795584,252
2023-06-27,Equity,Equal Weight,Equity Equal Weight,0.007222896182025429,252
2023-06-28,Equity,Equal Weight,Equity Equal Weight,-0.0017040372863230942,252
2023-06-29,Equity,Equal Weight,Equity Equal Weight,0.006333876012833469,252
2023-06-30,Equity,Equal Weight,Equity Equal Weight,0.008314033679412115,252
2023-07-03,Equity,Equal Weight,Equity Equal Weight,0.005677130992006776,252
2023-07-05,Equity,Equal Weight,Equity Equal Weight,-0.004240653464778886,252
2023-07-06,Equity,Equal Weight,Equity Equal Weight,-0.012084138933912192,252
2023-07-07,Equity,Equal Weight,Equity Equal Weight,0.0006819149565187498,252
2023-07-10,Equity,Equal Weight,Equity Equal Weight,0.0047796696983343516,252
2023-07-11,Equity,Equal Weight,Equity Equal Weight,0.014211688018259465,252
2023-07-12,Equity,Equal Weight,Equity Equal Weight,0.00823735096035434,252
2023-07-13,Equity,Equal Weight,Equity Equal Weight,0.005613289998631372,252
2023-07-14,Equity,Equal Weight,Equity Equal Weight,-0.006609687433745769,252
2023-07-17,Equity,Equal Weight,Equity Equal Weight,-0.003559608817588056,252
2023-07-18,Equity,Equal Weight,Equity Equal Weight,0.00593620275282303,252
2023-07-19,Equity,Equal Weight,Equity Equal Weight,0.00603795227252624,252
2023-07-20,Equity,Equal Weight,Equity Equal Weight,0.0017480758015509055,252
2023-07-21,Equity,Equal Weight,Equity Equal Weight,0.004489892359851594,252
2023-07-24,Equity,Equal Weight,Equity Equal Weight,0.0054649418308621855,252
2023-07-25,Equity,Equal Weight,Equity Equal Weight,0.0034160131953540488,252
2023-07-26,Equity,Equal Weight,Equity Equal Weight,0.0021904630775948686,252
2023-07-27,Equity,Equal Weight,Equity Equal Weight,-0.004634011643839128,252
2023-07-28,Equity,Equal Weight,Equity Equal Weight,0.004241321399844554,252
2023-07-31,Equity,Equal Weight,Equity Equal Weight,0.004314741590100032,252
2023-08-01,Equity,Equal Weight,Equity Equal Weight,-0.003631701024004783,252
2023-08-02,Equity,Equal Weight,Equity Equal Weight,-0.013699281238668086,252
2023-08-03,Equity,Equal Weight,Equity Equal Weight,-0.004931584621457256,252
2023-08-04,Equity,Equal Weight,Equity Equal Weight,-0.0021970232173001104,252
2023-08-07,Equity,Equal Weight,Equity Equal Weight,0.008020413923411242,252
2023-08-08,Equity,Equal Weight,Equity Equal Weight,-0.0034409407439325817,252
2023-08-09,Equity,Equal Weight,Equity Equal Weight,-0.0019255958226743846,252
2023-08-10,Equity,Equal Weight,Equity Equal Weight,0.0009644399956669525,252
2023-08-11,Equity,Equal Weight,Equity Equal Weight,0.00167581502288571,252
2023-08-14,Equity,Equal Weight,Equity Equal Weight,0.0017062775996715218,252
2023-08-15,Equity,Equal Weight,Equity Equal Weight,-0.013225456282507148,252
2023-08-16,Equity,Equal Weight,Equity Equal Weight,-0.008186117279367165,252
2023-08-17,Equity,Equal Weight,Equity Equal Weight,-0.0046557882757702375,252
2023-08-18,Equity,Equal Weight,Equity Equal Weight,0.0017330293707238822,252
2023-08-21,Equity,Equal Weight,Equity Equal Weight,-0.0005131283529655399,252
2023-08-22,Equity,Equal Weight,Equity Equal Weight,-0.004904403466574166,252
2023-08-23,Equity,Equal Weight,Equity Equal Weight,0.007321780440630267,252
2023-08-24,Equity,Equal Weight,Equity Equal Weight,-0.012228581664713425,252
2023-08-25,Equity,Equal Weight,Equity Equal Weight,0.004912513294952161,252
2023-08-28,Equity,Equal Weight,Equity Equal Weight,0.008364884527056863,252
2023-08-29,Equity,Equal Weight,Equity Equal Weight,0.011982477817999243,252
2023-08-30,Equity,Equal Weight,Equity Equal Weight,0.0015849659208836805,252
2023-08-31,Equity,Equal Weight,Equity Equal Weight,-0.003055568691088683,252
2023-09-01,Equity,Equal Weight,Equity Equal Weight,0.004049068438607959,252
2023-09-05,Equity,Equal Weight,Equity Equal Weight,-0.00872481301933522,252
2023-09-06,Equity,Equal Weight,Equity Equal Weight,-0.00417614715166231,252
2023-09-07,Equity,Equal Weight,Equity Equal Weight,-0.00017340816510796235,252
2023-09-08,Equity,Equal Weight,Equity Equal Weight,0.0026379235360468475,252
2023-09-11,Equity,Equal Weight,Equity Equal Weight,0.002865687446399155,252
2023-09-12,Equity,Equal Weight,Equity Equal Weight,0.0023082438512042904,252
2023-09-13,Equity,Equal Weight,Equity Equal Weight,-0.0009672270966173911,252
2023-09-14,Equity,Equal Weight,Equity Equal Weight,0.012360870706178875,252
2023-09-15,Equity,Equal Weight,Equity Equal Weight,-0.010489077213557508,252
2023-09-18,Equity,Equal Weight,Equity Equal Weight,-0.0002499500385179253,252
2023-09-19,Equity,Equal Weight,Equity Equal Weight,-0.004213502014856906,252
2023-09-20,Equity,Equal Weight,Equity Equal Weight,-0.005264643861468341,252
2023-09-21,Equity,Equal Weight,Equity Equal Weight,-0.0185880687890133,252
2023-09-22,Equity,Equal Weight,Equity Equal Weight,-0.003334126405642404,252
2023-09-25,Equity,Equal Weight,Equity Equal Weight,0.0020869403756414444,252
2023-09-26,Equity,Equal Weight,Equity Equal Weight,-0.012038678588931189,252
2023-09-27,Equity,Equal Weight,Equity Equal Weight,-0.0014106684457594158,252
2023-09-28,Equity,Equal Weight,Equity Equal Weight,0.00405120639083082,252
2023-09-29,Equity,Equal Weight,Equity Equal Weight,-0.0010645976616187162,252
2023-10-02,Equity,Equal Weight,Equity Equal Weight,-0.014277794548844158,252
2023-10-03,Equity,Equal Weight,Equity Equal Weight,-0.008623840049693498,252
2023-10-04,Equity,Equal Weight,Equity Equal Weight,0.001458761961919132,252
2023-10-05,Equity,Equal Weight,Equity Equal Weight,-0.0018481504494788198,252
2023-10-06,Equity,Equal Weight,Equity Equal Weight,0.010572819190709792,252
2023-10-09,Equity,Equal Weight,Equity Equal Weight,0.008763926303623775,252
2023-10-10,Equity,Equal Weight,Equity Equal Weight,0.008282561086268072,252
2023-10-11,Equity,Equal Weight,Equity Equal Weight,0.003365157629009226,252
2023-10-12,Equity,Equal Weight,Equity Equal Weight,-0.008311144835865694,252
2023-10-13,Equity,Equal Weight,Equity Equal Weight,0.0011147766253742542,252
2023-10-16,Equity,Equal Weight,Equity Equal Weight,0.010057492329704919,252
2023-10-17,Equity,Equal Weight,Equity Equal Weight,0.0027932697004872196,252
2023-10-18,Equity,Equal Weight,Equity Equal Weight,-0.014298523672335566,252
2023-10-19,Equity,Equal Weight,Equity Equal Weight,-0.009313396223776083,252
2023-10-20,Equity,Equal Weight,Equity Equal Weight,-0.008972743882415861,252
2023-10-23,Equity,Equal Weight,Equity Equal Weight,-0.0065969844195609105,252
2023-10-24,Equity,Equal Weight,Equity Equal Weight,0.010865236461424664,252
2023-10-25,Equity,Equal Weight,Equity Equal Weight,-0.012071946699170872,252
2023-10-26,Equity,Equal Weight,Equity Equal Weight,-0.0020912306436232254,252
2023-10-27,Equity,Equal Weight,Equity Equal Weight,-0.010091752733279388,252
2023-10-30,Equity,Equal Weight,Equity Equal Weight,0.010000411649502996,252
2023-10-31,Equity,Equal Weight,Equity Equal Weight,0.005876567388702726,252
2023-11-01,Equity,Equal Weight,Equity Equal Weight,0.004883111660390647,252
2023-11-02,Equity,Equal Weight,Equity Equal Weight,0.025794960167503,252
2023-11-03,Equity,Equal Weight,Equity Equal Weight,0.012794021607402119,252
2023-11-06,Equity,Equal Weight,Equity Equal Weight,-0.004456576056500964,252
2023-11-07,Equity,Equal Weight,Equity Equal Weight,-0.003739062977469133,252
2023-11-08,Equity,Equal Weight,Equity Equal Weight,-0.0011798844009913998,252
2023-11-09,Equity,Equal Weight,Equity Equal Weight,-0.008903880726641448,252
2023-11-10,Equity,Equal Weight,Equity Equal Weight,0.010646732594233557,252
2023-11-13,Equity,Equal Weight,Equity Equal Weight,-0.001133590703610896,252
2023-11-14,Equity,Equal Weight,Equity Equal Weight,0.02459404341561296,252
2023-11-15,Equity,Equal Weight,Equity Equal Weight,0.005349194798091735,252
2023-11-16,Equity,Equal Weight,Equity Equal Weight,0.0007631679789122899,252
2023-11-17,Equity,Equal Weight,Equity Equal Weight,0.0031683198127045093,252
2023-11-20,Equity,Equal Weight,Equity Equal Weight,0.004432305553655234,252
2023-11-21,Equity,Equal Weight,Equity Equal Weight,-0.0023448833096139056,252
2023-11-22,Equity,Equal Weight,Equity Equal Weight,0.0017220553186484751,252
2023-11-24,Equity,Equal Weight,Equity Equal Weight,0.002442867504645432,252
2023-11-27,Equity,Equal Weight,Equity Equal Weight,0.0005314905739881359,252
2023-11-28,Equity,Equal Weight,Equity Equal Weight,0.0020426557000202085,252
2023-11-29,Equity,Equal Weight,Equity Equal Weight,0.004678034968830295,252
2023-11-30,Equity,Equal Weight,Equity Equal Weight,0.006384512229031319,252
2023-12-01,Equity,Equal Weight,Equity Equal Weight,0.009225927380084264,252
2023-12-04,Equity,Equal Weight,Equity Equal Weight,-0.0018134092183667127,252
2023-12-05,Equity,Equal Weight,Equity Equal Weight,-0.0052614857299654785,252
2023-12-06,Equity,Equal Weight,Equity Equal Weight,-0.0007160063436409093,252
2023-12-07,Equity,Equal Weight,Equity Equal Weight,0.0049002939512802985,252
2023-12-08,Equity,Equal Weight,Equity Equal Weight,0.0032286936961363594,252
2023-12-11,Equity,Equal Weight,Equity Equal Weight,0.006783475745804727,252
2023-12-12,Equity,Equal Weight,Equity Equal Weight,0.0007978025859253561,252
2023-12-13,Equity,Equal Weight,Equity Equal Weight,0.020902411458579087,252
2023-12-14,Equity,Equal Weight,Equity Equal Weight,0.014493407254842453,252
2023-12-15,Equity,Equal Weight,Equity Equal Weight,-0.003011783157942524,252
2023-12-18,Equity,Equal Weight,Equity Equal Weight,-0.0013770380177555873,252
2023-12-19,Equity,Equal Weight,Equity Equal Weight,0.008156436334441007,252
2023-12-20,Equity,Equal Weight,Equity Equal Weight,-0.014752978135857561,252
2023-12-21,Equity,Equal Weight,Equity Equal Weight,0.008160532810200162,252
2023-12-22,Equity,Equal Weight,Equity Equal Weight,0.001959964132917491,252
2023-12-26,Equity,Equal Weight,Equity Equal Weight,0.006506457589898613,252
2023-12-27,Equity,Equal Weight,Equity Equal Weight,0.0014553578874705296,252
2023-12-28,Equity,Equal Weight,Equity Equal Weight,0.001224220369148156,252
2023-12-29,Equity,Equal Weight,Equity Equal Weight,-0.003035118739159236,252
2021-01-04,Equity,Minimum Variance,Equity Minimum Variance,-0.0041311197220490065,252
2021-01-05,Equity,Minimum Variance,Equity Minimum Variance,0.0010515949398725675,252
2021-01-06,Equity,Minimum Variance,Equity Minimum Variance,0.004241804326176236,252
2021-01-07,Equity,Minimum Variance,Equity Minimum Variance,0.006952250685586143,252
2021-01-08,Equity,Minimum Variance,Equity Minimum Variance,0.0005453704231586055,252
2021-01-11,Equity,Minimum Variance,Equity Minimum Variance,-0.0023876029073626893,252
2021-01-12,Equity,Minimum Variance,Equity Minimum Variance,-0.005695342058841495,252
2021-01-13,Equity,Minimum Variance,Equity Minimum Variance,-0.0021788778854213383,252
2021-01-14,Equity,Minimum Variance,Equity Minimum Variance,0.0016267264352839157,252
2021-01-15,Equity,Minimum Variance,Equity Minimum Variance,-0.0011433268045554724,252
2021-01-19,Equity,Minimum Variance,Equity Minimum Variance,0.00843070659717065,252
2021-01-20,Equity,Minimum Variance,Equity Minimum Variance,0.015523263655546887,252
2021-01-21,Equity,Minimum Variance,Equity Minimum Variance,-0.007156223247850501,252
2021-01-22,Equity,Minimum Variance,Equity Minimum Variance,-0.001346078340631304,252
2021-01-25,Equity,Minimum Variance,Equity Minimum Variance,0.004709719011110023,252
2021-01-26,Equity,Minimum Variance,Equity Minimum Variance,-0.0021709868196613125,252
2021-01-27,Equity,Minimum Variance,Equity Minimum Variance,-0.02217965055254403,252
2021-01-28,Equity,Minimum Variance,Equity Minimum Variance,0.005475902048542923,252
2021-01-29,Equity,Minimum Variance,Equity Minimum Variance,-0.00800121720365846,252
2021-02-01,Equity,Minimum Variance,Equity Minimum Variance,0.0036818297894730023,252
2021-02-02,Equity,Minimum Variance,Equity Minimum Variance,0.009054784091085491,252
2021-02-03,Equity,Minimum Variance,Equity Minimum Variance,-0.008391025107807832,252
2021-02-04,Equity,Minimum Variance,Equity Minimum Variance,0.0023133306325341103,252
2021-02-05,Equity,Minimum Variance,Equity Minimum Variance,0.013053428770750206,252
2021-02-08,Equity,Minimum Variance,Equity Minimum Variance,0.0039061246322242135,252
2021-02-09,Equity,Minimum Variance,Equity Minimum Variance,-0.003472250857399481,252
2021-02-10,Equity,Minimum Variance,Equity Minimum Variance,-0.0040599729263334225,252
2021-02-11,Equity,Minimum Variance,Equity Minimum Variance,-0.0037257843789495083,252
2021-02-12,Equity,Minimum Variance,Equity Minimum Variance,0.003926780454397256,252
2021-02-16,Equity,Minimum Variance,Equity Minimum Variance,-0.010902792922333381,252
2021-02-17,Equity,Minimum Variance,Equity Minimum Variance,0.00488748366859673,252
2021-02-18,Equity,Minimum Variance,Equity Minimum Variance,-0.0025320810158748906,252
2021-02-19,Equity,Minimum Variance,Equity Minimum Variance,-0.009273169645528514,252
2021-02-22,Equity,Minimum Variance,Equity Minimum Variance,-0.0023109956972446172,252
2021-02-23,Equity,Minimum Variance,Equity Minimum Variance,-0.00466222892387628,252
2021-02-24,Equity,Minimum Variance,Equity Minimum Variance,-0.0015264515891228797,252
2021-02-25,Equity,Minimum Variance,Equity Minimum Variance,-0.009984104328278324,252
2021-02-26,Equity,Minimum Variance,Equity Minimum Variance,-0.015808684542283336,252
2021-03-01,Equity,Minimum Variance,Equity Minimum Variance,0.012852587286442103,252
2021-03-02,Equity,Minimum Variance,Equity Minimum Variance,0.004211765587239754,252
2021-03-03,Equity,Minimum Variance,Equity Minimum Variance,-0.012959335682382228,252
2021-03-04,Equity,Minimum Variance,Equity Minimum Variance,-0.00552420146319387,252
2021-03-05,Equity,Minimum Variance,Equity Minimum Variance,0.016379759187764728,252
2021-03-08,Equity,Minimum Variance,Equity Minimum Variance,-0.004280323005776664,252
2021-03-09,Equity,Minimum Variance,Equity Minimum Variance,0.007688868967220038,252
2021-03-10,Equity,Minimum Variance,Equity Minimum Variance,0.006422988190736857,252
2021-03-11,Equity,Minimum Variance,Equity Minimum Variance,0.0016733931698359459,252
2021-03-12,Equity,Minimum Variance,Equity Minimum Variance,0.003681426180414361,252
2021-03-15,Equity,Minimum Variance,Equity Minimum Variance,0.011952382257937169,252
2021-03-16,Equity,Minimum Variance,Equity Minimum Variance,0.007307574550394899,252
2021-03-17,Equity,Minimum Variance,Equity Minimum Variance,-0.004980915299043327,252
2021-03-18,Equity,Minimum Variance,Equity Minimum Variance,-0.007258408137929651,252
2021-03-19,Equity,Minimum Variance,Equity Minimum Variance,-0.0004939179816724351,252
2021-03-22,Equity,Minimum Variance,Equity Minimum Variance,0.008655279301772087,252
2021-03-23,Equity,Minimum Variance,Equity Minimum Variance,-0.0014810159004094046,252
2021-03-24,Equity,Minimum Variance,Equity Minimum Variance,-0.00624757876370622,252
2021-03-25,Equity,Minimum Variance,Equity Minimum Variance,0.001879602529244037,252
2021-03-26,Equity,Minimum Variance,Equity Minimum Variance,0.017525601837474956,252
2021-03-29,Equity,Minimum Variance,Equity Minimum Variance,0.009832793234278102,252
2021-03-30,Equity,Minimum Variance,Equity Minimum Variance,-0.009017109961142205,252
2021-03-31,Equity,Minimum Variance,Equity Minimum Variance,-0.0005994292324656924,252
2021-04-01,Equity,Minimum Variance,Equity Minimum Variance,0.010816831787921774,252
2021-04-05,Equity,Minimum Variance,Equity Minimum Variance,0.010300037607167963,252
2021-04-06,Equity,Minimum Variance,Equity Minimum Variance,0.0007525766031514634,252
2021-04-07,Equity,Minimum Variance,Equity Minimum Variance,-0.0031425332534391,252
2021-04-08,Equity,Minimum Variance,Equity Minimum Variance,-0.002209217434467734,252
2021-04-09,Equity,Minimum Variance,Equity Minimum Variance,0.0026486372159998306,252
2021-04-12,Equity,Minimum Variance,Equity Minimum Variance,0.0005231727263959695,252
2021-04-13,Equity,Minimum Variance,Equity Minimum Variance,0.004499083087019247,252
2021-04-14,Equity,Minimum Variance,Equity Minimum Variance,-0.003430138835788089,252
2021-04-15,Equity,Minimum Variance,Equity Minimum Variance,0.012700842033356889,252
2021-04-16,Equity,Minimum Variance,Equity Minimum Variance,0.004522962525556423,252
2021-04-19,Equity,Minimum Variance,Equity Minimum Variance,-0.0035279940063519446,252
2021-04-20,Equity,Minimum Variance,Equity Minimum Variance,0.004231126196903055,252
2021-04-21,Equity,Minimum Variance,Equity Minimum Variance,0.005677099533689637,252
2021-04-22,Equity,Minimum Variance,Equity Minimum Variance,-0.004480013303528883,252
2021-04-23,Equity,Minimum Variance,Equity Minimum Variance,0.0027072964138554908,252
2021-04-26,Equity,Minimum Variance,Equity Minimum Variance,-0.004919163889422392,252
2021-04-27,Equity,Minimum Variance,Equity Minimum Variance,-0.0013189758801192735,252
2021-04-28,Equity,Minimum Variance,Equity Minimum Variance,-0.002712697066049587,252
2021-04-29,Equity,Minimum Variance,Equity Minimum Variance,0.0030554460029832468,252
2021-04-30,Equity,Minimum Variance,Equity Minimum Variance,-0.0014250272254763953,252
2021-05-03,Equity,Minimum Variance,Equity Minimum Variance,0.010971606096208555,252
2021-05-04,Equity,Minimum Variance,Equity Minimum Variance,-0.005331252454178913,252
2021-05-05,Equity,Minimum Variance,Equity Minimum Variance,0.005691323840823591,252
2021-05-06,Equity,Minimum Variance,Equity Minimum Variance,0.00978143257562764,252
2021-05-07,Equity,Minimum Variance,Equity Minimum Variance,0.0045047652850871405,252
2021-05-10,Equity,Minimum Variance,Equity Minimum Variance,0.0024723346326722202,252
2021-05-11,Equity,Minimum Variance,Equity Minimum Variance,-0.005038306083091855,252
2021-05-12,Equity,Minimum Variance,Equity Minimum Variance,-0.012373513041013405,252
2021-05-13,Equity,Minimum Variance,Equity Minimum Variance,0.011745744732240875,252
2021-05-14,Equity,Minimum Variance,Equity Minimum Variance,0.006508366279606557,252
2021-05-17,Equity,Minimum Variance,Equity Minimum Variance,0.0029681363660747063,252
2021-05-18,Equity,Minimum Variance,Equity Minimum Variance,-0.0032875622796826745,252
2021-05-19,Equity,Minimum Variance,Equity Minimum Variance,0.0007282950624172487,252
2021-05-20,Equity,Minimum Variance,Equity Minimum Variance,0.010457707346180378,252
2021-05-21,Equity,Minimum Variance,Equity Minimum Variance,-0.0036771267869702873,252
2021-05-24,Equity,Minimum Variance,Equity Minimum Variance,0.00115258800007137,252
2021-05-25,Equity,Minimum Variance,Equity Minimum Variance,-0.005726813139525989,252
2021-05-26,Equity,Minimum Variance,Equity Minimum Variance,0.002050318759759388,252
2021-05-27,Equity,Minimum Variance,Equity Minimum Variance,-0.0030534398871003877,252
2021-05-28,Equity,Minimum Variance,Equity Minimum Variance,0.0023463725300049212,252
2021-06-01,Equity,Minimum Variance,Equity Minimum Variance,-0.006352436250727498,252
2021-06-02,Equity,Minimum Variance,Equity Minimum Variance,-0.0016975235970844622,252
2021-06-03,Equity,Minimum Variance,Equity Minimum Variance,0.0021514475198163223,252
2021-06-04,Equity,Minimum Variance,Equity Minimum Variance,0.008120511246264306,252
2021-06-07,Equity,Minimum Variance,Equity Minimum Variance,-0.0013843101413185334,252
2021-06-08,Equity,Minimum Variance,Equity Minimum Variance,-0.005962522904713245,252
2021-06-09,Equity,Minimum Variance,Equity Minimum Variance,0.0025448112787717927,252
2021-06-10,Equity,Minimum Variance,Equity Minimum Variance,0.008531667305483345,252
2021-06-11,Equity,Minimum Variance,Equity Minimum Variance,-0.0009504203539053239,252
2021-06-14,Equity,Minimum Variance,Equity Minimum Variance,-0.00033893525471485577,252
2021-06-15,Equity,Minimum Variance,Equity Minimum Variance,-0.006274882421684416,252
2021-06-16,Equity,Minimum Variance,Equity Minimum Variance,-0.010479537717782504,252
2021-06-17,Equity,Minimum Variance,Equity Minimum Variance,-0.006332872289093729,252
2021-06-18,Equity,Minimum Variance,Equity Minimum Variance,-0.01019421786605923,252
2021-06-21,Equity,Minimum Variance,Equity Minimum Variance,0.011267256784065713,252
2021-06-22,Equity,Minimum Variance,Equity Minimum Variance,-0.0005181122130766779,252
2021-06-23,Equity,Minimum Variance,Equity Minimum Variance,-0.007492707719012588,252
2021-06-24,Equity,Minimum Variance,Equity Minimum Variance,0.005121103643153828,252
2021-06-25,Equity,Minimum Variance,Equity Minimum Variance,0.0079371898364577,252
2021-06-28,Equity,Minimum Variance,Equity Minimum Variance,0.0037481322422572173,252
2021-06-29,Equity,Minimum Variance,Equity Minimum Variance,-0.00022507968382982717,252
2021-06-30,Equity,Minimum Variance,Equity Minimum Variance,0.005562073630753027,252
2021-07-01,Equity,Minimum Variance,Equity Minimum Variance,0.002965511644154823,252
2021-07-02,Equity,Minimum Variance,Equity Minimum Variance,0.005016602522035871,252
2021-07-06,Equity,Minimum Variance,Equity Minimum Variance,-0.002577530438126082,252
2021-07-07,Equity,Minimum Variance,Equity Minimum Variance,0.0031831154339193634,252
2021-07-08,Equity,Minimum Variance,Equity Minimum Variance,-0.0066593240751818385,252
2021-07-09,Equity,Minimum Variance,Equity Minimum Variance,0.005970889461479237,252
2021-07-12,Equity,Minimum Variance,Equity Minimum Variance,0.0006846315062731564,252
2021-07-13,Equity,Minimum Variance,Equity Minimum Variance,0.0004307612519734925,252
2021-07-14,Equity,Minimum Variance,Equity Minimum Variance,0.0029206424983489717,252
2021-07-15,Equity,Minimum Variance,Equity Minimum Variance,0.0011597371083599524,252
2021-07-16,Equity,Minimum Variance,Equity Minimum Variance,-0.0011293867356486477,252
2021-07-19,Equity,Minimum Variance,Equity Minimum Variance,-0.011152240372114599,252
2021-07-20,Equity,Minimum Variance,Equity Minimum Variance,0.0038548579101109737,252
2021-07-21,Equity,Minimum Variance,Equity Minimum Variance,-0.0014138739213906363,252
2021-07-22,Equity,Minimum Variance,Equity Minimum Variance,0.000910448291419163,252
2021-07-23,Equity,Minimum Variance,Equity Minimum Variance,0.008668556967863287,252
2021-07-26,Equity,Minimum Variance,Equity Minimum Variance,-1.4765726883142424e-05,252
2021-07-27,Equity,Minimum Variance,Equity Minimum Variance,-0.0026977757144834736,252
2021-07-28,Equity,Minimum Variance,Equity Minimum Variance,0.0022618596643375986,252
2021-07-29,Equity,Minimum Variance,Equity Minimum Variance,4.095180789032884e-06,252
2021-07-30,Equity,Minimum Variance,Equity Minimum Variance,-0.002559286731682443,252
2021-08-02,Equity,Minimum Variance,Equity Minimum Variance,-0.002065367756327232,252
2021-08-03,Equity,Minimum Variance,Equity Minimum Variance,0.0004550387455491102,252
2021-08-04,Equity,Minimum Variance,Equity Minimum Variance,-0.010173817377442471,252
2021-08-05,Equity,Minimum Variance,Equity Minimum Variance,0.001904645217807455,252
2021-08-06,Equity,Minimum Variance,Equity Minimum Variance,-0.003483285975023313,252
2021-08-09,Equity,Minimum Variance,Equity Minimum Variance,-0.0011300626873302856,252
2021-08-10,Equity,Minimum Variance,Equity Minimum Variance,0.0028309376250747814,252
2021-08-11,Equity,Minimum Variance,Equity Minimum Variance,0.006242279188489633,252
2021-08-12,Equity,Minimum Variance,Equity Minimum Variance,0.0030782261996895716,252
2021-08-13,Equity,Minimum Variance,Equity Minimum Variance,0.0038342417186575006,252
2021-08-16,Equity,Minimum Variance,Equity Minimum Variance,0.0063716801166927755,252
2021-08-17,Equity,Minimum Variance,Equity Minimum Variance,0.00394969671939691,252
2021-08-18,Equity,Minimum Variance,Equity Minimum Variance,-0.013127259462175508,252
2021-08-19,Equity,Minimum Variance,Equity Minimum Variance,0.0014673293175575385,252
2021-08-20,Equity,Minimum Variance,Equity Minimum Variance,0.0035431348193727054,252
2021-08-23,Equity,Minimum Variance,Equity Minimum Variance,0.00320731303818903,252
2021-08-24,Equity,Minimum Variance,Equity Minimum Variance,-0.003953054625691491,252
2021-08-25,Equity,Minimum Variance,Equity Minimum Variance,-0.005118951486446664,252
2021-08-26,Equity,Minimum Variance,Equity Minimum Variance,-0.0048753558364457595,252
2021-08-27,Equity,Minimum Variance,Equity Minimum Variance,0.003768173755385809,252
2021-08-30,Equity,Minimum Variance,Equity Minimum Variance,0.003214596420113258,252
2021-08-31,Equity,Minimum Variance,Equity Minimum Variance,0.004900134052792427,252
2021-09-01,Equity,Minimum Variance,Equity Minimum Variance,-0.00279202725104767,252
2021-09-02,Equity,Minimum Variance,Equity Minimum Variance,0.0051117429074554145,252
2021-09-03,Equity,Minimum Variance,Equity Minimum Variance,0.0003424594017136414,252
2021-09-07,Equity,Minimum Variance,Equity Minimum Variance,-0.015360577824007147,252
2021-09-08,Equity,Minimum Variance,Equity Minimum Variance,0.002881885317855334,252
2021-09-09,Equity,Minimum Variance,Equity Minimum Variance,-0.012830529260817129,252
2021-09-10,Equity,Minimum Variance,Equity Minimum Variance,-0.0024007381454892204,252
2021-09-13,Equity,Minimum Variance,Equity Minimum Variance,-0.0004467332173922082,252
2021-09-14,Equity,Minimum Variance,Equity Minimum Variance,-0.005856148656744677,252
2021-09-15,Equity,Minimum Variance,Equity Minimum Variance,0.0020713156245651407,252
2021-09-16,Equity,Minimum Variance,Equity Minimum Variance,-0.0070130032788867465,252
2021-09-17,Equity,Minimum Variance,Equity Minimum Variance,-0.006732826003272502,252
2021-09-20,Equity,Minimum Variance,Equity Minimum Variance,-0.012174889598333221,252
2021-09-21,Equity,Minimum Variance,Equity Minimum Variance,-0.0024998209048538414,252
2021-09-22,Equity,Minimum Variance,Equity Minimum Variance,-0.0014344407175528298,252
2021-09-23,Equity,Minimum Variance,Equity Minimum Variance,0.004207314710826772,252
2021-09-24,Equity,Minimum Variance,Equity Minimum Variance,-0.001680682996477615,252
2021-09-27,Equity,Minimum Variance,Equity Minimum Variance,-0.003292276961874813,252
2021-09-28,Equity,Minimum Variance,Equity Minimum Variance,-0.003312029747948596,252
2021-09-29,Equity,Minimum Variance,Equity Minimum Variance,0.008780067911682168,252
2021-09-30,Equity,Minimum Variance,Equity Minimum Variance,-0.004269423408640973,252
2021-10-01,Equity,Minimum Variance,Equity Minimum Variance,0.006566405892196945,252
2021-10-04,Equity,Minimum Variance,Equity Minimum Variance,-0.000889925374464831,252
2021-10-05,Equity,Minimum Variance,Equity Minimum Variance,0.0020828814000223047,252
2021-10-06,Equity,Minimum Variance,Equity Minimum Variance,0.0010491414529210951,252
2021-10-07,Equity,Minimum Variance,Equity Minimum Variance,0.008540869140769203,252
2021-10-08,Equity,Minimum Variance,Equity Minimum Variance,-0.0020549407269661187,252
2021-10-11,Equity,Minimum Variance,Equity Minimum Variance,-0.008599891171240041,252
2021-10-12,Equity,Minimum Variance,Equity Minimum Variance,-0.001444902833638382,252
2021-10-13,Equity,Minimum Variance,Equity Minimum Variance,0.004599405669616733,252
2021-10-14,Equity,Minimum Variance,Equity Minimum Variance,0.011646577028595569,252
2021-10-15,Equity,Minimum Variance,Equity Minimum Variance,-0.0014681915258258963,252
2021-10-18,Equity,Minimum Variance,Equity Minimum Variance,-0.006452438455774066,252
2021-10-19,Equity,Minimum Variance,Equity Minimum Variance,0.011617515043784193,252
2021-10-20,Equity,Minimum Variance,Equity Minimum Variance,0.010429822558642566,252
2021-10-21,Equity,Minimum Variance,Equity Minimum Variance,0.005383110091315507,252
2021-10-22,Equity,Minimum Variance,Equity Minimum Variance,0.003853583520959107,252
2021-10-25,Equity,Minimum Variance,Equity Minimum Variance,0.003020859201553694,252
2021-10-26,Equity,Minimum Variance,Equity Minimum Variance,0.003391211475845556,252
2021-10-27,Equity,Minimum Variance,Equity Minimum Variance,-0.009003269813043197,252
2021-10-28,Equity,Minimum Variance,Equity Minimum Variance,0.006467078948815566,252
2021-10-29,Equity,Minimum Variance,Equity Minimum Variance,-0.0012988817931332928,252
2021-11-01,Equity,Minimum Variance,Equity Minimum Variance,0.00370411420775871,252
2021-11-02,Equity,Minimum Variance,Equity Minimum Variance,0.003878635147823671,252
2021-11-03,Equity,Minimum Variance,Equity Minimum Variance,0.005922485012047639,252
2021-11-04,Equity,Minimum Variance,Equity Minimum Variance,0.0027332553796715208,252
2021-11-05,Equity,Minimum Variance,Equity Minimum Variance,-0.007028358113749482,252
2021-11-08,Equity,Minimum Variance,Equity Minimum Variance,-0.004289948306896667,252
2021-11-09,Equity,Minimum Variance,Equity Minimum Variance,0.002711914224821087,252
2021-11-10,Equity,Minimum Variance,Equity Minimum Variance,0.00396598954175209,252
2021-11-11,Equity,Minimum Variance,Equity Minimum Variance,0.0011240682120108652,252
2021-11-12,Equity,Minimum Variance,Equity Minimum Variance,0.002110644116493913,252
2021-11-15,Equity,Minimum Variance,Equity Minimum Variance,-0.005597384444219994,252
2021-11-16,Equity,Minimum Variance,Equity Minimum Variance,-0.004214443824900521,252
2021-11-17,Equity,Minimum Variance,Equity Minimum Variance,-0.0028663212651030925,252
2021-11-18,Equity,Minimum Variance,Equity Minimum Variance,-0.004359691697123147,252
2021-11-19,Equity,Minimum Variance,Equity Minimum Variance,-0.005916689307574414,252
2021-11-22,Equity,Minimum Variance,Equity Minimum Variance,-0.003578044094733835,252
2021-11-23,Equity,Minimum Variance,Equity Minimum Variance,0.005790903084934224,252
2021-11-24,Equity,Minimum Variance,Equity Minimum Variance,-0.002679448113753989,252
2021-11-26,Equity,Minimum Variance,Equity Minimum Variance,-0.00981527652845505,252
2021-11-29,Equity,Minimum Variance,Equity Minimum Variance,0.0002356768259748922,252
2021-11-30,Equity,Minimum Variance,Equity Minimum Variance,-0.019993983696065677,252
2021-12-01,Equity,Minimum Variance,Equity Minimum Variance,-0.012188322976244758,252
2021-12-02,Equity,Minimum Variance,Equity Minimum Variance,0.010506056158627134,252
2021-12-03,Equity,Minimum Variance,Equity Minimum Variance,0.01195489400396512,252
2021-12-06,Equity,Minimum Variance,Equity Minimum Variance,0.01100891842052075,252
2021-12-07,Equity,Minimum Variance,Equity Minimum Variance,0.0026380675039310627,252
2021-12-08,Equity,Minimum Variance,Equity Minimum Variance,0.0021236188696706314,252
2021-12-09,Equity,Minimum Variance,Equity Minimum Variance,-0.0015440716446013369,252
2021-12-10,Equity,Minimum Variance,Equity Minimum Variance,0.0059372154480176915,252
2021-12-13,Equity,Minimum Variance,Equity Minimum Variance,0.007188907327187804,252
2021-12-14,Equity,Minimum Variance,Equity Minimum Variance,0.0011802971440669802,252
2021-12-15,Equity,Minimum Variance,Equity Minimum Variance,0.008870061243165969,252
2021-12-16,Equity,Minimum Variance,Equity Minimum Variance,0.01649306409110828,252
2021-12-17,Equity,Minimum Variance,Equity Minimum Variance,-0.007487643828327602,252
2021-12-20,Equity,Minimum Variance,Equity Minimum Variance,0.0013672792070458465,252
2021-12-21,Equity,Minimum Variance,Equity Minimum Variance,0.002313353063929208,252
2021-12-22,Equity,Minimum Variance,Equity Minimum Variance,0.004397558801519027,252
2021-12-23,Equity,Minimum Variance,Equity Minimum Variance,0.004163871014903968,252
2021-12-27,Equity,Minimum Variance,Equity Minimum Variance,0.008361952859404678,252
2021-12-28,Equity,Minimum Variance,Equity Minimum Variance,0.00336414088986584,252
2021-12-29,Equity,Minimum Variance,Equity Minimum Variance,0.0033354280674637174,252
2021-12-30,Equity,Minimum Variance,Equity Minimum Variance,0.001941057553417112,252
2021-12-31,Equity,Minimum Variance,Equity Minimum Variance,-0.0024612312347678765,252
2022-01-03,Equity,Minimum Variance,Equity Minimum Variance,-0.002162139161757181,252
2022-01-04,Equity,Minimum Variance,Equity Minimum Variance,-0.0005082667902430254,252
2022-01-05,Equity,Minimum Variance,Equity Minimum Variance,-0.005783700426498426,252
2022-01-06,Equity,Minimum Variance,Equity Minimum Variance,-0.007468316718379646,252
2022-01-07,Equity,Minimum Variance,Equity Minimum Variance,0.0024705727362071064,252
2022-01-10,Equity,Minimum Variance,Equity Minimum Variance,-0.0087045314467581,252
2022-01-11,Equity,Minimum Variance,Equity Minimum Variance,0.00506730567149821,252
2022-01-12,Equity,Minimum Variance,Equity Minimum Variance,0.004875592823033906,252
2022-01-13,Equity,Minimum Variance,Equity Minimum Variance,-0.003390361946477592,252
2022-01-14,Equity,Minimum Variance,Equity Minimum Variance,-0.0033763310501054226,252
2022-01-18,Equity,Minimum Variance,Equity Minimum Variance,-0.004472289077292921,252
2022-01-19,Equity,Minimum Variance,Equity Minimum Variance,0.005459383580439095,252
2022-01-20,Equity,Minimum Variance,Equity Minimum Variance,-0.009171804942219374,252
2022-01-21,Equity,Minimum Variance,Equity Minimum Variance,-0.004926036970593398,252
2022-01-24,Equity,Minimum Variance,Equity Minimum Variance,-0.0006532479225872365,252
2022-01-25,Equity,Minimum Variance,Equity Minimum Variance,-0.008167047689085412,252
2022-01-26,Equity,Minimum Variance,Equity Minimum Variance,-0.014589161560048157,252
2022-01-27,Equity,Minimum Variance,Equity Minimum Variance,-0.000778830392204394,252
2022-01-28,Equity,Minimum Variance,Equity Minimum Variance,0.015403096150372168,252
2022-01-31,Equity,Minimum Variance,Equity Minimum Variance,0.01022723470693032,252
2022-02-01,Equity,Minimum Variance,Equity Minimum Variance,0.0014639000344532549,252
2022-02-02,Equity,Minimum Variance,Equity Minimum Variance,0.00957963280795862,252
2022-02-03,Equity,Minimum Variance,Equity Minimum Variance,-0.004526879333233511,252
2022-02-04,Equity,Minimum Variance,Equity Minimum Variance,-0.0049776970522659465,252
2022-02-07,Equity,Minimum Variance,Equity Minimum Variance,0.0013527547768746645,252
2022-02-08,Equity,Minimum Variance,Equity Minimum Variance,0.0025671611428466747,252
2022-02-09,Equity,Minimum Variance,Equity Minimum Variance,0.004842307179918989,252
2022-02-10,Equity,Minimum Variance,Equity Minimum Variance,-0.01793490463942907,252
2022-02-11,Equity,Minimum Variance,Equity Minimum Variance,-0.00405228173894969,252
2022-02-14,Equity,Minimum Variance,Equity Minimum Variance,-0.005356633067093087,252
2022-02-15,Equity,Minimum Variance,Equity Minimum Variance,0.0038631273117439957,252
2022-02-16,Equity,Minimum Variance,Equity Minimum Variance,-0.0012518154948220404,252
2022-02-17,Equity,Minimum Variance,Equity Minimum Variance,-0.005646214956647615,252
2022-02-18,Equity,Minimum Variance,Equity Minimum Variance,-0.005421695878194562,252
2022-02-22,Equity,Minimum Variance,Equity Minimum Variance,-0.004336251804922568,252
2022-02-23,Equity,Minimum Variance,Equity Minimum Variance,-0.005789393470294596,252
2022-02-24,Equity,Minimum Variance,Equity Minimum Variance,0.0018994601567597848,252
2022-02-25,Equity,Minimum Variance,Equity Minimum Variance,0.022780816417703915,252
2022-02-28,Equity,Minimum Variance,Equity Minimum Variance,-0.007930531014728901,252
2022-03-01,Equity,Minimum Variance,Equity Minimum Variance,-0.003611568590444763,252
2022-03-02,Equity,Minimum Variance,Equity Minimum Variance,0.012838996834848446,252
2022-03-03,Equity,Minimum Variance,Equity Minimum Variance,0.006799073201827831,252
2022-03-04,Equity,Minimum Variance,Equity Minimum Variance,0.007650690264833253,252
2022-03-07,Equity,Minimum Variance,Equity Minimum Variance,-0.006787786451843326,252
2022-03-08,Equity,Minimum Variance,Equity Minimum Variance,-0.014075109602225478,252
2022-03-09,Equity,Minimum Variance,Equity Minimum Variance,0.007031232337635415,252
2022-03-10,Equity,Minimum Variance,Equity Minimum Variance,-0.0009657023050936932,252
2022-03-11,Equity,Minimum Variance,Equity Minimum Variance,-0.007228457615088927,252
2022-03-14,Equity,Minimum Variance,Equity Minimum Variance,-0.006906669340675223,252
2022-03-15,Equity,Minimum Variance,Equity Minimum Variance,0.01065479302735529,252
2022-03-16,Equity,Minimum Variance,Equity Minimum Variance,0.0074977329232425866,252
2022-03-17,Equity,Minimum Variance,Equity Minimum Variance,0.011668797319003246,252
2022-03-18,Equity,Minimum Variance,Equity Minimum Variance,0.002670004584469267,252
2022-03-21,Equity,Minimum Variance,Equity Minimum Variance,0.00162372522691651,252
2022-03-22,Equity,Minimum Variance,Equity Minimum Variance,0.0043559923908324865,252
2022-03-23,Equity,Minimum Variance,Equity Minimum Variance,-0.007830865101744947,252
2022-03-24,Equity,Minimum Variance,Equity Minimum Variance,0.00623748108018971,252
2022-03-25,Equity,Minimum Variance,Equity Minimum Variance,0.008189391977027524,252
2022-03-28,Equity,Minimum Variance,Equity Minimum Variance,0.007289979573502432,252
2022-03-29,Equity,Minimum Variance,Equity Minimum Variance,0.011963865698132682,252
2022-03-30,Equity,Minimum Variance,Equity Minimum Variance,0.001158546908209102,252
2022-03-31,Equity,Minimum Variance,Equity Minimum Variance,-0.009223589488022522,252
2022-04-01,Equity,Minimum Variance,Equity Minimum Variance,0.009122648686169892,252
2022-04-04,Equity,Minimum Variance,Equity Minimum Variance,0.002293617051565937,252
2022-04-05,Equity,Minimum Variance,Equity Minimum Variance,-0.0050571732231752325,252
2022-04-06,Equity,Minimum Variance,Equity Minimum Variance,0.00905453211702034,252
2022-04-07,Equity,Minimum Variance,Equity Minimum Variance,0.002675239263789437,252
2022-04-08,Equity,Minimum Variance,Equity Minimum Variance,0.00387218109038934,252
2022-04-11,Equity,Minimum Variance,Equity Minimum Variance,-0.008643949227434,252
2022-04-12,Equity,Minimum Variance,Equity Minimum Variance,-0.0020704530482000562,252
2022-04-13,Equity,Minimum Variance,Equity Minimum Variance,0.005695104457728135,252
2022-04-14,Equity,Minimum Variance,Equity Minimum Variance,0.0006048184670382427,252
2022-04-18,Equity,Minimum Variance,Equity Minimum Variance,-0.007007173655383943,252
2022-04-19,Equity,Minimum Variance,Equity Minimum Variance,0.009560847225542448,252
2022-04-20,Equity,Minimum Variance,Equity Minimum Variance,0.0029441731254017996,252
2022-04-21,Equity,Minimum Variance,Equity Minimum Variance,-0.008782767312173539,252
2022-04-22,Equity,Minimum Variance,Equity Minimum Variance,-0.016279622842974618,252
2022-04-25,Equity,Minimum Variance,Equity Minimum Variance,-0.0011801820988049066,252
2022-04-26,Equity,Minimum Variance,Equity Minimum Variance,-0.016871087668782363,252
2022-04-27,Equity,Minimum Variance,Equity Minimum Variance,-0.001528360029131513,252
2022-04-28,Equity,Minimum Variance,Equity Minimum Variance,0.0113572503640915,252
2022-04-29,Equity,Minimum Variance,Equity Minimum Variance,-0.0319466389720701,252
2022-05-02,Equity,Minimum Variance,Equity Minimum Variance,-0.0009453604234788974,252
2022-05-03,Equity,Minimum Variance,Equity Minimum Variance,0.0022635686260997294,252
2022-05-04,Equity,Minimum Variance,Equity Minimum Variance,0.023640419685939693,252
2022-05-05,Equity,Minimum Variance,Equity Minimum Variance,-0.01782366311792911,252
2022-05-06,Equity,Minimum Variance,Equity Minimum Variance,-0.007877481107107837,252
2022-05-09,Equity,Minimum Variance,Equity Minimum Variance,-0.020340110924056687,252
2022-05-10,Equity,Minimum Variance,Equity Minimum Variance,-0.007461170769846112,252
2022-05-11,Equity,Minimum Variance,Equity Minimum Variance,0.0024922097739092453,252
2022-05-12,Equity,Minimum Variance,Equity Minimum Variance,0.005692295686517388,252
2022-05-13,Equity,Minimum Variance,Equity Minimum Variance,0.012121830336974726,252
2022-05-16,Equity,Minimum Variance,Equity Minimum Variance,0.0042460074773223765,252
2022-05-17,Equity,Minimum Variance,Equity Minimum Variance,0.008137947572454517,252
2022-05-18,Equity,Minimum Variance,Equity Minimum Variance,-0.02210692967919877,252
2022-05-19,Equity,Minimum Variance,Equity Minimum Variance,-0.0028501328361542526,252
2022-05-20,Equity,Minimum Variance,Equity Minimum Variance,0.00512805445009995,252
2022-05-23,Equity,Minimum Variance,Equity Minimum Variance,0.015355538632937035,252
2022-05-24,Equity,Minimum Variance,Equity Minimum Variance,0.009882933980730013,252
2022-05-25,Equity,Minimum Variance,Equity Minimum Variance,0.003944920096534772,252
2022-05-26,Equity,Minimum Variance,Equity Minimum Variance,0.005013676078145307,252
2022-05-27,Equity,Minimum Variance,Equity Minimum Variance,0.013459921572296479,252
2022-05-31,Equity,Minimum Variance,Equity Minimum Variance,-0.007010028274892002,252
2022-06-01,Equity,Minimum Variance,Equity Minimum Variance,-0.005765368067959099,252
2022-06-02,Equity,Minimum Variance,Equity Minimum Variance,0.009831861534147047,252
2022-06-03,Equity,Minimum Variance,Equity Minimum Variance,-0.006856105157954096,252
2022-06-06,Equity,Minimum Variance,Equity Minimum Variance,-0.002384488459112828,252
2022-06-07,Equity,Minimum Variance,Equity Minimum Variance,0.00788359442398505,252
2022-06-08,Equity,Minimum Variance,Equity Minimum Variance,-0.012105560844484302,252
2022-06-09,Equity,Minimum Variance,Equity Minimum Variance,-0.020006504302095312,252
2022-06-10,Equity,Minimum Variance,Equity Minimum Variance,-0.01309616679842967,252
2022-06-13,Equity,Minimum Variance,Equity Minimum Variance,-0.03174695301684572,252
2022-06-14,Equity,Minimum Variance,Equity Minimum Variance,-0.011923291377067323,252
2022-06-15,Equity,Minimum Variance,Equity Minimum Variance,0.008756681933064725,252
2022-06-16,Equity,Minimum Variance,Equity Minimum Variance,-0.013636595918873338,252
2022-06-17,Equity,Minimum Variance,Equity Minimum Variance,-0.0002563877079937248,252
2022-06-21,Equity,Minimum Variance,Equity Minimum Variance,0.021821060452707514,252
2022-06-22,Equity,Minimum Variance,Equity Minimum Variance,0.005725704157628378,252
2022-06-23,Equity,Minimum Variance,Equity Minimum Variance,0.012394601234812369,252
2022-06-24,Equity,Minimum Variance,Equity Minimum Variance,0.017886986421026502,252
2022-06-27,Equity,Minimum Variance,Equity Minimum Variance,-0.00464649480871062,252
2022-06-28,Equity,Minimum Variance,Equity Minimum Variance,-0.014215517979088328,252
2022-06-29,Equity,Minimum Variance,Equity Minimum Variance,0.001667439140818656,252
2022-06-30,Equity,Minimum Variance,Equity Minimum Variance,-0.00561380050512949,252
2022-07-01,Equity,Minimum Variance,Equity Minimum Variance,0.015144270905630468,252
2022-07-05,Equity,Minimum Variance,Equity Minimum Variance,-0.0034256550848487353,252
2022-07-06,Equity,Minimum Variance,Equity Minimum Variance,0.0010057888681450902,252
2022-07-07,Equity,Minimum Variance,Equity Minimum Variance,0.002877057893481317,252
2022-07-08,Equity,Minimum Variance,Equity Minimum Variance,-0.0024705139451167034,252
2022-07-11,Equity,Minimum Variance,Equity Minimum Variance,-0.002533511903591671,252
2022-07-12,Equity,Minimum Variance,Equity Minimum Variance,-0.006313072185500959,252
2022-07-13,Equity,Minimum Variance,Equity Minimum Variance,-0.002399540135944894,252
2022-07-14,Equity,Minimum Variance,Equity Minimum Variance,-0.0035780845638431523,252
2022-07-15,Equity,Minimum Variance,Equity Minimum Variance,0.011732224222419983,252
2022-07-18,Equity,Minimum Variance,Equity Minimum Variance,-0.012234579190062786,252
2022-07-19,Equity,Minimum Variance,Equity Minimum Variance,0.015327565116689278,252
2022-07-20,Equity,Minimum Variance,Equity Minimum Variance,-0.006488469114532929,252
2022-07-21,Equity,Minimum Variance,Equity Minimum Variance,0.0024002624380751523,252
2022-07-22,Equity,Minimum Variance,Equity Minimum Variance,-0.0011010180515375458,252
2022-07-25,Equity,Minimum Variance,Equity Minimum Variance,-0.005236159918827497,252
2022-07-26,Equity,Minimum Variance,Equity Minimum Variance,-0.000445271978426379,252
2022-07-27,Equity,Minimum Variance,Equity Minimum Variance,0.004140474904444995,252
2022-07-28,Equity,Minimum Variance,Equity Minimum Variance,0.009321723348245157,252
2022-07-29,Equity,Minimum Variance,Equity Minimum Variance,0.0009513182698307696,252
2022-08-01,Equity,Minimum Variance,Equity Minimum Variance,-0.004306575089381099,252
2022-08-02,Equity,Minimum Variance,Equity Minimum Variance,-0.007415729874372176,252
2022-08-03,Equity,Minimum Variance,Equity Minimum Variance,0.010461358680582105,252
2022-08-04,Equity,Minimum Variance,Equity Minimum Variance,-0.0015086010227035888,252
2022-08-05,Equity,Minimum Variance,Equity Minimum Variance,-0.002875026979943709,252
2022-08-08,Equity,Minimum Variance,Equity Minimum Variance,0.0021605813885671324,252
2022-08-09,Equity,Minimum Variance,Equity Minimum Variance,0.0011944784353802012,252
2022-08-10,Equity,Minimum Variance,Equity Minimum Variance,0.011465604122806032,252
2022-08-11,Equity,Minimum Variance,Equity Minimum Variance,-0.0026865263595254674,252
2022-08-12,Equity,Minimum Variance,Equity Minimum Variance,0.015495168010281866,252
2022-08-15,Equity,Minimum Variance,Equity Minimum Variance,0.008899569914497304,252
2022-08-16,Equity,Minimum Variance,Equity Minimum Variance,0.009912053010717679,252
2022-08-17,Equity,Minimum Variance,Equity Minimum Variance,-0.008085040056612277,252
2022-08-18,Equity,Minimum Variance,Equity Minimum Variance,-0.0027929296124703782,252
2022-08-19,Equity,Minimum Variance,Equity Minimum Variance,-0.005200142372974153,252
2022-08-22,Equity,Minimum Variance,Equity Minimum Variance,-0.014482602369101582,252
2022-08-23,Equity,Minimum Variance,Equity Minimum Variance,-0.005542490877361558,252
2022-08-24,Equity,Minimum Variance,Equity Minimum Variance,-0.0003986004119658976,252
2022-08-25,Equity,Minimum Variance,Equity Minimum Variance,0.008822344224623248,252
2022-08-26,Equity,Minimum Variance,Equity Minimum Variance,-0.021313215742748692,252
2022-08-29,Equity,Minimum Variance,Equity Minimum Variance,-0.006001429065946806,252
2022-08-30,Equity,Minimum Variance,Equity Minimum Variance,-0.008779732879607179,252
2022-08-31,Equity,Minimum Variance,Equity Minimum Variance,-0.004486620410759495,252
2022-09-01,Equity,Minimum Variance,Equity Minimum Variance,0.01041391380684356,252
2022-09-02,Equity,Minimum Variance,Equity Minimum Variance,-0.012331179097620614,252
2022-09-06,Equity,Minimum Variance,Equity Minimum Variance,-0.0017233307362753824,252
2022-09-07,Equity,Minimum Variance,Equity Minimum Variance,0.01846198116336398,252
2022-09-08,Equity,Minimum Variance,Equity Minimum Variance,0.0014418658504648013,252
2022-09-09,Equity,Minimum Variance,Equity Minimum Variance,0.01166380427696827,252
2022-09-12,Equity,Minimum Variance,Equity Minimum Variance,0.009619993950663102,252
2022-09-13,Equity,Minimum Variance,Equity Minimum Variance,-0.03191879677806831,252
2022-09-14,Equity,Minimum Variance,Equity Minimum Variance,0.0031828332944604213,252
2022-09-15,Equity,Minimum Variance,Equity Minimum Variance,-0.01382619694624669,252
2022-09-16,Equity,Minimum Variance,Equity Minimum Variance,-0.001581674124954184,252
2022-09-19,Equity,Minimum Variance,Equity Minimum Variance,0.004715111774826161,252
2022-09-20,Equity,Minimum Variance,Equity Minimum Variance,-0.015751753655272056,252
2022-09-21,Equity,Minimum Variance,Equity Minimum Variance,-0.015548802880313458,252
2022-09-22,Equity,Minimum Variance,Equity Minimum Variance,-0.0021070238144049137,252
2022-09-23,Equity,Minimum Variance,Equity Minimum Variance,-0.015201601087696352,252
2022-09-26,Equity,Minimum Variance,Equity Minimum Variance,-0.011749940390062144,252
2022-09-27,Equity,Minimum Variance,Equity Minimum Variance,-0.0059680191374203995,252
2022-09-28,Equity,Minimum Variance,Equity Minimum Variance,0.020057568804079027,252
2022-09-29,Equity,Minimum Variance,Equity Minimum Variance,-0.01914587900423038,252
2022-09-30,Equity,Minimum Variance,Equity Minimum Variance,-0.01625348104901088,252
2022-10-03,Equity,Minimum Variance,Equity Minimum Variance,0.026088669422182343,252
2022-10-04,Equity,Minimum Variance,Equity Minimum Variance,0.022164858682137054,252
2022-10-05,Equity,Minimum Variance,Equity Minimum Variance,-0.007473953131157411,252
2022-10-06,Equity,Minimum Variance,Equity Minimum Variance,-0.012401833730876331,252
2022-10-07,Equity,Minimum Variance,Equity Minimum Variance,-0.01960338087217495,252
2022-10-10,Equity,Minimum Variance,Equity Minimum Variance,0.0007787568509701533,252
2022-10-11,Equity,Minimum Variance,Equity Minimum Variance,0.004518076407331525,252
2022-10-12,Equity,Minimum Variance,Equity Minimum Variance,-0.009377366688645788,252
2022-10-13,Equity,Minimum Variance,Equity Minimum Variance,0.02098617415778304,252
2022-10-14,Equity,Minimum Variance,Equity Minimum Variance,-0.012038250861998424,252
2022-10-17,Equity,Minimum Variance,Equity Minimum Variance,0.015793764951186628,252
2022-10-18,Equity,Minimum Variance,Equity Minimum Variance,0.013272637250846769,252
2022-10-19,Equity,Minimum Variance,Equity Minimum Variance,-0.01211013937035724,252
2022-10-20,Equity,Minimum Variance,Equity Minimum Variance,-0.0034139238778889895,252
2022-10-21,Equity,Minimum Variance,Equity Minimum Variance,0.018357342591126743,252
2022-10-24,Equity,Minimum Variance,Equity Minimum Variance,0.011740188536138596,252
2022-10-25,Equity,Minimum Variance,Equity Minimum Variance,0.012598185258862922,252
2022-10-26,Equity,Minimum Variance,Equity Minimum Variance,0.00914691586918836,252
2022-10-27,Equity,Minimum Variance,Equity Minimum Variance,-0.0007868760813948518,252
2022-10-28,Equity,Minimum Variance,Equity Minimum Variance,0.024969546278174302,252
2022-10-31,Equity,Minimum Variance,Equity Minimum Variance,-0.00892419890840363,252
2022-11-01,Equity,Minimum Variance,Equity Minimum Variance,-0.0014642954161832884,252
2022-11-02,Equity,Minimum Variance,Equity Minimum Variance,-0.01785103770120143,252
2022-11-03,Equity,Minimum Variance,Equity Minimum Variance,-0.007208854156922128,252
2022-11-04,Equity,Minimum Variance,Equity Minimum Variance,0.01297810977438691,252
2022-11-07,Equity,Minimum Variance,Equity Minimum Variance,0.004832198831554843,252
2022-11-08,Equity,Minimum Variance,Equity Minimum Variance,0.005016181259485417,252
2022-11-09,Equity,Minimum Variance,Equity Minimum Variance,-0.011611856860471668,252
2022-11-10,Equity,Minimum Variance,Equity Minimum Variance,0.03717627551135846,252
2022-11-11,Equity,Minimum Variance,Equity Minimum Variance,0.0009589607324900893,252
2022-11-14,Equity,Minimum Variance,Equity Minimum Variance,-0.008203765181352659,252
2022-11-15,Equity,Minimum Variance,Equity Minimum Variance,0.007884558514684142,252
2022-11-16,Equity,Minimum Variance,Equity Minimum Variance,-0.0008487098342559759,252
2022-11-17,Equity,Minimum Variance,Equity Minimum Variance,-0.0024876184408796002,252
2022-11-18,Equity,Minimum Variance,Equity Minimum Variance,0.009238323270717243,252
2022-11-21,Equity,Minimum Variance,Equity Minimum Variance,0.0044684661274528685,252
2022-11-22,Equity,Minimum Variance,Equity Minimum Variance,0.01109346938770648,252
2022-11-23,Equity,Minimum Variance,Equity Minimum Variance,0.004846916390128198,252
2022-11-25,Equity,Minimum Variance,Equity Minimum Variance,0.002027307250390086,252
2022-11-28,Equity,Minimum Variance,Equity Minimum Variance,-0.012643031615510178,252
2022-11-29,Equity,Minimum Variance,Equity Minimum Variance,0.0029656245206854614,252
2022-11-30,Equity,Minimum Variance,Equity Minimum Variance,0.02153496553268838,252
2022-12-01,Equity,Minimum Variance,Equity Minimum Variance,0.0022779091240856873,252
2022-12-02,Equity,Minimum Variance,Equity Minimum Variance,0.0023623153372923536,252
2022-12-05,Equity,Minimum Variance,Equity Minimum Variance,-0.013825983227864151,252
2022-12-06,Equity,Minimum Variance,Equity Minimum Variance,-0.008071358197865607,252
2022-12-07,Equity,Minimum Variance,Equity Minimum Variance,0.00189399278734308,252
2022-12-08,Equity,Minimum Variance,Equity Minimum Variance,0.006413828888586388,252
2022-12-09,Equity,Minimum Variance,Equity Minimum Variance,-0.009284097480480412,252
2022-12-12,Equity,Minimum Variance,Equity Minimum Variance,0.01304491580596718,252
2022-12-13,Equity,Minimum Variance,Equity Minimum Variance,0.005562551790429599,252
2022-12-14,Equity,Minimum Variance,Equity Minimum Variance,-0.00467714801658411,252
2022-12-15,Equity,Minimum Variance,Equity Minimum Variance,-0.018237932304377466,252
2022-12-16,Equity,Minimum Variance,Equity Minimum Variance,-0.008180757190912867,252
2022-12-19,Equity,Minimum Variance,Equity Minimum Variance,-0.0065980269685858624,252
2022-12-20,Equity,Minimum Variance,Equity Minimum Variance,0.001172587938287121,252
2022-12-21,Equity,Minimum Variance,Equity Minimum Variance,0.012982774353500778,252
2022-12-22,Equity,Minimum Variance,Equity Minimum Variance,-0.004449379900619945,252
2022-12-23,Equity,Minimum Variance,Equity Minimum Variance,0.004652226211183349,252
2022-12-27,Equity,Minimum Variance,Equity Minimum Variance,0.002394971862738416,252
2022-12-28,Equity,Minimum Variance,Equity Minimum Variance,-0.011681102075168691,252
2022-12-29,Equity,Minimum Variance,Equity Minimum Variance,0.011113260672513671,252
2022-12-30,Equity,Minimum Variance,Equity Minimum Variance,-0.0029435833663544516,252
2023-01-03,Equity,Minimum Variance,Equity Minimum Variance,0.006353330918389104,252
2023-01-04,Equity,Minimum Variance,Equity Minimum Variance,0.015187566725178916,252
2023-01-05,Equity,Minimum Variance,Equity Minimum Variance,-0.00797477506657624,252
2023-01-06,Equity,Minimum Variance,Equity Minimum Variance,0.020275511444636123,252
2023-01-09,Equity,Minimum Variance,Equity Minimum Variance,-0.006018691993049754,252
2023-01-10,Equity,Minimum Variance,Equity Minimum Variance,0.004784371620113094,252
2023-01-11,Equity,Minimum Variance,Equity Minimum Variance,0.006700331747416689,252
2023-01-12,Equity,Minimum Variance,Equity Minimum Variance,-0.00046385966636239056,252
2023-01-13,Equity,Minimum Variance,Equity Minimum Variance,0.0021675383707115484,252
2023-01-17,Equity,Minimum Variance,Equity Minimum Variance,-0.007659911605559018,252
2023-01-18,Equity,Minimum Variance,Equity Minimum Variance,-0.017999781511655998,252
2023-01-19,Equity,Minimum Variance,Equity Minimum Variance,-0.004859057831568463,252
2023-01-20,Equity,Minimum Variance,Equity Minimum Variance,0.011890297598039107,252
2023-01-23,Equity,Minimum Variance,Equity Minimum Variance,0.005732279220349509,252
2023-01-24,Equity,Minimum Variance,Equity Minimum Variance,-0.001469464464100994,252
2023-01-25,Equity,Minimum Variance,Equity Minimum Variance,0.0005623370430844415,252
2023-01-26,Equity,Minimum Variance,Equity Minimum Variance,0.0002654963471105266,252
2023-01-27,Equity,Minimum Variance,Equity Minimum Variance,-0.0008459871569634981,252
2023-01-30,Equity,Minimum Variance,Equity Minimum Variance,-0.0055628464131129915,252
2023-01-31,Equity,Minimum Variance,Equity Minimum Variance,0.010583388493859803,252
2023-02-01,Equity,Minimum Variance,Equity Minimum Variance,-0.002247251905252414,252
2023-02-02,Equity,Minimum Variance,Equity Minimum Variance,-0.00318797393934593,252
2023-02-03,Equity,Minimum Variance,Equity Minimum Variance,-0.013997871498224094,252
2023-02-06,Equity,Minimum Variance,Equity Minimum Variance,-0.004667190118126957,252
2023-02-07,Equity,Minimum Variance,Equity Minimum Variance,0.005758671529086239,252
2023-02-08,Equity,Minimum Variance,Equity Minimum Variance,-0.009858765856175846,252
2023-02-09,Equity,Minimum Variance,Equity Minimum Variance,-0.006803808003181624,252
2023-02-10,Equity,Minimum Variance,Equity Minimum Variance,0.009838519480693118,252
2023-02-13,Equity,Minimum Variance,Equity Minimum Variance,0.008706242838606265,252
2023-02-14,Equity,Minimum Variance,Equity Minimum Variance,-0.007702374425398045,252
2023-02-15,Equity,Minimum Variance,Equity Minimum Variance,0.002156894649710404,252
2023-02-16,Equity,Minimum Variance,Equity Minimum Variance,-0.011521123960691977,252
2023-02-17,Equity,Minimum Variance,Equity Minimum Variance,0.007694308935303332,252
2023-02-21,Equity,Minimum Variance,Equity Minimum Variance,-0.011511491492781632,252
2023-02-22,Equity,Minimum Variance,Equity Minimum Variance,-0.0072837484885680676,252
2023-02-23,Equity,Minimum Variance,Equity Minimum Variance,-0.0013449766243740918,252
2023-02-24,Equity,Minimum Variance,Equity Minimum Variance,-0.009053139735269167,252
2023-02-27,Equity,Minimum Variance,Equity Minimum Variance,0.0006249215648452106,252
2023-02-28,Equity,Minimum Variance,Equity Minimum Variance,-0.004730867794399967,252
2023-03-01,Equity,Minimum Variance,Equity Minimum Variance,-0.004618589135119793,252
2023-03-02,Equity,Minimum Variance,Equity Minimum Variance,0.010905067618779423,252
2023-03-03,Equity,Minimum Variance,Equity Minimum Variance,0.011204435921981741,252
2023-03-06,Equity,Minimum Variance,Equity Minimum Variance,0.0008655596337282226,252
2023-03-07,Equity,Minimum Variance,Equity Minimum Variance,-0.014787481455131328,252
2023-03-08,Equity,Minimum Variance,Equity Minimum Variance,-0.0011790017787291246,252
2023-03-09,Equity,Minimum Variance,Equity Minimum Variance,-0.013396940700173996,252
2023-03-10,Equity,Minimum Variance,Equity Minimum Variance,-0.008068439760375036,252
2023-03-13,Equity,Minimum Variance,Equity Minimum Variance,0.01040583000979432,252
2023-03-14,Equity,Minimum Variance,Equity Minimum Variance,0.009264394364196293,252
2023-03-15,Equity,Minimum Variance,Equity Minimum Variance,0.005599103840815626,252
2023-03-16,Equity,Minimum Variance,Equity Minimum Variance,0.00604363724456478,252
2023-03-17,Equity,Minimum Variance,Equity Minimum Variance,-0.006390166104405071,252
2023-03-20,Equity,Minimum Variance,Equity Minimum Variance,0.010044607134406197,252
2023-03-21,Equity,Minimum Variance,Equity Minimum Variance,-0.002590550651548048,252
2023-03-22,Equity,Minimum Variance,Equity Minimum Variance,-0.017495413006893386,252
2023-03-23,Equity,Minimum Variance,Equity Minimum Variance,0.0032758741268143336,252
2023-03-24,Equity,Minimum Variance,Equity Minimum Variance,0.015402675778373818,252
2023-03-27,Equity,Minimum Variance,Equity Minimum Variance,0.00148621321992443,252
2023-03-28,Equity,Minimum Variance,Equity Minimum Variance,-0.0005425928333709097,252
2023-03-29,Equity,Minimum Variance,Equity Minimum Variance,0.011144978821520069,252
2023-03-30,Equity,Minimum Variance,Equity Minimum Variance,0.004395768805112266,252
2023-03-31,Equity,Minimum Variance,Equity Minimum Variance,0.012219662551854912,252
2023-04-03,Equity,Minimum Variance,Equity Minimum Variance,0.004442784607501411,252
2023-04-04,Equity,Minimum Variance,Equity Minimum Variance,0.004147869181262678,252
2023-04-05,Equity,Minimum Variance,Equity Minimum Variance,0.011307047515198673,252
2023-04-06,Equity,Minimum Variance,Equity Minimum Variance,0.0008224748868916976,252
2023-04-10,Equity,Minimum Variance,Equity Minimum Variance,-0.0005202256330328368,252
2023-04-11,Equity,Minimum Variance,Equity Minimum Variance,0.000510803602585087,252
2023-04-12,Equity,Minimum Variance,Equity Minimum Variance,-0.001840936242533749,252
2023-04-13,Equity,Minimum Variance,Equity Minimum Variance,0.00880686957811952,252
2023-04-14,Equity,Minimum Variance,Equity Minimum Variance,-0.007874961201431776,252
2023-04-17,Equity,Minimum Variance,Equity Minimum Variance,0.003735805258572028,252
2023-04-18,Equity,Minimum Variance,Equity Minimum Variance,-0.0015269310403398855,252
2023-04-19,Equity,Minimum Variance,Equity Minimum Variance,0.0024584960461482776,252
2023-04-20,Equity,Minimum Variance,Equity Minimum Variance,-0.006764487860542706,252
2023-04-21,Equity,Minimum Variance,Equity Minimum Variance,0.004773899648915632,252
2023-04-24,Equity,Minimum Variance,Equity Minimum Variance,0.001981051013820371,252
2023-04-25,Equity,Minimum Variance,Equity Minimum Variance,-0.0059322880998667945,252
2023-04-26,Equity,Minimum Variance,Equity Minimum Variance,-0.018075870269697772,252
2023-04-27,Equity,Minimum Variance,Equity Minimum Variance,0.010885060108573002,252
2023-04-28,Equity,Minimum Variance,Equity Minimum Variance,0.0017388646169235883,252
2023-05-01,Equity,Minimum Variance,Equity Minimum Variance,-0.0013292870858350816,252
2023-05-02,Equity,Minimum Variance,Equity Minimum Variance,-0.010507941415579638,252
2023-05-03,Equity,Minimum Variance,Equity Minimum Variance,-0.007632944526595873,252
2023-05-04,Equity,Minimum Variance,Equity Minimum Variance,-0.00018179313011896348,252
2023-05-05,Equity,Minimum Variance,Equity Minimum Variance,0.01118681820262703,252
2023-05-08,Equity,Minimum Variance,Equity Minimum Variance,-0.0015749195743240288,252
2023-05-09,Equity,Minimum Variance,Equity Minimum Variance,-0.0044306285893583736,252
2023-05-10,Equity,Minimum Variance,Equity Minimum Variance,0.0005478977709289603,252
2023-05-11,Equity,Minimum Variance,Equity Minimum Variance,-0.006211473046712902,252
2023-05-12,Equity,Minimum Variance,Equity Minimum Variance,0.0008779662070045828,252
2023-05-15,Equity,Minimum Variance,Equity Minimum Variance,-0.0022484184497134608,252
2023-05-16,Equity,Minimum Variance,Equity Minimum Variance,-0.016708816477311678,252
2023-05-17,Equity,Minimum Variance,Equity Minimum Variance,0.0027538343650129965,252
2023-05-18,Equity,Minimum Variance,Equity Minimum Variance,0.0030399931893399586,252
2023-05-19,Equity,Minimum Variance,Equity Minimum Variance,-0.0010648492881419793,252
2023-05-22,Equity,Minimum Variance,Equity Minimum Variance,-0.0018481996649073692,252
2023-05-23,Equity,Minimum Variance,Equity Minimum Variance,-0.008017036471864494,252
2023-05-24,Equity,Minimum Variance,Equity Minimum Variance,-0.008402142133961817,252
2023-05-25,Equity,Minimum Variance,Equity Minimum Variance,-0.011675302676514485,252
2023-05-26,Equity,Minimum Variance,Equity Minimum Variance,0.0023172776879132233,252
2023-05-30,Equity,Minimum Variance,Equity Minimum Variance,-0.004606748058559497,252
2023-05-31,Equity,Minimum Variance,Equity Minimum Variance,0.00395128326941709,252
2023-06-01,Equity,Minimum Variance,Equity Minimum Variance,0.0005169703665257556,252
2023-06-02,Equity,Minimum Variance,Equity Minimum Variance,0.012818018265622068,252
2023-06-05,Equity,Minimum Variance,Equity Minimum Variance,-0.0019143111074050488,252
2023-06-06,Equity,Minimum Variance,Equity Minimum Variance,-0.003958757368978352,252
2023-06-07,Equity,Minimum Variance,Equity Minimum Variance,0.0061232651457577515,252
2023-06-08,Equity,Minimum Variance,Equity Minimum Variance,0.006326599635613062,252
2023-06-09,Equity,Minimum Variance,Equity Minimum Variance,-0.0034604765814843577,252
2023-06-12,Equity,Minimum Variance,Equity Minimum Variance,0.0024920626227257717,252
2023-06-13,Equity,Minimum Variance,Equity Minimum Variance,0.004796109476393609,252
2023-06-14,Equity,Minimum Variance,Equity Minimum Variance,0.0008793188404563981,252
2023-06-15,Equity,Minimum Variance,Equity Minimum Variance,0.01226609318830761,252
2023-06-16,Equity,Minimum Variance,Equity Minimum Variance,0.002847053577880748,252
2023-06-20,Equity,Minimum Variance,Equity Minimum Variance,-0.009458213022463007,252
2023-06-21,Equity,Minimum Variance,Equity Minimum Variance,-0.0007584884056905033,252
2023-06-22,Equity,Minimum Variance,Equity Minimum Variance,0.00032776137576052245,252
2023-06-23,Equity,Minimum Variance,Equity Minimum Variance,-0.00672188446561156,252
2023-06-26,Equity,Minimum Variance,Equity Minimum Variance,0.0063395970992116725,252
2023-06-27,Equity,Minimum Variance,Equity Minimum Variance,0.0023211010557855254,252
2023-06-28,Equity,Minimum Variance,Equity Minimum Variance,-0.004286375106608579,252
2023-06-29,Equity,Minimum Variance,Equity Minimum Variance,0.0032296020349363783,252
2023-06-30,Equity,Minimum Variance,Equity Minimum Variance,0.009204552067250061,252
2023-07-03,Equity,Minimum Variance,Equity Minimum Variance,0.005243801577206435,252
2023-07-05,Equity,Minimum Variance,Equity Minimum Variance,-0.0013382004011225244,252
2023-07-06,Equity,Minimum Variance,Equity Minimum Variance,-0.010088204336731119,252
2023-07-07,Equity,Minimum Variance,Equity Minimum Variance,-0.007418955811356867,252
2023-07-10,Equity,Minimum Variance,Equity Minimum Variance,0.004196937687839088,252
2023-07-11,Equity,Minimum Variance,Equity Minimum Variance,0.012942614727665315,252
2023-07-12,Equity,Minimum Variance,Equity Minimum Variance,0.005179668283925272,252
2023-07-13,Equity,Minimum Variance,Equity Minimum Variance,0.00303501157766634,252
2023-07-14,Equity,Minimum Variance,Equity Minimum Variance,-0.0010867421670746674,252
2023-07-17,Equity,Minimum Variance,Equity Minimum Variance,-0.008134056178643172,252
2023-07-18,Equity,Minimum Variance,Equity Minimum Variance,0.0017734745316071215,252
2023-07-19,Equity,Minimum Variance,Equity Minimum Variance,0.006684673100670822,252
2023-07-20,Equity,Minimum Variance,Equity Minimum Variance,0.004973464608340894,252
2023-07-21,Equity,Minimum Variance,Equity Minimum Variance,0.008013767249676744,252
2023-07-24,Equity,Minimum Variance,Equity Minimum Variance,0.0011084139344763385,252
2023-07-25,Equity,Minimum Variance,Equity Minimum Variance,8.629646224500105e-05,252
2023-07-26,Equity,Minimum Variance,Equity Minimum Variance,0.0018587312033575415,252
2023-07-27,Equity,Minimum Variance,Equity Minimum Variance,-0.006996077016028722,252
2023-07-28,Equity,Minimum Variance,Equity Minimum Variance,0.001981424526506941,252
2023-07-31,Equity,Minimum Variance,Equity Minimum Variance,-0.0010152543960296955,252
2023-08-01,Equity,Minimum Variance,Equity Minimum Variance,-0.0064868453115512325,252
2023-08-02,Equity,Minimum Variance,Equity Minimum Variance,-0.009619799831160205,252
2023-08-03,Equity,Minimum Variance,Equity Minimum Variance,-0.00865290735994783,252
2023-08-04,Equity,Minimum Variance,Equity Minimum Variance,-0.003344288421921203,252
2023-08-07,Equity,Minimum Variance,Equity Minimum Variance,0.008649729652914965,252
2023-08-08,Equity,Minimum Variance,Equity Minimum Variance,-0.0016772647904982666,252
2023-08-09,Equity,Minimum Variance,Equity Minimum Variance,0.0018825735120324317,252
2023-08-10,Equity,Minimum Variance,Equity Minimum Variance,0.0007455436884312308,252
2023-08-11,Equity,Minimum Variance,Equity Minimum Variance,0.00387414925335737,252
2023-08-14,Equity,Minimum Variance,Equity Minimum Variance,-0.002218660638275362,252
2023-08-15,Equity,Minimum Variance,Equity Minimum Variance,-0.00947712516359992,252
2023-08-16,Equity,Minimum Variance,Equity Minimum Variance,-0.005156966403505325,252
2023-08-17,Equity,Minimum Variance,Equity Minimum Variance,-0.006017409488970764,252
2023-08-18,Equity,Minimum Variance,Equity Minimum Variance,0.00023664314452629643,252
2023-08-21,Equity,Minimum Variance,Equity Minimum Variance,-0.0024095265938389766,252
2023-08-22,Equity,Minimum Variance,Equity Minimum Variance,-0.0015243343342584896,252
2023-08-23,Equity,Minimum Variance,Equity Minimum Variance,0.008072803063714894,252
2023-08-24,Equity,Minimum Variance,Equity Minimum Variance,-0.009283001521449187,252
2023-08-25,Equity,Minimum Variance,Equity Minimum Variance,0.003780985794980918,252
2023-08-28,Equity,Minimum Variance,Equity Minimum Variance,0.005043556990730709,252
2023-08-29,Equity,Minimum Variance,Equity Minimum Variance,0.010274279611282995,252
2023-08-30,Equity,Minimum Variance,Equity Minimum Variance,0.0010001832926642064,252
2023-08-31,Equity,Minimum Variance,Equity Minimum Variance,-0.005722910720183841,252
2023-09-01,Equity,Minimum Variance,Equity Minimum Variance,0.004049068438607959,252
2023-09-05,Equity,Minimum Variance,Equity Minimum Variance,-0.00872481301933522,252
2023-09-06,Equity,Minimum Variance,Equity Minimum Variance,-0.00417614715166231,252
2023-09-07,Equity,Minimum Variance,Equity Minimum Variance,-0.00017340816510796235,252
2023-09-08,Equity,Minimum Variance,Equity Minimum Variance,0.0026379235360468475,252
2023-09-11,Equity,Minimum Variance,Equity Minimum Variance,0.002865687446399155,252
2023-09-12,Equity,Minimum Variance,Equity Minimum Variance,0.0023082438512042904,252
2023-09-13,Equity,Minimum Variance,Equity Minimum Variance,-0.0009672270966173911,252
2023-09-14,Equity,Minimum Variance,Equity Minimum Variance,0.012360870706178875,252
2023-09-15,Equity,Minimum Variance,Equity Minimum Variance,-0.010489077213557508,252
2023-09-18,Equity,Minimum Variance,Equity Minimum Variance,-0.0002499500385179253,252
2023-09-19,Equity,Minimum Variance,Equity Minimum Variance,-0.004213502014856906,252
2023-09-20,Equity,Minimum Variance,Equity Minimum Variance,-0.005264643861468341,252
2023-09-21,Equity,Minimum Variance,Equity Minimum Variance,-0.0185880687890133,252
2023-09-22,Equity,Minimum Variance,Equity Minimum Variance,-0.003334126405642404,252
2023-09-25,Equity,Minimum Variance,Equity Minimum Variance,0.0020869403756414444,252
2023-09-26,Equity,Minimum Variance,Equity Minimum Variance,-0.012038678588931189,252
2023-09-27,Equity,Minimum Variance,Equity Minimum Variance,-0.0014106684457594158,252
2023-09-28,Equity,Minimum Variance,Equity Minimum Variance,0.00405120639083082,252
2023-09-29,Equity,Minimum Variance,Equity Minimum Variance,-0.0010645976616187162,252
2023-10-02,Equity,Minimum Variance,Equity Minimum Variance,-0.014277794548844158,252
2023-10-03,Equity,Minimum Variance,Equity Minimum Variance,-0.008623840049693498,252
2023-10-04,Equity,Minimum Variance,Equity Minimum Variance,0.001458761961919132,252
2023-10-05,Equity,Minimum Variance,Equity Minimum Variance,-0.0018481504494788198,252
2023-10-06,Equity,Minimum Variance,Equity Minimum Variance,0.010572819190709792,252
2023-10-09,Equity,Minimum Variance,Equity Minimum Variance,0.008763926303623775,252
2023-10-10,Equity,Minimum Variance,Equity Minimum Variance,0.008282561086268072,252
2023-10-11,Equity,Minimum Variance,Equity Minimum Variance,0.003365157629009226,252
2023-10-12,Equity,Minimum Variance,Equity Minimum Variance,-0.008311144835865694,252
2023-10-13,Equity,Minimum Variance,Equity Minimum Variance,0.0011147766253742542,252
2023-10-16,Equity,Minimum Variance,Equity Minimum Variance,0.010057492329704919,252
2023-10-17,Equity,Minimum Variance,Equity Minimum Variance,0.0027932697004872196,252
2023-10-18,Equity,Minimum Variance,Equity Minimum Variance,-0.014298523672335566,252
2023-10-19,Equity,Minimum Variance,Equity Minimum Variance,-0.009313396223776083,252
2023-10-20,Equity,Minimum Variance,Equity Minimum Variance,-0.008972743882415861,252
2023-10-23,Equity,Minimum Variance,Equity Minimum Variance,-0.0065969844195609105,252
2023-10-24,Equity,Minimum Variance,Equity Minimum Variance,0.010865236461424664,252
2023-10-25,Equity,Minimum Variance,Equity Minimum Variance,-0.012071946699170872,252
2023-10-26,Equity,Minimum Variance,Equity Minimum Variance,-0.0020912306436232254,252
2023-10-27,Equity,Minimum Variance,Equity Minimum Variance,-0.010091752733279388,252
2023-10-30,Equity,Minimum Variance,Equity Minimum Variance,0.010000411649502996,252
2023-10-31,Equity,Minimum Variance,Equity Minimum Variance,0.005876567388702726,252
2023-11-01,Equity,Minimum Variance,Equity Minimum Variance,0.004883111660390647,252
2023-11-02,Equity,Minimum Variance,Equity Minimum Variance,0.025794960167503,252
2023-11-03,Equity,Minimum Variance,Equity Minimum Variance,0.012794021607402119,252
2023-11-06,Equity,Minimum Variance,Equity Minimum Variance,-0.004456576056500964,252
2023-11-07,Equity,Minimum Variance,Equity Minimum Variance,-0.003739062977469133,252
2023-11-08,Equity,Minimum Variance,Equity Minimum Variance,-0.0011798844009913998,252
2023-11-09,Equity,Minimum Variance,Equity Minimum Variance,-0.008903880726641448,252
2023-11-10,Equity,Minimum Variance,Equity Minimum Variance,0.010646732594233557,252
2023-11-13,Equity,Minimum Variance,Equity Minimum Variance,-0.001133590703610896,252
2023-11-14,Equity,Minimum Variance,Equity Minimum Variance,0.02459404341561296,252
2023-11-15,Equity,Minimum Variance,Equity Minimum Variance,0.005349194798091735,252
2023-11-16,Equity,Minimum Variance,Equity Minimum Variance,0.0007631679789122899,252
2023-11-17,Equity,Minimum Variance,Equity Minimum Variance,0.0031683198127045093,252
2023-11-20,Equity,Minimum Variance,Equity Minimum Variance,0.004432305553655234,252
2023-11-21,Equity,Minimum Variance,Equity Minimum Variance,-0.0023448833096139056,252
2023-11-22,Equity,Minimum Variance,Equity Minimum Variance,0.0017220553186484751,252
2023-11-24,Equity,Minimum Variance,Equity Minimum Variance,0.002442867504645432,252
2023-11-27,Equity,Minimum Variance,Equity Minimum Variance,0.0005314905739881359,252
2023-11-28,Equity,Minimum Variance,Equity Minimum Variance,0.0020426557000202085,252
2023-11-29,Equity,Minimum Variance,Equity Minimum Variance,0.004678034968830295,252
2023-11-30,Equity,Minimum Variance,Equity Minimum Variance,0.006384512229031319,252
2023-12-01,Equity,Minimum Variance,Equity Minimum Variance,0.009225927380084264,252
2023-12-04,Equity,Minimum Variance,Equity Minimum Variance,-0.0018134092183667127,252
2023-12-05,Equity,Minimum Variance,Equity Minimum Variance,-0.0052614857299654785,252
2023-12-06,Equity,Minimum Variance,Equity Minimum Variance,-0.0007160063436409093,252
2023-12-07,Equity,Minimum Variance,Equity Minimum Variance,0.0049002939512802985,252
2023-12-08,Equity,Minimum Variance,Equity Minimum Variance,0.0032286936961363594,252
2023-12-11,Equity,Minimum Variance,Equity Minimum Variance,0.006783475745804727,252
2023-12-12,Equity,Minimum Variance,Equity Minimum Variance,0.0007978025859253561,252
2023-12-13,Equity,Minimum Variance,Equity Minimum Variance,0.020902411458579087,252
2023-12-14,Equity,Minimum Variance,Equity Minimum Variance,0.014493407254842453,252
2023-12-15,Equity,Minimum Variance,Equity Minimum Variance,-0.003011783157942524,252
2023-12-18,Equity,Minimum Variance,Equity Minimum Variance,-0.0013770380177555873,252
2023-12-19,Equity,Minimum Variance,Equity Minimum Variance,0.008156436334441007,252
2023-12-20,Equity,Minimum Variance,Equity Minimum Variance,-0.014752978135857561,252
2023-12-21,Equity,Minimum Variance,Equity Minimum Variance,0.008160532810200162,252
2023-12-22,Equity,Minimum Variance,Equity Minimum Variance,0.001959964132917491,252
2023-12-26,Equity,Minimum Variance,Equity Minimum Variance,0.006506457589898613,252
2023-12-27,Equity,Minimum Variance,Equity Minimum Variance,0.0014553578874705296,252
2023-12-28,Equity,Minimum Variance,Equity Minimum Variance,0.001224220369148156,252
2023-12-29,Equity,Minimum Variance,Equity Minimum Variance,-0.003035118739159236,252
2021-01-04,Equity,Tangency,Equity Tangency,-0.005526563083338947,252
2021-01-05,Equity,Tangency,Equity Tangency,0.005862494374928578,252
2021-01-06,Equity,Tangency,Equity Tangency,-0.011816803589782845,252
2021-01-07,Equity,Tangency,Equity Tangency,0.02129681737262673,252
2021-01-08,Equity,Tangency,Equity Tangency,-0.00026971916601385324,252
2021-01-11,Equity,Tangency,Equity Tangency,-0.0038035910010054924,252
2021-01-12,Equity,Tangency,Equity Tangency,-0.01720188709295165,252
2021-01-13,Equity,Tangency,Equity Tangency,-0.0008586001403364184,252
2021-01-14,Equity,Tangency,Equity Tangency,-0.01475263898240022,252
2021-01-15,Equity,Tangency,Equity Tangency,-0.004803241593987285,252
2021-01-19,Equity,Tangency,Equity Tangency,0.009776933340938087,252
2021-01-20,Equity,Tangency,Equity Tangency,0.027549823052190583,252
2021-01-21,Equity,Tangency,Equity Tangency,-0.0014513442439334785,252
2021-01-22,Equity,Tangency,Equity Tangency,-0.005571526947280807,252
2021-01-25,Equity,Tangency,Equity Tangency,0.001617704931691481,252
2021-01-26,Equity,Tangency,Equity Tangency,-0.008110852198956324,252
2021-01-27,Equity,Tangency,Equity Tangency,-0.04035057370479387,252
2021-01-28,Equity,Tangency,Equity Tangency,0.02081906361510649,252
2021-01-29,Equity,Tangency,Equity Tangency,-0.006460188206111014,252
2021-02-01,Equity,Tangency,Equity Tangency,0.01406056164736819,252
2021-02-02,Equity,Tangency,Equity Tangency,0.019123592327768137,252
2021-02-03,Equity,Tangency,Equity Tangency,-0.013004217956653656,252
2021-02-04,Equity,Tangency,Equity Tangency,-0.012056383259669621,252
2021-02-05,Equity,Tangency,Equity Tangency,0.001869289929012028,252
2021-02-08,Equity,Tangency,Equity Tangency,0.02899020192793339,252
2021-02-09,Equity,Tangency,Equity Tangency,-0.020705303391186664,252
2021-02-10,Equity,Tangency,Equity Tangency,0.00746772203769644,252
2021-02-11,Equity,Tangency,Equity Tangency,0.0018127376092092885,252
2021-02-12,Equity,Tangency,Equity Tangency,0.0009515486395411275,252
2021-02-16,Equity,Tangency,Equity Tangency,-0.004612574007115394,252
2021-02-17,Equity,Tangency,Equity Tangency,-0.013292815523394313,252
2021-02-18,Equity,Tangency,Equity Tangency,0.0018049656400672513,252
2021-02-19,Equity,Tangency,Equity Tangency,-0.005786025943950371,252
2021-02-22,Equity,Tangency,Equity Tangency,-0.020939647886602828,252
2021-02-23,Equity,Tangency,Equity Tangency,-0.010912602972102607,252
2021-02-24,Equity,Tangency,Equity Tangency,0.01295428989408941,252
2021-02-25,Equity,Tangency,Equity Tangency,-0.030877999962571744,252
2021-02-26,Equity,Tangency,Equity Tangency,0.0008358613143108532,252
2021-03-01,Equity,Tangency,Equity Tangency,0.01312007282849946,252
2021-03-02,Equity,Tangency,Equity Tangency,-0.016109178676440458,252
2021-03-03,Equity,Tangency,Equity Tangency,-0.03180295013313661,252
2021-03-04,Equity,Tangency,Equity Tangency,-0.023076843101850045,252
2021-03-05,Equity,Tangency,Equity Tangency,0.014934103183013029,252
2021-03-08,Equity,Tangency,Equity Tangency,-0.038682659846651694,252
2021-03-09,Equity,Tangency,Equity Tangency,0.040996091291355466,252
2021-03-10,Equity,Tangency,Equity Tangency,0.001752286395614886,252
2021-03-11,Equity,Tangency,Equity Tangency,0.023370578697856866,252
2021-03-12,Equity,Tangency,Equity Tangency,0.005416274977307461,252
2021-03-15,Equity,Tangency,Equity Tangency,0.01674986810398001,252
2021-03-16,Equity,Tangency,Equity Tangency,0.004126254140067468,252
2021-03-17,Equity,Tangency,Equity Tangency,0.00751792076320192,252
2021-03-18,Equity,Tangency,Equity Tangency,-0.029267769660909777,252
2021-03-19,Equity,Tangency,Equity Tangency,0.0004827964937507896,252
2021-03-22,Equity,Tangency,Equity Tangency,0.014876095901974595,252
2021-03-23,Equity,Tangency,Equity Tangency,-0.012745611771437073,252
2021-03-24,Equity,Tangency,Equity Tangency,-0.016349219386694015,252
2021-03-25,Equity,Tangency,Equity Tangency,-0.0015838412760604782,252
2021-03-26,Equity,Tangency,Equity Tangency,0.02262126170376299,252
2021-03-29,Equity,Tangency,Equity Tangency,0.007531007422937281,252
2021-03-30,Equity,Tangency,Equity Tangency,-0.0022693622475737285,252
2021-03-31,Equity,Tangency,Equity Tangency,0.017795011793505622,252
2021-04-01,Equity,Tangency,Equity Tangency,0.020410200149613686,252
2021-04-05,Equity,Tangency,Equity Tangency,0.011863152247977581,252
2021-04-06,Equity,Tangency,Equity Tangency,-0.0037201811959500287,252
2021-04-07,Equity,Tangency,Equity Tangency,0.0009660954573740496,252
2021-04-08,Equity,Tangency,Equity Tangency,0.0039373049378489625,252
2021-04-09,Equity,Tangency,Equity Tangency,0.001905996625061023,252
2021-04-12,Equity,Tangency,Equity Tangency,0.017899786561680363,252
2021-04-13,Equity,Tangency,Equity Tangency,0.014218696761751285,252
2021-04-14,Equity,Tangency,Equity Tangency,-0.009327605975646046,252
2021-04-15,Equity,Tangency,Equity Tangency,0.031178781099294846,252
2021-04-16,Equity,Tangency,Equity Tangency,0.0004322206402664537,252
2021-04-19,Equity,Tangency,Equity Tangency,-0.015479115841130004,252
2021-04-20,Equity,Tangency,Equity Tangency,-0.005376860247739312,252
2021-04-21,Equity,Tangency,Equity Tangency,0.0124555365041772,252
2021-04-22,Equity,Tangency,Equity Tangency,-0.018054104182836386,252
2021-04-23,Equity,Tangency,Equity Tangency,0.013423170726552565,252
2021-04-26,Equity,Tangency,Equity Tangency,0.00011393426494097817,252
2021-04-27,Equity,Tangency,Equity Tangency,0.007952698939459454,252
2021-04-28,Equity,Tangency,Equity Tangency,0.0015365503944374259,252
2021-04-29,Equity,Tangency,Equity Tangency,-0.004217721605684357,252
2021-04-30,Equity,Tangency,Equity Tangency,-0.007245765978989439,252
2021-05-03,Equity,Tangency,Equity Tangency,0.016180998639448864,252
2021-05-04,Equity,Tangency,Equity Tangency,-0.007583040648530766,252
2021-05-05,Equity,Tangency,Equity Tangency,0.011354067403256762,252
2021-05-06,Equity,Tangency,Equity Tangency,0.01165681409293925,252
2021-05-07,Equity,Tangency,Equity Tangency,0.012420744339101022,252
2021-05-10,Equity,Tangency,Equity Tangency,-0.01123845739123952,252
2021-05-11,Equity,Tangency,Equity Tangency,-6.512524730749693e-05,252
2021-05-12,Equity,Tangency,Equity Tangency,-0.020454983727868893,252
2021-05-13,Equity,Tangency,Equity Tangency,0.011346160754626215,252
2021-05-14,Equity,Tangency,Equity Tangency,0.021232762829938256,252
2021-05-17,Equity,Tangency,Equity Tangency,0.0072898227418797795,252
2021-05-18,Equity,Tangency,Equity Tangency,-0.011426093992144901,252
2021-05-19,Equity,Tangency,Equity Tangency,-0.001794081546282413,252
2021-05-20,Equity,Tangency,Equity Tangency,0.011328169576501998,252
2021-05-21,Equity,Tangency,Equity Tangency,0.005104638735873957,252
2021-05-24,Equity,Tangency,Equity Tangency,0.017119031131420045,252
2021-05-25,Equity,Tangency,Equity Tangency,-0.006157565966238228,252
2021-05-26,Equity,Tangency,Equity Tangency,0.00714596587465128,252
2021-05-27,Equity,Tangency,Equity Tangency,-0.0028560167958317255,252
2021-05-28,Equity,Tangency,Equity Tangency,0.01709333765536804,252
2021-06-01,Equity,Tangency,Equity Tangency,0.011170038262178624,252
2021-06-02,Equity,Tangency,Equity Tangency,-0.005181573744024287,252
2021-06-03,Equity,Tangency,Equity Tangency,0.00011793080652671619,252
2021-06-04,Equity,Tangency,Equity Tangency,0.010965304072426182,252
2021-06-07,Equity,Tangency,Equity Tangency,0.0013381408940082824,252
2021-06-08,Equity,Tangency,Equity Tangency,-0.007376843611175376,252
2021-06-09,Equity,Tangency,Equity Tangency,-0.014316899882426291,252
2021-06-10,Equity,Tangency,Equity Tangency,0.005771088549190051,252
2021-06-11,Equity,Tangency,Equity Tangency,0.0015702893812155228,252
2021-06-14,Equity,Tangency,Equity Tangency,-0.007441916445147882,252
2021-06-15,Equity,Tangency,Equity Tangency,-0.004512276419553509,252
2021-06-16,Equity,Tangency,Equity Tangency,-0.008030413111252565,252
2021-06-17,Equity,Tangency,Equity Tangency,-0.017083998646919552,252
2021-06-18,Equity,Tangency,Equity Tangency,-0.009389572416178025,252
2021-06-21,Equity,Tangency,Equity Tangency,0.013827913890298775,252
2021-06-22,Equity,Tangency,Equity Tangency,0.005897222005119731,252
2021-06-23,Equity,Tangency,Equity Tangency,-0.0012623496601567496,252
2021-06-24,Equity,Tangency,Equity Tangency,0.0061051301780788375,252
2021-06-25,Equity,Tangency,Equity Tangency,-0.002796126495571857,252
2021-06-28,Equity,Tangency,Equity Tangency,0.007505762866182462,252
2021-06-29,Equity,Tangency,Equity Tangency,0.0033007478433739654,252
2021-06-30,Equity,Tangency,Equity Tangency,0.005366528612610891,252
2021-07-01,Equity,Tangency,Equity Tangency,0.006329585955557257,252
2021-07-02,Equity,Tangency,Equity Tangency,0.008914376786737442,252
2021-07-06,Equity,Tangency,Equity Tangency,0.002631897681465666,252
2021-07-07,Equity,Tangency,Equity Tangency,-0.00012258678249424135,252
2021-07-08,Equity,Tangency,Equity Tangency,-0.016344774126225488,252
2021-07-09,Equity,Tangency,Equity Tangency,0.011605501726569014,252
2021-07-12,Equity,Tangency,Equity Tangency,0.00856542022034861,252
2021-07-13,Equity,Tangency,Equity Tangency,-0.009478190700163695,252
2021-07-14,Equity,Tangency,Equity Tangency,-0.00709675855692413,252
2021-07-15,Equity,Tangency,Equity Tangency,-0.01630570896468291,252
2021-07-16,Equity,Tangency,Equity Tangency,-0.02630540643570523,252
2021-07-19,Equity,Tangency,Equity Tangency,0.006744494196496704,252
2021-07-20,Equity,Tangency,Equity Tangency,-0.0010162390192860135,252
2021-07-21,Equity,Tangency,Equity Tangency,0.018100292482253047,252
2021-07-22,Equity,Tangency,Equity Tangency,0.005564747610695631,252
2021-07-23,Equity,Tangency,Equity Tangency,-0.0015800581469139325,252
2021-07-26,Equity,Tangency,Equity Tangency,-0.0027226632832869635,252
2021-07-27,Equity,Tangency,Equity Tangency,-0.013902735915841114,252
2021-07-28,Equity,Tangency,Equity Tangency,0.005129966125205439,252
2021-07-29,Equity,Tangency,Equity Tangency,0.008355132920770393,252
2021-07-30,Equity,Tangency,Equity Tangency,-0.003346464355407478,252
2021-08-02,Equity,Tangency,Equity Tangency,0.0003383553511621222,252
2021-08-03,Equity,Tangency,Equity Tangency,0.010422916890751132,252
2021-08-04,Equity,Tangency,Equity Tangency,0.0010692821306305513,252
2021-08-05,Equity,Tangency,Equity Tangency,0.0013367344078325217,252
2021-08-06,Equity,Tangency,Equity Tangency,-0.0045321286066466,252
2021-08-09,Equity,Tangency,Equity Tangency,0.0043470530794837104,252
2021-08-10,Equity,Tangency,Equity Tangency,0.008022405339072012,252
2021-08-11,Equity,Tangency,Equity Tangency,0.006407703862425167,252
2021-08-12,Equity,Tangency,Equity Tangency,0.0077814041558384416,252
2021-08-13,Equity,Tangency,Equity Tangency,0.008210090587639475,252
2021-08-16,Equity,Tangency,Equity Tangency,-0.006586064625466656,252
2021-08-17,Equity,Tangency,Equity Tangency,-0.015695525689536357,252
2021-08-18,Equity,Tangency,Equity Tangency,-0.012497778753152545,252
2021-08-19,Equity,Tangency,Equity Tangency,0.011874375662431692,252
2021-08-20,Equity,Tangency,Equity Tangency,0.02043968712587589,252
2021-08-23,Equity,Tangency,Equity Tangency,0.029490009296497397,252
2021-08-24,Equity,Tangency,Equity Tangency,-0.0002825209640457043,252
2021-08-25,Equity,Tangency,Equity Tangency,-0.00016063925623375336,252
2021-08-26,Equity,Tangency,Equity Tangency,-0.007434392094791366,252
2021-08-27,Equity,Tangency,Equity Tangency,0.01802916848593552,252
2021-08-30,Equity,Tangency,Equity Tangency,0.0024829840903947244,252
2021-08-31,Equity,Tangency,Equity Tangency,-0.007665803691492279,252
2021-09-01,Equity,Tangency,Equity Tangency,0.002010720751343116,252
2021-09-02,Equity,Tangency,Equity Tangency,-0.0014802526972147788,252
2021-09-03,Equity,Tangency,Equity Tangency,0.007466870656071472,252
2021-09-07,Equity,Tangency,Equity Tangency,-0.005763299177641941,252
2021-09-08,Equity,Tangency,Equity Tangency,-0.010824587975066573,252
2021-09-09,Equity,Tangency,Equity Tangency,-0.007577370219402345,252
2021-09-10,Equity,Tangency,Equity Tangency,0.006277461202891358,252
2021-09-13,Equity,Tangency,Equity Tangency,-0.014778607703991276,252
2021-09-14,Equity,Tangency,Equity Tangency,-0.006436563324335358,252
2021-09-15,Equity,Tangency,Equity Tangency,0.012204999931563744,252
2021-09-16,Equity,Tangency,Equity Tangency,-0.004355098364968392,252
2021-09-17,Equity,Tangency,Equity Tangency,-0.023129758699215987,252
2021-09-20,Equity,Tangency,Equity Tangency,-0.03695019535472313,252
2021-09-21,Equity,Tangency,Equity Tangency,0.0016741046902392955,252
2021-09-22,Equity,Tangency,Equity Tangency,0.016229270383109087,252
2021-09-23,Equity,Tangency,Equity Tangency,0.015659982227623593,252
2021-09-24,Equity,Tangency,Equity Tangency,-0.005809712541322538,252
2021-09-27,Equity,Tangency,Equity Tangency,-0.006606412400815666,252
2021-09-28,Equity,Tangency,Equity Tangency,-0.022303046342313254,252
2021-09-29,Equity,Tangency,Equity Tangency,-0.010231766251264242,252
2021-09-30,Equity,Tangency,Equity Tangency,-0.0017808142628794753,252
2021-10-01,Equity,Tangency,Equity Tangency,-0.0013055822842457493,252
2021-10-04,Equity,Tangency,Equity Tangency,-0.02956080992706067,252
2021-10-05,Equity,Tangency,Equity Tangency,0.023167164414951254,252
2021-10-06,Equity,Tangency,Equity Tangency,0.005713686783949353,252
2021-10-07,Equity,Tangency,Equity Tangency,0.01661861217435725,252
2021-10-08,Equity,Tangency,Equity Tangency,-0.009097539712414532,252
2021-10-11,Equity,Tangency,Equity Tangency,-0.0016887506037644498,252
2021-10-12,Equity,Tangency,Equity Tangency,0.006545353309663651,252
2021-10-13,Equity,Tangency,Equity Tangency,0.013197221161168034,252
2021-10-14,Equity,Tangency,Equity Tangency,0.03075375888531449,252
2021-10-15,Equity,Tangency,Equity Tangency,0.0011879507623895184,252
2021-10-18,Equity,Tangency,Equity Tangency,0.011957824282212056,252
2021-10-19,Equity,Tangency,Equity Tangency,0.0028918621764845204,252
2021-10-20,Equity,Tangency,Equity Tangency,-0.00017275541524803574,252
2021-10-21,Equity,Tangency,Equity Tangency,0.010770565158781614,252
2021-10-22,Equity,Tangency,Equity Tangency,0.004563582244294053,252
2021-10-25,Equity,Tangency,Equity Tangency,0.025572882738415514,252
2021-10-26,Equity,Tangency,Equity Tangency,0.04450421102668408,252
2021-10-27,Equity,Tangency,Equity Tangency,-0.015368883948821525,252
2021-10-28,Equity,Tangency,Equity Tangency,0.0177463479019408,252
2021-10-29,Equity,Tangency,Equity Tangency,0.01816251857007932,252
2021-11-01,Equity,Tangency,Equity Tangency,0.0001406564757520727,252
2021-11-02,Equity,Tangency,Equity Tangency,0.011552502123089085,252
2021-11-03,Equity,Tangency,Equity Tangency,0.007260796776099475,252
2021-11-04,Equity,Tangency,Equity Tangency,0.06407068663869506,252
2021-11-05,Equity,Tangency,Equity Tangency,-0.007593636979878058,252
2021-11-08,Equity,Tangency,Equity Tangency,0.02528263162708295,252
2021-11-09,Equity,Tangency,Equity Tangency,-0.00516764774142947,252
2021-11-10,Equity,Tangency,Equity Tangency,-0.0225744049530333,252
2021-11-11,Equity,Tangency,Equity Tangency,0.022984298053917687,252
2021-11-12,Equity,Tangency,Equity Tangency,-0.001580263360952358,252
2021-11-15,Equity,Tangency,Equity Tangency,-0.00880449900861216,252
2021-11-16,Equity,Tangency,Equity Tangency,0.003626232515577008,252
2021-11-17,Equity,Tangency,Equity Tangency,-0.01866808485098369,252
2021-11-18,Equity,Tangency,Equity Tangency,0.04822380941734523,252
2021-11-19,Equity,Tangency,Equity Tangency,0.021755938121588107,252
2021-11-22,Equity,Tangency,Equity Tangency,-0.0067827790302876865,252
2021-11-23,Equity,Tangency,Equity Tangency,-0.002609820927911728,252
2021-11-24,Equity,Tangency,Equity Tangency,0.011634516938069982,252
2021-11-26,Equity,Tangency,Equity Tangency,-0.027880237959641455,252
2021-11-29,Equity,Tangency,Equity Tangency,0.0310756777021041,252
2021-11-30,Equity,Tangency,Equity Tangency,-0.025502966821733565,252
2021-12-01,Equity,Tangency,Equity Tangency,-0.027987679969419078,252
2021-12-02,Equity,Tangency,Equity Tangency,0.024165733614893836,252
2021-12-03,Equity,Tangency,Equity Tangency,-0.025124015657922043,252
2021-12-06,Equity,Tangency,Equity Tangency,-0.011670946324278942,252
2021-12-07,Equity,Tangency,Equity Tangency,0.05712094965787154,252
2021-12-08,Equity,Tangency,Equity Tangency,-0.011668360643954965,252
2021-12-09,Equity,Tangency,Equity Tangency,-0.02782479705339374,252
2021-12-10,Equity,Tangency,Equity Tangency,-0.0023588890491909142,252
2021-12-13,Equity,Tangency,Equity Tangency,-0.037132204399436076,252
2021-12-14,Equity,Tangency,Equity Tangency,0.00677108843899876,252
2021-12-15,Equity,Tangency,Equity Tangency,0.04255911208838427,252
2021-12-16,Equity,Tangency,Equity Tangency,-0.036291521770298464,252
2021-12-17,Equity,Tangency,Equity Tangency,-0.00936249674892249,252
2021-12-20,Equity,Tangency,Equity Tangency,-0.0076485960180149686,252
2021-12-21,Equity,Tangency,Equity Tangency,0.03151984625560644,252
2021-12-22,Equity,Tangency,Equity Tangency,0.010735714696321343,252
2021-12-23,Equity,Tangency,Equity Tangency,0.004652624775875617,252
2021-12-27,Equity,Tangency,Equity Tangency,0.03516961203191316,252
2021-12-28,Equity,Tangency,Equity Tangency,-0.014697419539287876,252
2021-12-29,Equity,Tangency,Equity Tangency,-0.005294168439637816,252
2021-12-30,Equity,Tangency,Equity Tangency,-0.009777192538549969,252
2021-12-31,Equity,Tangency,Equity Tangency,-0.0023373980719996823,252
2022-01-03,Equity,Tangency,Equity Tangency,-0.00040651485286389324,252
2022-01-04,Equity,Tangency,Equity Tangency,-0.007056278797286584,252
2022-01-05,Equity,Tangency,Equity Tangency,-0.02062007948250465,252
2022-01-06,Equity,Tangency,Equity Tangency,0.0032275347357888498,252
2022-01-07,Equity,Tangency,Equity Tangency,-0.021847197009275954,252
2022-01-10,Equity,Tangency,Equity Tangency,0.0033250273829630124,252
2022-01-11,Equity,Tangency,Equity Tangency,0.00831429334863657,252
2022-01-12,Equity,Tangency,Equity Tangency,0.011532678879871238,252
2022-01-13,Equity,Tangency,Equity Tangency,-0.026297650265936976,252
2022-01-14,Equity,Tangency,Equity Tangency,0.0011687981430447318,252
2022-01-18,Equity,Tangency,Equity Tangency,-0.02158524606554675,252
2022-01-19,Equity,Tangency,Equity Tangency,-0.013706606493540354,252
2022-01-20,Equity,Tangency,Equity Tangency,-0.025639507550604578,252
2022-01-21,Equity,Tangency,Equity Tangency,-0.022334528537057797,252
2022-01-24,Equity,Tangency,Equity Tangency,0.002429721846721572,252
2022-01-25,Equity,Tangency,Equity Tangency,-0.019114248829722357,252
2022-01-26,Equity,Tangency,Equity Tangency,0.0004772303983356887,252
2022-01-27,Equity,Tangency,Equity Tangency,-0.013443259248472164,252
2022-01-28,Equity,Tangency,Equity Tangency,0.03286046048456655,252
2022-01-31,Equity,Tangency,Equity Tangency,0.03187810969920599,252
2022-02-01,Equity,Tangency,Equity Tangency,0.01292923053127874,252
2022-02-02,Equity,Tangency,Equity Tangency,0.026231853510794143,252
2022-02-03,Equity,Tangency,Equity Tangency,-0.01824762638690337,252
2022-02-04,Equity,Tangency,Equity Tangency,-0.001418301289673692,252
2022-02-07,Equity,Tangency,Equity Tangency,0.012014006938810417,252
2022-02-08,Equity,Tangency,Equity Tangency,0.009290619457445033,252
2022-02-09,Equity,Tangency,Equity Tangency,0.028052406242316162,252
2022-02-10,Equity,Tangency,Equity Tangency,-0.023724124470546025,252
2022-02-11,Equity,Tangency,Equity Tangency,-0.0234614495032285,252
2022-02-14,Equity,Tangency,Equity Tangency,0.00393539954745936,252
2022-02-15,Equity,Tangency,Equity Tangency,0.031229654148076606,252
2022-02-16,Equity,Tangency,Equity Tangency,0.003350517771734429,252
2022-02-17,Equity,Tangency,Equity Tangency,-0.026828758555482793,252
2022-02-18,Equity,Tangency,Equity Tangency,-0.013584278054178035,252
2022-02-22,Equity,Tangency,Equity Tangency,-0.006331949169634116,252
2022-02-23,Equity,Tangency,Equity Tangency,-0.004341123162062467,252
2022-02-24,Equity,Tangency,Equity Tangency,0.017508175215871193,252
2022-02-25,Equity,Tangency,Equity Tangency,0.02705620749903195,252
2022-02-28,Equity,Tangency,Equity Tangency,-0.006090945267352687,252
2022-03-01,Equity,Tangency,Equity Tangency,-0.003672807495260284,252
2022-03-02,Equity,Tangency,Equity Tangency,0.025481095404837388,252
2022-03-03,Equity,Tangency,Equity Tangency,0.0008957810171848883,252
2022-03-04,Equity,Tangency,Equity Tangency,0.0018637730673812364,252
2022-03-07,Equity,Tangency,Equity Tangency,-0.023146374041430613,252
2022-03-08,Equity,Tangency,Equity Tangency,-0.012056214717737651,252
2022-03-09,Equity,Tangency,Equity Tangency,0.025935946376372906,252
2022-03-10,Equity,Tangency,Equity Tangency,0.003017917714791554,252
2022-03-11,Equity,Tangency,Equity Tangency,-0.008266610389100388,252
2022-03-14,Equity,Tangency,Equity Tangency,-0.017928428377150092,252
2022-03-15,Equity,Tangency,Equity Tangency,0.02898602252747289,252
2022-03-16,Equity,Tangency,Equity Tangency,0.01922893384247065,252
2022-03-17,Equity,Tangency,Equity Tangency,0.012562943912003906,252
2022-03-18,Equity,Tangency,Equity Tangency,0.021342798120026967,252
2022-03-21,Equity,Tangency,Equity Tangency,0.016571032817170636,252
2022-03-22,Equity,Tangency,Equity Tangency,-1.0003386884128721e-05,252
2022-03-23,Equity,Tangency,Equity Tangency,-0.004174782643849816,252
2022-03-24,Equity,Tangency,Equity Tangency,0.036740704199523314,252
2022-03-25,Equity,Tangency,Equity Tangency,0.0038364551513252556,252
2022-03-28,Equity,Tangency,Equity Tangency,0.005368861144665748,252
2022-03-29,Equity,Tangency,Equity Tangency,0.008887718791838296,252
2022-03-30,Equity,Tangency,Equity Tangency,-0.0057253757570914455,252
2022-03-31,Equity,Tangency,Equity Tangency,-0.011695491886406017,252
2022-04-01,Equity,Tangency,Equity Tangency,0.007971926647259521,252
2022-04-04,Equity,Tangency,Equity Tangency,-0.000299618916735923,252
2022-04-05,Equity,Tangency,Equity Tangency,-0.013413868356531137,252
2022-04-06,Equity,Tangency,Equity Tangency,-0.0025679216399591663,252
2022-04-07,Equity,Tangency,Equity Tangency,0.01214139911883597,252
2022-04-08,Equity,Tangency,Equity Tangency,-0.005724587682855295,252
2022-04-11,Equity,Tangency,Equity Tangency,-0.021928968875733992,252
2022-04-12,Equity,Tangency,Equity Tangency,0.0017098938220666987,252
2022-04-13,Equity,Tangency,Equity Tangency,0.007350001515861129,252
2022-04-14,Equity,Tangency,Equity Tangency,-0.0007371647880240464,252
2022-04-18,Equity,Tangency,Equity Tangency,0.007904935585013852,252
2022-04-19,Equity,Tangency,Equity Tangency,-0.002815103138699877,252
2022-04-20,Equity,Tangency,Equity Tangency,-0.006387452372733511,252
2022-04-21,Equity,Tangency,Equity Tangency,-0.023114867432684365,252
2022-04-22,Equity,Tangency,Equity Tangency,-0.035771894261990414,252
2022-04-25,Equity,Tangency,Equity Tangency,-0.002518390110754809,252
2022-04-26,Equity,Tangency,Equity Tangency,-0.018298807439477226,252
2022-04-27,Equity,Tangency,Equity Tangency,-0.0020436428691682253,252
2022-04-28,Equity,Tangency,Equity Tangency,0.023823622404855572,252
2022-04-29,Equity,Tangency,Equity Tangency,-0.04810550974359944,252
2022-05-02,Equity,Tangency,Equity Tangency,-0.004832516066374532,252
2022-05-03,Equity,Tangency,Equity Tangency,0.0040856512083115625,252
2022-05-04,Equity,Tangency,Equity Tangency,0.01420241795633181,252
2022-05-05,Equity,Tangency,Equity Tangency,-0.03689300166745041,252
2022-05-06,Equity,Tangency,Equity Tangency,-0.013510507306207141,252
2022-05-09,Equity,Tangency,Equity Tangency,-0.053636883561341574,252
2022-05-10,Equity,Tangency,Equity Tangency,0.004165420770681353,252
2022-05-11,Equity,Tangency,Equity Tangency,-0.014397274014637328,252
2022-05-12,Equity,Tangency,Equity Tangency,-0.011436300547321013,252
2022-05-13,Equity,Tangency,Equity Tangency,0.015713348876377584,252
2022-05-16,Equity,Tangency,Equity Tangency,-0.007504076165067098,252
2022-05-17,Equity,Tangency,Equity Tangency,0.01568582049434301,252
2022-05-18,Equity,Tangency,Equity Tangency,-0.035935727066632464,252
2022-05-19,Equity,Tangency,Equity Tangency,0.012488663680370932,252
2022-05-20,Equity,Tangency,Equity Tangency,-0.0009948883358707303,252
2022-05-23,Equity,Tangency,Equity Tangency,0.015156291424957067,252
2022-05-24,Equity,Tangency,Equity Tangency,-0.0006743105383732713,252
2022-05-25,Equity,Tangency,Equity Tangency,0.020721525005780256,252
2022-05-26,Equity,Tangency,Equity Tangency,0.012378053670531651,252
2022-05-27,Equity,Tangency,Equity Tangency,0.022273248610828595,252
2022-05-31,Equity,Tangency,Equity Tangency,-0.0189202833065153,252
2022-06-01,Equity,Tangency,Equity Tangency,-0.008524303106647655,252
2022-06-02,Equity,Tangency,Equity Tangency,0.02095520446262681,252
2022-06-03,Equity,Tangency,Equity Tangency,-0.014627128894010993,252
2022-06-06,Equity,Tangency,Equity Tangency,-0.0028760692283134053,252
2022-06-07,Equity,Tangency,Equity Tangency,0.01735504731039667,252
2022-06-08,Equity,Tangency,Equity Tangency,-0.016494029805443323,252
2022-06-09,Equity,Tangency,Equity Tangency,-0.03284814303651828,252
2022-06-10,Equity,Tangency,Equity Tangency,-0.015221479514861207,252
2022-06-13,Equity,Tangency,Equity Tangency,-0.04524547492521686,252
2022-06-14,Equity,Tangency,Equity Tangency,-0.0027334028178703077,252
2022-06-15,Equity,Tangency,Equity Tangency,0.014453016634016554,252
2022-06-16,Equity,Tangency,Equity Tangency,-0.009709188264050055,252
2022-06-17,Equity,Tangency,Equity Tangency,-0.0004801650095567975,252
2022-06-21,Equity,Tangency,Equity Tangency,0.023641852778326207,252
2022-06-22,Equity,Tangency,Equity Tangency,-0.0004690682824841159,252
2022-06-23,Equity,Tangency,Equity Tangency,-0.004594272775082872,252
2022-06-24,Equity,Tangency,Equity Tangency,0.03128830696682276,252
2022-06-27,Equity,Tangency,Equity Tangency,-0.003655256715153457,252
2022-06-28,Equity,Tangency,Equity Tangency,-0.01740877680768786,252
2022-06-29,Equity,Tangency,Equity Tangency,-0.00740163649733849,252
2022-06-30,Equity,Tangency,Equity Tangency,-0.016125915148283123,252
2022-07-01,Equity,Tangency,Equity Tangency,0.0038611927994041647,252
2022-07-05,Equity,Tangency,Equity Tangency,-0.0013300003108125454,252
2022-07-06,Equity,Tangency,Equity Tangency,-0.001178839663181111,252
2022-07-07,Equity,Tangency,Equity Tangency,0.009853733466801504,252
2022-07-08,Equity,Tangency,Equity Tangency,-0.0002867792253974971,252
2022-07-11,Equity,Tangency,Equity Tangency,-0.008533858802332329,252
2022-07-12,Equity,Tangency,Equity Tangency,-0.00884427276132165,252
2022-07-13,Equity,Tangency,Equity Tangency,0.00011684347237484828,252
2022-07-14,Equity,Tangency,Equity Tangency,-0.008583428413284041,252
2022-07-15,Equity,Tangency,Equity Tangency,0.01778135795238723,252
2022-07-18,Equity,Tangency,Equity Tangency,-0.007439938884615718,252
2022-07-19,Equity,Tangency,Equity Tangency,0.014980685677456243,252
2022-07-20,Equity,Tangency,Equity Tangency,-0.005302159727991715,252
2022-07-21,Equity,Tangency,Equity Tangency,0.009162927038534592,252
2022-07-22,Equity,Tangency,Equity Tangency,-0.010684837816979962,252
2022-07-25,Equity,Tangency,Equity Tangency,-0.01435358079262392,252
2022-07-26,Equity,Tangency,Equity Tangency,0.002077861594251198,252
2022-07-27,Equity,Tangency,Equity Tangency,0.013044140781260729,252
2022-07-28,Equity,Tangency,Equity Tangency,0.005122985754840717,252
2022-07-29,Equity,Tangency,Equity Tangency,-0.011350752878040958,252
2022-08-01,Equity,Tangency,Equity Tangency,-0.007005056809131437,252
2022-08-02,Equity,Tangency,Equity Tangency,-0.005590176960284397,252
2022-08-03,Equity,Tangency,Equity Tangency,0.008534874866699136,252
2022-08-04,Equity,Tangency,Equity Tangency,0.0032757729556867577,252
2022-08-05,Equity,Tangency,Equity Tangency,0.0006780006233271143,252
2022-08-08,Equity,Tangency,Equity Tangency,-0.004178699191545116,252
2022-08-09,Equity,Tangency,Equity Tangency,0.0004046908942404411,252
2022-08-10,Equity,Tangency,Equity Tangency,0.02079561593293984,252
2022-08-11,Equity,Tangency,Equity Tangency,0.0029451029369262052,252
2022-08-12,Equity,Tangency,Equity Tangency,0.014803542220755287,252
2022-08-15,Equity,Tangency,Equity Tangency,0.0033446943522231942,252
2022-08-16,Equity,Tangency,Equity Tangency,-0.0012763675085179706,252
2022-08-17,Equity,Tangency,Equity Tangency,-0.010504174174456553,252
2022-08-18,Equity,Tangency,Equity Tangency,0.007145268916198733,252
2022-08-19,Equity,Tangency,Equity Tangency,-0.013864242222443444,252
2022-08-22,Equity,Tangency,Equity Tangency,-0.020444116656441778,252
2022-08-23,Equity,Tangency,Equity Tangency,-0.0005955102603370182,252
2022-08-24,Equity,Tangency,Equity Tangency,-8.604502326660626e-05,252
2022-08-25,Equity,Tangency,Equity Tangency,0.024996277660714366,252
2022-08-26,Equity,Tangency,Equity Tangency,-0.03540751061477506,252
2022-08-29,Equity,Tangency,Equity Tangency,-0.010730492905992565,252
2022-08-30,Equity,Tangency,Equity Tangency,-0.017177694752776754,252
2022-08-31,Equity,Tangency,Equity Tangency,-0.012201830064048517,252
2022-09-01,Equity,Tangency,Equity Tangency,-0.0019568265202640042,252
2022-09-02,Equity,Tangency,Equity Tangency,-0.01039033754685566,252
2022-09-06,Equity,Tangency,Equity Tangency,0.009523066219894682,252
2022-09-07,Equity,Tangency,Equity Tangency,0.009081821680194058,252
2022-09-08,Equity,Tangency,Equity Tangency,0.008217906488255317,252
2022-09-09,Equity,Tangency,Equity Tangency,0.012630231456591654,252
2022-09-12,Equity,Tangency,Equity Tangency,0.0014177591362072085,252
2022-09-13,Equity,Tangency,Equity Tangency,-0.04074711085846065,252
2022-09-14,Equity,Tangency,Equity Tangency,-0.019732484664417845,252
2022-09-15,Equity,Tangency,Equity Tangency,-0.01538711936103493,252
2022-09-16,Equity,Tangency,Equity Tangency,-8.60929874776227e-05,252
2022-09-19,Equity,Tangency,Equity Tangency,0.003916994121902097,252
2022-09-20,Equity,Tangency,Equity Tangency,-0.01977352990979404,252
2022-09-21,Equity,Tangency,Equity Tangency,-0.013592380148860266,252
2022-09-22,Equity,Tangency,Equity Tangency,-0.011851274487017203,252
2022-09-23,Equity,Tangency,Equity Tangency,-0.013956377436031333,252
2022-09-26,Equity,Tangency,Equity Tangency,-0.016098913686000835,252
2022-09-27,Equity,Tangency,Equity Tangency,0.005574304097584478,252
2022-09-28,Equity,Tangency,Equity Tangency,0.020215643674178583,252
2022-09-29,Equity,Tangency,Equity Tangency,-0.01570981281591803,252
2022-09-30,Equity,Tangency,Equity Tangency,-0.009686171476278553,252
2022-10-03,Equity,Tangency,Equity Tangency,0.032108720421981964,252
2022-10-04,Equity,Tangency,Equity Tangency,0.0292239473231357,252
2022-10-05,Equity,Tangency,Equity Tangency,0.00012069860369295512,252
2022-10-06,Equity,Tangency,Equity Tangency,-0.011997392491855009,252
2022-10-07,Equity,Tangency,Equity Tangency,-0.022154270134370393,252
2022-10-10,Equity,Tangency,Equity Tangency,-0.0011324478044775223,252
2022-10-11,Equity,Tangency,Equity Tangency,0.008743853240961795,252
2022-10-12,Equity,Tangency,Equity Tangency,-0.008625784570952562,252
2022-10-13,Equity,Tangency,Equity Tangency,0.026501655230278018,252
2022-10-14,Equity,Tangency,Equity Tangency,-0.02131557825785164,252
2022-10-17,Equity,Tangency,Equity Tangency,0.02476588235317885,252
2022-10-18,Equity,Tangency,Equity Tangency,0.010181940130855799,252
2022-10-19,Equity,Tangency,Equity Tangency,-0.01029249207990571,252
2022-10-20,Equity,Tangency,Equity Tangency,0.0068004029080171976,252
2022-10-21,Equity,Tangency,Equity Tangency,0.02839118412986839,252
2022-10-24,Equity,Tangency,Equity Tangency,0.010817707843252306,252
2022-10-25,Equity,Tangency,Equity Tangency,0.012967822042418219,252
2022-10-26,Equity,Tangency,Equity Tangency,0.0037220460189980203,252
2022-10-27,Equity,Tangency,Equity Tangency,0.0024946392661975548,252
2022-10-28,Equity,Tangency,Equity Tangency,0.006797617229448717,252
2022-10-31,Equity,Tangency,Equity Tangency,-0.009249813754276354,252
2022-11-01,Equity,Tangency,Equity Tangency,0.00628594186287268,252
2022-11-02,Equity,Tangency,Equity Tangency,-0.03309800191545807,252
2022-11-03,Equity,Tangency,Equity Tangency,-0.003466669496780598,252
2022-11-04,Equity,Tangency,Equity Tangency,0.016179466935760833,252
2022-11-07,Equity,Tangency,Equity Tangency,0.009742721864280822,252
2022-11-08,Equity,Tangency,Equity Tangency,0.010192449308007823,252
2022-11-09,Equity,Tangency,Equity Tangency,-0.018627703359728874,252
2022-11-10,Equity,Tangency,Equity Tangency,0.043780882664998126,252
2022-11-11,Equity,Tangency,Equity Tangency,-0.0015464872882942837,252
2022-11-14,Equity,Tangency,Equity Tangency,0.004549516402221874,252
2022-11-15,Equity,Tangency,Equity Tangency,0.0070504847999293555,252
2022-11-16,Equity,Tangency,Equity Tangency,-0.01069529280532931,252
2022-11-17,Equity,Tangency,Equity Tangency,0.0015240112251825608,252
2022-11-18,Equity,Tangency,Equity Tangency,0.008413658682346732,252
2022-11-21,Equity,Tangency,Equity Tangency,0.0159108460602109,252
2022-11-22,Equity,Tangency,Equity Tangency,0.01923648396994409,252
2022-11-23,Equity,Tangency,Equity Tangency,-0.004615649897589526,252
2022-11-25,Equity,Tangency,Equity Tangency,-0.00035468784479441624,252
2022-11-28,Equity,Tangency,Equity Tangency,-0.01528475126756261,252
2022-11-29,Equity,Tangency,Equity Tangency,-0.001779884651736965,252
2022-11-30,Equity,Tangency,Equity Tangency,0.025589098177959162,252
2022-12-01,Equity,Tangency,Equity Tangency,0.0017614635903284927,252
2022-12-02,Equity,Tangency,Equity Tangency,0.011874716034906394,252
2022-12-05,Equity,Tangency,Equity Tangency,-0.009265558576750342,252
2022-12-06,Equity,Tangency,Equity Tangency,-0.004335812394385482,252
2022-12-07,Equity,Tangency,Equity Tangency,0.0013457163411726332,252
2022-12-08,Equity,Tangency,Equity Tangency,0.012233328231010664,252
2022-12-09,Equity,Tangency,Equity Tangency,-0.017847877834926983,252
2022-12-12,Equity,Tangency,Equity Tangency,0.013756662835507166,252
2022-12-13,Equity,Tangency,Equity Tangency,0.004595020936267515,252
2022-12-14,Equity,Tangency,Equity Tangency,-0.004118229630517618,252
2022-12-15,Equity,Tangency,Equity Tangency,-0.033957648466712155,252
2022-12-16,Equity,Tangency,Equity Tangency,-0.01118442559037473,252
2022-12-19,Equity,Tangency,Equity Tangency,-0.0038486609524403404,252
2022-12-20,Equity,Tangency,Equity Tangency,-0.002984366712062279,252
2022-12-21,Equity,Tangency,Equity Tangency,0.015347826700790178,252
2022-12-22,Equity,Tangency,Equity Tangency,-0.009542497079961144,252
2022-12-23,Equity,Tangency,Equity Tangency,-0.0023251423901573098,252
2022-12-27,Equity,Tangency,Equity Tangency,-0.008552242238047873,252
2022-12-28,Equity,Tangency,Equity Tangency,-0.009286777356076904,252
2022-12-29,Equity,Tangency,Equity Tangency,0.007824909796723343,252
2022-12-30,Equity,Tangency,Equity Tangency,-0.004582604778818626,252
2023-01-03,Equity,Tangency,Equity Tangency,-0.0018171532499517149,252
2023-01-04,Equity,Tangency,Equity Tangency,0.017702553314639404,252
2023-01-05,Equity,Tangency,Equity Tangency,-0.002312315548215847,252
2023-01-06,Equity,Tangency,Equity Tangency,0.028756730964265887,252
2023-01-09,Equity,Tangency,Equity Tangency,-0.015643304379737953,252
2023-01-10,Equity,Tangency,Equity Tangency,0.012596425555443554,252
2023-01-11,Equity,Tangency,Equity Tangency,-0.0028959516317227404,252
2023-01-12,Equity,Tangency,Equity Tangency,-0.006068316424212829,252
2023-01-13,Equity,Tangency,Equity Tangency,0.010330126984476915,252
2023-01-17,Equity,Tangency,Equity Tangency,-0.002386914825390669,252
2023-01-18,Equity,Tangency,Equity Tangency,-0.020454178765555223,252
2023-01-19,Equity,Tangency,Equity Tangency,-0.007418736985286792,252
2023-01-20,Equity,Tangency,Equity Tangency,0.014183083275498703,252
2023-01-23,Equity,Tangency,Equity Tangency,0.006054454803256878,252
2023-01-24,Equity,Tangency,Equity Tangency,-0.0011470231653711773,252
2023-01-25,Equity,Tangency,Equity Tangency,0.005340431634252262,252
2023-01-26,Equity,Tangency,Equity Tangency,0.01812781096902554,252
2023-01-27,Equity,Tangency,Equity Tangency,-0.004871742174641284,252
2023-01-30,Equity,Tangency,Equity Tangency,-0.011010377899405779,252
2023-01-31,Equity,Tangency,Equity Tangency,0.01456994828163903,252
2023-02-01,Equity,Tangency,Equity Tangency,0.02152719361506454,252
2023-02-02,Equity,Tangency,Equity Tangency,0.0009371849142100853,252
2023-02-03,Equity,Tangency,Equity Tangency,-0.005529091045429645,252
2023-02-06,Equity,Tangency,Equity Tangency,-0.013205036256363958,252
2023-02-07,Equity,Tangency,Equity Tangency,0.005818928127419656,252
2023-02-08,Equity,Tangency,Equity Tangency,-0.0028350654396835932,252
2023-02-09,Equity,Tangency,Equity Tangency,0.004763834106613944,252
2023-02-10,Equity,Tangency,Equity Tangency,0.0021840752644163445,252
2023-02-13,Equity,Tangency,Equity Tangency,0.016137604142128205,252
2023-02-14,Equity,Tangency,Equity Tangency,0.010534849667663689,252
2023-02-15,Equity,Tangency,Equity Tangency,-0.008092695501356216,252
2023-02-16,Equity,Tangency,Equity Tangency,-0.011863684556738606,252
2023-02-17,Equity,Tangency,Equity Tangency,-0.002730685896661933,252
2023-02-21,Equity,Tangency,Equity Tangency,-0.012933615072624784,252
2023-02-22,Equity,Tangency,Equity Tangency,-0.005038512354718448,252
2023-02-23,Equity,Tangency,Equity Tangency,0.02669148913870903,252
2023-02-24,Equity,Tangency,Equity Tangency,-0.00489870350689387,252
2023-02-27,Equity,Tangency,Equity Tangency,0.008252132175871986,252
2023-02-28,Equity,Tangency,Equity Tangency,0.002150301887718178,252
2023-03-01,Equity,Tangency,Equity Tangency,0.0034554257238672654,252
2023-03-02,Equity,Tangency,Equity Tangency,0.01274130930207545,252
2023-03-03,Equity,Tangency,Equity Tangency,0.015450459473298891,252
2023-03-06,Equity,Tangency,Equity Tangency,-0.0098504035339134,252
2023-03-07,Equity,Tangency,Equity Tangency,-0.016609698834496544,252
2023-03-08,Equity,Tangency,Equity Tangency,0.0029623661758566284,252
2023-03-09,Equity,Tangency,Equity Tangency,-0.023432123491386396,252
2023-03-10,Equity,Tangency,Equity Tangency,-0.013909045716645769,252
2023-03-13,Equity,Tangency,Equity Tangency,0.0012250172566802288,252
2023-03-14,Equity,Tangency,Equity Tangency,0.018659714838856017,252
2023-03-15,Equity,Tangency,Equity Tangency,-0.018100248933045064,252
2023-03-16,Equity,Tangency,Equity Tangency,0.018249181404334288,252
2023-03-17,Equity,Tangency,Equity Tangency,-0.004424392604984365,252
2023-03-20,Equity,Tangency,Equity Tangency,0.015082818665369372,252
2023-03-21,Equity,Tangency,Equity Tangency,0.011940128841086887,252
2023-03-22,Equity,Tangency,Equity Tangency,-0.015558622702011648,252
2023-03-23,Equity,Tangency,Equity Tangency,0.011978706195404821,252
2023-03-24,Equity,Tangency,Equity Tangency,0.005961603088691376,252
2023-03-27,Equity,Tangency,Equity Tangency,-0.0024504047549940575,252
2023-03-28,Equity,Tangency,Equity Tangency,-0.0011349720876046156,252
2023-03-29,Equity,Tangency,Equity Tangency,0.008548224410742706,252
2023-03-30,Equity,Tangency,Equity Tangency,0.007404967594029677,252
2023-03-31,Equity,Tangency,Equity Tangency,0.014248712319289425,252
2023-04-03,Equity,Tangency,Equity Tangency,0.005376387606496991,252
2023-04-04,Equity,Tangency,Equity Tangency,-0.021084218696893947,252
2023-04-05,Equity,Tangency,Equity Tangency,-0.002506101386414967,252
2023-04-06,Equity,Tangency,Equity Tangency,0.006749781794217336,252
2023-04-10,Equity,Tangency,Equity Tangency,0.006016393708922645,252
2023-04-11,Equity,Tangency,Equity Tangency,-0.001319805448907053,252
2023-04-12,Equity,Tangency,Equity Tangency,-0.00589396363040742,252
2023-04-13,Equity,Tangency,Equity Tangency,0.0038494861181203785,252
2023-04-14,Equity,Tangency,Equity Tangency,-0.00238060056369584,252
2023-04-17,Equity,Tangency,Equity Tangency,0.003750986761053036,252
2023-04-18,Equity,Tangency,Equity Tangency,0.007138469531347685,252
2023-04-19,Equity,Tangency,Equity Tangency,0.0021417357816436227,252
2023-04-20,Equity,Tangency,Equity Tangency,0.004941912621542414,252
2023-04-21,Equity,Tangency,Equity Tangency,-0.0002330816075114379,252
2023-04-24,Equity,Tangency,Equity Tangency,0.006102190336039805,252
2023-04-25,Equity,Tangency,Equity Tangency,-0.01578567732250658,252
2023-04-26,Equity,Tangency,Equity Tangency,-0.007040455101150712,252
2023-04-27,Equity,Tangency,Equity Tangency,-0.0265292087300877,252
2023-04-28,Equity,Tangency,Equity Tangency,0.01102093502039917,252
2023-05-01,Equity,Tangency,Equity Tangency,0.016292153800249717,252
2023-05-02,Equity,Tangency,Equity Tangency,-0.01757009087095807,252
2023-05-03,Equity,Tangency,Equity Tangency,-0.012885742207063644,252
2023-05-04,Equity,Tangency,Equity Tangency,-0.01700903963450526,252
2023-05-05,Equity,Tangency,Equity Tangency,0.019507077049251243,252
2023-05-08,Equity,Tangency,Equity Tangency,0.0019010069380877392,252
2023-05-09,Equity,Tangency,Equity Tangency,-0.009199162651305564,252
2023-05-10,Equity,Tangency,Equity Tangency,-0.0025378857390547433,252
2023-05-11,Equity,Tangency,Equity Tangency,-0.0037680244206268884,252
2023-05-12,Equity,Tangency,Equity Tangency,0.0009295533064927421,252
2023-05-15,Equity,Tangency,Equity Tangency,0.006936498298564124,252
2023-05-16,Equity,Tangency,Equity Tangency,-0.012995721533416401,252
2023-05-17,Equity,Tangency,Equity Tangency,0.015420731593462208,252
2023-05-18,Equity,Tangency,Equity Tangency,0.015736438359630144,252
2023-05-19,Equity,Tangency,Equity Tangency,-0.000717499943364033,252
2023-05-22,Equity,Tangency,Equity Tangency,-0.0005439424908099967,252
2023-05-23,Equity,Tangency,Equity Tangency,-0.014246776334641475,252
2023-05-24,Equity,Tangency,Equity Tangency,-0.009323490592885696,252
2023-05-25,Equity,Tangency,Equity Tangency,0.06415684782216197,252
2023-05-26,Equity,Tangency,Equity Tangency,0.005864982824895879,252
2023-05-30,Equity,Tangency,Equity Tangency,0.0002378487773469853,252
2023-05-31,Equity,Tangency,Equity Tangency,-0.014510357976120684,252
2023-06-01,Equity,Tangency,Equity Tangency,0.011117043014242663,252
2023-06-02,Equity,Tangency,Equity Tangency,0.01643108908595226,252
2023-06-05,Equity,Tangency,Equity Tangency,-0.0023380749366057624,252
2023-06-06,Equity,Tangency,Equity Tangency,-0.006432460979862728,252
2023-06-07,Equity,Tangency,Equity Tangency,-0.004067447869746385,252
2023-06-08,Equity,Tangency,Equity Tangency,0.013876824637095409,252
2023-06-09,Equity,Tangency,Equity Tangency,0.00243255269800176,252
2023-06-12,Equity,Tangency,Equity Tangency,0.009859797156347112,252
2023-06-13,Equity,Tangency,Equity Tangency,0.02493684655672869,252
2023-06-14,Equity,Tangency,Equity Tangency,0.01049139658926915,252
2023-06-15,Equity,Tangency,Equity Tangency,-0.0032103937265113842,252
2023-06-16,Equity,Tangency,Equity Tangency,0.007699662019746363,252
2023-06-20,Equity,Tangency,Equity Tangency,0.005900190944738185,252
2023-06-21,Equity,Tangency,Equity Tangency,-0.0068351527790662114,252
2023-06-22,Equity,Tangency,Equity Tangency,0.002751823871712452,252
2023-06-23,Equity,Tangency,Equity Tangency,-0.01169271931842162,252
2023-06-26,Equity,Tangency,Equity Tangency,-0.01621356030441497,252
2023-06-27,Equity,Tangency,Equity Tangency,0.012584825491017405,252
2023-06-28,Equity,Tangency,Equity Tangency,-0.007274665445959794,252
2023-06-29,Equity,Tangency,Equity Tangency,0.0021610244031022236,252
2023-06-30,Equity,Tangency,Equity Tangency,0.020414066528515958,252
2023-07-03,Equity,Tangency,Equity Tangency,0.004016615901588422,252
2023-07-05,Equity,Tangency,Equity Tangency,-0.0038070331711023667,252
2023-07-06,Equity,Tangency,Equity Tangency,-0.004136847607133774,252
2023-07-07,Equity,Tangency,Equity Tangency,0.0024261079411508836,252
2023-07-10,Equity,Tangency,Equity Tangency,-0.0010989343758658996,252
2023-07-11,Equity,Tangency,Equity Tangency,0.01095810421204528,252
2023-07-12,Equity,Tangency,Equity Tangency,0.015367214278609789,252
2023-07-13,Equity,Tangency,Equity Tangency,0.018969089243867036,252
2023-07-14,Equity,Tangency,Equity Tangency,-0.003166678519652164,252
2023-07-17,Equity,Tangency,Equity Tangency,0.007297592052236848,252
2023-07-18,Equity,Tangency,Equity Tangency,0.0187197714628386,252
2023-07-19,Equity,Tangency,Equity Tangency,-0.007642942108326469,252
2023-07-20,Equity,Tangency,Equity Tangency,-0.005743039014274585,252
2023-07-21,Equity,Tangency,Equity Tangency,-0.010813493239996782,252
2023-07-24,Equity,Tangency,Equity Tangency,0.00574024524146136,252
2023-07-25,Equity,Tangency,Equity Tangency,0.016227063819139364,252
2023-07-26,Equity,Tangency,Equity Tangency,-0.007542131250507712,252
2023-07-27,Equity,Tangency,Equity Tangency,0.016137860870833475,252
2023-07-28,Equity,Tangency,Equity Tangency,0.012184484757795724,252
2023-07-31,Equity,Tangency,Equity Tangency,0.0024548220298723773,252
2023-08-01,Equity,Tangency,Equity Tangency,-0.003231525284518631,252
2023-08-02,Equity,Tangency,Equity Tangency,-0.0212703374017331,252
2023-08-03,Equity,Tangency,Equity Tangency,0.004358162783196143,252
2023-08-04,Equity,Tangency,Equity Tangency,-0.007351846825074556,252
2023-08-07,Equity,Tangency,Equity Tangency,0.015144410835015207,252
2023-08-08,Equity,Tangency,Equity Tangency,-0.007350288113552111,252
2023-08-09,Equity,Tangency,Equity Tangency,-0.016284842409319444,252
2023-08-10,Equity,Tangency,Equity Tangency,-0.004158896978563665,252
2023-08-11,Equity,Tangency,Equity Tangency,-0.0119180344545905,252
2023-08-14,Equity,Tangency,Equity Tangency,0.03566556102858702,252
2023-08-15,Equity,Tangency,Equity Tangency,-0.0024925744592992983,252
2023-08-16,Equity,Tangency,Equity Tangency,-0.006505671076570826,252
2023-08-17,Equity,Tangency,Equity Tangency,-0.005832167302693833,252
2023-08-18,Equity,Tangency,Equity Tangency,0.0004660241549163889,252
2023-08-21,Equity,Tangency,Equity Tangency,0.032179776301670016,252
2023-08-22,Equity,Tangency,Equity Tangency,-0.014543777028801663,252
2023-08-23,Equity,Tangency,Equity Tangency,0.00748131926336211,252
2023-08-24,Equity,Tangency,Equity Tangency,-0.0035458105102444616,252
2023-08-25,Equity,Tangency,Equity Tangency,-0.008786406992082645,252
2023-08-28,Equity,Tangency,Equity Tangency,0.011003922986510813,252
2023-08-29,Equity,Tangency,Equity Tangency,0.023348464306343752,252
2023-08-30,Equity,Tangency,Equity Tangency,0.003712738915465869,252
2023-08-31,Equity,Tangency,Equity Tangency,-0.0001983356930743514,252
2023-09-01,Equity,Tangency,Equity Tangency,-0.0030272566620427608,252
2023-09-05,Equity,Tangency,Equity Tangency,-0.00789111103579364,252
2023-09-06,Equity,Tangency,Equity Tangency,-0.015619379311602052,252
2023-09-07,Equity,Tangency,Equity Tangency,0.0014560358383636355,252
2023-09-08,Equity,Tangency,Equity Tangency,-0.010882378494820703,252
2023-09-11,Equity,Tangency,Equity Tangency,-0.006040361702461302,252
2023-09-12,Equity,Tangency,Equity Tangency,-0.0021335309599310546,252
2023-09-13,Equity,Tangency,Equity Tangency,0.007219577194167245,252
2023-09-14,Equity,Tangency,Equity Tangency,0.0132312521222296,252
2023-09-15,Equity,Tangency,Equity Tangency,-0.032720040972011845,252
2023-09-18,Equity,Tangency,Equity Tangency,0.0038118688350800923,252
2023-09-19,Equity,Tangency,Equity Tangency,0.00018046262764390104,252
2023-09-20,Equity,Tangency,Equity Tangency,-0.015733579028996064,252
2023-09-21,Equity,Tangency,Equity Tangency,-0.017935999692536325,252
2023-09-22,Equity,Tangency,Equity Tangency,0.00666134957006548,252
2023-09-25,Equity,Tangency,Equity Tangency,0.013689692835705786,252
2023-09-26,Equity,Tangency,Equity Tangency,-0.009924748596797579,252
2023-09-27,Equity,Tangency,Equity Tangency,0.009931699359838161,252
2023-09-28,Equity,Tangency,Equity Tangency,0.00761454426431819,252
2023-09-29,Equity,Tangency,Equity Tangency,-0.00587927853160514,252
2023-10-02,Equity,Tangency,Equity Tangency,0.0060604369115260445,252
2023-10-03,Equity,Tangency,Equity Tangency,-0.011175803335623149,252
2023-10-04,Equity,Tangency,Equity Tangency,0.0036155956775970693,252
2023-10-05,Equity,Tangency,Equity Tangency,0.0027312290883253214,252
2023-10-06,Equity,Tangency,Equity Tangency,0.010752586621294632,252
2023-10-09,Equity,Tangency,Equity Tangency,-0.0011077028222086236,252
2023-10-10,Equity,Tangency,Equity Tangency,0.003775954590918145,252
2023-10-11,Equity,Tangency,Equity Tangency,0.005641973692005619,252
2023-10-12,Equity,Tangency,Equity Tangency,-0.0062368381892887285,252
2023-10-13,Equity,Tangency,Equity Tangency,-0.011042961688473038,252
2023-10-16,Equity,Tangency,Equity Tangency,0.0058045383888095155,252
2023-10-17,Equity,Tangency,Equity Tangency,-0.011007870866407001,252
2023-10-18,Equity,Tangency,Equity Tangency,-0.01896382080776959,252
2023-10-19,Equity,Tangency,Equity Tangency,-0.011902143580281513,252
2023-10-20,Equity,Tangency,Equity Tangency,-0.008744347457156241,252
2023-10-23,Equity,Tangency,Equity Tangency,0.008420257481236117,252
2023-10-24,Equity,Tangency,Equity Tangency,0.017917684873653614,252
2023-10-25,Equity,Tangency,Equity Tangency,-0.021881301509639215,252
2023-10-26,Equity,Tangency,Equity Tangency,-0.00926970131990273,252
2023-10-27,Equity,Tangency,Equity Tangency,-0.016135780285761594,252
2023-10-30,Equity,Tangency,Equity Tangency,0.01533739420012466,252
2023-10-31,Equity,Tangency,Equity Tangency,-0.0067620730975489615,252
2023-11-01,Equity,Tangency,Equity Tangency,0.01870550584007143,252
2023-11-02,Equity,Tangency,Equity Tangency,0.018286693165459673,252
2023-11-03,Equity,Tangency,Equity Tangency,0.009695355314194494,252
2023-11-06,Equity,Tangency,Equity Tangency,0.006052201699644076,252
2023-11-07,Equity,Tangency,Equity Tangency,0.001350142263671178,252
2023-11-08,Equity,Tangency,Equity Tangency,0.005282255221228913,252
2023-11-09,Equity,Tangency,Equity Tangency,-0.01023524376075118,252
2023-11-10,Equity,Tangency,Equity Tangency,0.01535702866303899,252
2023-11-13,Equity,Tangency,Equity Tangency,0.002842893839177569,252
2023-11-14,Equity,Tangency,Equity Tangency,0.00919240232942077,252
2023-11-15,Equity,Tangency,Equity Tangency,-0.005095567926114918,252
2023-11-16,Equity,Tangency,Equity Tangency,0.0026348163007250654,252
2023-11-17,Equity,Tangency,Equity Tangency,0.0018617275053693981,252
2023-11-20,Equity,Tangency,Equity Tangency,0.009143057034134296,252
2023-11-21,Equity,Tangency,Equity Tangency,-0.002144867312225229,252
2023-11-22,Equity,Tangency,Equity Tangency,-0.010407292147811407,252
2023-11-24,Equity,Tangency,Equity Tangency,-0.007040053543587021,252
2023-11-27,Equity,Tangency,Equity Tangency,0.009278422599064012,252
2023-11-28,Equity,Tangency,Equity Tangency,-0.005977741763137788,252
2023-11-29,Equity,Tangency,Equity Tangency,0.0063248776254864175,252
2023-11-30,Equity,Tangency,Equity Tangency,0.0064658844865235245,252
2023-12-01,Equity,Tangency,Equity Tangency,0.003149512986302873,252
2023-12-04,Equity,Tangency,Equity Tangency,-0.013254256102974395,252
2023-12-05,Equity,Tangency,Equity Tangency,0.008022251704682215,252
2023-12-06,Equity,Tangency,Equity Tangency,-0.009918492714632833,252
2023-12-07,Equity,Tangency,Equity Tangency,0.014931311598376379,252
2023-12-08,Equity,Tangency,Equity Tangency,0.009272260953327402,252
2023-12-11,Equity,Tangency,Equity Tangency,0.0009775392695424263,252
2023-12-12,Equity,Tangency,Equity Tangency,0.012334424801299048,252
2023-12-13,Equity,Tangency,Equity Tangency,0.010468778675238329,252
2023-12-14,Equity,Tangency,Equity Tangency,0.009483455090894625,252
2023-12-15,Equity,Tangency,Equity Tangency,0.0053639820323526195,252
2023-12-18,Equity,Tangency,Equity Tangency,0.010307509062236698,252
2023-12-19,Equity,Tangency,Equity Tangency,0.001701138871329044,252
2023-12-20,Equity,Tangency,Equity Tangency,-0.019458592963646482,252
2023-12-21,Equity,Tangency,Equity Tangency,0.01071996559499475,252
2023-12-22,Equity,Tangency,Equity Tangency,0.006099054798756798,252
2023-12-26,Equity,Tangency,Equity Tangency,0.003254937987422743,252
2023-12-27,Equity,Tangency,Equity Tangency,0.0012219801121717937,252
2023-12-28,Equity,Tangency,Equity Tangency,-0.00235314317969171,252
2023-12-29,Equity,Tangency,Equity Tangency,-0.001074881908175068,252
2021-01-04,Equity,Risk Parity,Equity Risk Parity,-0.011923404494081307,252
2021-01-05,Equity,Risk Parity,Equity Risk Parity,0.00893529360422928,252
2021-01-06,Equity,Risk Parity,Equity Risk Parity,0.010363275104685078,252
2021-01-07,Equity,Risk Parity,Equity Risk Parity,0.008808150620203393,252
2021-01-08,Equity,Risk Parity,Equity Risk Parity,0.0029036157612981717,252
2021-01-11,Equity,Risk Parity,Equity Risk Parity,-0.001063752128222679,252
2021-01-12,Equity,Risk Parity,Equity Risk Parity,-0.0004202856676173155,252
2021-01-13,Equity,Risk Parity,Equity Risk Parity,0.00024543449390802943,252
2021-01-14,Equity,Risk Parity,Equity Risk Parity,0.0018372336728559528,252
2021-01-15,Equity,Risk Parity,Equity Risk Parity,-0.007382694054045125,252
2021-01-19,Equity,Risk Parity,Equity Risk Parity,0.007036272804000779,252
2021-01-20,Equity,Risk Parity,Equity Risk Parity,0.0100321275564671,252
2021-01-21,Equity,Risk Parity,Equity Risk Parity,-0.006310659098640896,252
2021-01-22,Equity,Risk Parity,Equity Risk Parity,-0.002412757652335061,252
2021-01-25,Equity,Risk Parity,Equity Risk Parity,0.00312995593950985,252
2021-01-26,Equity,Risk Parity,Equity Risk Parity,-0.0037001065733439863,252
2021-01-27,Equity,Risk Parity,Equity Risk Parity,-0.025327394296722223,252
2021-01-28,Equity,Risk Parity,Equity Risk Parity,0.00945603053695088,252
2021-01-29,Equity,Risk Parity,Equity Risk Parity,-0.012518858014437887,252
2021-02-01,Equity,Risk Parity,Equity Risk Parity,0.007716535213326283,252
2021-02-02,Equity,Risk Parity,Equity Risk Parity,0.015487344348839919,252
2021-02-03,Equity,Risk Parity,Equity Risk Parity,-0.0017036869584462525,252
2021-02-04,Equity,Risk Parity,Equity Risk Parity,0.007260822638799954,252
2021-02-05,Equity,Risk Parity,Equity Risk Parity,0.00788350198653697,252
2021-02-08,Equity,Risk Parity,Equity Risk Parity,0.009961002555910358,252
2021-02-09,Equity,Risk Parity,Equity Risk Parity,-0.002784573921830023,252
2021-02-10,Equity,Risk Parity,Equity Risk Parity,5.354607256867181e-06,252
2021-02-11,Equity,Risk Parity,Equity Risk Parity,-0.001299853244399987,252
2021-02-12,Equity,Risk Parity,Equity Risk Parity,0.003931736405298377,252
2021-02-16,Equity,Risk Parity,Equity Risk Parity,-0.00294977318188815,252
2021-02-17,Equity,Risk Parity,Equity Risk Parity,0.002616033821086734,252
2021-02-18,Equity,Risk Parity,Equity Risk Parity,-0.004423281852196469,252
2021-02-19,Equity,Risk Parity,Equity Risk Parity,-0.0019452034519473276,252
2021-02-22,Equity,Risk Parity,Equity Risk Parity,0.0001753574538123404,252
2021-02-23,Equity,Risk Parity,Equity Risk Parity,-0.0008589521135539113,252
2021-02-24,Equity,Risk Parity,Equity Risk Parity,0.009589020197081407,252
2021-02-25,Equity,Risk Parity,Equity Risk Parity,-0.01609474790270586,252
2021-02-26,Equity,Risk Parity,Equity Risk Parity,-0.01326158720169897,252
2021-03-01,Equity,Risk Parity,Equity Risk Parity,0.01802399360193953,252
2021-03-02,Equity,Risk Parity,Equity Risk Parity,-0.0015482532527943023,252
2021-03-03,Equity,Risk Parity,Equity Risk Parity,-0.009616653724390608,252
2021-03-04,Equity,Risk Parity,Equity Risk Parity,-0.008109440154388432,252
2021-03-05,Equity,Risk Parity,Equity Risk Parity,0.01703498815859211,252
2021-03-08,Equity,Risk Parity,Equity Risk Parity,0.0004069274937917459,252
2021-03-09,Equity,Risk Parity,Equity Risk Parity,0.008469716324898608,252
2021-03-10,Equity,Risk Parity,Equity Risk Parity,0.00826826669810318,252
2021-03-11,Equity,Risk Parity,Equity Risk Parity,0.004742227002748801,252
2021-03-12,Equity,Risk Parity,Equity Risk Parity,0.006241647628833257,252
2021-03-15,Equity,Risk Parity,Equity Risk Parity,0.007835436337749564,252
2021-03-16,Equity,Risk Parity,Equity Risk Parity,0.0023552485158262406,252
2021-03-17,Equity,Risk Parity,Equity Risk Parity,-2.887223884541763e-05,252
2021-03-18,Equity,Risk Parity,Equity Risk Parity,-0.011590032304750452,252
2021-03-19,Equity,Risk Parity,Equity Risk Parity,-0.003954056371191854,252
2021-03-22,Equity,Risk Parity,Equity Risk Parity,0.007115127046151268,252
2021-03-23,Equity,Risk Parity,Equity Risk Parity,-0.005672514321687102,252
2021-03-24,Equity,Risk Parity,Equity Risk Parity,-0.004577603520925951,252
2021-03-25,Equity,Risk Parity,Equity Risk Parity,0.005914499197401597,252
2021-03-26,Equity,Risk Parity,Equity Risk Parity,0.019405473297170822,252
2021-03-29,Equity,Risk Parity,Equity Risk Parity,0.003455644223251438,252
2021-03-30,Equity,Risk Parity,Equity Risk Parity,-0.005089730845711898,252
2021-03-31,Equity,Risk Parity,Equity Risk Parity,-0.0003409555900997585,252
2021-04-01,Equity,Risk Parity,Equity Risk Parity,0.011664509463201543,252
2021-04-05,Equity,Risk Parity,Equity Risk Parity,0.007243021967716096,252
2021-04-06,Equity,Risk Parity,Equity Risk Parity,0.0005007723049221618,252
2021-04-07,Equity,Risk Parity,Equity Risk Parity,-0.001421780761252998,252
2021-04-08,Equity,Risk Parity,Equity Risk Parity,-0.0012839826452063976,252
2021-04-09,Equity,Risk Parity,Equity Risk Parity,0.0026264684136868333,252
2021-04-12,Equity,Risk Parity,Equity Risk Parity,-0.00017634783024829734,252
2021-04-13,Equity,Risk Parity,Equity Risk Parity,0.0027229913791238687,252
2021-04-14,Equity,Risk Parity,Equity Risk Parity,0.0009940730587249225,252
2021-04-15,Equity,Risk Parity,Equity Risk Parity,0.011047832665998,252
2021-04-16,Equity,Risk Parity,Equity Risk Parity,0.003571630182400096,252
2021-04-19,Equity,Risk Parity,Equity Risk Parity,-0.0038086560034881305,252
2021-04-20,Equity,Risk Parity,Equity Risk Parity,-0.004725682580422029,252
2021-04-21,Equity,Risk Parity,Equity Risk Parity,0.008939541432915284,252
2021-04-22,Equity,Risk Parity,Equity Risk Parity,-0.008355325165211884,252
2021-04-23,Equity,Risk Parity,Equity Risk Parity,0.007204746626947641,252
2021-04-26,Equity,Risk Parity,Equity Risk Parity,-0.0005237821966503051,252
2021-04-27,Equity,Risk Parity,Equity Risk Parity,0.00012738485561541494,252
2021-04-28,Equity,Risk Parity,Equity Risk Parity,-0.0007464922383354143,252
2021-04-29,Equity,Risk Parity,Equity Risk Parity,0.0076005181315033764,252
2021-04-30,Equity,Risk Parity,Equity Risk Parity,-0.005006652022842071,252
2021-05-03,Equity,Risk Parity,Equity Risk Parity,0.007496316529030268,252
2021-05-04,Equity,Risk Parity,Equity Risk Parity,-0.0032651980561526576,252
2021-05-05,Equity,Risk Parity,Equity Risk Parity,0.004898176648104393,252
2021-05-06,Equity,Risk Parity,Equity Risk Parity,0.008370297414164061,252
2021-05-07,Equity,Risk Parity,Equity Risk Parity,0.008265455604866422,252
2021-05-10,Equity,Risk Parity,Equity Risk Parity,-0.002675717088513065,252
2021-05-11,Equity,Risk Parity,Equity Risk Parity,-0.007575449548194186,252
2021-05-12,Equity,Risk Parity,Equity Risk Parity,-0.01587454808508896,252
2021-05-13,Equity,Risk Parity,Equity Risk Parity,0.009752652103302794,252
2021-05-14,Equity,Risk Parity,Equity Risk Parity,0.011758837890388792,252
2021-05-17,Equity,Risk Parity,Equity Risk Parity,0.002398029119060753,252
2021-05-18,Equity,Risk Parity,Equity Risk Parity,-0.006918353579964027,252
2021-05-19,Equity,Risk Parity,Equity Risk Parity,-0.003421698508810802,252
2021-05-20,Equity,Risk Parity,Equity Risk Parity,0.009409374857436483,252
2021-05-21,Equity,Risk Parity,Equity Risk Parity,0.0007189885200453297,252
2021-05-24,Equity,Risk Parity,Equity Risk Parity,0.0050067520429294575,252
2021-05-25,Equity,Risk Parity,Equity Risk Parity,-0.005178730566534872,252
2021-05-26,Equity,Risk Parity,Equity Risk Parity,0.0030456026083949877,252
2021-05-27,Equity,Risk Parity,Equity Risk Parity,0.0008090693476786204,252
2021-05-28,Equity,Risk Parity,Equity Risk Parity,0.0030060948090935118,252
2021-06-01,Equity,Risk Parity,Equity Risk Parity,0.0022056636497077738,252
2021-06-02,Equity,Risk Parity,Equity Risk Parity,0.0024307778191229703,252
2021-06-03,Equity,Risk Parity,Equity Risk Parity,0.0014811569098854126,252
2021-06-04,Equity,Risk Parity,Equity Risk Parity,0.0071630830987101535,252
2021-06-07,Equity,Risk Parity,Equity Risk Parity,-0.0016390368679639754,252
2021-06-08,Equity,Risk Parity,Equity Risk Parity,-0.003506176322078246,252
2021-06-09,Equity,Risk Parity,Equity Risk Parity,-0.001046963257963679,252
2021-06-10,Equity,Risk Parity,Equity Risk Parity,0.005160894024800603,252
2021-06-11,Equity,Risk Parity,Equity Risk Parity,-0.00047004229195660906,252
2021-06-14,Equity,Risk Parity,Equity Risk Parity,-0.0007887810035444883,252
2021-06-15,Equity,Risk Parity,Equity Risk Parity,-0.0030796024305354192,252
2021-06-16,Equity,Risk Parity,Equity Risk Parity,-0.009004010772504805,252
2021-06-17,Equity,Risk Parity,Equity Risk Parity,-0.006827003665603665,252
2021-06-18,Equity,Risk Parity,Equity Risk Parity,-0.013780718271831338,252
2021-06-21,Equity,Risk Parity,Equity Risk Parity,0.014961339700555217,252
2021-06-22,Equity,Risk Parity,Equity Risk Parity,0.0008827136874098542,252
2021-06-23,Equity,Risk Parity,Equity Risk Parity,-0.004648227331457006,252
2021-06-24,Equity,Risk Parity,Equity Risk Parity,0.006994375833545078,252
2021-06-25,Equity,Risk Parity,Equity Risk Parity,0.0077301458392149466,252
2021-06-28,Equity,Risk Parity,Equity Risk Parity,0.0004871404095550405,252
2021-06-29,Equity,Risk Parity,Equity Risk Parity,-0.0003828743339633481,252
2021-06-30,Equity,Risk Parity,Equity Risk Parity,0.004303378972371404,252
2021-07-01,Equity,Risk Parity,Equity Risk Parity,0.0052428417975730725,252
2021-07-02,Equity,Risk Parity,Equity Risk Parity,0.004407699241299695,252
2021-07-06,Equity,Risk Parity,Equity Risk Parity,-0.006373815199478766,252
2021-07-07,Equity,Risk Parity,Equity Risk Parity,0.001159096122532615,252
2021-07-08,Equity,Risk Parity,Equity Risk Parity,-0.006997521671008066,252
2021-07-09,Equity,Risk Parity,Equity Risk Parity,0.010400351638536967,252
2021-07-12,Equity,Risk Parity,Equity Risk Parity,0.0035587558763090148,252
2021-07-13,Equity,Risk Parity,Equity Risk Parity,-0.003290443034760611,252
2021-07-14,Equity,Risk Parity,Equity Risk Parity,0.00032901115730796763,252
2021-07-15,Equity,Risk Parity,Equity Risk Parity,-0.00043728810951798765,252
2021-07-16,Equity,Risk Parity,Equity Risk Parity,-0.0068589551743856465,252
2021-07-19,Equity,Risk Parity,Equity Risk Parity,-0.015177371471129885,252
2021-07-20,Equity,Risk Parity,Equity Risk Parity,0.009139435269335203,252
2021-07-21,Equity,Risk Parity,Equity Risk Parity,0.006629612442341075,252
2021-07-22,Equity,Risk Parity,Equity Risk Parity,-0.0005030871865302071,252
2021-07-23,Equity,Risk Parity,Equity Risk Parity,0.006341346764551387,252
2021-07-26,Equity,Risk Parity,Equity Risk Parity,0.0038525119097676448,252
2021-07-27,Equity,Risk Parity,Equity Risk Parity,-0.001782882754013669,252
2021-07-28,Equity,Risk Parity,Equity Risk Parity,0.002134947844276859,252
2021-07-29,Equity,Risk Parity,Equity Risk Parity,0.004996466343547324,252
2021-07-30,Equity,Risk Parity,Equity Risk Parity,-0.004362843899054304,252
2021-08-02,Equity,Risk Parity,Equity Risk Parity,-0.002279719822013441,252
2021-08-03,Equity,Risk Parity,Equity Risk Parity,0.00474640659630596,252
2021-08-04,Equity,Risk Parity,Equity Risk Parity,-0.007813555383727813,252
2021-08-05,Equity,Risk Parity,Equity Risk Parity,0.0037962120714801636,252
2021-08-06,Equity,Risk Parity,Equity Risk Parity,0.0013744579454102578,252
2021-08-09,Equity,Risk Parity,Equity Risk Parity,-0.002023359962710027,252
2021-08-10,Equity,Risk Parity,Equity Risk Parity,0.004902278815420651,252
2021-08-11,Equity,Risk Parity,Equity Risk Parity,0.007822202487611339,252
2021-08-12,Equity,Risk Parity,Equity Risk Parity,0.0021431008469668875,252
2021-08-13,Equity,Risk Parity,Equity Risk Parity,0.002428651881247861,252
2021-08-16,Equity,Risk Parity,Equity Risk Parity,0.0010399476928068959,252
2021-08-17,Equity,Risk Parity,Equity Risk Parity,-0.002753218150149253,252
2021-08-18,Equity,Risk Parity,Equity Risk Parity,-0.012766967796483316,252
2021-08-19,Equity,Risk Parity,Equity Risk Parity,-0.002421729437980438,252
2021-08-20,Equity,Risk Parity,Equity Risk Parity,0.005050457940040837,252
2021-08-23,Equity,Risk Parity,Equity Risk Parity,0.007923176657755977,252
2021-08-24,Equity,Risk Parity,Equity Risk Parity,8.565544057791963e-05,252
2021-08-25,Equity,Risk Parity,Equity Risk Parity,-0.0012492080161389044,252
2021-08-26,Equity,Risk Parity,Equity Risk Parity,-0.0063185041301834595,252
2021-08-27,Equity,Risk Parity,Equity Risk Parity,0.008965830623999194,252
2021-08-30,Equity,Risk Parity,Equity Risk Parity,0.0005794950391902271,252
2021-08-31,Equity,Risk Parity,Equity Risk Parity,0.0010071594143470724,252
2021-09-01,Equity,Risk Parity,Equity Risk Parity,-0.0013503860062036338,252
2021-09-02,Equity,Risk Parity,Equity Risk Parity,0.005853824330634592,252
2021-09-03,Equity,Risk Parity,Equity Risk Parity,-0.002320903851721866,252
2021-09-07,Equity,Risk Parity,Equity Risk Parity,-0.011113421947017798,252
2021-09-08,Equity,Risk Parity,Equity Risk Parity,-0.00020243685984048043,252
2021-09-09,Equity,Risk Parity,Equity Risk Parity,-0.007920790209555124,252
2021-09-10,Equity,Risk Parity,Equity Risk Parity,-0.0035904030726609136,252
2021-09-13,Equity,Risk Parity,Equity Risk Parity,0.003169822179384165,252
2021-09-14,Equity,Risk Parity,Equity Risk Parity,-0.008429431857420882,252
2021-09-15,Equity,Risk Parity,Equity Risk Parity,0.0063351714919876,252
2021-09-16,Equity,Risk Parity,Equity Risk Parity,-0.005104874960744728,252
2021-09-17,Equity,Risk Parity,Equity Risk Parity,-0.010641724810549024,252
2021-09-20,Equity,Risk Parity,Equity Risk Parity,-0.015487829928251767,252
2021-09-21,Equity,Risk Parity,Equity Risk Parity,-0.0022365668528193583,252
2021-09-22,Equity,Risk Parity,Equity Risk Parity,0.005767505540555717,252
2021-09-23,Equity,Risk Parity,Equity Risk Parity,0.008922488538913457,252
2021-09-24,Equity,Risk Parity,Equity Risk Parity,-0.0024834589120546384,252
2021-09-27,Equity,Risk Parity,Equity Risk Parity,0.0005026874800778928,252
2021-09-28,Equity,Risk Parity,Equity Risk Parity,-0.009805845131194807,252
2021-09-29,Equity,Risk Parity,Equity Risk Parity,0.004994288604160969,252
2021-09-30,Equity,Risk Parity,Equity Risk Parity,-0.00850426815283656,252
2021-10-01,Equity,Risk Parity,Equity Risk Parity,0.010295800769633155,252
2021-10-04,Equity,Risk Parity,Equity Risk Parity,-0.0025706055637296182,252
2021-10-05,Equity,Risk Parity,Equity Risk Parity,0.004564080589228606,252
2021-10-06,Equity,Risk Parity,Equity Risk Parity,0.0015472184083038824,252
2021-10-07,Equity,Risk Parity,Equity Risk Parity,0.008077763118038345,252
2021-10-08,Equity,Risk Parity,Equity Risk Parity,-0.0017167750703741406,252
2021-10-11,Equity,Risk Parity,Equity Risk Parity,-0.00890934433504322,252
2021-10-12,Equity,Risk Parity,Equity Risk Parity,-0.000649788902015497,252
2021-10-13,Equity,Risk Parity,Equity Risk Parity,0.0039948891088689336,252
2021-10-14,Equity,Risk Parity,Equity Risk Parity,0.012826879556422201,252
2021-10-15,Equity,Risk Parity,Equity Risk Parity,0.00320668516962931,252
2021-10-18,Equity,Risk Parity,Equity Risk Parity,-0.001461656036767929,252
2021-10-19,Equity,Risk Parity,Equity Risk Parity,0.010450850071259295,252
2021-10-20,Equity,Risk Parity,Equity Risk Parity,0.009258815546519347,252
2021-10-21,Equity,Risk Parity,Equity Risk Parity,0.002366613827908943,252
2021-10-22,Equity,Risk Parity,Equity Risk Parity,0.0015325459348279353,252
2021-10-25,Equity,Risk Parity,Equity Risk Parity,0.0053081002078745635,252
2021-10-26,Equity,Risk Parity,Equity Risk Parity,0.004624161865720782,252
2021-10-27,Equity,Risk Parity,Equity Risk Parity,-0.013903897995363772,252
2021-10-28,Equity,Risk Parity,Equity Risk Parity,0.007297341124995148,252
2021-10-29,Equity,Risk Parity,Equity Risk Parity,-0.0027191786883411896,252
2021-11-01,Equity,Risk Parity,Equity Risk Parity,0.006256106081467533,252
2021-11-02,Equity,Risk Parity,Equity Risk Parity,0.004631749843845081,252
2021-11-03,Equity,Risk Parity,Equity Risk Parity,0.005486443599743063,252
2021-11-04,Equity,Risk Parity,Equity Risk Parity,0.004693735957363691,252
2021-11-05,Equity,Risk Parity,Equity Risk Parity,0.0014787249560745178,252
2021-11-08,Equity,Risk Parity,Equity Risk Parity,0.0018269448300454523,252
2021-11-09,Equity,Risk Parity,Equity Risk Parity,0.0003156350486065823,252
2021-11-10,Equity,Risk Parity,Equity Risk Parity,-0.004072599315707153,252
2021-11-11,Equity,Risk Parity,Equity Risk Parity,0.0011932261782315874,252
2021-11-12,Equity,Risk Parity,Equity Risk Parity,0.0021012986420707886,252
2021-11-15,Equity,Risk Parity,Equity Risk Parity,-0.0023370032847732218,252
2021-11-16,Equity,Risk Parity,Equity Risk Parity,-0.0007460655922368705,252
2021-11-17,Equity,Risk Parity,Equity Risk Parity,-0.005249802348259061,252
2021-11-18,Equity,Risk Parity,Equity Risk Parity,-0.0019494271914842606,252
2021-11-19,Equity,Risk Parity,Equity Risk Parity,-0.006782818860923844,252
2021-11-22,Equity,Risk Parity,Equity Risk Parity,0.00018503723797672764,252
2021-11-23,Equity,Risk Parity,Equity Risk Parity,0.006595228182986109,252
2021-11-24,Equity,Risk Parity,Equity Risk Parity,0.0007311918753173093,252
2021-11-26,Equity,Risk Parity,Equity Risk Parity,-0.018087873890754527,252
2021-11-29,Equity,Risk Parity,Equity Risk Parity,0.005660370719770143,252
2021-11-30,Equity,Risk Parity,Equity Risk Parity,-0.021980618005023142,252
2021-12-01,Equity,Risk Parity,Equity Risk Parity,-0.01266752079575779,252
2021-12-02,Equity,Risk Parity,Equity Risk Parity,0.018753116852276586,252
2021-12-03,Equity,Risk Parity,Equity Risk Parity,0.0019637989022712144,252
2021-12-06,Equity,Risk Parity,Equity Risk Parity,0.01269032688579523,252
2021-12-07,Equity,Risk Parity,Equity Risk Parity,0.012185678732145967,252
2021-12-08,Equity,Risk Parity,Equity Risk Parity,8.36551712211044e-05,252
2021-12-09,Equity,Risk Parity,Equity Risk Parity,-0.005691707380589696,252
2021-12-10,Equity,Risk Parity,Equity Risk Parity,0.005685690959942302,252
2021-12-13,Equity,Risk Parity,Equity Risk Parity,-0.001943713195690507,252
2021-12-14,Equity,Risk Parity,Equity Risk Parity,-0.0016461108007208086,252
2021-12-15,Equity,Risk Parity,Equity Risk Parity,0.009207496931930051,252
2021-12-16,Equity,Risk Parity,Equity Risk Parity,0.006918864441600583,252
2021-12-17,Equity,Risk Parity,Equity Risk Parity,-0.011103995701430044,252
2021-12-20,Equity,Risk Parity,Equity Risk Parity,-0.005697564404733535,252
2021-12-21,Equity,Risk Parity,Equity Risk Parity,0.011083850719674083,252
2021-12-22,Equity,Risk Parity,Equity Risk Parity,0.005606606035869968,252
2021-12-23,Equity,Risk Parity,Equity Risk Parity,0.004729274290064865,252
2021-12-27,Equity,Risk Parity,Equity Risk Parity,0.011765074511589355,252
2021-12-28,Equity,Risk Parity,Equity Risk Parity,0.0021721549913614802,252
2021-12-29,Equity,Risk Parity,Equity Risk Parity,0.0012853321023439308,252
2021-12-30,Equity,Risk Parity,Equity Risk Parity,-0.0005989337072132083,252
2021-12-31,Equity,Risk Parity,Equity Risk Parity,-0.0013339660339019325,252
2022-01-03,Equity,Risk Parity,Equity Risk Parity,0.004609211609043563,252
2022-01-04,Equity,Risk Parity,Equity Risk Parity,0.0049574360698808224,252
2022-01-05,Equity,Risk Parity,Equity Risk Parity,-0.00875888002285905,252
2022-01-06,Equity,Risk Parity,Equity Risk Parity,-0.00209791260424491,252
2022-01-07,Equity,Risk Parity,Equity Risk Parity,0.0011900235106515856,252
2022-01-10,Equity,Risk Parity,Equity Risk Parity,-0.006963783848292718,252
2022-01-11,Equity,Risk Parity,Equity Risk Parity,0.008281274032026333,252
2022-01-12,Equity,Risk Parity,Equity Risk Parity,0.003477227622962348,252
2022-01-13,Equity,Risk Parity,Equity Risk Parity,-0.004773561255784311,252
2022-01-14,Equity,Risk Parity,Equity Risk Parity,4.616677042774772e-05,252
2022-01-18,Equity,Risk Parity,Equity Risk Parity,-0.009391254596263682,252
2022-01-19,Equity,Risk Parity,Equity Risk Parity,-0.0032528932343875755,252
2022-01-20,Equity,Risk Parity,Equity Risk Parity,-0.011296413405538407,252
2022-01-21,Equity,Risk Parity,Equity Risk Parity,-0.010472210452789184,252
2022-01-24,Equity,Risk Parity,Equity Risk Parity,0.0014784820914727542,252
2022-01-25,Equity,Risk Parity,Equity Risk Parity,-0.005728258898307521,252
2022-01-26,Equity,Risk Parity,Equity Risk Parity,-0.010364417831317935,252
2022-01-27,Equity,Risk Parity,Equity Risk Parity,-0.003162398990501234,252
2022-01-28,Equity,Risk Parity,Equity Risk Parity,0.016806904719909744,252
2022-01-31,Equity,Risk Parity,Equity Risk Parity,0.013440974708737055,252
2022-02-01,Equity,Risk Parity,Equity Risk Parity,0.007911988898869184,252
2022-02-02,Equity,Risk Parity,Equity Risk Parity,0.010194489339774411,252
2022-02-03,Equity,Risk Parity,Equity Risk Parity,-0.008462175493652694,252
2022-02-04,Equity,Risk Parity,Equity Risk Parity,-0.002168951574038734,252
2022-02-07,Equity,Risk Parity,Equity Risk Parity,0.0017742332777157372,252
2022-02-08,Equity,Risk Parity,Equity Risk Parity,0.003925192366843426,252
2022-02-09,Equity,Risk Parity,Equity Risk Parity,0.010502650782125986,252
2022-02-10,Equity,Risk Parity,Equity Risk Parity,-0.017732890105445088,252
2022-02-11,Equity,Risk Parity,Equity Risk Parity,-0.008969769575350624,252
2022-02-14,Equity,Risk Parity,Equity Risk Parity,-0.005756167051079036,252
2022-02-15,Equity,Risk Parity,Equity Risk Parity,0.00894503582416816,252
2022-02-16,Equity,Risk Parity,Equity Risk Parity,-0.0007314355555516222,252
2022-02-17,Equity,Risk Parity,Equity Risk Parity,-0.012415999020308077,252
2022-02-18,Equity,Risk Parity,Equity Risk Parity,-0.007543435066368665,252
2022-02-22,Equity,Risk Parity,Equity Risk Parity,-0.005734664865391916,252
2022-02-23,Equity,Risk Parity,Equity Risk Parity,-0.010081229164314427,252
2022-02-24,Equity,Risk Parity,Equity Risk Parity,0.005827335394706025,252
2022-02-25,Equity,Risk Parity,Equity Risk Parity,0.024681340054372218,252
2022-02-28,Equity,Risk Parity,Equity Risk Parity,-0.0045324637028012075,252
2022-03-01,Equity,Risk Parity,Equity Risk Parity,-0.010578389084187628,252
2022-03-02,Equity,Risk Parity,Equity Risk Parity,0.017803881847703637,252
2022-03-03,Equity,Risk Parity,Equity Risk Parity,0.0013963389094580748,252
2022-03-04,Equity,Risk Parity,Equity Risk Parity,0.0027852324724284383,252
2022-03-07,Equity,Risk Parity,Equity Risk Parity,-0.014998124715098904,252
2022-03-08,Equity,Risk Parity,Equity Risk Parity,-0.007263391333866044,252
2022-03-09,Equity,Risk Parity,Equity Risk Parity,0.012870201026142369,252
2022-03-10,Equity,Risk Parity,Equity Risk Parity,-0.0010450208874438968,252
2022-03-11,Equity,Risk Parity,Equity Risk Parity,-0.008175424379952386,252
2022-03-14,Equity,Risk Parity,Equity Risk Parity,-0.008944014091077913,252
2022-03-15,Equity,Risk Parity,Equity Risk Parity,0.01047131796475135,252
2022-03-16,Equity,Risk Parity,Equity Risk Parity,0.014003833224097475,252
2022-03-17,Equity,Risk Parity,Equity Risk Parity,0.013167345261469897,252
2022-03-18,Equity,Risk Parity,Equity Risk Parity,0.004597112183702796,252
2022-03-21,Equity,Risk Parity,Equity Risk Parity,0.0027698574998973277,252
2022-03-22,Equity,Risk Parity,Equity Risk Parity,0.00527593509657057,252
2022-03-23,Equity,Risk Parity,Equity Risk Parity,-0.009383041116082071,252
2022-03-24,Equity,Risk Parity,Equity Risk Parity,0.009968022891359698,252
2022-03-25,Equity,Risk Parity,Equity Risk Parity,0.008699337667547697,252
2022-03-28,Equity,Risk Parity,Equity Risk Parity,0.00307816697482229,252
2022-03-29,Equity,Risk Parity,Equity Risk Parity,0.012597121220092362,252
2022-03-30,Equity,Risk Parity,Equity Risk Parity,-0.003042278559554693,252
2022-03-31,Equity,Risk Parity,Equity Risk Parity,-0.013128240089586607,252
2022-04-01,Equity,Risk Parity,Equity Risk Parity,0.007090260685353542,252
2022-04-04,Equity,Risk Parity,Equity Risk Parity,0.0024072137342453725,252
2022-04-05,Equity,Risk Parity,Equity Risk Parity,-0.00892860662420298,252
2022-04-06,Equity,Risk Parity,Equity Risk Parity,0.0013723940804302884,252
2022-04-07,Equity,Risk Parity,Equity Risk Parity,0.001725310199253565,252
2022-04-08,Equity,Risk Parity,Equity Risk Parity,0.002827614020655375,252
2022-04-11,Equity,Risk Parity,Equity Risk Parity,-0.01092747721067433,252
2022-04-12,Equity,Risk Parity,Equity Risk Parity,-0.0013793287744724896,252
2022-04-13,Equity,Risk Parity,Equity Risk Parity,0.008264085393761651,252
2022-04-14,Equity,Risk Parity,Equity Risk Parity,-0.0017162670350400295,252
2022-04-18,Equity,Risk Parity,Equity Risk Parity,-0.0012517121062862225,252
2022-04-19,Equity,Risk Parity,Equity Risk Parity,0.011953459096837074,252
2022-04-20,Equity,Risk Parity,Equity Risk Parity,0.0018453692311502278,252
2022-04-21,Equity,Risk Parity,Equity Risk Parity,-0.011494063881684672,252
2022-04-22,Equity,Risk Parity,Equity Risk Parity,-0.021269652250777094,252
2022-04-25,Equity,Risk Parity,Equity Risk Parity,-0.0018439863052980225,252
2022-04-26,Equity,Risk Parity,Equity Risk Parity,-0.019719127232227643,252
2022-04-27,Equity,Risk Parity,Equity Risk Parity,0.00016627936113555164,252
2022-04-28,Equity,Risk Parity,Equity Risk Parity,0.016224518630128183,252
2022-04-29,Equity,Risk Parity,Equity Risk Parity,-0.0344170837904856,252
2022-05-02,Equity,Risk Parity,Equity Risk Parity,0.0026773784729785285,252
2022-05-03,Equity,Risk Parity,Equity Risk Parity,0.005006354133149087,252
2022-05-04,Equity,Risk Parity,Equity Risk Parity,0.028375324957693397,252
2022-05-05,Equity,Risk Parity,Equity Risk Parity,-0.023386969518066937,252
2022-05-06,Equity,Risk Parity,Equity Risk Parity,-0.005386215399717785,252
2022-05-09,Equity,Risk Parity,Equity Risk Parity,-0.03018013969718438,252
2022-05-10,Equity,Risk Parity,Equity Risk Parity,-0.00532128479405632,252
2022-05-11,Equity,Risk Parity,Equity Risk Parity,-0.001702825741451536,252
2022-05-12,Equity,Risk Parity,Equity Risk Parity,0.0031608303082260327,252
2022-05-13,Equity,Risk Parity,Equity Risk Parity,0.018981867564408058,252
2022-05-16,Equity,Risk Parity,Equity Risk Parity,0.0018116712700352142,252
2022-05-17,Equity,Risk Parity,Equity Risk Parity,0.0157557455393451,252
2022-05-18,Equity,Risk Parity,Equity Risk Parity,-0.026217209681707286,252
2022-05-19,Equity,Risk Parity,Equity Risk Parity,-0.0019712887905337885,252
2022-05-20,Equity,Risk Parity,Equity Risk Parity,0.002160797340882872,252
2022-05-23,Equity,Risk Parity,Equity Risk Parity,0.017882924899653416,252
2022-05-24,Equity,Risk Parity,Equity Risk Parity,0.0032681794927465722,252
2022-05-25,Equity,Risk Parity,Equity Risk Parity,0.0073653585721705035,252
2022-05-26,Equity,Risk Parity,Equity Risk Parity,0.012043072904773489,252
2022-05-27,Equity,Risk Parity,Equity Risk Parity,0.01763813206271034,252
2022-05-31,Equity,Risk Parity,Equity Risk Parity,-0.007272982554594612,252
2022-06-01,Equity,Risk Parity,Equity Risk Parity,-0.005620993065354962,252
2022-06-02,Equity,Risk Parity,Equity Risk Parity,0.013354478953293775,252
2022-06-03,Equity,Risk Parity,Equity Risk Parity,-0.008217786221628973,252
2022-06-06,Equity,Risk Parity,Equity Risk Parity,-0.0010942961804355474,252
2022-06-07,Equity,Risk Parity,Equity Risk Parity,0.009382821000861265,252
2022-06-08,Equity,Risk Parity,Equity Risk Parity,-0.012725844977133673,252
2022-06-09,Equity,Risk Parity,Equity Risk Parity,-0.022397005850140334,252
2022-06-10,Equity,Risk Parity,Equity Risk Parity,-0.021616024028392817,252
2022-06-13,Equity,Risk Parity,Equity Risk Parity,-0.0375951844822596,252
2022-06-14,Equity,Risk Parity,Equity Risk Parity,-0.008257974614210418,252
2022-06-15,Equity,Risk Parity,Equity Risk Parity,0.010289493528069264,252
2022-06-16,Equity,Risk Parity,Equity Risk Parity,-0.023923373929172737,252
2022-06-17,Equity,Risk Parity,Equity Risk Parity,-0.0029291537574295673,252
2022-06-21,Equity,Risk Parity,Equity Risk Parity,0.02142185901078098,252
2022-06-22,Equity,Risk Parity,Equity Risk Parity,-0.0007348864267283407,252
2022-06-23,Equity,Risk Parity,Equity Risk Parity,0.005485623935142455,252
2022-06-24,Equity,Risk Parity,Equity Risk Parity,0.025489670172416247,252
2022-06-27,Equity,Risk Parity,Equity Risk Parity,-0.003708589850047511,252
2022-06-28,Equity,Risk Parity,Equity Risk Parity,-0.011260996716373017,252
2022-06-29,Equity,Risk Parity,Equity Risk Parity,-0.0031042824755832675,252
2022-06-30,Equity,Risk Parity,Equity Risk Parity,-0.0072698509015909005,252
2022-07-01,Equity,Risk Parity,Equity Risk Parity,0.011871797969114811,252
2022-07-05,Equity,Risk Parity,Equity Risk Parity,-0.005095831233660237,252
2022-07-06,Equity,Risk Parity,Equity Risk Parity,0.0003521558763783692,252
2022-07-07,Equity,Risk Parity,Equity Risk Parity,0.010853828749116107,252
2022-07-08,Equity,Risk Parity,Equity Risk Parity,-0.0030413634332326937,252
2022-07-11,Equity,Risk Parity,Equity Risk Parity,-0.006061717404870591,252
2022-07-12,Equity,Risk Parity,Equity Risk Parity,-0.004617447457476604,252
2022-07-13,Equity,Risk Parity,Equity Risk Parity,-0.003232453332955692,252
2022-07-14,Equity,Risk Parity,Equity Risk Parity,-0.004048279473834651,252
2022-07-15,Equity,Risk Parity,Equity Risk Parity,0.01661418836216542,252
2022-07-18,Equity,Risk Parity,Equity Risk Parity,-0.005887275925410399,252
2022-07-19,Equity,Risk Parity,Equity Risk Parity,0.02388496253457231,252
2022-07-20,Equity,Risk Parity,Equity Risk Parity,2.2278383498066212e-05,252
2022-07-21,Equity,Risk Parity,Equity Risk Parity,0.00493573883439804,252
2022-07-22,Equity,Risk Parity,Equity Risk Parity,-0.003943232288960231,252
2022-07-25,Equity,Risk Parity,Equity Risk Parity,0.0003437327297142109,252
2022-07-26,Equity,Risk Parity,Equity Risk Parity,-0.0036673458156682185,252
2022-07-27,Equity,Risk Parity,Equity Risk Parity,0.00969583017832644,252
2022-07-28,Equity,Risk Parity,Equity Risk Parity,0.0103108006115022,252
2022-07-29,Equity,Risk Parity,Equity Risk Parity,0.006868566328364168,252
2022-08-01,Equity,Risk Parity,Equity Risk Parity,-0.0024564387591836344,252
2022-08-02,Equity,Risk Parity,Equity Risk Parity,-0.009125241595272173,252
2022-08-03,Equity,Risk Parity,Equity Risk Parity,0.007886837844652233,252
2022-08-04,Equity,Risk Parity,Equity Risk Parity,-0.001242220591147519,252
2022-08-05,Equity,Risk Parity,Equity Risk Parity,0.00016341869168130498,252
2022-08-08,Equity,Risk Parity,Equity Risk Parity,0.000485393415300812,252
2022-08-09,Equity,Risk Parity,Equity Risk Parity,-0.00046287427612641703,252
2022-08-10,Equity,Risk Parity,Equity Risk Parity,0.015333443002835212,252
2022-08-11,Equity,Risk Parity,Equity Risk Parity,0.0032320993764729986,252
2022-08-12,Equity,Risk Parity,Equity Risk Parity,0.015119085416184914,252
2022-08-15,Equity,Risk Parity,Equity Risk Parity,0.005874932369854202,252
2022-08-16,Equity,Risk Parity,Equity Risk Parity,0.0049250570708110645,252
2022-08-17,Equity,Risk Parity,Equity Risk Parity,-0.008092843653497895,252
2022-08-18,Equity,Risk Parity,Equity Risk Parity,0.0018061565328578168,252
2022-08-19,Equity,Risk Parity,Equity Risk Parity,-0.008462735498621364,252
2022-08-22,Equity,Risk Parity,Equity Risk Parity,-0.018019393104662922,252
2022-08-23,Equity,Risk Parity,Equity Risk Parity,-0.0005819100814450397,252
2022-08-24,Equity,Risk Parity,Equity Risk Parity,0.0015413685511730506,252
2022-08-25,Equity,Risk Parity,Equity Risk Parity,0.012493986749305224,252
2022-08-26,Equity,Risk Parity,Equity Risk Parity,-0.026087599179845943,252
2022-08-29,Equity,Risk Parity,Equity Risk Parity,-0.004547949849321878,252
2022-08-30,Equity,Risk Parity,Equity Risk Parity,-0.011933323811015127,252
2022-08-31,Equity,Risk Parity,Equity Risk Parity,-0.006482695406028841,252
2022-09-01,Equity,Risk Parity,Equity Risk Parity,0.0027910256810471843,252
2022-09-02,Equity,Risk Parity,Equity Risk Parity,-0.010379839418649697,252
2022-09-06,Equity,Risk Parity,Equity Risk Parity,-0.0031107325713160415,252
2022-09-07,Equity,Risk Parity,Equity Risk Parity,0.016914718451758473,252
2022-09-08,Equity,Risk Parity,Equity Risk Parity,0.00483777508341356,252
2022-09-09,Equity,Risk Parity,Equity Risk Parity,0.013753057641406774,252
2022-09-12,Equity,Risk Parity,Equity Risk Parity,0.008894251471411816,252
2022-09-13,Equity,Risk Parity,Equity Risk Parity,-0.037669369905036665,252
2022-09-14,Equity,Risk Parity,Equity Risk Parity,0.0028152752715442115,252
2022-09-15,Equity,Risk Parity,Equity Risk Parity,-0.015699313145310374,252
2022-09-16,Equity,Risk Parity,Equity Risk Parity,-0.005379634206851393,252
2022-09-19,Equity,Risk Parity,Equity Risk Parity,0.005821852383272811,252
2022-09-20,Equity,Risk Parity,Equity Risk Parity,-0.01584382867462324,252
2022-09-21,Equity,Risk Parity,Equity Risk Parity,-0.016452630903265306,252
2022-09-22,Equity,Risk Parity,Equity Risk Parity,-0.00714425684330347,252
2022-09-23,Equity,Risk Parity,Equity Risk Parity,-0.01990858347207646,252
2022-09-26,Equity,Risk Parity,Equity Risk Parity,-0.014753169195905433,252
2022-09-27,Equity,Risk Parity,Equity Risk Parity,-0.004378437385155038,252
2022-09-28,Equity,Risk Parity,Equity Risk Parity,0.020722018001969707,252
2022-09-29,Equity,Risk Parity,Equity Risk Parity,-0.019618442750653418,252
2022-09-30,Equity,Risk Parity,Equity Risk Parity,-0.015126774578930541,252
2022-10-03,Equity,Risk Parity,Equity Risk Parity,0.030377858922231413,252
2022-10-04,Equity,Risk Parity,Equity Risk Parity,0.027517884102147363,252
2022-10-05,Equity,Risk Parity,Equity Risk Parity,-0.004512997660433736,252
2022-10-06,Equity,Risk Parity,Equity Risk Parity,-0.011928867653455539,252
2022-10-07,Equity,Risk Parity,Equity Risk Parity,-0.022647680994903798,252
2022-10-10,Equity,Risk Parity,Equity Risk Parity,-0.003939164193642492,252
2022-10-11,Equity,Risk Parity,Equity Risk Parity,-0.001095657161109379,252
2022-10-12,Equity,Risk Parity,Equity Risk Parity,-0.006680942399442733,252
2022-10-13,Equity,Risk Parity,Equity Risk Parity,0.02707430055747795,252
2022-10-14,Equity,Risk Parity,Equity Risk Parity,-0.01679526226892512,252
2022-10-17,Equity,Risk Parity,Equity Risk Parity,0.01901870602233217,252
2022-10-18,Equity,Risk Parity,Equity Risk Parity,0.01222992862956642,252
2022-10-19,Equity,Risk Parity,Equity Risk Parity,-0.009201188864395485,252
2022-10-20,Equity,Risk Parity,Equity Risk Parity,-0.004026307139958505,252
2022-10-21,Equity,Risk Parity,Equity Risk Parity,0.022139675450209416,252
2022-10-24,Equity,Risk Parity,Equity Risk Parity,0.008903993135719625,252
2022-10-25,Equity,Risk Parity,Equity Risk Parity,0.01588130529636366,252
2022-10-26,Equity,Risk Parity,Equity Risk Parity,0.006404886505780816,252
2022-10-27,Equity,Risk Parity,Equity Risk Parity,-0.0005767730450814972,252
2022-10-28,Equity,Risk Parity,Equity Risk Parity,0.024848359787626482,252
2022-10-31,Equity,Risk Parity,Equity Risk Parity,-0.008082258517110802,252
2022-11-01,Equity,Risk Parity,Equity Risk Parity,0.0012026064701141945,252
2022-11-02,Equity,Risk Parity,Equity Risk Parity,-0.01765333683110385,252
2022-11-03,Equity,Risk Parity,Equity Risk Parity,-0.004281016214458008,252
2022-11-04,Equity,Risk Parity,Equity Risk Parity,0.01737775782503001,252
2022-11-07,Equity,Risk Parity,Equity Risk Parity,0.006683202314721009,252
2022-11-08,Equity,Risk Parity,Equity Risk Parity,0.006666076083778273,252
2022-11-09,Equity,Risk Parity,Equity Risk Parity,-0.01845572062942404,252
2022-11-10,Equity,Risk Parity,Equity Risk Parity,0.04662846905428625,252
2022-11-11,Equity,Risk Parity,Equity Risk Parity,0.008532640159747449,252
2022-11-14,Equity,Risk Parity,Equity Risk Parity,-0.00861424505154905,252
2022-11-15,Equity,Risk Parity,Equity Risk Parity,0.00938291139182196,252
2022-11-16,Equity,Risk Parity,Equity Risk Parity,-0.007594352378906499,252
2022-11-17,Equity,Risk Parity,Equity Risk Parity,-0.002390971751938284,252
2022-11-18,Equity,Risk Parity,Equity Risk Parity,0.006223287439365441,252
2022-11-21,Equity,Risk Parity,Equity Risk Parity,0.0018943633797511969,252
2022-11-22,Equity,Risk Parity,Equity Risk Parity,0.013673736958742666,252
2022-11-23,Equity,Risk Parity,Equity Risk Parity,0.003953580352396408,252
2022-11-25,Equity,Risk Parity,Equity Risk Parity,0.0010715502495947614,252
2022-11-28,Equity,Risk Parity,Equity Risk Parity,-0.016906268912290065,252
2022-11-29,Equity,Risk Parity,Equity Risk Parity,0.003799776494930342,252
2022-11-30,Equity,Risk Parity,Equity Risk Parity,0.023457362061704574,252
2022-12-01,Equity,Risk Parity,Equity Risk Parity,0.0006340003997481229,252
2022-12-02,Equity,Risk Parity,Equity Risk Parity,0.0018108536352765185,252
2022-12-05,Equity,Risk Parity,Equity Risk Parity,-0.016228402443354446,252
2022-12-06,Equity,Risk Parity,Equity Risk Parity,-0.010999144187762891,252
2022-12-07,Equity,Risk Parity,Equity Risk Parity,-0.0002571035409976835,252
2022-12-08,Equity,Risk Parity,Equity Risk Parity,0.0068270290081804946,252
2022-12-09,Equity,Risk Parity,Equity Risk Parity,-0.010184569972736646,252
2022-12-12,Equity,Risk Parity,Equity Risk Parity,0.015254522726103269,252
2022-12-13,Equity,Risk Parity,Equity Risk Parity,0.007793740606693265,252
2022-12-14,Equity,Risk Parity,Equity Risk Parity,-0.007490870489731316,252
2022-12-15,Equity,Risk Parity,Equity Risk Parity,-0.020813933709584412,252
2022-12-16,Equity,Risk Parity,Equity Risk Parity,-0.0090101958023513,252
2022-12-19,Equity,Risk Parity,Equity Risk Parity,-0.006652305708032662,252
2022-12-20,Equity,Risk Parity,Equity Risk Parity,0.002685307839814758,252
2022-12-21,Equity,Risk Parity,Equity Risk Parity,0.016147473646732465,252
2022-12-22,Equity,Risk Parity,Equity Risk Parity,-0.009238189563838881,252
2022-12-23,Equity,Risk Parity,Equity Risk Parity,0.006651932683055087,252
2022-12-27,Equity,Risk Parity,Equity Risk Parity,0.0009688725956373065,252
2022-12-28,Equity,Risk Parity,Equity Risk Parity,-0.012473069344441817,252
2022-12-29,Equity,Risk Parity,Equity Risk Parity,0.012794452249901911,252
2022-12-30,Equity,Risk Parity,Equity Risk Parity,-0.002163623622338437,252
2023-01-03,Equity,Risk Parity,Equity Risk Parity,0.003688476731011617,252
2023-01-04,Equity,Risk Parity,Equity Risk Parity,0.017476029195757373,252
2023-01-05,Equity,Risk Parity,Equity Risk Parity,-0.006956789622775043,252
2023-01-06,Equity,Risk Parity,Equity Risk Parity,0.02224317428426561,252
2023-01-09,Equity,Risk Parity,Equity Risk Parity,-0.002045630237921608,252
2023-01-10,Equity,Risk Parity,Equity Risk Parity,0.006987252024799835,252
2023-01-11,Equity,Risk Parity,Equity Risk Parity,0.008826607598485744,252
2023-01-12,Equity,Risk Parity,Equity Risk Parity,0.004571432123551523,252
2023-01-13,Equity,Risk Parity,Equity Risk Parity,0.0031484110425682604,252
2023-01-17,Equity,Risk Parity,Equity Risk Parity,-0.005396648795453928,252
2023-01-18,Equity,Risk Parity,Equity Risk Parity,-0.01658619179826664,252
2023-01-19,Equity,Risk Parity,Equity Risk Parity,-0.006598260347523567,252
2023-01-20,Equity,Risk Parity,Equity Risk Parity,0.014187494283751252,252
2023-01-23,Equity,Risk Parity,Equity Risk Parity,0.00988834881971193,252
2023-01-24,Equity,Risk Parity,Equity Risk Parity,-0.0023626440600076535,252
2023-01-25,Equity,Risk Parity,Equity Risk Parity,0.00162145002240196,252
2023-01-26,Equity,Risk Parity,Equity Risk Parity,0.005869686452728051,252
2023-01-27,Equity,Risk Parity,Equity Risk Parity,-0.0011949360339747431,252
2023-01-30,Equity,Risk Parity,Equity Risk Parity,-0.008617992654974224,252
2023-01-31,Equity,Risk Parity,Equity Risk Parity,0.011429671108715981,252
2023-02-01,Equity,Risk Parity,Equity Risk Parity,0.0040067456822931976,252
2023-02-02,Equity,Risk Parity,Equity Risk Parity,-0.0008707242821420541,252
2023-02-03,Equity,Risk Parity,Equity Risk Parity,-0.012933601002761856,252
2023-02-06,Equity,Risk Parity,Equity Risk Parity,-0.004814402126387041,252
2023-02-07,Equity,Risk Parity,Equity Risk Parity,0.009390015662145923,252
2023-02-08,Equity,Risk Parity,Equity Risk Parity,-0.00964386487041266,252
2023-02-09,Equity,Risk Parity,Equity Risk Parity,-0.008757069645964316,252
2023-02-10,Equity,Risk Parity,Equity Risk Parity,0.008131388196308658,252
2023-02-13,Equity,Risk Parity,Equity Risk Parity,0.00883859524336344,252
2023-02-14,Equity,Risk Parity,Equity Risk Parity,-0.0029154896893319768,252
2023-02-15,Equity,Risk Parity,Equity Risk Parity,0.00099015226136504,252
2023-02-16,Equity,Risk Parity,Equity Risk Parity,-0.013317769493271198,252
2023-02-17,Equity,Risk Parity,Equity Risk Parity,0.0003267898290802999,252
2023-02-21,Equity,Risk Parity,Equity Risk Parity,-0.015651146470545673,252
2023-02-22,Equity,Risk Parity,Equity Risk Parity,-0.006094380151793205,252
2023-02-23,Equity,Risk Parity,Equity Risk Parity,0.003211749798288577,252
2023-02-24,Equity,Risk Parity,Equity Risk Parity,-0.00933254260979352,252
2023-02-27,Equity,Risk Parity,Equity Risk Parity,0.0014120154403253742,252
2023-02-28,Equity,Risk Parity,Equity Risk Parity,-0.004329904049643275,252
2023-03-01,Equity,Risk Parity,Equity Risk Parity,-0.0021154257734191527,252
2023-03-02,Equity,Risk Parity,Equity Risk Parity,0.011412047878709732,252
2023-03-03,Equity,Risk Parity,Equity Risk Parity,0.012356063738301767,252
2023-03-06,Equity,Risk Parity,Equity Risk Parity,-0.0009678757018667226,252
2023-03-07,Equity,Risk Parity,Equity Risk Parity,-0.016469294492581707,252
2023-03-08,Equity,Risk Parity,Equity Risk Parity,0.0016955258929226996,252
2023-03-09,Equity,Risk Parity,Equity Risk Parity,-0.01608665767358906,252
2023-03-10,Equity,Risk Parity,Equity Risk Parity,-0.011442554332772073,252
2023-03-13,Equity,Risk Parity,Equity Risk Parity,0.0004919636403299582,252
2023-03-14,Equity,Risk Parity,Equity Risk Parity,0.0129404248455893,252
2023-03-15,Equity,Risk Parity,Equity Risk Parity,-0.0050473036559867766,252
2023-03-16,Equity,Risk Parity,Equity Risk Parity,0.011604658686022156,252
2023-03-17,Equity,Risk Parity,Equity Risk Parity,-0.01051532520442777,252
2023-03-20,Equity,Risk Parity,Equity Risk Parity,0.011032937060416952,252
2023-03-21,Equity,Risk Parity,Equity Risk Parity,0.005213753784904774,252
2023-03-22,Equity,Risk Parity,Equity Risk Parity,-0.01911961890031796,252
2023-03-23,Equity,Risk Parity,Equity Risk Parity,0.0026007508963303582,252
2023-03-24,Equity,Risk Parity,Equity Risk Parity,0.009956574221998341,252
2023-03-27,Equity,Risk Parity,Equity Risk Parity,0.003387998602357459,252
2023-03-28,Equity,Risk Parity,Equity Risk Parity,0.0008442438357094871,252
2023-03-29,Equity,Risk Parity,Equity Risk Parity,0.014123769790941107,252
2023-03-30,Equity,Risk Parity,Equity Risk Parity,0.004782175975723954,252
2023-03-31,Equity,Risk Parity,Equity Risk Parity,0.012418390436698564,252
2023-04-03,Equity,Risk Parity,Equity Risk Parity,0.006024983508058677,252
2023-04-04,Equity,Risk Parity,Equity Risk Parity,-0.0023937804202182693,252
2023-04-05,Equity,Risk Parity,Equity Risk Parity,0.005990328031313979,252
2023-04-06,Equity,Risk Parity,Equity Risk Parity,0.00017782322855496344,252
2023-04-10,Equity,Risk Parity,Equity Risk Parity,0.002218410964975318,252
2023-04-11,Equity,Risk Parity,Equity Risk Parity,0.0018247711532044524,252
2023-04-12,Equity,Risk Parity,Equity Risk Parity,-0.0021268019950495503,252
2023-04-13,Equity,Risk Parity,Equity Risk Parity,0.0076242232806624744,252
2023-04-14,Equity,Risk Parity,Equity Risk Parity,-0.006319286150985941,252
2023-04-17,Equity,Risk Parity,Equity Risk Parity,0.004659525521539124,252
2023-04-18,Equity,Risk Parity,Equity Risk Parity,-0.00022931340415793583,252
2023-04-19,Equity,Risk Parity,Equity Risk Parity,0.0020824761848153976,252
2023-04-20,Equity,Risk Parity,Equity Risk Parity,-0.0065757320233490735,252
2023-04-21,Equity,Risk Parity,Equity Risk Parity,0.0006753323420810629,252
2023-04-24,Equity,Risk Parity,Equity Risk Parity,0.0018552799978498896,252
2023-04-25,Equity,Risk Parity,Equity Risk Parity,-0.012341942613868088,252
2023-04-26,Equity,Risk Parity,Equity Risk Parity,-0.014121128136764327,252
2023-04-27,Equity,Risk Parity,Equity Risk Parity,0.013470928634100656,252
2023-04-28,Equity,Risk Parity,Equity Risk Parity,0.007252724633937783,252
2023-05-01,Equity,Risk Parity,Equity Risk Parity,-0.002900374932634455,252
2023-05-02,Equity,Risk Parity,Equity Risk Parity,-0.014708927972912646,252
2023-05-03,Equity,Risk Parity,Equity Risk Parity,-0.010908775993526737,252
2023-05-04,Equity,Risk Parity,Equity Risk Parity,-0.003875871763047948,252
2023-05-05,Equity,Risk Parity,Equity Risk Parity,0.015580200291991725,252
2023-05-08,Equity,Risk Parity,Equity Risk Parity,-0.0009499327093280891,252
2023-05-09,Equity,Risk Parity,Equity Risk Parity,-0.0043677106408635145,252
2023-05-10,Equity,Risk Parity,Equity Risk Parity,-0.0011226291658432736,252
2023-05-11,Equity,Risk Parity,Equity Risk Parity,-0.008334881737111922,252
2023-05-12,Equity,Risk Parity,Equity Risk Parity,-0.0003684356743730932,252
2023-05-15,Equity,Risk Parity,Equity Risk Parity,0.0027774244967884764,252
2023-05-16,Equity,Risk Parity,Equity Risk Parity,-0.01620663880370576,252
2023-05-17,Equity,Risk Parity,Equity Risk Parity,0.009394903637382792,252
2023-05-18,Equity,Risk Parity,Equity Risk Parity,0.005027979218847666,252
2023-05-19,Equity,Risk Parity,Equity Risk Parity,-0.0020325516471552023,252
2023-05-22,Equity,Risk Parity,Equity Risk Parity,-0.00017728192442478441,252
2023-05-23,Equity,Risk Parity,Equity Risk Parity,-0.0074100262671631684,252
2023-05-24,Equity,Risk Parity,Equity Risk Parity,-0.00892924354090593,252
2023-05-25,Equity,Risk Parity,Equity Risk Parity,-0.003635618866379893,252
2023-05-26,Equity,Risk Parity,Equity Risk Parity,0.006958111214898607,252
2023-05-30,Equity,Risk Parity,Equity Risk Parity,-0.002587506964583518,252
2023-05-31,Equity,Risk Parity,Equity Risk Parity,-0.0019509640628622225,252
2023-06-01,Equity,Risk Parity,Equity Risk Parity,0.0037625801849254124,252
2023-06-02,Equity,Risk Parity,Equity Risk Parity,0.01754985513165949,252
2023-06-05,Equity,Risk Parity,Equity Risk Parity,-0.00470565412389718,252
2023-06-06,Equity,Risk Parity,Equity Risk Parity,0.0020144754992590485,252
2023-06-07,Equity,Risk Parity,Equity Risk Parity,0.007402576490814556,252
2023-06-08,Equity,Risk Parity,Equity Risk Parity,0.004831682716042714,252
2023-06-09,Equity,Risk Parity,Equity Risk Parity,-0.0029588524365499933,252
2023-06-12,Equity,Risk Parity,Equity Risk Parity,0.0044583852261263004,252
2023-06-13,Equity,Risk Parity,Equity Risk Parity,0.006765747174647049,252
2023-06-14,Equity,Risk Parity,Equity Risk Parity,0.0002902343986493108,252
2023-06-15,Equity,Risk Parity,Equity Risk Parity,0.01058335176489833,252
2023-06-16,Equity,Risk Parity,Equity Risk Parity,0.0012316171478864285,252
2023-06-20,Equity,Risk Parity,Equity Risk Parity,-0.011735741917133852,252
2023-06-21,Equity,Risk Parity,Equity Risk Parity,-0.002623237115236727,252
2023-06-22,Equity,Risk Parity,Equity Risk Parity,-0.003622882988939278,252
2023-06-23,Equity,Risk Parity,Equity Risk Parity,-0.007051510773330388,252
2023-06-26,Equity,Risk Parity,Equity Risk Parity,0.006470012195337993,252
2023-06-27,Equity,Risk Parity,Equity Risk Parity,0.005783477187524814,252
2023-06-28,Equity,Risk Parity,Equity Risk Parity,-0.0025358889243080798,252
2023-06-29,Equity,Risk Parity,Equity Risk Parity,0.005459540546433492,252
2023-06-30,Equity,Risk Parity,Equity Risk Parity,0.008653040582119537,252
2023-07-03,Equity,Risk Parity,Equity Risk Parity,0.005489173388603093,252
2023-07-05,Equity,Risk Parity,Equity Risk Parity,-0.0035836093536889407,252
2023-07-06,Equity,Risk Parity,Equity Risk Parity,-0.011475901330743396,252
2023-07-07,Equity,Risk Parity,Equity Risk Parity,-0.0019419268186925873,252
2023-07-10,Equity,Risk Parity,Equity Risk Parity,0.004842229210358715,252
2023-07-11,Equity,Risk Parity,Equity Risk Parity,0.01366088059971611,252
2023-07-12,Equity,Risk Parity,Equity Risk Parity,0.007370179776593142,252
2023-07-13,Equity,Risk Parity,Equity Risk Parity,0.0047766035357965945,252
2023-07-14,Equity,Risk Parity,Equity Risk Parity,-0.004787128235365775,252
2023-07-17,Equity,Risk Parity,Equity Risk Parity,-0.004649725358007041,252
2023-07-18,Equity,Risk Parity,Equity Risk Parity,0.0048231003001725625,252
2023-07-19,Equity,Risk Parity,Equity Risk Parity,0.006138473125826173,252
2023-07-20,Equity,Risk Parity,Equity Risk Parity,0.002549661856128932,252
2023-07-21,Equity,Risk Parity,Equity Risk Parity,0.0056498021531890845,252
2023-07-24,Equity,Risk Parity,Equity Risk Parity,0.003875518321529931,252
2023-07-25,Equity,Risk Parity,Equity Risk Parity,0.0024377339348271992,252
2023-07-26,Equity,Risk Parity,Equity Risk Parity,0.00179820497803434,252
2023-07-27,Equity,Risk Parity,Equity Risk Parity,-0.005280918544897323,252
2023-07-28,Equity,Risk Parity,Equity Risk Parity,0.003708551904142924,252
2023-07-31,Equity,Risk Parity,Equity Risk Parity,0.0027700371427069976,252
2023-08-01,Equity,Risk Parity,Equity Risk Parity,-0.004525982573925019,252
2023-08-02,Equity,Risk Parity,Equity Risk Parity,-0.012567038201472844,252
2023-08-03,Equity,Risk Parity,Equity Risk Parity,-0.005928335817432868,252
2023-08-04,Equity,Risk Parity,Equity Risk Parity,-0.002315807850865876,252
2023-08-07,Equity,Risk Parity,Equity Risk Parity,0.008235103933697852,252
2023-08-08,Equity,Risk Parity,Equity Risk Parity,-0.003060355341376425,252
2023-08-09,Equity,Risk Parity,Equity Risk Parity,-0.0009149616649217652,252
2023-08-10,Equity,Risk Parity,Equity Risk Parity,0.0008923850949549656,252
2023-08-11,Equity,Risk Parity,Equity Risk Parity,0.0023316699316538758,252
2023-08-14,Equity,Risk Parity,Equity Risk Parity,0.0005512863505739813,252
2023-08-15,Equity,Risk Parity,Equity Risk Parity,-0.012114405154044692,252
2023-08-16,Equity,Risk Parity,Equity Risk Parity,-0.007296921148305898,252
2023-08-17,Equity,Risk Parity,Equity Risk Parity,-0.0052007792457569885,252
2023-08-18,Equity,Risk Parity,Equity Risk Parity,0.0012401867473256628,252
2023-08-21,Equity,Risk Parity,Equity Risk Parity,-0.00104848148401185,252
2023-08-22,Equity,Risk Parity,Equity Risk Parity,-0.003933581214423467,252
2023-08-23,Equity,Risk Parity,Equity Risk Parity,0.007773498107700663,252
2023-08-24,Equity,Risk Parity,Equity Risk Parity,-0.011350424948453664,252
2023-08-25,Equity,Risk Parity,Equity Risk Parity,0.0045043648165958225,252
2023-08-28,Equity,Risk Parity,Equity Risk Parity,0.007371787638302477,252
2023-08-29,Equity,Risk Parity,Equity Risk Parity,0.011514082464263276,252
2023-08-30,Equity,Risk Parity,Equity Risk Parity,0.0013743417122449387,252
2023-08-31,Equity,Risk Parity,Equity Risk Parity,-0.0037519937287730696,252
2023-09-01,Equity,Risk Parity,Equity Risk Parity,0.002644103156988635,252
2023-09-05,Equity,Risk Parity,Equity Risk Parity,-0.009785687312728998,252
2023-09-06,Equity,Risk Parity,Equity Risk Parity,-0.003923296743474817,252
2023-09-07,Equity,Risk Parity,Equity Risk Parity,0.0017793788921931875,252
2023-09-08,Equity,Risk Parity,Equity Risk Parity,0.0037017508813305395,252
2023-09-11,Equity,Risk Parity,Equity Risk Parity,0.003862404565710848,252
2023-09-12,Equity,Risk Parity,Equity Risk Parity,0.0007035114350029385,252
2023-09-13,Equity,Risk Parity,Equity Risk Parity,-0.0001252382235877785,252
2023-09-14,Equity,Risk Parity,Equity Risk Parity,0.012217511854992494,252
2023-09-15,Equity,Risk Parity,Equity Risk Parity,-0.009448067226427779,252
2023-09-18,Equity,Risk Parity,Equity Risk Parity,-0.00046046166676025823,252
2023-09-19,Equity,Risk Parity,Equity Risk Parity,-0.0033304058900927276,252
2023-09-20,Equity,Risk Parity,Equity Risk Parity,-0.0033252864988572895,252
2023-09-21,Equity,Risk Parity,Equity Risk Parity,-0.01738175186507093,252
2023-09-22,Equity,Risk Parity,Equity Risk Parity,-0.0029345419919427273,252
2023-09-25,Equity,Risk Parity,Equity Risk Parity,0.0011632328936209515,252
2023-09-26,Equity,Risk Parity,Equity Risk Parity,-0.011562374777706287,252
2023-09-27,Equity,Risk Parity,Equity Risk Parity,-0.0038787791440411906,252
2023-09-28,Equity,Risk Parity,Equity Risk Parity,0.003382205257811669,252
2023-09-29,Equity,Risk Parity,Equity Risk Parity,-0.0013637210351817427,252
2023-10-02,Equity,Risk Parity,Equity Risk Parity,-0.014534065382893271,252
2023-10-03,Equity,Risk Parity,Equity Risk Parity,-0.00837220497131377,252
2023-10-04,Equity,Risk Parity,Equity Risk Parity,0.0029007845547590312,252
2023-10-05,Equity,Risk Parity,Equity Risk Parity,-0.00194086897701589,252
2023-10-06,Equity,Risk Parity,Equity Risk Parity,0.009989912472841152,252
2023-10-09,Equity,Risk Parity,Equity Risk Parity,0.008186628041278442,252
2023-10-10,Equity,Risk Parity,Equity Risk Parity,0.00875198359313084,252
2023-10-11,Equity,Risk Parity,Equity Risk Parity,0.00432666446879066,252
2023-10-12,Equity,Risk Parity,Equity Risk Parity,-0.00803449177737377,252
2023-10-13,Equity,Risk Parity,Equity Risk Parity,0.0020824582660076744,252
2023-10-16,Equity,Risk Parity,Equity Risk Parity,0.00986087118118467,252
2023-10-17,Equity,Risk Parity,Equity Risk Parity,0.0028014099457696878,252
2023-10-18,Equity,Risk Parity,Equity Risk Parity,-0.013567640317331273,252
2023-10-19,Equity,Risk Parity,Equity Risk Parity,-0.009666646548681764,252
2023-10-20,Equity,Risk Parity,Equity Risk Parity,-0.007682505512628667,252
2023-10-23,Equity,Risk Parity,Equity Risk Parity,-0.006142525301118099,252
2023-10-24,Equity,Risk Parity,Equity Risk Parity,0.011255316153984252,252
2023-10-25,Equity,Risk Parity,Equity Risk Parity,-0.01122684079225654,252
2023-10-26,Equity,Risk Parity,Equity Risk Parity,-0.0018253626328977779,252
2023-10-27,Equity,Risk Parity,Equity Risk Parity,-0.010516402554086991,252
2023-10-30,Equity,Risk Parity,Equity Risk Parity,0.009362264372044451,252
2023-10-31,Equity,Risk Parity,Equity Risk Parity,0.0053347281191652406,252
2023-11-01,Equity,Risk Parity,Equity Risk Parity,0.005087715044026441,252
2023-11-02,Equity,Risk Parity,Equity Risk Parity,0.024011008659454467,252
2023-11-03,Equity,Risk Parity,Equity Risk Parity,0.01180460991765065,252
2023-11-06,Equity,Risk Parity,Equity Risk Parity,-0.004591818280048143,252
2023-11-07,Equity,Risk Parity,Equity Risk Parity,-0.0031386076780488955,252
2023-11-08,Equity,Risk Parity,Equity Risk Parity,-0.00213098889814209,252
2023-11-09,Equity,Risk Parity,Equity Risk Parity,-0.009988490232885372,252
2023-11-10,Equity,Risk Parity,Equity Risk Parity,0.009461483054554385,252
2023-11-13,Equity,Risk Parity,Equity Risk Parity,-0.0014028817529305106,252
2023-11-14,Equity,Risk Parity,Equity Risk Parity,0.02349223269476797,252
2023-11-15,Equity,Risk Parity,Equity Risk Parity,0.005308011116381821,252
2023-11-16,Equity,Risk Parity,Equity Risk Parity,-0.00019414391047001874,252
2023-11-17,Equity,Risk Parity,Equity Risk Parity,0.0021401374894957944,252
2023-11-20,Equity,Risk Parity,Equity Risk Parity,0.004251670241744753,252
2023-11-21,Equity,Risk Parity,Equity Risk Parity,-0.001396085934784142,252
2023-11-22,Equity,Risk Parity,Equity Risk Parity,0.001869256337101334,252
2023-11-24,Equity,Risk Parity,Equity Risk Parity,0.00254255352077211,252
2023-11-27,Equity,Risk Parity,Equity Risk Parity,0.0008254433487853593,252
2023-11-28,Equity,Risk Parity,Equity Risk Parity,0.002878272968690483,252
2023-11-29,Equity,Risk Parity,Equity Risk Parity,0.0041788644863585125,252
2023-11-30,Equity,Risk Parity,Equity Risk Parity,0.006804687440350207,252
2023-12-01,Equity,Risk Parity,Equity Risk Parity,0.009340086299403229,252
2023-12-04,Equity,Risk Parity,Equity Risk Parity,-0.0007876414559003339,252
2023-12-05,Equity,Risk Parity,Equity Risk Parity,-0.004153180798723814,252
2023-12-06,Equity,Risk Parity,Equity Risk Parity,0.00023585021617957363,252
2023-12-07,Equity,Risk Parity,Equity Risk Parity,0.0031357547445545354,252
2023-12-08,Equity,Risk Parity,Equity Risk Parity,0.002037522152197036,252
2023-12-11,Equity,Risk Parity,Equity Risk Parity,0.006349937357355518,252
2023-12-12,Equity,Risk Parity,Equity Risk Parity,0.001017092037408189,252
2023-12-13,Equity,Risk Parity,Equity Risk Parity,0.021811706666354024,252
2023-12-14,Equity,Risk Parity,Equity Risk Parity,0.011158813979306782,252
2023-12-15,Equity,Risk Parity,Equity Risk Parity,-0.00435112291966482,252
2023-12-18,Equity,Risk Parity,Equity Risk Parity,-0.0011119488355900236,252
2023-12-19,Equity,Risk Parity,Equity Risk Parity,0.007323441726911151,252
2023-12-20,Equity,Risk Parity,Equity Risk Parity,-0.014513683340071176,252
2023-12-21,Equity,Risk Parity,Equity Risk Parity,0.007775366615945546,252
2023-12-22,Equity,Risk Parity,Equity Risk Parity,0.0030196659046463296,252
2023-12-26,Equity,Risk Parity,Equity Risk Parity,0.005306181690148786,252
2023-12-27,Equity,Risk Parity,Equity Risk Parity,0.0019217860796019249,252
2023-12-28,Equity,Risk Parity,Equity Risk Parity,0.0018249013562909302,252
2023-12-29,Equity,Risk Parity,Equity Risk Parity,-0.0026346943443689686,252
2021-01-01,Crypto,Equal Weight,Crypto Equal Weight,0.011329133285298942,365
2021-01-02,Crypto,Equal Weight,Crypto Equal Weight,0.02072716260525204,365
2021-01-03,Crypto,Equal Weight,Crypto Equal Weight,0.11625440576667895,365
2021-01-04,Crypto,Equal Weight,Crypto Equal Weight,0.04516079223322002,365
2021-01-05,Crypto,Equal Weight,Crypto Equal Weight,0.04535021621589661,365
2021-01-06,Crypto,Equal Weight,Crypto Equal Weight,0.17477270939392503,365
2021-01-07,Crypto,Equal Weight,Crypto Equal Weight,0.012463243144315017,365
2021-01-08,Crypto,Equal Weight,Crypto Equal Weight,-0.007003682538939727,365
2021-01-09,Crypto,Equal Weight,Crypto Equal Weight,0.08814075491705675,365
2021-01-10,Crypto,Equal Weight,Crypto Equal Weight,-0.02676059395587328,365
2021-01-11,Crypto,Equal Weight,Crypto Equal Weight,-0.1287050223078924,365
2021-01-12,Crypto,Equal Weight,Crypto Equal Weight,-0.01873015718865717,365
2021-01-13,Crypto,Equal Weight,Crypto Equal Weight,0.08238594887992638,365
2021-01-14,Crypto,Equal Weight,Crypto Equal Weight,0.01972143296946164,365
2021-01-15,Crypto,Equal Weight,Crypto Equal Weight,-0.03879468771114989,365
2021-01-16,Crypto,Equal Weight,Crypto Equal Weight,0.026781295053940557,365
2021-01-17,Crypto,Equal Weight,Crypto Equal Weight,0.0029297359520326642,365
2021-01-18,Crypto,Equal Weight,Crypto Equal Weight,0.025718389419126575,365
2021-01-19,Crypto,Equal Weight,Crypto Equal Weight,0.009387901143479229,365
2021-01-20,Crypto,Equal Weight,Crypto Equal Weight,-0.0058896989478037795,365
2021-01-21,Crypto,Equal Weight,Crypto Equal Weight,-0.12997330223040066,365
2021-01-22,Crypto,Equal Weight,Crypto Equal Weight,0.060561232008807364,365
2021-01-23,Crypto,Equal Weight,Crypto Equal Weight,-0.002104304596237205,365
2021-01-24,Crypto,Equal Weight,Crypto Equal Weight,0.02788878387300729,365
2021-01-25,Crypto,Equal Weight,Crypto Equal Weight,-0.022128620741430138,365
2021-01-26,Crypto,Equal Weight,Crypto Equal Weight,-0.0025064396519793313,365
2021-01-27,Crypto,Equal Weight,Crypto Equal Weight,-0.07433293275748028,365
2021-01-28,Crypto,Equal Weight,Crypto Equal Weight,0.09385199353492833,365
2021-01-29,Crypto,Equal Weight,Crypto Equal Weight,0.02826646477641599,365
2021-01-30,Crypto,Equal Weight,Crypto Equal Weight,0.07294494996215131,365
2021-01-31,Crypto,Equal Weight,Crypto Equal Weight,-0.016892319482285013,365
2021-02-01,Crypto,Equal Weight,Crypto Equal Weight,0.018638160220836718,365
2021-02-02,Crypto,Equal Weight,Crypto Equal Weight,0.04105192217355688,365
2021-02-03,Crypto,Equal Weight,Crypto Equal Weight,0.0470529366919517,365
2021-02-04,Crypto,Equal Weight,Crypto Equal Weight,-0.017631563926056238,365
2021-02-05,Crypto,Equal Weight,Crypto Equal Weight,0.08420520824667656,365
2021-02-06,Crypto,Equal Weight,Crypto Equal Weight,0.02224549467936311,365
2021-02-07,Crypto,Equal Weight,Crypto Equal Weight,-0.0031776159818694073,365
2021-02-08,Crypto,Equal Weight,Crypto Equal Weight,0.08091486208561834,365
2021-02-09,Crypto,Equal Weight,Crypto Equal Weight,0.06552021148361524,365
2021-02-10,Crypto,Equal Weight,Crypto Equal Weight,0.04281518400419214,365
2021-02-11,Crypto,Equal Weight,Crypto Equal Weight,0.07786914577868172,365
2021-02-12,Crypto,Equal Weight,Crypto Equal Weight,0.0542892610980854,365
2021-02-13,Crypto,Equal Weight,Crypto Equal Weight,0.09582165507240964,365
2021-02-14,Crypto,Equal Weight,Crypto Equal Weight,-0.029392275423807516,365
2021-02-15,Crypto,Equal Weight,Crypto Equal Weight,-0.0442129748696292,365
2021-02-16,Crypto,Equal Weight,Crypto Equal Weight,-0.002247445100434942,365
2021-02-17,Crypto,Equal Weight,Crypto Equal Weight,0.04211707838283616,365
2021-02-18,Crypto,Equal Weight,Crypto Equal Weight,0.0029177062460999047,365
2021-02-19,Crypto,Equal Weight,Crypto Equal Weight,0.04897981498578349,365
2021-02-20,Crypto,Equal Weight,Crypto Equal Weight,-0.017299540561226037,365
2021-02-21,Crypto,Equal Weight,Crypto Equal Weight,0.024297174916646205,365
2021-02-22,Crypto,Equal Weight,Crypto Equal Weight,-0.06280956341200479,365
2021-02-23,Crypto,Equal Weight,Crypto Equal Weight,-0.1578836306811806,365
2021-02-24,Crypto,Equal Weight,Crypto Equal Weight,0.039670040547773386,365
2021-02-25,Crypto,Equal Weight,Crypto Equal Weight,-0.052955858492939885,365
2021-02-26,Crypto,Equal Weight,Crypto Equal Weight,0.002442972275643785,365
2021-02-27,Crypto,Equal Weight,Crypto Equal Weight,0.030875544497424058,365
2021-02-28,Crypto,Equal Weight,Crypto Equal Weight,-0.04371588305482723,365
2021-03-01,Crypto,Equal Weight,Crypto Equal Weight,0.06607202453353705,365
2021-03-02,Crypto,Equal Weight,Crypto Equal Weight,-0.016013865689389763,365
2021-03-03,Crypto,Equal Weight,Crypto Equal Weight,0.03318617359233237,365
2021-03-04,Crypto,Equal Weight,Crypto Equal Weight,-0.015426510631809486,365
2021-03-05,Crypto,Equal Weight,Crypto Equal Weight,-0.008545836651957895,365
2021-03-06,Crypto,Equal Weight,Crypto Equal Weight,0.009728254619080622,365
2021-03-07,Crypto,Equal Weight,Crypto Equal Weight,0.028383768233542828,365
2021-03-08,Crypto,Equal Weight,Crypto Equal Weight,0.017667051426591484,365
2021-03-09,Crypto,Equal Weight,Crypto Equal Weight,0.042932909720223386,365
2021-03-10,Crypto,Equal Weight,Crypto Equal Weight,-0.028226124243624442,365
2021-03-11,Crypto,Equal Weight,Crypto Equal Weight,0.0023940473055714564,365
2021-03-12,Crypto,Equal Weight,Crypto Equal Weight,-0.020080210825309995,365
2021-03-13,Crypto,Equal Weight,Crypto Equal Weight,0.07880501646479615,365
2021-03-14,Crypto,Equal Weight,Crypto Equal Weight,-0.047991973695377325,365
2021-03-15,Crypto,Equal Weight,Crypto Equal Weight,-0.03623773511569324,365
2021-03-16,Crypto,Equal Weight,Crypto Equal Weight,0.04313253655506745,365
2021-03-17,Crypto,Equal Weight,Crypto Equal Weight,0.03066081182372897,365
2021-03-18,Crypto,Equal Weight,Crypto Equal Weight,-0.02291498038891239,365
2021-03-19,Crypto,Equal Weight,Crypto Equal Weight,0.019194399500747632,365
2021-03-20,Crypto,Equal Weight,Crypto Equal Weight,0.01827007279656291,365
2021-03-21,Crypto,Equal Weight,Crypto Equal Weight,-0.016144502509962688,365
2021-03-22,Crypto,Equal Weight,Crypto Equal Weight,-0.02999483570511283,365
2021-03-23,Crypto,Equal Weight,Crypto Equal Weight,0.007114226187603335,365
2021-03-24,Crypto,Equal Weight,Crypto Equal Weight,-0.0667762833825415,365
2021-03-25,Crypto,Equal Weight,Crypto Equal Weight,-0.0010923526180134258,365
2021-03-26,Crypto,Equal Weight,Crypto Equal Weight,0.08749287264445914,365
2021-03-27,Crypto,Equal Weight,Crypto Equal Weight,-0.008717834840823146,365
2021-03-28,Crypto,Equal Weight,Crypto Equal Weight,0.004100426246299149,365
2021-03-29,Crypto,Equal Weight,Crypto Equal Weight,0.037739657887588596,365
2021-03-30,Crypto,Equal Weight,Crypto Equal Weight,0.013383750136438466,365
2021-03-31,Crypto,Equal Weight,Crypto Equal Weight,0.06639746310842415,365
2021-04-01,Crypto,Equal Weight,Crypto Equal Weight,0.028439295434994006,365
2021-04-02,Crypto,Equal Weight,Crypto Equal Weight,0.05350906897952605,365
2021-04-03,Crypto,Equal Weight,Crypto Equal Weight,-0.050500959073344384,365
2021-04-04,Crypto,Equal Weight,Crypto Equal Weight,0.08008234444670534,365
2021-04-05,Crypto,Equal Weight,Crypto Equal Weight,0.1124723293949645,365
2021-04-06,Crypto,Equal Weight,Crypto Equal Weight,0.034239733482870995,365
2021-04-07,Crypto,Equal Weight,Crypto Equal Weight,-0.07683383516515305,365
2021-04-08,Crypto,Equal Weight,Crypto Equal Weight,0.06650800161559935,365
2021-04-09,Crypto,Equal Weight,Crypto Equal Weight,-0.026439087808186844,365
2021-04-10,Crypto,Equal Weight,Crypto Equal Weight,0.10208440271596672,365
2021-04-11,Crypto,Equal Weight,Crypto Equal Weight,0.01134172738606192,365
2021-04-12,Crypto,Equal Weight,Crypto Equal Weight,0.001162664288235427,365
2021-04-13,Crypto,Equal Weight,Crypto Equal Weight,0.10969981126458485,365
2021-04-14,Crypto,Equal Weight,Crypto Equal Weight,0.02628859256885361,365
2021-04-15,Crypto,Equal Weight,Crypto Equal Weight,0.060911491093833904,365
2021-04-16,Crypto,Equal Weight,Crypto Equal Weight,0.050656624114549645,365
2021-04-17,Crypto,Equal Weight,Crypto Equal Weight,-0.03176555482050418,365
2021-04-18,Crypto,Equal Weight,Crypto Equal Weight,-0.07403361917153414,365
2021-04-19,Crypto,Equal Weight,Crypto Equal Weight,-0.06293211235912945,365
2021-04-20,Crypto,Equal Weight,Crypto Equal Weight,0.03341952255413645,365
2021-04-21,Crypto,Equal Weight,Crypto Equal Weight,-0.04142399100162268,365
2021-04-22,Crypto,Equal Weight,Crypto Equal Weight,-0.04904992826934678,365
2021-04-23,Crypto,Equal Weight,Crypto Equal Weight,-0.016415494666891482,365
2021-04-24,Crypto,Equal Weight,Crypto Equal Weight,-0.06806209030471672,365
2021-04-25,Crypto,Equal Weight,Crypto Equal Weight,-0.009028471809759443,365
2021-04-26,Crypto,Equal Weight,Crypto Equal Weight,0.15086850243841624,365
2021-04-27,Crypto,Equal Weight,Crypto Equal Weight,0.0428384009368606,365
2021-04-28,Crypto,Equal Weight,Crypto Equal Weight,0.0015703408166000041,365
2021-04-29,Crypto,Equal Weight,Crypto Equal Weight,-0.010431513593727104,365
2021-04-30,Crypto,Equal Weight,Crypto Equal Weight,0.07615810292228212,365
2021-05-01,Crypto,Equal Weight,Crypto Equal Weight,0.03980355255574375,365
2021-05-02,Crypto,Equal Weight,Crypto Equal Weight,-0.014599904851997025,365
2021-05-03,Crypto,Equal Weight,Crypto Equal Weight,0.055476102519817626,365
2021-05-04,Crypto,Equal Weight,Crypto Equal Weight,-0.022319806048041905,365
2021-05-05,Crypto,Equal Weight,Crypto Equal Weight,0.23237817771357974,365
2021-05-06,Crypto,Equal Weight,Crypto Equal Weight,0.09504982199971372,365
2021-05-07,Crypto,Equal Weight,Crypto Equal Weight,-0.03738328711875315,365
2021-05-08,Crypto,Equal Weight,Crypto Equal Weight,0.01505247076056373,365
2021-05-09,Crypto,Equal Weight,Crypto Equal Weight,0.016957994597490093,365
2021-05-10,Crypto,Equal Weight,Crypto Equal Weight,-0.06333573003276818,365
2021-05-11,Crypto,Equal Weight,Crypto Equal Weight,0.12326469466551512,365
2021-05-12,Crypto,Equal Weight,Crypto Equal Weight,-0.17908713683757876,365
2021-05-13,Crypto,Equal Weight,Crypto Equal Weight,0.062101834705833046,365
2021-05-14,Crypto,Equal Weight,Crypto Equal Weight,0.05375639703224409,365
2021-05-15,Crypto,Equal Weight,Crypto Equal Weight,-0.03983153713712914,365
2021-05-16,Crypto,Equal Weight,Crypto Equal Weight,0.002874694021407677,365
2021-05-17,Crypto,Equal Weight,Crypto Equal Weight,-0.0662059129899039,365
2021-05-18,Crypto,Equal Weight,Crypto Equal Weight,0.01708008379277666,365
2021-05-19,Crypto,Equal Weight,Crypto Equal Weight,-0.30337348731353303,365
2021-05-20,Crypto,Equal Weight,Crypto Equal Weight,0.14700206982203626,365
2021-05-21,Crypto,Equal Weight,Crypto Equal Weight,-0.1408603473018848,365
2021-05-22,Crypto,Equal Weight,Crypto Equal Weight,-0.06160251327788787,365
2021-05-23,Crypto,Equal Weight,Crypto Equal Weight,-0.11290738224342238,365
2021-05-24,Crypto,Equal Weight,Crypto Equal Weight,0.25292356727981136,365
2021-05-25,Crypto,Equal Weight,Crypto Equal Weight,0.002828693352260958,365
2021-05-26,Crypto,Equal Weight,Crypto Equal Weight,0.07066872279801245,365
2021-05-27,Crypto,Equal Weight,Crypto Equal Weight,-0.03622452964270198,365
2021-05-28,Crypto,Equal Weight,Crypto Equal Weight,-0.08364161267040388,365
2021-05-29,Crypto,Equal Weight,Crypto Equal Weight,-0.05675666284012572,365
2021-05-30,Crypto,Equal Weight,Crypto Equal Weight,0.04599013554369838,365
2021-05-31,Crypto,Equal Weight,Crypto Equal Weight,0.09017948488864361,365
2021-06-01,Crypto,Equal Weight,Crypto Equal Weight,-0.019186745025294893,365
2021-06-02,Crypto,Equal Weight,Crypto Equal Weight,0.01568630356701275,365
2021-06-03,Crypto,Equal Weight,Crypto Equal Weight,0.03417599714809401,365
2021-06-04,Crypto,Equal Weight,Crypto Equal Weight,-0.07013513415978843,365
2021-06-05,Crypto,Equal Weight,Crypto Equal Weight,-0.03151695830923769,365
2021-06-06,Crypto,Equal Weight,Crypto Equal Weight,0.017874280878071483,365
2021-06-07,Crypto,Equal Weight,Crypto Equal Weight,-0.08261493454301594,365
2021-06-08,Crypto,Equal Weight,Crypto Equal Weight,-0.0010986656821033395,365
2021-06-09,Crypto,Equal Weight,Crypto Equal Weight,0.05692371448042062,365
2021-06-10,Crypto,Equal Weight,Crypto Equal Weight,-0.046790220968375595,365
2021-06-11,Crypto,Equal Weight,Crypto Equal Weight,-0.03461216578807621,365
2021-06-12,Crypto,Equal Weight,Crypto Equal Weight,-0.006108771207590479,365
2021-06-13,Crypto,Equal Weight,Crypto Equal Weight,0.06060711073488844,365
2021-06-14,Crypto,Equal Weight,Crypto Equal Weight,0.012104542324334043,365
2021-06-15,Crypto,Equal Weight,Crypto Equal Weight,0.012503131044355522,365
2021-06-16,Crypto,Equal Weight,Crypto Equal Weight,-0.06975206723694478,365
2021-06-17,Crypto,Equal Weight,Crypto Equal Weight,0.009720760770419102,365
2021-06-18,Crypto,Equal Weight,Crypto Equal Weight,-0.057720620884889655,365
2021-06-19,Crypto,Equal Weight,Crypto Equal Weight,-0.020498713298390713,365
2021-06-20,Crypto,Equal Weight,Crypto Equal Weight,0.011456111133318937,365
2021-06-21,Crypto,Equal Weight,Crypto Equal Weight,-0.19019405150636529,365
2021-06-22,Crypto,Equal Weight,Crypto Equal Weight,-0.034837352458124686,365
2021-06-23,Crypto,Equal Weight,Crypto Equal Weight,0.08559700466060852,365
2021-06-24,Crypto,Equal Weight,Crypto Equal Weight,0.06135694304332537,365
2021-06-25,Crypto,Equal Weight,Crypto Equal Weight,-0.08057487382765757,365
2021-06-26,Crypto,Equal Weight,Crypto Equal Weight,0.01193602078641911,365
2021-06-27,Crypto,Equal Weight,Crypto Equal Weight,0.05340874980562807,365
2021-06-28,Crypto,Equal Weight,Crypto Equal Weight,0.018891398769319223,365
2021-06-29,Crypto,Equal Weight,Crypto Equal Weight,0.07656251270863891,365
2021-06-30,Crypto,Equal Weight,Crypto Equal Weight,0.010229283835137902,365
2021-07-01,Crypto,Equal Weight,Crypto Equal Weight,-0.052857881690813346,365
2021-07-02,Crypto,Equal Weight,Crypto Equal Weight,0.006644821951439305,365
2021-07-03,Crypto,Equal Weight,Crypto Equal Weight,0.022742221109748103,365
2021-07-04,Crypto,Equal Weight,Crypto Equal Weight,0.021951839457896506,365
2021-07-05,Crypto,Equal Weight,Crypto Equal Weight,-0.04758275314865554,365
2021-07-06,Crypto,Equal Weight,Crypto Equal Weight,0.018173860759549763,365
2021-07-07,Crypto,Equal Weight,Crypto Equal Weight,-0.01356780382657763,365
2021-07-08,Crypto,Equal Weight,Crypto Equal Weight,-0.04999297514892138,365
2021-07-09,Crypto,Equal Weight,Crypto Equal Weight,0.03256800205560833,365
2021-07-10,Crypto,Equal Weight,Crypto Equal Weight,-0.01606017871014616,365
2021-07-11,Crypto,Equal Weight,Crypto Equal Weight,0.011050896895787088,365
2021-07-12,Crypto,Equal Weight,Crypto Equal Weight,-0.021458439480235236,365
2021-07-13,Crypto,Equal Weight,Crypto Equal Weight,-0.0327299161905157,365
2021-07-14,Crypto,Equal Weight,Crypto Equal Weight,0.005343652094854679,365
2021-07-15,Crypto,Equal Weight,Crypto Equal Weight,-0.033657562374154494,365
2021-07-16,Crypto,Equal Weight,Crypto Equal Weight,-0.024511034175177374,365
2021-07-17,Crypto,Equal Weight,Crypto Equal Weight,-0.0020961608637220745,365
2021-07-18,Crypto,Equal Weight,Crypto Equal Weight,0.002949834020844978,365
2021-07-19,Crypto,Equal Weight,Crypto Equal Weight,-0.048431026233618495,365
2021-07-20,Crypto,Equal Weight,Crypto Equal Weight,-0.039675775806226554,365
2021-07-21,Crypto,Equal Weight,Crypto Equal Weight,0.08404642491288189,365
2021-07-22,Crypto,Equal Weight,Crypto Equal Weight,0.035105539490129026,365
2021-07-23,Crypto,Equal Weight,Crypto Equal Weight,0.030230782391342623,365
2021-07-24,Crypto,Equal Weight,Crypto Equal Weight,0.02087857317535161,365
2021-07-25,Crypto,Equal Weight,Crypto Equal Weight,-0.001319182192164903,365
2021-07-26,Crypto,Equal Weight,Crypto Equal Weight,0.024043643109556534,365
2021-07-27,Crypto,Equal Weight,Crypto Equal Weight,0.026644279596079668,365
2021-07-28,Crypto,Equal Weight,Crypto Equal Weight,0.02586977610000846,365
2021-07-29,Crypto,Equal Weight,Crypto Equal Weight,0.018439540828283675,365
2021-07-30,Crypto,Equal Weight,Crypto Equal Weight,0.029078546418512617,365
2021-07-31,Crypto,Equal Weight,Crypto Equal Weight,0.004980914127726711,365
2021-08-01,Crypto,Equal Weight,Crypto Equal Weight,-0.02275880745195085,365
2021-08-02,Crypto,Equal Weight,Crypto Equal Weight,0.010486102598031722,365
2021-08-03,Crypto,Equal Weight,Crypto Equal Weight,-0.015388954950252167,365
2021-08-04,Crypto,Equal Weight,Crypto Equal Weight,0.03586243098793669,365
2021-08-05,Crypto,Equal Weight,Crypto Equal Weight,0.0162912139985419,365
2021-08-06,Crypto,Equal Weight,Crypto Equal Weight,0.022413974415808856,365
2021-08-07,Crypto,Equal Weight,Crypto Equal Weight,0.07056124046525344,365
2021-08-08,Crypto,Equal Weight,Crypto Equal Weight,-0.04486792663548494,365
2021-08-09,Crypto,Equal Weight,Crypto Equal Weight,0.053636190115404374,365
2021-08-10,Crypto,Equal Weight,Crypto Equal Weight,0.019223181862006014,365
2021-08-11,Crypto,Equal Weight,Crypto Equal Weight,0.06307775869864234,365
2021-08-12,Crypto,Equal Weight,Crypto Equal Weight,-0.021826703867775823,365
2021-08-13,Crypto,Equal Weight,Crypto Equal Weight,0.10036157544278568,365
2021-08-14,Crypto,Equal Weight,Crypto Equal Weight,0.0461467226724572,365
2021-08-15,Crypto,Equal Weight,Crypto Equal Weight,0.018995419510658647,365
2021-08-16,Crypto,Equal Weight,Crypto Equal Weight,-0.044065728043762666,365
2021-08-17,Crypto,Equal Weight,Crypto Equal Weight,-0.06500531543194384,365
2021-08-18,Crypto,Equal Weight,Crypto Equal Weight,0.013070150055442398,365
2021-08-19,Crypto,Equal Weight,Crypto Equal Weight,0.061922290088710884,365
2021-08-20,Crypto,Equal Weight,Crypto Equal Weight,0.038683251853805764,365
2021-08-21,Crypto,Equal Weight,Crypto Equal Weight,-0.02392748511978322,365
2021-08-22,Crypto,Equal Weight,Crypto Equal Weight,0.018669111161964916,365
2021-08-23,Crypto,Equal Weight,Crypto Equal Weight,0.02087886156926002,365
2021-08-24,Crypto,Equal Weight,Crypto Equal Weight,-0.06750241932459834,365
2021-08-25,Crypto,Equal Weight,Crypto Equal Weight,0.02174154514931408,365
2021-08-26,Crypto,Equal Weight,Crypto Equal Weight,-0.06146006562904986,365
2021-08-27,Crypto,Equal Weight,Crypto Equal Weight,0.07269710012304198,365
2021-08-28,Crypto,Equal Weight,Crypto Equal Weight,-0.010523062092153713,365
2021-08-29,Crypto,Equal Weight,Crypto Equal Weight,-4.223090773590763e-05,365
2021-08-30,Crypto,Equal Weight,Crypto Equal Weight,-0.03427301946401956,365
2021-08-31,Crypto,Equal Weight,Crypto Equal Weight,0.03392646145784673,365
2021-09-01,Crypto,Equal Weight,Crypto Equal Weight,0.055449157188527144,365
2021-09-02,Crypto,Equal Weight,Crypto Equal Weight,0.011792504731032993,365
2021-09-03,Crypto,Equal Weight,Crypto Equal Weight,0.04657082039539469,365
2021-09-04,Crypto,Equal Weight,Crypto Equal Weight,-0.01021232958972138,365
2021-09-05,Crypto,Equal Weight,Crypto Equal Weight,0.05662671470017477,365
2021-09-06,Crypto,Equal Weight,Crypto Equal Weight,0.006357202425683396,365
2021-09-07,Crypto,Equal Weight,Crypto Equal Weight,-0.1676402725875514,365
2021-09-08,Crypto,Equal Weight,Crypto Equal Weight,0.0004307836574903972,365
2021-09-09,Crypto,Equal Weight,Crypto Equal Weight,0.0026730099125002794,365
2021-09-10,Crypto,Equal Weight,Crypto Equal Weight,-0.042101786452271174,365
2021-09-11,Crypto,Equal Weight,Crypto Equal Weight,0.0297849708151881,365
2021-09-12,Crypto,Equal Weight,Crypto Equal Weight,0.039008980675526675,365
2021-09-13,Crypto,Equal Weight,Crypto Equal Weight,-0.04318674883721554,365
2021-09-14,Crypto,Equal Weight,Crypto Equal Weight,0.03937859648466578,365
2021-09-15,Crypto,Equal Weight,Crypto Equal Weight,0.033761799679333064,365
2021-09-16,Crypto,Equal Weight,Crypto Equal Weight,-0.02260339800954957,365
2021-09-17,Crypto,Equal Weight,Crypto Equal Weight,-0.02821032375523107,365
2021-09-18,Crypto,Equal Weight,Crypto Equal Weight,0.014642044853208722,365
2021-09-19,Crypto,Equal Weight,Crypto Equal Weight,-0.03591036263566109,365
2021-09-20,Crypto,Equal Weight,Crypto Equal Weight,-0.11422485591169483,365
2021-09-21,Crypto,Equal Weight,Crypto Equal Weight,-0.053436343716621634,365
2021-09-22,Crypto,Equal Weight,Crypto Equal Weight,0.10935609613773782,365
2021-09-23,Crypto,Equal Weight,Crypto Equal Weight,0.016265769484927133,365
2021-09-24,Crypto,Equal Weight,Crypto Equal Weight,-0.062483391070832464,365
2021-09-25,Crypto,Equal Weight,Crypto Equal Weight,-0.004266625386774614,365
2021-09-26,Crypto,Equal Weight,Crypto Equal Weight,-0.006350457317357294,365
2021-09-27,Crypto,Equal Weight,Crypto Equal Weight,-0.031077363869180544,365
2021-09-28,Crypto,Equal Weight,Crypto Equal Weight,-0.032985894716289745,365
2021-09-29,Crypto,Equal Weight,Crypto Equal Weight,0.025201653417809954,365
2021-09-30,Crypto,Equal Weight,Crypto Equal Weight,0.03985386657347911,365
2021-10-01,Crypto,Equal Weight,Crypto Equal Weight,0.08583803887920276,365
2021-10-02,Crypto,Equal Weight,Crypto Equal Weight,0.013146846189772719,365
2021-10-03,Crypto,Equal Weight,Crypto Equal Weight,0.016058019141841507,365
2021-10-04,Crypto,Equal Weight,Crypto Equal Weight,-0.014839668744501799,365
2021-10-05,Crypto,Equal Weight,Crypto Equal Weight,0.03911206691222192,365
2021-10-06,Crypto,Equal Weight,Crypto Equal Weight,0.026312077457067155,365
2021-10-07,Crypto,Equal Weight,Crypto Equal Weight,-0.00638939697911447,365
2021-10-08,Crypto,Equal Weight,Crypto Equal Weight,-0.00968783863579299,365
2021-10-09,Crypto,Equal Weight,Crypto Equal Weight,0.03901890283840528,365
2021-10-10,Crypto,Equal Weight,Crypto Equal Weight,-0.039372271971353526,365
2021-10-11,Crypto,Equal Weight,Crypto Equal Weight,0.01616616745924252,365
2021-10-12,Crypto,Equal Weight,Crypto Equal Weight,-0.02450992776943369,365
2021-10-13,Crypto,Equal Weight,Crypto Equal Weight,0.03190285056564602,365
2021-10-14,Crypto,Equal Weight,Crypto Equal Weight,0.008162714258494453,365
2021-10-15,Crypto,Equal Weight,Crypto Equal Weight,0.021102700113018336,365
2021-10-16,Crypto,Equal Weight,Crypto Equal Weight,0.0027205761676233464,365
2021-10-17,Crypto,Equal Weight,Crypto Equal Weight,-0.015497446977474582,365
2021-10-18,Crypto,Equal Weight,Crypto Equal Weight,-0.005306693572157262,365
2021-10-19,Crypto,Equal Weight,Crypto Equal Weight,0.012977207830322194,365
2021-10-20,Crypto,Equal Weight,Crypto Equal Weight,0.051224364064108824,365
2021-10-21,Crypto,Equal Weight,Crypto Equal Weight,-0.034430299987499836,365
2021-10-22,Crypto,Equal Weight,Crypto Equal Weight,-0.00945471394014179,365
2021-10-23,Crypto,Equal Weight,Crypto Equal Weight,0.01937153573278118,365
2021-10-24,Crypto,Equal Weight,Crypto Equal Weight,-0.01474130699186601,365
2021-10-25,Crypto,Equal Weight,Crypto Equal Weight,0.018419186895322202,365
2021-10-26,Crypto,Equal Weight,Crypto Equal Weight,-0.012946919667983727,365
2021-10-27,Crypto,Equal Weight,Crypto Equal Weight,-0.09185131642847817,365
2021-10-28,Crypto,Equal Weight,Crypto Equal Weight,0.05672900974304911,365
2021-10-29,Crypto,Equal Weight,Crypto Equal Weight,0.029088612824405093,365
2021-10-30,Crypto,Equal Weight,Crypto Equal Weight,-0.010681812392085375,365
2021-10-31,Crypto,Equal Weight,Crypto Equal Weight,0.01469324365427357,365
2021-11-01,Crypto,Equal Weight,Crypto Equal Weight,-0.004326641926342822,365
2021-11-02,Crypto,Equal Weight,Crypto Equal Weight,0.03306533584491416,365
2021-11-03,Crypto,Equal Weight,Crypto Equal Weight,0.01674063604824131,365
2021-11-04,Crypto,Equal Weight,Crypto Equal Weight,-0.025559105240697582,365
2021-11-05,Crypto,Equal Weight,Crypto Equal Weight,-0.010200996638369953,365
2021-11-06,Crypto,Equal Weight,Crypto Equal Weight,-0.004239194414665415,365
2021-11-07,Crypto,Equal Weight,Crypto Equal Weight,0.02388636074803092,365
2021-11-08,Crypto,Equal Weight,Crypto Equal Weight,0.06024640112859055,365
2021-11-09,Crypto,Equal Weight,Crypto Equal Weight,0.05803352156635903,365
2021-11-10,Crypto,Equal Weight,Crypto Equal Weight,-0.052120905365666895,365
2021-11-11,Crypto,Equal Weight,Crypto Equal Weight,0.011579788077556885,365
2021-11-12,Crypto,Equal Weight,Crypto Equal Weight,-0.021045339029769496,365
2021-11-13,Crypto,Equal Weight,Crypto Equal Weight,0.012155992174102792,365
2021-11-14,Crypto,Equal Weight,Crypto Equal Weight,0.011670347080749634,365
2021-11-15,Crypto,Equal Weight,Crypto Equal Weight,-0.014913367152786261,365
2021-11-16,Crypto,Equal Weight,Crypto Equal Weight,-0.0853953676242598,365
2021-11-17,Crypto,Equal Weight,Crypto Equal Weight,0.005029029807759611,365
2021-11-18,Crypto,Equal Weight,Crypto Equal Weight,-0.0665955079971689,365
2021-11-19,Crypto,Equal Weight,Crypto Equal Weight,0.050189937841265554,365
2021-11-20,Crypto,Equal Weight,Crypto Equal Weight,0.015769369693102133,365
2021-11-21,Crypto,Equal Weight,Crypto Equal Weight,-0.01876418665940255,365
2021-11-22,Crypto,Equal Weight,Crypto Equal Weight,-0.03659805229489672,365
2021-11-23,Crypto,Equal Weight,Crypto Equal Weight,0.022414821540783163,365
2021-11-24,Crypto,Equal Weight,Crypto Equal Weight,-0.024994581710023545,365
2021-11-25,Crypto,Equal Weight,Crypto Equal Weight,0.009420096135543754,365
2021-11-26,Crypto,Equal Weight,Crypto Equal Weight,-0.06649545894871833,365
2021-11-27,Crypto,Equal Weight,Crypto Equal Weight,0.01136172499470266,365
2021-11-28,Crypto,Equal Weight,Crypto Equal Weight,0.021529982658934313,365
2021-11-29,Crypto,Equal Weight,Crypto Equal Weight,0.01799870615317625,365
2021-11-30,Crypto,Equal Weight,Crypto Equal Weight,0.002987059510877522,365
2021-12-01,Crypto,Equal Weight,Crypto Equal Weight,-0.004816033852340695,365
2021-12-02,Crypto,Equal Weight,Crypto Equal Weight,0.002977147809847015,365
2021-12-03,Crypto,Equal Weight,Crypto Equal Weight,-0.054804135310390995,365
2021-12-04,Crypto,Equal Weight,Crypto Equal Weight,-0.09966679308991833,365
2021-12-05,Crypto,Equal Weight,Crypto Equal Weight,-0.025153555791845417,365
2021-12-06,Crypto,Equal Weight,Crypto Equal Weight,0.040040442806494346,365
2021-12-07,Crypto,Equal Weight,Crypto Equal Weight,-0.00561240533147419,365
2021-12-08,Crypto,Equal Weight,Crypto Equal Weight,0.03731739189615065,365
2021-12-09,Crypto,Equal Weight,Crypto Equal Weight,-0.06974011815598742,365
2021-12-10,Crypto,Equal Weight,Crypto Equal Weight,-0.03764782144196946,365
2021-12-11,Crypto,Equal Weight,Crypto Equal Weight,0.06218584591167604,365
2021-12-12,Crypto,Equal Weight,Crypto Equal Weight,0.0005450006496776848,365
2021-12-13,Crypto,Equal Weight,Crypto Equal Weight,-0.08065923921980626,365
2021-12-14,Crypto,Equal Weight,Crypto Equal Weight,0.011911581619101386,365
2021-12-15,Crypto,Equal Weight,Crypto Equal Weight,0.04872903431115065,365
2021-12-16,Crypto,Equal Weight,Crypto Equal Weight,-0.03275391370957651,365
2021-12-17,Crypto,Equal Weight,Crypto Equal Weight,-0.024771957522853386,365
2021-12-18,Crypto,Equal Weight,Crypto Equal Weight,0.020225622720911687,365
2021-12-19,Crypto,Equal Weight,Crypto Equal Weight,-0.0022465892681545643,365
2021-12-20,Crypto,Equal Weight,Crypto Equal Weight,0.002723934735745315,365
2021-12-21,Crypto,Equal Weight,Crypto Equal Weight,0.03319664389737751,365
2021-12-22,Crypto,Equal Weight,Crypto Equal Weight,0.005615825220858106,365
2021-12-23,Crypto,Equal Weight,Crypto Equal Weight,0.052881521190734665,365
2021-12-24,Crypto,Equal Weight,Crypto Equal Weight,-0.025854589725139758,365
2021-12-25,Crypto,Equal Weight,Crypto Equal Weight,0.012088707351344341,365
2021-12-26,Crypto,Equal Weight,Crypto Equal Weight,-0.0019257207082916449,365
2021-12-27,Crypto,Equal Weight,Crypto Equal Weight,0.006955401909512828,365
2021-12-28,Crypto,Equal Weight,Crypto Equal Weight,-0.06626174340482957,365
2021-12-29,Crypto,Equal Weight,Crypto Equal Weight,-0.028672470581785348,365
2021-12-30,Crypto,Equal Weight,Crypto Equal Weight,0.016974196767416672,365
2021-12-31,Crypto,Equal Weight,Crypto Equal Weight,-0.015267470914003977,365
2022-01-01,Crypto,Equal Weight,Crypto Equal Weight,0.029122690504778358,365
2022-01-02,Crypto,Equal Weight,Crypto Equal Weight,0.015540556191764499,365
2022-01-03,Crypto,Equal Weight,Crypto Equal Weight,-0.020728701930202716,365
2022-01-04,Crypto,Equal Weight,Crypto Equal Weight,-0.011764087452726647,365
2022-01-05,Crypto,Equal Weight,Crypto Equal Weight,-0.06206812715046753,365
2022-01-06,Crypto,Equal Weight,Crypto Equal Weight,-0.0008726027668847446,365
2022-01-07,Crypto,Equal Weight,Crypto Equal Weight,-0.040404478130600344,365
2022-01-08,Crypto,Equal Weight,Crypto Equal Weight,-0.020935419274153235,365
2022-01-09,Crypto,Equal Weight,Crypto Equal Weight,0.00938373839620118,365
2022-01-10,Crypto,Equal Weight,Crypto Equal Weight,-0.03018341787231781,365
2022-01-11,Crypto,Equal Weight,Crypto Equal Weight,0.03416218451646136,365
2022-01-12,Crypto,Equal Weight,Crypto Equal Weight,0.05390506305509349,365
2022-01-13,Crypto,Equal Weight,Crypto Equal Weight,-0.034351553179315694,365
2022-01-14,Crypto,Equal Weight,Crypto Equal Weight,0.025946966258798363,365
2022-01-15,Crypto,Equal Weight,Crypto Equal Weight,0.008994754628404667,365
2022-01-16,Crypto,Equal Weight,Crypto Equal Weight,0.0065039051181924774,365
2022-01-17,Crypto,Equal Weight,Crypto Equal Weight,0.0004693788674268499,365
2022-01-18,Crypto,Equal Weight,Crypto Equal Weight,-0.015388287946141766,365
2022-01-19,Crypto,Equal Weight,Crypto Equal Weight,-0.02901244176166565,365
2022-01-20,Crypto,Equal Weight,Crypto Equal Weight,-0.04252286623358552,365
2022-01-21,Crypto,Equal Weight,Crypto Equal Weight,-0.115712541101666,365
2022-01-22,Crypto,Equal Weight,Crypto Equal Weight,-0.058859215279659136,365
2022-01-23,Crypto,Equal Weight,Crypto Equal Weight,0.03875242717376981,365
2022-01-24,Crypto,Equal Weight,Crypto Equal Weight,-0.02866215906522481,365
2022-01-25,Crypto,Equal Weight,Crypto Equal Weight,0.0004887591135445128,365
2022-01-26,Crypto,Equal Weight,Crypto Equal Weight,0.005058996734153465,365
2022-01-27,Crypto,Equal Weight,Crypto Equal Weight,-0.008704446363619856,365
2022-01-28,Crypto,Equal Weight,Crypto Equal Weight,0.025426408633765198,365
2022-01-29,Crypto,Equal Weight,Crypto Equal Weight,0.014763887792000531,365
2022-01-30,Crypto,Equal Weight,Crypto Equal Weight,-0.017302280008297387,365
2022-01-31,Crypto,Equal Weight,Crypto Equal Weight,0.014535726144460118,365
2022-02-01,Crypto,Equal Weight,Crypto Equal Weight,0.023033684182255224,365
2022-02-02,Crypto,Equal Weight,Crypto Equal Weight,-0.0392681340350189,365
2022-02-03,Crypto,Equal Weight,Crypto Equal Weight,0.015430349548788726,365
2022-02-04,Crypto,Equal Weight,Crypto Equal Weight,0.08722734863520697,365
2022-02-05,Crypto,Equal Weight,Crypto Equal Weight,0.009422977778614994,365
2022-02-06,Crypto,Equal Weight,Crypto Equal Weight,0.02460039905956177,365
2022-02-07,Crypto,Equal Weight,Crypto Equal Weight,0.07049951598030696,365
2022-02-08,Crypto,Equal Weight,Crypto Equal Weight,-0.0025026088809162687,365
2022-02-09,Crypto,Equal Weight,Crypto Equal Weight,0.019764412626272824,365
2022-02-10,Crypto,Equal Weight,Crypto Equal Weight,-0.026291180600430487,365
2022-02-11,Crypto,Equal Weight,Crypto Equal Weight,-0.059878460105618043,365
2022-02-12,Crypto,Equal Weight,Crypto Equal Weight,0.004881581624613974,365
2022-02-13,Crypto,Equal Weight,Crypto Equal Weight,-0.00095955119053629,365
2022-02-14,Crypto,Equal Weight,Crypto Equal Weight,-0.004873680716226226,365
2022-02-15,Crypto,Equal Weight,Crypto Equal Weight,0.055317919791162566,365
2022-02-16,Crypto,Equal Weight,Crypto Equal Weight,-0.015403125009194408,365
2022-02-17,Crypto,Equal Weight,Crypto Equal Weight,-0.07783500010761192,365
2022-02-18,Crypto,Equal Weight,Crypto Equal Weight,-0.007808763498197357,365
2022-02-19,Crypto,Equal Weight,Crypto Equal Weight,0.005728448292466138,365
2022-02-20,Crypto,Equal Weight,Crypto Equal Weight,-0.04326270437002942,365
2022-02-21,Crypto,Equal Weight,Crypto Equal Weight,-0.0626345494325867,365
2022-02-22,Crypto,Equal Weight,Crypto Equal Weight,0.03926797298390854,365
2022-02-23,Crypto,Equal Weight,Crypto Equal Weight,-0.020894244531552655,365
2022-02-24,Crypto,Equal Weight,Crypto Equal Weight,0.0018385094903915378,365
2022-02-25,Crypto,Equal Weight,Crypto Equal Weight,0.04265680231986539,365
2022-02-26,Crypto,Equal Weight,Crypto Equal Weight,0.002904508069891176,365
2022-02-27,Crypto,Equal Weight,Crypto Equal Weight,-0.04140870790385847,365
2022-02-28,Crypto,Equal Weight,Crypto Equal Weight,0.10086406570540668,365
2022-03-01,Crypto,Equal Weight,Crypto Equal Weight,0.003119622193887295,365
2022-03-02,Crypto,Equal Weight,Crypto Equal Weight,-0.018961438742063776,365
2022-03-03,Crypto,Equal Weight,Crypto Equal Weight,-0.01945143008743081,365
2022-03-04,Crypto,Equal Weight,Crypto Equal Weight,-0.0696371325993718,365
2022-03-05,Crypto,Equal Weight,Crypto Equal Weight,0.0252353977196617,365
2022-03-06,Crypto,Equal Weight,Crypto Equal Weight,-0.036850288741983914,365
2022-03-07,Crypto,Equal Weight,Crypto Equal Weight,-0.01777702786344355,365
2022-03-08,Crypto,Equal Weight,Crypto Equal Weight,0.019149664845266434,365
2022-03-09,Crypto,Equal Weight,Crypto Equal Weight,0.06142501332371159,365
2022-03-10,Crypto,Equal Weight,Crypto Equal Weight,-0.04529719373610162,365
2022-03-11,Crypto,Equal Weight,Crypto Equal Weight,0.007251389353312222,365
2022-03-12,Crypto,Equal Weight,Crypto Equal Weight,-0.0003131008534325574,365
2022-03-13,Crypto,Equal Weight,Crypto Equal Weight,-0.026829848389654968,365
2022-03-14,Crypto,Equal Weight,Crypto Equal Weight,0.02583275771532407,365
2022-03-15,Crypto,Equal Weight,Crypto Equal Weight,0.002887432540878421,365
2022-03-16,Crypto,Equal Weight,Crypto Equal Weight,0.041546730983816206,365
2022-03-17,Crypto,Equal Weight,Crypto Equal Weight,-0.0021367286149943324,365
2022-03-18,Crypto,Equal Weight,Crypto Equal Weight,0.022870714126966354,365
2022-03-19,Crypto,Equal Weight,Crypto Equal Weight,0.04889256616829627,365
2022-03-20,Crypto,Equal Weight,Crypto Equal Weight,-0.0008807548129557864,365
2022-03-21,Crypto,Equal Weight,Crypto Equal Weight,0.023983811636451392,365
2022-03-22,Crypto,Equal Weight,Crypto Equal Weight,0.06288462575961844,365
2022-03-23,Crypto,Equal Weight,Crypto Equal Weight,0.012081167675711223,365
2022-03-24,Crypto,Equal Weight,Crypto Equal Weight,0.02453322843609056,365
2022-03-25,Crypto,Equal Weight,Crypto Equal Weight,-0.011489590412916783,365
2022-03-26,Crypto,Equal Weight,Crypto Equal Weight,0.009594654493158005,365
2022-03-27,Crypto,Equal Weight,Crypto Equal Weight,0.042547875454710636,365
2022-03-28,Crypto,Equal Weight,Crypto Equal Weight,0.00445177065782223,365
2022-03-29,Crypto,Equal Weight,Crypto Equal Weight,0.013999177555741137,365
2022-03-30,Crypto,Equal Weight,Crypto Equal Weight,0.009501167971384695,365
2022-03-31,Crypto,Equal Weight,Crypto Equal Weight,-0.030772503417258255,365
2022-04-01,Crypto,Equal Weight,Crypto Equal Weight,0.013142468892550918,365
2022-04-02,Crypto,Equal Weight,Crypto Equal Weight,-0.010246088629816429,365
2022-04-03,Crypto,Equal Weight,Crypto Equal Weight,0.019144810628382403,365
2022-04-04,Crypto,Equal Weight,Crypto Equal Weight,-0.006553388346854016,365
2022-04-05,Crypto,Equal Weight,Crypto Equal Weight,-0.028460521862655352,365
2022-04-06,Crypto,Equal Weight,Crypto Equal Weight,-0.09165544300198734,365
2022-04-07,Crypto,Equal Weight,Crypto Equal Weight,0.0361365525133895,365
2022-04-08,Crypto,Equal Weight,Crypto Equal Weight,-0.041862478758459706,365
2022-04-09,Crypto,Equal Weight,Crypto Equal Weight,0.01842106310011493,365
2022-04-10,Crypto,Equal Weight,Crypto Equal Weight,-0.01700182837889297,365
2022-04-11,Crypto,Equal Weight,Crypto Equal Weight,-0.08038746598850147,365
2022-04-12,Crypto,Equal Weight,Crypto Equal Weight,0.0283449435915488,365
2022-04-13,Crypto,Equal Weight,Crypto Equal Weight,0.037169341846512015,365
2022-04-14,Crypto,Equal Weight,Crypto Equal Weight,-0.02365856424583321,365
2022-04-15,Crypto,Equal Weight,Crypto Equal Weight,0.031038335249899563,365
2022-04-16,Crypto,Equal Weight,Crypto Equal Weight,0.014421413264668358,365
2022-04-17,Crypto,Equal Weight,Crypto Equal Weight,-0.03858365516907934,365
2022-04-18,Crypto,Equal Weight,Crypto Equal Weight,0.02228925033010376,365
2022-04-19,Crypto,Equal Weight,Crypto Equal Weight,0.021499995707293638,365
2022-04-20,Crypto,Equal Weight,Crypto Equal Weight,-0.012096637850906013,365
2022-04-21,Crypto,Equal Weight,Crypto Equal Weight,-0.02087785484930807,365
2022-04-22,Crypto,Equal Weight,Crypto Equal Weight,-0.011750225224195165,365
2022-04-23,Crypto,Equal Weight,Crypto Equal Weight,-0.012860547675251912,365
2022-04-24,Crypto,Equal Weight,Crypto Equal Weight,-0.013762498814561454,365
2022-04-25,Crypto,Equal Weight,Crypto Equal Weight,0.010166299861651941,365
2022-04-26,Crypto,Equal Weight,Crypto Equal Weight,-0.06831752801509475,365
2022-04-27,Crypto,Equal Weight,Crypto Equal Weight,0.024420882858019202,365
2022-04-28,Crypto,Equal Weight,Crypto Equal Weight,0.00891174348381466,365
2022-04-29,Crypto,Equal Weight,Crypto Equal Weight,-0.03646867383836265,365
2022-04-30,Crypto,Equal Weight,Crypto Equal Weight,-0.05335987681911827,365
2022-05-01,Crypto,Equal Weight,Crypto Equal Weight,0.047335770451658335,365
2022-05-02,Crypto,Equal Weight,Crypto Equal Weight,-0.00315057981370469,365
2022-05-03,Crypto,Equal Weight,Crypto Equal Weight,-0.01071209054727492,365
2022-05-04,Crypto,Equal Weight,Crypto Equal Weight,0.09768777207422856,365
2022-05-05,Crypto,Equal Weight,Crypto Equal Weight,-0.08792760957755685,365
2022-05-06,Crypto,Equal Weight,Crypto Equal Weight,0.009911536356464601,365
2022-05-07,Crypto,Equal Weight,Crypto Equal Weight,-0.025861551667197516,365
2022-05-08,Crypto,Equal Weight,Crypto Equal Weight,-0.019123252337417542,365
2022-05-09,Crypto,Equal Weight,Crypto Equal Weight,-0.13858540201932165,365
2022-05-10,Crypto,Equal Weight,Crypto Equal Weight,0.03548752611899278,365
2022-05-11,Crypto,Equal Weight,Crypto Equal Weight,-0.14409244004091043,365
2022-05-12,Crypto,Equal Weight,Crypto Equal Weight,-0.04872558742882796,365
2022-05-13,Crypto,Equal Weight,Crypto Equal Weight,0.06680643620759522,365
2022-05-14,Crypto,Equal Weight,Crypto Equal Weight,0.021150943771016485,365
2022-05-15,Crypto,Equal Weight,Crypto Equal Weight,0.041672055707046,365
2022-05-16,Crypto,Equal Weight,Crypto Equal Weight,-0.059615598921542265,365
2022-05-17,Crypto,Equal Weight,Crypto Equal Weight,0.04388035967930752,365
2022-05-18,Crypto,Equal Weight,Crypto Equal Weight,-0.07934075845361611,365
2022-05-19,Crypto,Equal Weight,Crypto Equal Weight,0.047506905607711224,365
2022-05-20,Crypto,Equal Weight,Crypto Equal Weight,-0.031759637146683804,365
2022-05-21,Crypto,Equal Weight,Crypto Equal Weight,0.01647804411295526,365
2022-05-22,Crypto,Equal Weight,Crypto Equal Weight,0.03472782004763588,365
2022-05-23,Crypto,Equal Weight,Crypto Equal Weight,-0.03280431624764311,365
2022-05-24,Crypto,Equal Weight,Crypto Equal Weight,0.03203904359740626,365
2022-05-25,Crypto,Equal Weight,Crypto Equal Weight,-0.009345323136245276,365
2022-05-26,Crypto,Equal Weight,Crypto Equal Weight,-0.05070413016976659,365
2022-05-27,Crypto,Equal Weight,Crypto Equal Weight,-0.028521641802323746,365
2022-05-28,Crypto,Equal Weight,Crypto Equal Weight,0.01804435320543567,365
2022-05-29,Crypto,Equal Weight,Crypto Equal Weight,0.02776182819934858,365
2022-05-30,Crypto,Equal Weight,Crypto Equal Weight,0.08357793585561524,365
2022-05-31,Crypto,Equal Weight,Crypto Equal Weight,0.011728387575256226,365
2022-06-01,Crypto,Equal Weight,Crypto Equal Weight,-0.0710803050374161,365
2022-06-02,Crypto,Equal Weight,Crypto Equal Weight,0.0241083992323192,365
2022-06-03,Crypto,Equal Weight,Crypto Equal Weight,-0.026219979541748227,365
2022-06-04,Crypto,Equal Weight,Crypto Equal Weight,0.00729477174064296,365
2022-06-05,Crypto,Equal Weight,Crypto Equal Weight,-0.004211390828016737,365
2022-06-06,Crypto,Equal Weight,Crypto Equal Weight,0.02920144611179571,365
2022-06-07,Crypto,Equal Weight,Crypto Equal Weight,-0.011969793902402003,365
2022-06-08,Crypto,Equal Weight,Crypto Equal Weight,-0.013612383477299804,365
2022-06-09,Crypto,Equal Weight,Crypto Equal Weight,-0.006290799584613548,365
2022-06-10,Crypto,Equal Weight,Crypto Equal Weight,-0.052389569676345525,365
2022-06-11,Crypto,Equal Weight,Crypto Equal Weight,-0.05910299544008757,365
2022-06-12,Crypto,Equal Weight,Crypto Equal Weight,-0.05806915079641411,365
2022-06-13,Crypto,Equal Weight,Crypto Equal Weight,-0.12649945561716172,365
2022-06-14,Crypto,Equal Weight,Crypto Equal Weight,0.011680498107776514,365
2022-06-15,Crypto,Equal Weight,Crypto Equal Weight,0.06542525357596153,365
2022-06-16,Crypto,Equal Weight,Crypto Equal Weight,-0.1071884006610222,365
2022-06-17,Crypto,Equal Weight,Crypto Equal Weight,0.03646198203338853,365
2022-06-18,Crypto,Equal Weight,Crypto Equal Weight,-0.042515413038375645,365
2022-06-19,Crypto,Equal Weight,Crypto Equal Weight,0.07927452664115972,365
2022-06-20,Crypto,Equal Weight,Crypto Equal Weight,0.0015757411640274664,365
2022-06-21,Crypto,Equal Weight,Crypto Equal Weight,0.005971368768382867,365
2022-06-22,Crypto,Equal Weight,Crypto Equal Weight,-0.0359903608192278,365
2022-06-23,Crypto,Equal Weight,Crypto Equal Weight,0.047340504070337984,365
2022-06-24,Crypto,Equal Weight,Crypto Equal Weight,0.03819140914105865,365
2022-06-25,Crypto,Equal Weight,Crypto Equal Weight,0.007753439427377808,365
2022-06-26,Crypto,Equal Weight,Crypto Equal Weight,-0.021408985862141752,365
2022-06-27,Crypto,Equal Weight,Crypto Equal Weight,-0.006753675892738908,365
2022-06-28,Crypto,Equal Weight,Crypto Equal Weight,-0.043163800565628886,365
2022-06-29,Crypto,Equal Weight,Crypto Equal Weight,-0.014634249838758707,365
2022-06-30,Crypto,Equal Weight,Crypto Equal Weight,-0.007364903002337223,365
2022-07-01,Crypto,Equal Weight,Crypto Equal Weight,-0.022743101604300778,365
2022-07-02,Crypto,Equal Weight,Crypto Equal Weight,0.010206534368909838,365
2022-07-03,Crypto,Equal Weight,Crypto Equal Weight,0.006203747849250052,365
2022-07-04,Crypto,Equal Weight,Crypto Equal Weight,0.03434928007958627,365
2022-07-05,Crypto,Equal Weight,Crypto Equal Weight,-0.019035901264224744,365
2022-07-06,Crypto,Equal Weight,Crypto Equal Weight,0.01714929107079264,365
2022-07-07,Crypto,Equal Weight,Crypto Equal Weight,0.03818408898870451,365
2022-07-08,Crypto,Equal Weight,Crypto Equal Weight,-0.009716256354324614,365
2022-07-09,Crypto,Equal Weight,Crypto Equal Weight,0.014113331687002916,365
2022-07-10,Crypto,Equal Weight,Crypto Equal Weight,-0.039914641433941585,365
2022-07-11,Crypto,Equal Weight,Crypto Equal Weight,-0.055941769132582544,365
2022-07-12,Crypto,Equal Weight,Crypto Equal Weight,-0.023506154582261487,365
2022-07-13,Crypto,Equal Weight,Crypto Equal Weight,0.04427791375235155,365
2022-07-14,Crypto,Equal Weight,Crypto Equal Weight,0.023188826061356815,365
2022-07-15,Crypto,Equal Weight,Crypto Equal Weight,0.013295712298953434,365
2022-07-16,Crypto,Equal Weight,Crypto Equal Weight,0.05154078995565462,365
2022-07-17,Crypto,Equal Weight,Crypto Equal Weight,-0.0009481346380628366,365
2022-07-18,Crypto,Equal Weight,Crypto Equal Weight,0.10792768941483928,365
2022-07-19,Crypto,Equal Weight,Crypto Equal Weight,0.018286943077011588,365
2022-07-20,Crypto,Equal Weight,Crypto Equal Weight,-0.03622962949559685,365
2022-07-21,Crypto,Equal Weight,Crypto Equal Weight,0.024561258029602205,365
2022-07-22,Crypto,Equal Weight,Crypto Equal Weight,-0.007789360004250423,365
2022-07-23,Crypto,Equal Weight,Crypto Equal Weight,0.007536720936223896,365
2022-07-24,Crypto,Equal Weight,Crypto Equal Weight,0.019692387162963055,365
2022-07-25,Crypto,Equal Weight,Crypto Equal Weight,-0.07276478282443084,365
2022-07-26,Crypto,Equal Weight,Crypto Equal Weight,0.00427972286266034,365
2022-07-27,Crypto,Equal Weight,Crypto Equal Weight,0.10911298957386757,365
2022-07-28,Crypto,Equal Weight,Crypto Equal Weight,0.07791692582964409,365
2022-07-29,Crypto,Equal Weight,Crypto Equal Weight,-0.005829183344439626,365
2022-07-30,Crypto,Equal Weight,Crypto Equal Weight,-0.004675670221653649,365
2022-07-31,Crypto,Equal Weight,Crypto Equal Weight,-0.016465189612308164,365
2022-08-01,Crypto,Equal Weight,Crypto Equal Weight,-0.012699082640371007,365
2022-08-02,Crypto,Equal Weight,Crypto Equal Weight,-0.018731547141342078,365
2022-08-03,Crypto,Equal Weight,Crypto Equal Weight,-0.005898263614123967,365
2022-08-04,Crypto,Equal Weight,Crypto Equal Weight,0.00145208858553122,365
2022-08-05,Crypto,Equal Weight,Crypto Equal Weight,0.04574473649123465,365
2022-08-06,Crypto,Equal Weight,Crypto Equal Weight,-0.00935114415814645,365
2022-08-07,Crypto,Equal Weight,Crypto Equal Weight,0.006392427307688354,365
2022-08-08,Crypto,Equal Weight,Crypto Equal Weight,0.0229447621169808,365
2022-08-09,Crypto,Equal Weight,Crypto Equal Weight,-0.04364255068394753,365
2022-08-10,Crypto,Equal Weight,Crypto Equal Weight,0.05001775589284965,365
2022-08-11,Crypto,Equal Weight,Crypto Equal Weight,0.013045285139439913,365
2022-08-12,Crypto,Equal Weight,Crypto Equal Weight,0.014118240519318504,365
2022-08-13,Crypto,Equal Weight,Crypto Equal Weight,0.007878268833164913,365
2022-08-14,Crypto,Equal Weight,Crypto Equal Weight,-0.012942023802462376,365
2022-08-15,Crypto,Equal Weight,Crypto Equal Weight,-0.016734843725832005,365
2022-08-16,Crypto,Equal Weight,Crypto Equal Weight,0.0020912661621048105,365
2022-08-17,Crypto,Equal Weight,Crypto Equal Weight,-0.006078541612463406,365
2022-08-18,Crypto,Equal Weight,Crypto Equal Weight,-0.01733787946437029,365
2022-08-19,Crypto,Equal Weight,Crypto Equal Weight,-0.10808945972908332,365
2022-08-20,Crypto,Equal Weight,Crypto Equal Weight,0.01436897110145091,365
2022-08-21,Crypto,Equal Weight,Crypto Equal Weight,0.031694698941254096,365
2022-08-22,Crypto,Equal Weight,Crypto Equal Weight,0.02147356950618195,365
2022-08-23,Crypto,Equal Weight,Crypto Equal Weight,0.014107231905767195,365
2022-08-24,Crypto,Equal Weight,Crypto Equal Weight,-0.007648736420349411,365
2022-08-25,Crypto,Equal Weight,Crypto Equal Weight,0.01094257699168686,365
2022-08-26,Crypto,Equal Weight,Crypto Equal Weight,-0.07803359417007812,365
2022-08-27,Crypto,Equal Weight,Crypto Equal Weight,0.002179284569379869,365
2022-08-28,Crypto,Equal Weight,Crypto Equal Weight,-0.03357306115173309,365
2022-08-29,Crypto,Equal Weight,Crypto Equal Weight,0.04925487420357118,365
2022-08-30,Crypto,Equal Weight,Crypto Equal Weight,-0.026894195820249902,365
2022-08-31,Crypto,Equal Weight,Crypto Equal Weight,0.0032082975179153817,365
2022-09-01,Crypto,Equal Weight,Crypto Equal Weight,0.02437063798841811,365
2022-09-02,Crypto,Equal Weight,Crypto Equal Weight,0.004941360554689911,365
2022-09-03,Crypto,Equal Weight,Crypto Equal Weight,0.0021444066227914943,365
2022-09-04,Crypto,Equal Weight,Crypto Equal Weight,0.009466664886264419,365
2022-09-05,Crypto,Equal Weight,Crypto Equal Weight,0.031521784509391984,365
2022-09-06,Crypto,Equal Weight,Crypto Equal Weight,-0.07116981905963579,365
2022-09-07,Crypto,Equal Weight,Crypto Equal Weight,0.05776727663863668,365
2022-09-08,Crypto,Equal Weight,Crypto Equal Weight,0.005849298003899805,365
2022-09-09,Crypto,Equal Weight,Crypto Equal Weight,0.05861627705926811,365
2022-09-10,Crypto,Equal Weight,Crypto Equal Weight,0.01834220726446272,365
2022-09-11,Crypto,Equal Weight,Crypto Equal Weight,-0.011384277713285618,365
2022-09-12,Crypto,Equal Weight,Crypto Equal Weight,-0.007453641423881051,365
2022-09-13,Crypto,Equal Weight,Crypto Equal Weight,-0.07111080127953139,365
2022-09-14,Crypto,Equal Weight,Crypto Equal Weight,0.021343579918086813,365
2022-09-15,Crypto,Equal Weight,Crypto Equal Weight,-0.04826521767813676,365
2022-09-16,Crypto,Equal Weight,Crypto Equal Weight,0.013050713012939598,365
2022-09-17,Crypto,Equal Weight,Crypto Equal Weight,0.031041752444428396,365
2022-09-18,Crypto,Equal Weight,Crypto Equal Weight,-0.07844006705083154,365
2022-09-19,Crypto,Equal Weight,Crypto Equal Weight,0.022050621841714125,365
2022-09-20,Crypto,Equal Weight,Crypto Equal Weight,0.00012092982397091551,365
2022-09-21,Crypto,Equal Weight,Crypto Equal Weight,-0.039127276267486556,365
2022-09-22,Crypto,Equal Weight,Crypto Equal Weight,0.06731721632356923,365
2022-09-23,Crypto,Equal Weight,Crypto Equal Weight,0.011085161822327872,365
2022-09-24,Crypto,Equal Weight,Crypto Equal Weight,-0.021096523709983692,365
2022-09-25,Crypto,Equal Weight,Crypto Equal Weight,-0.013323073667573293,365
2022-09-26,Crypto,Equal Weight,Crypto Equal Weight,0.0026776526631443376,365
2022-09-27,Crypto,Equal Weight,Crypto Equal Weight,-0.01530393045398919,365
2022-09-28,Crypto,Equal Weight,Crypto Equal Weight,-0.0012962799289126913,365
2022-09-29,Crypto,Equal Weight,Crypto Equal Weight,0.026085138651090946,365
2022-09-30,Crypto,Equal Weight,Crypto Equal Weight,-0.004491731472247418,365
2022-10-01,Crypto,Equal Weight,Crypto Equal Weight,0.000853450568233294,365
2022-10-02,Crypto,Equal Weight,Crypto Equal Weight,-0.025340823712240203,365
2022-10-03,Crypto,Equal Weight,Crypto Equal Weight,0.02177381961999727,365
2022-10-04,Crypto,Equal Weight,Crypto Equal Weight,0.024596952998144017,365
2022-10-05,Crypto,Equal Weight,Crypto Equal Weight,-0.004256612742547317,365
2022-10-06,Crypto,Equal Weight,Crypto Equal Weight,-0.006072386991168044,365
2022-10-07,Crypto,Equal Weight,Crypto Equal Weight,-0.0041997237012902245,365
2022-10-08,Crypto,Equal Weight,Crypto Equal Weight,-0.0031627007461755177,365
2022-10-09,Crypto,Equal Weight,Crypto Equal Weight,0.010305532644744566,365
2022-10-10,Crypto,Equal Weight,Crypto Equal Weight,-0.04378364997925048,365
2022-10-11,Crypto,Equal Weight,Crypto Equal Weight,-0.01811325390537241,365
2022-10-12,Crypto,Equal Weight,Crypto Equal Weight,0.0017588610791762658,365
2022-10-13,Crypto,Equal Weight,Crypto Equal Weight,-0.016872170705753243,365
2022-10-14,Crypto,Equal Weight,Crypto Equal Weight,0.0024026320207527047,365
2022-10-15,Crypto,Equal Weight,Crypto Equal Weight,-0.007131151020167648,365
2022-10-16,Crypto,Equal Weight,Crypto Equal Weight,0.011621146466186616,365
2022-10-17,Crypto,Equal Weight,Crypto Equal Weight,0.011846976355508422,365
2022-10-18,Crypto,Equal Weight,Crypto Equal Weight,-0.015818455509828577,365
2022-10-19,Crypto,Equal Weight,Crypto Equal Weight,-0.024324659241497005,365
2022-10-20,Crypto,Equal Weight,Crypto Equal Weight,-0.0026196105162688108,365
2022-10-21,Crypto,Equal Weight,Crypto Equal Weight,0.013255302797449077,365
2022-10-22,Crypto,Equal Weight,Crypto Equal Weight,0.010854355840459342,365
2022-10-23,Crypto,Equal Weight,Crypto Equal Weight,0.019051152137463643,365
2022-10-24,Crypto,Equal Weight,Crypto Equal Weight,-0.020039312732326498,365
2022-10-25,Crypto,Equal Weight,Crypto Equal Weight,0.053188844301937294,365
2022-10-26,Crypto,Equal Weight,Crypto Equal Weight,0.023395554187381103,365
2022-10-27,Crypto,Equal Weight,Crypto Equal Weight,-0.021055507328959756,365
2022-10-28,Crypto,Equal Weight,Crypto Equal Weight,0.020022714690651536,365
2022-10-29,Crypto,Equal Weight,Crypto Equal Weight,0.01645220704709567,365
2022-10-30,Crypto,Equal Weight,Crypto Equal Weight,-0.02340182217984157,365
2022-10-31,Crypto,Equal Weight,Crypto Equal Weight,0.0012976892075733603,365
2022-11-01,Crypto,Equal Weight,Crypto Equal Weight,-0.004912792959008128,365
2022-11-02,Crypto,Equal Weight,Crypto Equal Weight,-0.014486227815160456,365
2022-11-03,Crypto,Equal Weight,Crypto Equal Weight,0.015883857574179074,365
2022-11-04,Crypto,Equal Weight,Crypto Equal Weight,0.0685059505372958,365
2022-11-05,Crypto,Equal Weight,Crypto Equal Weight,-0.0002099972671457117,365
2022-11-06,Crypto,Equal Weight,Crypto Equal Weight,-0.03910438366190772,365
2022-11-07,Crypto,Equal Weight,Crypto Equal Weight,0.00012663336940262892,365
2022-11-08,Crypto,Equal Weight,Crypto Equal Weight,-0.1167796687963813,365
2022-11-09,Crypto,Equal Weight,Crypto Equal Weight,-0.14533737478270545,365
2022-11-10,Crypto,Equal Weight,Crypto Equal Weight,0.15718182435819011,365
2022-11-11,Crypto,Equal Weight,Crypto Equal Weight,-0.017450224027057114,365
2022-11-12,Crypto,Equal Weight,Crypto Equal Weight,-0.031724200843263994,365
2022-11-13,Crypto,Equal Weight,Crypto Equal Weight,-0.03424062873727751,365
2022-11-14,Crypto,Equal Weight,Crypto Equal Weight,0.023508344251123928,365
2022-11-15,Crypto,Equal Weight,Crypto Equal Weight,0.014770586640126848,365
2022-11-16,Crypto,Equal Weight,Crypto Equal Weight,-0.018455154464827005,365
2022-11-17,Crypto,Equal Weight,Crypto Equal Weight,0.005198850055400295,365
2022-11-18,Crypto,Equal Weight,Crypto Equal Weight,0.002262774809897816,365
2022-11-19,Crypto,Equal Weight,Crypto Equal Weight,0.007957564572855102,365
2022-11-20,Crypto,Equal Weight,Crypto Equal Weight,-0.04097185663900474,365
2022-11-21,Crypto,Equal Weight,Crypto Equal Weight,-0.013766519939743082,365
2022-11-22,Crypto,Equal Weight,Crypto Equal Weight,0.03818765204158874,365
2022-11-23,Crypto,Equal Weight,Crypto Equal Weight,0.04600819648222201,365
2022-11-24,Crypto,Equal Weight,Crypto Equal Weight,0.010479537323239032,365
2022-11-25,Crypto,Equal Weight,Crypto Equal Weight,-0.006553732974283944,365
2022-11-26,Crypto,Equal Weight,Crypto Equal Weight,-0.003913906244352328,365
2022-11-27,Crypto,Equal Weight,Crypto Equal Weight,-0.0016151355296764706,365
2022-11-28,Crypto,Equal Weight,Crypto Equal Weight,-0.017932822384435165,365
2022-11-29,Crypto,Equal Weight,Crypto Equal Weight,0.016379010998877487,365
2022-11-30,Crypto,Equal Weight,Crypto Equal Weight,0.034122282916634196,365
2022-12-01,Crypto,Equal Weight,Crypto Equal Weight,-0.02010211654273666,365
2022-12-02,Crypto,Equal Weight,Crypto Equal Weight,0.00869650707204106,365
2022-12-03,Crypto,Equal Weight,Crypto Equal Weight,-0.019275456071140586,365
2022-12-04,Crypto,Equal Weight,Crypto Equal Weight,0.011134860482354781,365
2022-12-05,Crypto,Equal Weight,Crypto Equal Weight,-0.0018791591478292896,365
2022-12-06,Crypto,Equal Weight,Crypto Equal Weight,0.006433327246687715,365
2022-12-07,Crypto,Equal Weight,Crypto Equal Weight,-0.01939734123673914,365
2022-12-08,Crypto,Equal Weight,Crypto Equal Weight,0.021648162393384764,365
2022-12-09,Crypto,Equal Weight,Crypto Equal Weight,-0.0053859234080722695,365
2022-12-10,Crypto,Equal Weight,Crypto Equal Weight,-0.0004143165489538747,365
2022-12-11,Crypto,Equal Weight,Crypto Equal Weight,-0.012363960479477366,365
2022-12-12,Crypto,Equal Weight,Crypto Equal Weight,-0.0025423718663757033,365
2022-12-13,Crypto,Equal Weight,Crypto Equal Weight,0.022912054945997577,365
2022-12-14,Crypto,Equal Weight,Crypto Equal Weight,-0.010998918446365037,365
2022-12-15,Crypto,Equal Weight,Crypto Equal Weight,-0.0234077154992274,365
2022-12-16,Crypto,Equal Weight,Crypto Equal Weight,-0.08042107349128047,365
2022-12-17,Crypto,Equal Weight,Crypto Equal Weight,0.014197022017520213,365
2022-12-18,Crypto,Equal Weight,Crypto Equal Weight,-0.006549228491721326,365
2022-12-19,Crypto,Equal Weight,Crypto Equal Weight,-0.030900155037951897,365
2022-12-20,Crypto,Equal Weight,Crypto Equal Weight,0.03630442386762824,365
2022-12-21,Crypto,Equal Weight,Crypto Equal Weight,-0.003591498772828528,365
2022-12-22,Crypto,Equal Weight,Crypto Equal Weight,0.006183164973579569,365
2022-12-23,Crypto,Equal Weight,Crypto Equal Weight,-0.0010842824716702948,365
2022-12-24,Crypto,Equal Weight,Crypto Equal Weight,-0.0009345266149806465,365
2022-12-25,Crypto,Equal Weight,Crypto Equal Weight,0.0003434715730120663,365
2022-12-26,Crypto,Equal Weight,Crypto Equal Weight,0.01605461149027626,365
2022-12-27,Crypto,Equal Weight,Crypto Equal Weight,-0.011762568229070092,365
2022-12-28,Crypto,Equal Weight,Crypto Equal Weight,-0.027080495320851314,365
2022-12-29,Crypto,Equal Weight,Crypto Equal Weight,-0.0006051108231715064,365
2022-12-30,Crypto,Equal Weight,Crypto Equal Weight,0.00041194725546174184,365
2022-12-31,Crypto,Equal Weight,Crypto Equal Weight,0.0012423581931927943,365
2023-01-01,Crypto,Equal Weight,Crypto Equal Weight,0.007755602914296445,365
2023-01-02,Crypto,Equal Weight,Crypto Equal Weight,0.01900434961362503,365
2023-01-03,Crypto,Equal Weight,Crypto Equal Weight,-0.0027050635667062563,365
2023-01-04,Crypto,Equal Weight,Crypto Equal Weight,0.0370398709618052,365
2023-01-05,Crypto,Equal Weight,Crypto Equal Weight,-0.014915270707060857,365
2023-01-06,Crypto,Equal Weight,Crypto Equal Weight,0.02399224989900126,365
2023-01-07,Crypto,Equal Weight,Crypto Equal Weight,-0.0033150493784421483,365
2023-01-08,Crypto,Equal Weight,Crypto Equal Weight,0.02215294241808401,365
2023-01-09,Crypto,Equal Weight,Crypto Equal Weight,0.0273397797884958,365
2023-01-10,Crypto,Equal Weight,Crypto Equal Weight,0.006023627086972294,365
2023-01-11,Crypto,Equal Weight,Crypto Equal Weight,0.029362723562493698,365
2023-01-12,Crypto,Equal Weight,Crypto Equal Weight,0.025749110740923696,365
2023-01-13,Crypto,Equal Weight,Crypto Equal Weight,0.03391595944645198,365
2023-01-14,Crypto,Equal Weight,Crypto Equal Weight,0.03433883214203748,365
2023-01-15,Crypto,Equal Weight,Crypto Equal Weight,-0.0026764894860901167,365
2023-01-16,Crypto,Equal Weight,Crypto Equal Weight,-0.0045906479143469235,365
2023-01-17,Crypto,Equal Weight,Crypto Equal Weight,-0.004905501990651051,365
2023-01-18,Crypto,Equal Weight,Crypto Equal Weight,-0.042835744481502354,365
2023-01-19,Crypto,Equal Weight,Crypto Equal Weight,0.023740913258057026,365
2023-01-20,Crypto,Equal Weight,Crypto Equal Weight,0.06451981663484795,365
2023-01-21,Crypto,Equal Weight,Crypto Equal Weight,-0.009632871913905806,365
2023-01-22,Crypto,Equal Weight,Crypto Equal Weight,0.009943629551392632,365
2023-01-23,Crypto,Equal Weight,Crypto Equal Weight,0.020945304673450772,365
2023-01-24,Crypto,Equal Weight,Crypto Equal Weight,-0.041702126622754424,365
2023-01-25,Crypto,Equal Weight,Crypto Equal Weight,0.030705961642368048,365
2023-01-26,Crypto,Equal Weight,Crypto Equal Weight,-0.0017370736202734992,365
2023-01-27,Crypto,Equal Weight,Crypto Equal Weight,0.010663978155810237,365
2023-01-28,Crypto,Equal Weight,Crypto Equal Weight,-0.008871756409081721,365
2023-01-29,Crypto,Equal Weight,Crypto Equal Weight,0.031850761979637036,365
2023-01-30,Crypto,Equal Weight,Crypto Equal Weight,-0.04704284596112843,365
2023-01-31,Crypto,Equal Weight,Crypto Equal Weight,0.01970616656237656,365
2023-02-01,Crypto,Equal Weight,Crypto Equal Weight,0.025797610005811867,365
2023-02-02,Crypto,Equal Weight,Crypto Equal Weight,-0.004085517910096636,365
2023-02-03,Crypto,Equal Weight,Crypto Equal Weight,0.01379533841056427,365
2023-02-04,Crypto,Equal Weight,Crypto Equal Weight,0.0008217074966740401,365
2023-02-05,Crypto,Equal Weight,Crypto Equal Weight,-0.02148567616505739,365
2023-02-06,Crypto,Equal Weight,Crypto Equal Weight,-0.017506770629490034,365
2023-02-07,Crypto,Equal Weight,Crypto Equal Weight,0.03869117832630642,365
2023-02-08,Crypto,Equal Weight,Crypto Equal Weight,-0.015035624875278052,365
2023-02-09,Crypto,Equal Weight,Crypto Equal Weight,-0.05771134865422327,365
2023-02-10,Crypto,Equal Weight,Crypto Equal Weight,-0.0009264932442613169,365
2023-02-11,Crypto,Equal Weight,Crypto Equal Weight,0.011119083825479523,365
2023-02-12,Crypto,Equal Weight,Crypto Equal Weight,-0.014240155531741516,365
2023-02-13,Crypto,Equal Weight,Crypto Equal Weight,-0.003184222497895306,365
2023-02-14,Crypto,Equal Weight,Crypto Equal Weight,0.029872183904632733,365
2023-02-15,Crypto,Equal Weight,Crypto Equal Weight,0.06536374685986236,365
2023-02-16,Crypto,Equal Weight,Crypto Equal Weight,-0.0437863949888458,365
2023-02-17,Crypto,Equal Weight,Crypto Equal Weight,0.04882788616562266,365
2023-02-18,Crypto,Equal Weight,Crypto Equal Weight,0.007887810379065562,365
2023-02-19,Crypto,Equal Weight,Crypto Equal Weight,-0.010708115017883579,365
2023-02-20,Crypto,Equal Weight,Crypto Equal Weight,0.025052763815127686,365
2023-02-21,Crypto,Equal Weight,Crypto Equal Weight,-0.01918195592707385,365
2023-02-22,Crypto,Equal Weight,Crypto Equal Weight,-0.007432613906955421,365
2023-02-23,Crypto,Equal Weight,Crypto Equal Weight,-0.011735816425103698,365
2023-02-24,Crypto,Equal Weight,Crypto Equal Weight,-0.03497155614609792,365
2023-02-25,Crypto,Equal Weight,Crypto Equal Weight,-0.0024753412180666405,365
2023-02-26,Crypto,Equal Weight,Crypto Equal Weight,0.017734774694643064,365
2023-02-27,Crypto,Equal Weight,Crypto Equal Weight,-0.004616748672202598,365
2023-02-28,Crypto,Equal Weight,Crypto Equal Weight,-0.012715198199124323,365
2023-03-01,Crypto,Equal Weight,Crypto Equal Weight,0.02613632945537423,365
2023-03-02,Crypto,Equal Weight,Crypto Equal Weight,-0.010070787872863439,365
2023-03-03,Crypto,Equal Weight,Crypto Equal Weight,-0.022607444872867956,365
2023-03-04,Crypto,Equal Weight,Crypto Equal Weight,-0.018808995630489187,365
2023-03-05,Crypto,Equal Weight,Crypto Equal Weight,-0.0019956984813301547,365
2023-03-06,Crypto,Equal Weight,Crypto Equal Weight,-0.00392180502006011,365
2023-03-07,Crypto,Equal Weight,Crypto Equal Weight,-0.008894546655637114,365
2023-03-08,Crypto,Equal Weight,Crypto Equal Weight,-0.027210303066710507,365
2023-03-09,Crypto,Equal Weight,Crypto Equal Weight,-0.060623633917362446,365
2023-03-10,Crypto,Equal Weight,Crypto Equal Weight,-0.004351473976778364,365
2023-03-11,Crypto,Equal Weight,Crypto Equal Weight,0.0018321938898936076,365
2023-03-12,Crypto,Equal Weight,Crypto Equal Weight,0.0674362877377666,365
2023-03-13,Crypto,Equal Weight,Crypto Equal Weight,0.043876827588640886,365
2023-03-14,Crypto,Equal Weight,Crypto Equal Weight,0.020163527323838592,365
2023-03-15,Crypto,Equal Weight,Crypto Equal Weight,-0.051929907197880154,365
2023-03-16,Crypto,Equal Weight,Crypto Equal Weight,0.018210966972107202,365
2023-03-17,Crypto,Equal Weight,Crypto Equal Weight,0.06565744021574993,365
2023-03-18,Crypto,Equal Weight,Crypto Equal Weight,-0.022695728368747784,365
2023-03-19,Crypto,Equal Weight,Crypto Equal Weight,0.028497063352154364,365
2023-03-20,Crypto,Equal Weight,Crypto Equal Weight,-0.03439950547262127,365
2023-03-21,Crypto,Equal Weight,Crypto Equal Weight,0.07619108897481007,365
2023-03-22,Crypto,Equal Weight,Crypto Equal Weight,-0.04933245640002721,365
2023-03-23,Crypto,Equal Weight,Crypto Equal Weight,0.04653891872498437,365
2023-03-24,Crypto,Equal Weight,Crypto Equal Weight,-0.02724834724255758,365
2023-03-25,Crypto,Equal Weight,Crypto Equal Weight,-0.0020463756958890474,365
2023-03-26,Crypto,Equal Weight,Crypto Equal Weight,0.013712003864556755,365
2023-03-27,Crypto,Equal Weight,Crypto Equal Weight,-0.019250616939979117,365
2023-03-28,Crypto,Equal Weight,Crypto Equal Weight,0.029880537619454882,365
2023-03-29,Crypto,Equal Weight,Crypto Equal Weight,0.028622737977524345,365
2023-03-30,Crypto,Equal Weight,Crypto Equal Weight,-0.00176075907499288,365
2023-03-31,Crypto,Equal Weight,Crypto Equal Weight,0.02249685501481828,365
2023-04-01,Crypto,Equal Weight,Crypto Equal Weight,-0.004093416876705502,365
2023-04-02,Crypto,Equal Weight,Crypto Equal Weight,-0.007162079471210981,365
2023-04-03,Crypto,Equal Weight,Crypto Equal Weight,-0.0018588488543411666,365
2023-04-04,Crypto,Equal Weight,Crypto Equal Weight,0.008769344303898264,365
2023-04-05,Crypto,Equal Weight,Crypto Equal Weight,0.004589962586101925,365
2023-04-06,Crypto,Equal Weight,Crypto Equal Weight,-0.008989619099706548,365
2023-04-07,Crypto,Equal Weight,Crypto Equal Weight,-0.0007157523707202241,365
2023-04-08,Crypto,Equal Weight,Crypto Equal Weight,-0.007581287504680157,365
2023-04-09,Crypto,Equal Weight,Crypto Equal Weight,0.0085751661116362,365
2023-04-10,Crypto,Equal Weight,Crypto Equal Weight,0.023579695263970035,365
2023-04-11,Crypto,Equal Weight,Crypto Equal Weight,0.0038228605318978985,365
2023-04-12,Crypto,Equal Weight,Crypto Equal Weight,-0.004745178313501097,365
2023-04-13,Crypto,Equal Weight,Crypto Equal Weight,0.023349721921274248,365
2023-04-14,Crypto,Equal Weight,Crypto Equal Weight,0.015352888933841125,365
2023-04-15,Crypto,Equal Weight,Crypto Equal Weight,-0.00044104695463816903,365
2023-04-16,Crypto,Equal Weight,Crypto Equal Weight,0.007813593645352734,365
2023-04-17,Crypto,Equal Weight,Crypto Equal Weight,-0.023954347127940975,365
2023-04-18,Crypto,Equal Weight,Crypto Equal Weight,0.02048926563833755,365
2023-04-19,Crypto,Equal Weight,Crypto Equal Weight,-0.07030638123951992,365
2023-04-20,Crypto,Equal Weight,Crypto Equal Weight,-0.016593825169400268,365
2023-04-21,Crypto,Equal Weight,Crypto Equal Weight,-0.036250648570689395,365
2023-04-22,Crypto,Equal Weight,Crypto Equal Weight,0.027746816801226502,365
2023-04-23,Crypto,Equal Weight,Crypto Equal Weight,-0.011357535930528784,365
2023-04-24,Crypto,Equal Weight,Crypto Equal Weight,-0.006202409007347477,365
2023-04-25,Crypto,Equal Weight,Crypto Equal Weight,0.016867220618823685,365
2023-04-26,Crypto,Equal Weight,Crypto Equal Weight,-0.012759860883439278,365
2023-04-27,Crypto,Equal Weight,Crypto Equal Weight,0.014932648311098052,365
2023-04-28,Crypto,Equal Weight,Crypto Equal Weight,0.003736322462608444,365
2023-04-29,Crypto,Equal Weight,Crypto Equal Weight,0.005886241885930077,365
2023-04-30,Crypto,Equal Weight,Crypto Equal Weight,-0.013803832708956977,365
2023-05-01,Crypto,Equal Weight,Crypto Equal Weight,-0.017095930932513506,365
2023-05-02,Crypto,Equal Weight,Crypto Equal Weight,0.013038566646803428,365
2023-05-03,Crypto,Equal Weight,Crypto Equal Weight,0.007033688642077718,365
2023-05-04,Crypto,Equal Weight,Crypto Equal Weight,-0.010527365221955643,365
2023-05-05,Crypto,Equal Weight,Crypto Equal Weight,0.0206916461158581,365
2023-05-06,Crypto,Equal Weight,Crypto Equal Weight,-0.029721123498456303,365
2023-05-07,Crypto,Equal Weight,Crypto Equal Weight,-0.011481109989431838,365
2023-05-08,Crypto,Equal Weight,Crypto Equal Weight,-0.03585792627868483,365
2023-05-09,Crypto,Equal Weight,Crypto Equal Weight,0.016064871833109975,365
2023-05-10,Crypto,Equal Weight,Crypto Equal Weight,-0.0016382682780426983,365
2023-05-11,Crypto,Equal Weight,Crypto Equal Weight,-0.02088555232312441,365
2023-05-12,Crypto,Equal Weight,Crypto Equal Weight,0.006633145413243957,365
2023-05-13,Crypto,Equal Weight,Crypto Equal Weight,-0.006690148368844428,365
2023-05-14,Crypto,Equal Weight,Crypto Equal Weight,0.009488724033330365,365
2023-05-15,Crypto,Equal Weight,Crypto Equal Weight,0.008324650956111014,365
2023-05-16,Crypto,Equal Weight,Crypto Equal Weight,0.008422101567971952,365
2023-05-17,Crypto,Equal Weight,Crypto Equal Weight,0.014914573072979956,365
2023-05-18,Crypto,Equal Weight,Crypto Equal Weight,-0.01162563308424376,365
2023-05-19,Crypto,Equal Weight,Crypto Equal Weight,0.003288349523594647,365
2023-05-20,Crypto,Equal Weight,Crypto Equal Weight,0.0049119396708774635,365
2023-05-21,Crypto,Equal Weight,Crypto Equal Weight,-0.010665021585102118,365
2023-05-22,Crypto,Equal Weight,Crypto Equal Weight,0.00852947908232017,365
2023-05-23,Crypto,Equal Weight,Crypto Equal Weight,0.008546689643816751,365
2023-05-24,Crypto,Equal Weight,Crypto Equal Weight,-0.02931162757569497,365
2023-05-25,Crypto,Equal Weight,Crypto Equal Weight,0.0006137923240644661,365
2023-05-26,Crypto,Equal Weight,Crypto Equal Weight,0.013862260516455062,365
2023-05-27,Crypto,Equal Weight,Crypto Equal Weight,0.008685536718812828,365
2023-05-28,Crypto,Equal Weight,Crypto Equal Weight,0.027256993493929824,365
2023-05-29,Crypto,Equal Weight,Crypto Equal Weight,-0.006321640644553051,365
2023-05-30,Crypto,Equal Weight,Crypto Equal Weight,0.009550061586042524,365
2023-05-31,Crypto,Equal Weight,Crypto Equal Weight,-0.010968334133005764,365
2023-06-01,Crypto,Equal Weight,Crypto Equal Weight,-0.0070050480359822205,365
2023-06-02,Crypto,Equal Weight,Crypto Equal Weight,0.030470134154125517,365
2023-06-03,Crypto,Equal Weight,Crypto Equal Weight,-0.0032645391579624763,365
2023-06-04,Crypto,Equal Weight,Crypto Equal Weight,0.0019090477931811847,365
2023-06-05,Crypto,Equal Weight,Crypto Equal Weight,-0.055567419705904994,365
2023-06-06,Crypto,Equal Weight,Crypto Equal Weight,0.03446928333226702,365
2023-06-07,Crypto,Equal Weight,Crypto Equal Weight,-0.033975661274086084,365
2023-06-08,Crypto,Equal Weight,Crypto Equal Weight,0.007310911144695709,365
2023-06-09,Crypto,Equal Weight,Crypto Equal Weight,-0.011508540340358876,365
2023-06-10,Crypto,Equal Weight,Crypto Equal Weight,-0.08270980281888682,365
2023-06-11,Crypto,Equal Weight,Crypto Equal Weight,0.0016502033140609277,365
2023-06-12,Crypto,Equal Weight,Crypto Equal Weight,0.0004878984388572816,365
2023-06-13,Crypto,Equal Weight,Crypto Equal Weight,0.0022993820597000175,365
2023-06-14,Crypto,Equal Weight,Crypto Equal Weight,-0.04317234608044321,365
2023-06-15,Crypto,Equal Weight,Crypto Equal Weight,0.0057891036915591046,365
2023-06-16,Crypto,Equal Weight,Crypto Equal Weight,0.011168012818247086,365
2023-06-17,Crypto,Equal Weight,Crypto Equal Weight,0.00953205851289305,365
2023-06-18,Crypto,Equal Weight,Crypto Equal Weight,-0.005460914609440514,365
2023-06-19,Crypto,Equal Weight,Crypto Equal Weight,0.006550246328475962,365
2023-06-20,Crypto,Equal Weight,Crypto Equal Weight,0.02715189615430728,365
2023-06-21,Crypto,Equal Weight,Crypto Equal Weight,0.06914386829461867,365
2023-06-22,Crypto,Equal Weight,Crypto Equal Weight,-0.003644103283823708,365
2023-06-23,Crypto,Equal Weight,Crypto Equal Weight,0.07470161177942011,365
2023-06-24,Crypto,Equal Weight,Crypto Equal Weight,0.011652634564868595,365
2023-06-25,Crypto,Equal Weight,Crypto Equal Weight,-0.01086883664227928,365
2023-06-26,Crypto,Equal Weight,Crypto Equal Weight,0.005978334015964881,365
2023-06-27,Crypto,Equal Weight,Crypto Equal Weight,0.02263140143154352,365
2023-06-28,Crypto,Equal Weight,Crypto Equal Weight,-0.03996466241134235,365
2023-06-29,Crypto,Equal Weight,Crypto Equal Weight,0.029699728716752083,365
2023-06-30,Crypto,Equal Weight,Crypto Equal Weight,0.09404904955033085,365
2023-07-01,Crypto,Equal Weight,Crypto Equal Weight,-0.0018449409424392109,365
2023-07-02,Crypto,Equal Weight,Crypto Equal Weight,0.005238620849933817,365
2023-07-03,Crypto,Equal Weight,Crypto Equal Weight,-0.005122109370999129,365
2023-07-04,Crypto,Equal Weight,Crypto Equal Weight,-0.019442579812504756,365
2023-07-05,Crypto,Equal Weight,Crypto Equal Weight,-0.015160100684215772,365
2023-07-06,Crypto,Equal Weight,Crypto Equal Weight,-0.025132335253464932,365
2023-07-07,Crypto,Equal Weight,Crypto Equal Weight,0.01796298117539279,365
2023-07-08,Crypto,Equal Weight,Crypto Equal Weight,0.0015316509312837676,365
2023-07-09,Crypto,Equal Weight,Crypto Equal Weight,-0.013726282828247383,365
2023-07-10,Crypto,Equal Weight,Crypto Equal Weight,0.012686976892272451,365
2023-07-11,Crypto,Equal Weight,Crypto Equal Weight,0.0002996987373478531,365
2023-07-12,Crypto,Equal Weight,Crypto Equal Weight,-0.004325411937046786,365
2023-07-13,Crypto,Equal Weight,Crypto Equal Weight,0.19549932848969684,365
2023-07-14,Crypto,Equal Weight,Crypto Equal Weight,-0.06154752460039317,365
2023-07-15,Crypto,Equal Weight,Crypto Equal Weight,-0.010010406055538589,365
2023-07-16,Crypto,Equal Weight,Crypto Equal Weight,-0.0053807677283610475,365
2023-07-17,Crypto,Equal Weight,Crypto Equal Weight,-0.004097995284557188,365
2023-07-18,Crypto,Equal Weight,Crypto Equal Weight,0.0006437713452430392,365
2023-07-19,Crypto,Equal Weight,Crypto Equal Weight,0.029475186809692955,365
2023-07-20,Crypto,Equal Weight,Crypto Equal Weight,-0.0002528017318526702,365
2023-07-21,Crypto,Equal Weight,Crypto Equal Weight,-0.0015039225025845094,365
2023-07-22,Crypto,Equal Weight,Crypto Equal Weight,-0.012805089144875936,365
2023-07-23,Crypto,Equal Weight,Crypto Equal Weight,0.013126348690180534,365
2023-07-24,Crypto,Equal Weight,Crypto Equal Weight,-0.03911088820428194,365
2023-07-25,Crypto,Equal Weight,Crypto Equal Weight,0.0004515707248740953,365
2023-07-26,Crypto,Equal Weight,Crypto Equal Weight,0.01536213004313094,365
2023-07-27,Crypto,Equal Weight,Crypto Equal Weight,0.0022443134630713455,365
2023-07-28,Crypto,Equal Weight,Crypto Equal Weight,0.007462819176447867,365
2023-07-29,Crypto,Equal Weight,Crypto Equal Weight,0.003363640436718895,365
2023-07-30,Crypto,Equal Weight,Crypto Equal Weight,-0.0018887354070578283,365
2023-07-31,Crypto,Equal Weight,Crypto Equal Weight,-0.01723273511035757,365
2023-08-01,Crypto,Equal Weight,Crypto Equal Weight,0.008097901202082248,365
2023-08-02,Crypto,Equal Weight,Crypto Equal Weight,-0.03714694707929564,365
2023-08-03,Crypto,Equal Weight,Crypto Equal Weight,-0.01737553628357058,365
2023-08-04,Crypto,Equal Weight,Crypto Equal Weight,-0.007302872222976842,365
2023-08-05,Crypto,Equal Weight,Crypto Equal Weight,0.004349784985149952,365
2023-08-06,Crypto,Equal Weight,Crypto Equal Weight,-0.005434122335717784,365
2023-08-07,Crypto,Equal Weight,Crypto Equal Weight,0.00701631019083232,365
2023-08-08,Crypto,Equal Weight,Crypto Equal Weight,0.014720931908673896,365
2023-08-09,Crypto,Equal Weight,Crypto Equal Weight,-0.002395454912777484,365
2023-08-10,Crypto,Equal Weight,Crypto Equal Weight,-0.010313452290058632,365
2023-08-11,Crypto,Equal Weight,Crypto Equal Weight,-0.002505354091861368,365
2023-08-12,Crypto,Equal Weight,Crypto Equal Weight,-3.937036608947396e-06,365
2023-08-13,Crypto,Equal Weight,Crypto Equal Weight,-0.006202337709924489,365
2023-08-14,Crypto,Equal Weight,Crypto Equal Weight,0.0019515992508783106,365
2023-08-15,Crypto,Equal Weight,Crypto Equal Weight,-0.028483106955607816,365
2023-08-16,Crypto,Equal Weight,Crypto Equal Weight,-0.03890073461971866,365
2023-08-17,Crypto,Equal Weight,Crypto Equal Weight,-0.08842940887497386,365
2023-08-18,Crypto,Equal Weight,Crypto Equal Weight,0.006166164594595425,365
2023-08-19,Crypto,Equal Weight,Crypto Equal Weight,0.01446029421699644,365
2023-08-20,Crypto,Equal Weight,Crypto Equal Weight,0.016883672615801638,365
2023-08-21,Crypto,Equal Weight,Crypto Equal Weight,-0.009879608817271868,365
2023-08-22,Crypto,Equal Weight,Crypto Equal Weight,-0.014368192690346893,365
2023-08-23,Crypto,Equal Weight,Crypto Equal Weight,0.03150211746919023,365
2023-08-24,Crypto,Equal Weight,Crypto Equal Weight,-0.012132670149970026,365
2023-08-25,Crypto,Equal Weight,Crypto Equal Weight,-0.001097954023416292,365
2023-08-26,Crypto,Equal Weight,Crypto Equal Weight,-0.005586021939540321,365
2023-08-27,Crypto,Equal Weight,Crypto Equal Weight,0.009236659750104226,365
2023-08-28,Crypto,Equal Weight,Crypto Equal Weight,-0.005905699793415332,365
2023-08-29,Crypto,Equal Weight,Crypto Equal Weight,0.05507035060377845,365
2023-08-30,Crypto,Equal Weight,Crypto Equal Weight,-0.022248078588893397,365
2023-08-31,Crypto,Equal Weight,Crypto Equal Weight,-0.03801269052597048,365
2023-09-01,Crypto,Equal Weight,Crypto Equal Weight,-0.012928701106311181,365
2023-09-02,Crypto,Equal Weight,Crypto Equal Weight,0.0021511719438193524,365
2023-09-03,Crypto,Equal Weight,Crypto Equal Weight,0.006164628955449203,365
2023-09-04,Crypto,Equal Weight,Crypto Equal Weight,0.003160991113200329,365
2023-09-05,Crypto,Equal Weight,Crypto Equal Weight,-0.001604615569630974,365
2023-09-06,Crypto,Equal Weight,Crypto Equal Weight,0.0014576500461318863,365
2023-09-07,Crypto,Equal Weight,Crypto Equal Weight,0.007585107840102845,365
2023-09-08,Crypto,Equal Weight,Crypto Equal Weight,-0.00505856760002702,365
2023-09-09,Crypto,Equal Weight,Crypto Equal Weight,0.003653019516587175,365
2023-09-10,Crypto,Equal Weight,Crypto Equal Weight,-0.01358203824648161,365
2023-09-11,Crypto,Equal Weight,Crypto Equal Weight,-0.03317390146200886,365
2023-09-12,Crypto,Equal Weight,Crypto Equal Weight,0.020236277370025094,365
2023-09-13,Crypto,Equal Weight,Crypto Equal Weight,0.0109101377122229,365
2023-09-14,Crypto,Equal Weight,Crypto Equal Weight,0.015075647116377934,365
2023-09-15,Crypto,Equal Weight,Crypto Equal Weight,0.017594204754288658,365
2023-09-16,Crypto,Equal Weight,Crypto Equal Weight,-0.0038962074747921236,365
2023-09-17,Crypto,Equal Weight,Crypto Equal Weight,-0.01639326751851299,365
2023-09-18,Crypto,Equal Weight,Crypto Equal Weight,0.01968908084512331,365
2023-09-19,Crypto,Equal Weight,Crypto Equal Weight,0.011995626949226115,365
2023-09-20,Crypto,Equal Weight,Crypto Equal Weight,-0.010665434056974477,365
2023-09-21,Crypto,Equal Weight,Crypto Equal Weight,-0.01980039929133833,365
2023-09-22,Crypto,Equal Weight,Crypto Equal Weight,0.0012225372952483827,365
2023-09-23,Crypto,Equal Weight,Crypto Equal Weight,0.002578142625176427,365
2023-09-24,Crypto,Equal Weight,Crypto Equal Weight,-0.013020335411775554,365
2023-09-25,Crypto,Equal Weight,Crypto Equal Weight,0.00871039004850741,365
2023-09-26,Crypto,Equal Weight,Crypto Equal Weight,-0.003099137163124954,365
2023-09-27,Crypto,Equal Weight,Crypto Equal Weight,0.009322785106952891,365
2023-09-28,Crypto,Equal Weight,Crypto Equal Weight,0.025073324420569507,365
2023-09-29,Crypto,Equal Weight,Crypto Equal Weight,0.005434094670924461,365
2023-09-30,Crypto,Equal Weight,Crypto Equal Weight,0.004049637744505442,365
2023-10-01,Crypto,Equal Weight,Crypto Equal Weight,0.029508245626091827,365
2023-10-02,Crypto,Equal Weight,Crypto Equal Weight,-0.02263630601154587,365
2023-10-03,Crypto,Equal Weight,Crypto Equal Weight,0.00018829581268208124,365
2023-10-04,Crypto,Equal Weight,Crypto Equal Weight,-0.006274930158273262,365
2023-10-05,Crypto,Equal Weight,Crypto Equal Weight,-0.011059632702356848,365
2023-10-06,Crypto,Equal Weight,Crypto Equal Weight,0.009812111022711312,365
2023-10-07,Crypto,Equal Weight,Crypto Equal Weight,-0.004232898693495945,365
2023-10-08,Crypto,Equal Weight,Crypto Equal Weight,-0.004816313761426894,365
2023-10-09,Crypto,Equal Weight,Crypto Equal Weight,-0.030927593647395137,365
2023-10-10,Crypto,Equal Weight,Crypto Equal Weight,-0.0074236072208690995,365
2023-10-11,Crypto,Equal Weight,Crypto Equal Weight,-0.008962957009541507,365
2023-10-12,Crypto,Equal Weight,Crypto Equal Weight,-0.008336279694453464,365
2023-10-13,Crypto,Equal Weight,Crypto Equal Weight,0.007031694669283151,365
2023-10-14,Crypto,Equal Weight,Crypto Equal Weight,0.0015492963973016472,365
2023-10-15,Crypto,Equal Weight,Crypto Equal Weight,0.006085723990029368,365
2023-10-16,Crypto,Equal Weight,Crypto Equal Weight,0.029826719180017003,365
2023-10-17,Crypto,Equal Weight,Crypto Equal Weight,-0.018865643579989568,365
2023-10-18,Crypto,Equal Weight,Crypto Equal Weight,-0.006922478049449166,365
2023-10-19,Crypto,Equal Weight,Crypto Equal Weight,0.017096205176686596,365
2023-10-20,Crypto,Equal Weight,Crypto Equal Weight,0.02151512776330269,365
2023-10-21,Crypto,Equal Weight,Crypto Equal Weight,0.018699108965846388,365
2023-10-22,Crypto,Equal Weight,Crypto Equal Weight,0.00468562831336562,365
2023-10-23,Crypto,Equal Weight,Crypto Equal Weight,0.05725437055352863,365
2023-10-24,Crypto,Equal Weight,Crypto Equal Weight,-5.517032091718607e-05,365
2023-10-25,Crypto,Equal Weight,Crypto Equal Weight,0.003641279162773314,365
2023-10-26,Crypto,Equal Weight,Crypto Equal Weight,-0.0004957256077606442,365
2023-10-27,Crypto,Equal Weight,Crypto Equal Weight,-0.01083655687974755,365
2023-10-28,Crypto,Equal Weight,Crypto Equal Weight,0.012065201809833436,365
2023-10-29,Crypto,Equal Weight,Crypto Equal Weight,0.012478492769189997,365
2023-10-30,Crypto,Equal Weight,Crypto Equal Weight,0.012115615043815276,365
2023-10-31,Crypto,Equal Weight,Crypto Equal Weight,0.009585151462079567,365
2023-11-01,Crypto,Equal Weight,Crypto Equal Weight,0.020423321832506593,365
2023-11-02,Crypto,Equal Weight,Crypto Equal Weight,-0.010673215464948316,365
2023-11-03,Crypto,Equal Weight,Crypto Equal Weight,0.0056870929701925985,365
2023-11-04,Crypto,Equal Weight,Crypto Equal Weight,0.00926673148983166,365
2023-11-05,Crypto,Equal Weight,Crypto Equal Weight,0.022180669055755532,365
2023-11-06,Crypto,Equal Weight,Crypto Equal Weight,0.029873216562228903,365
2023-11-07,Crypto,Equal Weight,Crypto Equal Weight,-0.015245608939161114,365
2023-11-08,Crypto,Equal Weight,Crypto Equal Weight,0.00912336382899588,365
2023-11-09,Crypto,Equal Weight,Crypto Equal Weight,0.018942521337077956,365
2023-11-10,Crypto,Equal Weight,Crypto Equal Weight,0.016119127764091114,365
2023-11-11,Crypto,Equal Weight,Crypto Equal Weight,0.0003847868334870943,365
2023-11-12,Crypto,Equal Weight,Crypto Equal Weight,-0.0006957615929076178,365
2023-11-13,Crypto,Equal Weight,Crypto Equal Weight,-0.015109750322123416,365
2023-11-14,Crypto,Equal Weight,Crypto Equal Weight,-0.03211101876751308,365
2023-11-15,Crypto,Equal Weight,Crypto Equal Weight,0.04185776999454001,365
2023-11-16,Crypto,Equal Weight,Crypto Equal Weight,-0.033394865371440395,365
2023-11-17,Crypto,Equal Weight,Crypto Equal Weight,-0.0013511061181286088,365
2023-11-18,Crypto,Equal Weight,Crypto Equal Weight,0.0010200089476241625,365
2023-11-19,Crypto,Equal Weight,Crypto Equal Weight,0.01752721150821428,365
2023-11-20,Crypto,Equal Weight,Crypto Equal Weight,-0.012497110479452678,365
2023-11-21,Crypto,Equal Weight,Crypto Equal Weight,-0.05277398882146187,365
2023-11-22,Crypto,Equal Weight,Crypto Equal Weight,0.04727342608349421,365
2023-11-23,Crypto,Equal Weight,Crypto Equal Weight,0.003197785503091078,365
2023-11-24,Crypto,Equal Weight,Crypto Equal Weight,0.010683066717420787,365
2023-11-25,Crypto,Equal Weight,Crypto Equal Weight,0.014944736662485992,365
2023-11-26,Crypto,Equal Weight,Crypto Equal Weight,-0.01078953734576411,365
2023-11-27,Crypto,Equal Weight,Crypto Equal Weight,-0.024229064196371886,365
2023-11-28,Crypto,Equal Weight,Crypto Equal Weight,0.01087535974875631,365
2023-11-29,Crypto,Equal Weight,Crypto Equal Weight,-0.0015633888162123303,365
2023-11-30,Crypto,Equal Weight,Crypto Equal Weight,-0.00373513833412572,365
2023-12-01,Crypto,Equal Weight,Crypto Equal Weight,0.01645782673107902,365
2023-12-02,Crypto,Equal Weight,Crypto Equal Weight,0.01966302971088343,365
2023-12-03,Crypto,Equal Weight,Crypto Equal Weight,0.00445921864006399,365
2023-12-04,Crypto,Equal Weight,Crypto Equal Weight,0.02434106799439686,365
2023-12-05,Crypto,Equal Weight,Crypto Equal Weight,0.018389489538105597,365
2023-12-06,Crypto,Equal Weight,Crypto Equal Weight,0.0013237156875065537,365
2023-12-07,Crypto,Equal Weight,Crypto Equal Weight,0.02423427798230167,365
2023-12-08,Crypto,Equal Weight,Crypto Equal Weight,0.046945668764004966,365
2023-12-09,Crypto,Equal Weight,Crypto Equal Weight,0.006388985528143445,365
2023-12-10,Crypto,Equal Weight,Crypto Equal Weight,0.0019439946326410106,365
2023-12-11,Crypto,Equal Weight,Crypto Equal Weight,-0.06588507928304639,365
2023-12-12,Crypto,Equal Weight,Crypto Equal Weight,0.006350064513168775,365
2023-12-13,Crypto,Equal Weight,Crypto Equal Weight,0.03016846894188363,365
2023-12-14,Crypto,Equal Weight,Crypto Equal Weight,0.0058804058603049054,365
2023-12-15,Crypto,Equal Weight,Crypto Equal Weight,-0.040073893962666106,365
2023-12-16,Crypto,Equal Weight,Crypto Equal Weight,0.018898953179226522,365
2023-12-17,Crypto,Equal Weight,Crypto Equal Weight,-0.01908536977025386,365
2023-12-18,Crypto,Equal Weight,Crypto Equal Weight,0.0026682168001951447,365
2023-12-19,Crypto,Equal Weight,Crypto Equal Weight,-0.013889862746785242,365
2023-12-20,Crypto,Equal Weight,Crypto Equal Weight,0.019194650398160328,365
2023-12-21,Crypto,Equal Weight,Crypto Equal Weight,0.028038946398433563,365
2023-12-22,Crypto,Equal Weight,Crypto Equal Weight,0.017659209009807143,365
2023-12-23,Crypto,Equal Weight,Crypto Equal Weight,-0.009033084431587101,365
2023-12-24,Crypto,Equal Weight,Crypto Equal Weight,-0.017737058550317878,365
2023-12-25,Crypto,Equal Weight,Crypto Equal Weight,0.030472356480362447,365
2023-12-26,Crypto,Equal Weight,Crypto Equal Weight,-0.022479580266228292,365
2023-12-27,Crypto,Equal Weight,Crypto Equal Weight,0.05254635573080771,365
2023-12-28,Crypto,Equal Weight,Crypto Equal Weight,-0.008408280584752967,365
2023-12-29,Crypto,Equal Weight,Crypto Equal Weight,-0.018570001800694725,365
2023-12-30,Crypto,Equal Weight,Crypto Equal Weight,0.007322260861475361,365
2023-12-31,Crypto,Equal Weight,Crypto Equal Weight,-0.011748167139113263,365
2021-01-01,Crypto,Minimum Variance,Crypto Minimum Variance,0.011011005324761725,365
2021-01-02,Crypto,Minimum Variance,Crypto Minimum Variance,0.07801163112460177,365
2021-01-03,Crypto,Minimum Variance,Crypto Minimum Variance,0.039762911822364716,365
2021-01-04,Crypto,Minimum Variance,Crypto Minimum Variance,-0.008937837342683972,365
2021-01-05,Crypto,Minimum Variance,Crypto Minimum Variance,0.04257056693375991,365
2021-01-06,Crypto,Minimum Variance,Crypto Minimum Variance,0.08130515136295303,365
2021-01-07,Crypto,Minimum Variance,Crypto Minimum Variance,0.05857206581672271,365
2021-01-08,Crypto,Minimum Variance,Crypto Minimum Variance,0.02583158374792478,365
2021-01-09,Crypto,Minimum Variance,Crypto Minimum Variance,0.009547602311194076,365
2021-01-10,Crypto,Minimum Variance,Crypto Minimum Variance,-0.039761101598435135,365
2021-01-11,Crypto,Minimum Variance,Crypto Minimum Variance,-0.08416961705070904,365
2021-01-12,Crypto,Minimum Variance,Crypto Minimum Variance,-0.04082057369198527,365
2021-01-13,Crypto,Minimum Variance,Crypto Minimum Variance,0.0927153659594621,365
2021-01-14,Crypto,Minimum Variance,Crypto Minimum Variance,0.04184313813542597,365
2021-01-15,Crypto,Minimum Variance,Crypto Minimum Variance,-0.05104023000328678,365
2021-01-16,Crypto,Minimum Variance,Crypto Minimum Variance,-0.009913733660083347,365
2021-01-17,Crypto,Minimum Variance,Crypto Minimum Variance,-0.009081470734887569,365
2021-01-18,Crypto,Minimum Variance,Crypto Minimum Variance,0.02668233276371783,365
2021-01-19,Crypto,Minimum Variance,Crypto Minimum Variance,-0.012225655912710362,365
2021-01-20,Crypto,Minimum Variance,Crypto Minimum Variance,-0.012523107234269398,365
2021-01-21,Crypto,Minimum Variance,Crypto Minimum Variance,-0.12794874609669518,365
2021-01-22,Crypto,Minimum Variance,Crypto Minimum Variance,0.065650609310559,365
2021-01-23,Crypto,Minimum Variance,Crypto Minimum Variance,-0.020042026907346414,365
2021-01-24,Crypto,Minimum Variance,Crypto Minimum Variance,0.014475111713096109,365
2021-01-25,Crypto,Minimum Variance,Crypto Minimum Variance,-0.002349276481189281,365
2021-01-26,Crypto,Minimum Variance,Crypto Minimum Variance,0.005367164613119285,365
2021-01-27,Crypto,Minimum Variance,Crypto Minimum Variance,-0.06246951529547216,365
2021-01-28,Crypto,Minimum Variance,Crypto Minimum Variance,0.09104374283511674,365
2021-01-29,Crypto,Minimum Variance,Crypto Minimum Variance,0.03930700024611049,365
2021-01-30,Crypto,Minimum Variance,Crypto Minimum Variance,-0.0038983046625736357,365
2021-01-31,Crypto,Minimum Variance,Crypto Minimum Variance,-0.030084208437039787,365
2021-02-01,Crypto,Minimum Variance,Crypto Minimum Variance,0.016734791023669003,365
2021-02-02,Crypto,Minimum Variance,Crypto Minimum Variance,0.046683333102910396,365
2021-02-03,Crypto,Minimum Variance,Crypto Minimum Variance,0.049916912671570474,365
2021-02-04,Crypto,Minimum Variance,Crypto Minimum Variance,-0.018994952963684773,365
2021-02-05,Crypto,Minimum Variance,Crypto Minimum Variance,0.04922186499456291,365
2021-02-06,Crypto,Minimum Variance,Crypto Minimum Variance,0.016486883844179824,365
2021-02-07,Crypto,Minimum Variance,Crypto Minimum Variance,-0.004934929051237108,365
2021-02-08,Crypto,Minimum Variance,Crypto Minimum Variance,0.16700984485313003,365
2021-02-09,Crypto,Minimum Variance,Crypto Minimum Variance,0.03777607737639529,365
2021-02-10,Crypto,Minimum Variance,Crypto Minimum Variance,-0.019043398198647105,365
2021-02-11,Crypto,Minimum Variance,Crypto Minimum Variance,0.10371989544477132,365
2021-02-12,Crypto,Minimum Variance,Crypto Minimum Variance,-0.009594206727673941,365
2021-02-13,Crypto,Minimum Variance,Crypto Minimum Variance,0.029706106444715847,365
2021-02-14,Crypto,Minimum Variance,Crypto Minimum Variance,0.009441370897691577,365
2021-02-15,Crypto,Minimum Variance,Crypto Minimum Variance,-0.03471383319704732,365
2021-02-16,Crypto,Minimum Variance,Crypto Minimum Variance,0.02357105542495903,365
2021-02-17,Crypto,Minimum Variance,Crypto Minimum Variance,0.049292090444268834,365
2021-02-18,Crypto,Minimum Variance,Crypto Minimum Variance,0.001608430897107368,365
2021-02-19,Crypto,Minimum Variance,Crypto Minimum Variance,0.08425408418847423,365
2021-02-20,Crypto,Minimum Variance,Crypto Minimum Variance,-0.008789710685684014,365
2021-02-21,Crypto,Minimum Variance,Crypto Minimum Variance,0.026307412838386925,365
2021-02-22,Crypto,Minimum Variance,Crypto Minimum Variance,-0.06548113702758662,365
2021-02-23,Crypto,Minimum Variance,Crypto Minimum Variance,-0.12019726754671706,365
2021-02-24,Crypto,Minimum Variance,Crypto Minimum Variance,0.030584998341439264,365
2021-02-25,Crypto,Minimum Variance,Crypto Minimum Variance,-0.055182388135449456,365
2021-02-26,Crypto,Minimum Variance,Crypto Minimum Variance,-0.013338527212242653,365
2021-02-27,Crypto,Minimum Variance,Crypto Minimum Variance,0.0061287534788238675,365
2021-02-28,Crypto,Minimum Variance,Crypto Minimum Variance,-0.02510563226271304,365
2021-03-01,Crypto,Minimum Variance,Crypto Minimum Variance,0.09019150300455159,365
2021-03-02,Crypto,Minimum Variance,Crypto Minimum Variance,-0.0236746222912133,365
2021-03-03,Crypto,Minimum Variance,Crypto Minimum Variance,0.04408376717848494,365
2021-03-04,Crypto,Minimum Variance,Crypto Minimum Variance,-0.022567513153086093,365
2021-03-05,Crypto,Minimum Variance,Crypto Minimum Variance,0.0005820546694919588,365
2021-03-06,Crypto,Minimum Variance,Crypto Minimum Variance,0.0012468754840789917,365
2021-03-07,Crypto,Minimum Variance,Crypto Minimum Variance,0.04226724479974006,365
2021-03-08,Crypto,Minimum Variance,Crypto Minimum Variance,0.01989808767482116,365
2021-03-09,Crypto,Minimum Variance,Crypto Minimum Variance,0.043374809697813876,365
2021-03-10,Crypto,Minimum Variance,Crypto Minimum Variance,0.00942851429353296,365
2021-03-11,Crypto,Minimum Variance,Crypto Minimum Variance,0.025247089975720522,365
2021-03-12,Crypto,Minimum Variance,Crypto Minimum Variance,-0.012315742212085921,365
2021-03-13,Crypto,Minimum Variance,Crypto Minimum Variance,0.06992552773783009,365
2021-03-14,Crypto,Minimum Variance,Crypto Minimum Variance,-0.03365243643999814,365
2021-03-15,Crypto,Minimum Variance,Crypto Minimum Variance,-0.048657207244246437,365
2021-03-16,Crypto,Minimum Variance,Crypto Minimum Variance,0.019444943278970325,365
2021-03-17,Crypto,Minimum Variance,Crypto Minimum Variance,0.03629966025384925,365
2021-03-18,Crypto,Minimum Variance,Crypto Minimum Variance,-0.017842517539295197,365
2021-03-19,Crypto,Minimum Variance,Crypto Minimum Variance,0.01978332343469365,365
2021-03-20,Crypto,Minimum Variance,Crypto Minimum Variance,0.009184708766787961,365
2021-03-21,Crypto,Minimum Variance,Crypto Minimum Variance,-0.007517246699105393,365
2021-03-22,Crypto,Minimum Variance,Crypto Minimum Variance,-0.04708894484674536,365
2021-03-23,Crypto,Minimum Variance,Crypto Minimum Variance,0.003720014048737902,365
2021-03-24,Crypto,Minimum Variance,Crypto Minimum Variance,-0.04229224580648771,365
2021-03-25,Crypto,Minimum Variance,Crypto Minimum Variance,-0.015969016416195424,365
2021-03-26,Crypto,Minimum Variance,Crypto Minimum Variance,0.08041016297086376,365
2021-03-27,Crypto,Minimum Variance,Crypto Minimum Variance,0.008595086087001966,365
2021-03-28,Crypto,Minimum Variance,Crypto Minimum Variance,-0.0003982933214969856,365
2021-03-29,Crypto,Minimum Variance,Crypto Minimum Variance,0.031671808205800976,365
2021-03-30,Crypto,Minimum Variance,Crypto Minimum Variance,0.02010346858018697,365
2021-03-31,Crypto,Minimum Variance,Crypto Minimum Variance,0.057549323791373036,365
2021-04-01,Crypto,Minimum Variance,Crypto Minimum Variance,-0.003218579014285924,365
2021-04-02,Crypto,Minimum Variance,Crypto Minimum Variance,0.015217530465134247,365
2021-04-03,Crypto,Minimum Variance,Crypto Minimum Variance,-0.017658080495943054,365
2021-04-04,Crypto,Minimum Variance,Crypto Minimum Variance,0.04722603167546174,365
2021-04-05,Crypto,Minimum Variance,Crypto Minimum Variance,0.02338985177377742,365
2021-04-06,Crypto,Minimum Variance,Crypto Minimum Variance,-0.015285825154110986,365
2021-04-07,Crypto,Minimum Variance,Crypto Minimum Variance,-0.04887238268720655,365
2021-04-08,Crypto,Minimum Variance,Crypto Minimum Variance,0.05173992593593223,365
2021-04-09,Crypto,Minimum Variance,Crypto Minimum Variance,-0.008042528008450091,365
2021-04-10,Crypto,Minimum Variance,Crypto Minimum Variance,0.042649971922047676,365
2021-04-11,Crypto,Minimum Variance,Crypto Minimum Variance,0.002865709425687588,365
2021-04-12,Crypto,Minimum Variance,Crypto Minimum Variance,0.003293628386101828,365
2021-04-13,Crypto,Minimum Variance,Crypto Minimum Variance,0.07291200077869198,365
2021-04-14,Crypto,Minimum Variance,Crypto Minimum Variance,-0.007140677885273848,365
2021-04-15,Crypto,Minimum Variance,Crypto Minimum Variance,0.01938003501888119,365
2021-04-16,Crypto,Minimum Variance,Crypto Minimum Variance,-0.028908831328919023,365
2021-04-17,Crypto,Minimum Variance,Crypto Minimum Variance,-0.015750879113098425,365
2021-04-18,Crypto,Minimum Variance,Crypto Minimum Variance,-0.07571619498086136,365
2021-04-19,Crypto,Minimum Variance,Crypto Minimum Variance,-0.018932184366404075,365
2021-04-20,Crypto,Minimum Variance,Crypto Minimum Variance,0.016599217298417467,365
2021-04-21,Crypto,Minimum Variance,Crypto Minimum Variance,-0.047773802064029314,365
2021-04-22,Crypto,Minimum Variance,Crypto Minimum Variance,-0.047183204589220144,365
2021-04-23,Crypto,Minimum Variance,Crypto Minimum Variance,-0.012045276883114119,365
2021-04-24,Crypto,Minimum Variance,Crypto Minimum Variance,-0.027623053600545285,365
2021-04-25,Crypto,Minimum Variance,Crypto Minimum Variance,-0.018574257114685997,365
2021-04-26,Crypto,Minimum Variance,Crypto Minimum Variance,0.11453877035698369,365
2021-04-27,Crypto,Minimum Variance,Crypto Minimum Variance,0.02482894403602638,365
2021-04-28,Crypto,Minimum Variance,Crypto Minimum Variance,-0.005987255461434277,365
2021-04-29,Crypto,Minimum Variance,Crypto Minimum Variance,-0.019833876558482993,365
2021-04-30,Crypto,Minimum Variance,Crypto Minimum Variance,0.07998454697157904,365
2021-05-01,Crypto,Minimum Variance,Crypto Minimum Variance,0.007140387138511,365
2021-05-02,Crypto,Minimum Variance,Crypto Minimum Variance,-0.019098483433259834,365
2021-05-03,Crypto,Minimum Variance,Crypto Minimum Variance,0.025504392015230824,365
2021-05-04,Crypto,Minimum Variance,Crypto Minimum Variance,-0.06759814978072111,365
2021-05-05,Crypto,Minimum Variance,Crypto Minimum Variance,0.08485957074929801,365
2021-05-06,Crypto,Minimum Variance,Crypto Minimum Variance,-0.014467972865633621,365
2021-05-07,Crypto,Minimum Variance,Crypto Minimum Variance,0.012930172795938184,365
2021-05-08,Crypto,Minimum Variance,Crypto Minimum Variance,0.03143059338073641,365
2021-05-09,Crypto,Minimum Variance,Crypto Minimum Variance,-0.007852159899372733,365
2021-05-10,Crypto,Minimum Variance,Crypto Minimum Variance,-0.03993346874405113,365
2021-05-11,Crypto,Minimum Variance,Crypto Minimum Variance,0.022899053643749542,365
2021-05-12,Crypto,Minimum Variance,Crypto Minimum Variance,-0.12999497059897486,365
2021-05-13,Crypto,Minimum Variance,Crypto Minimum Variance,0.009937182298748615,365
2021-05-14,Crypto,Minimum Variance,Crypto Minimum Variance,0.013794980893620504,365
2021-05-15,Crypto,Minimum Variance,Crypto Minimum Variance,-0.06434004609953314,365
2021-05-16,Crypto,Minimum Variance,Crypto Minimum Variance,-0.0075306620688664295,365
2021-05-17,Crypto,Minimum Variance,Crypto Minimum Variance,-0.0636760322616878,365
2021-05-18,Crypto,Minimum Variance,Crypto Minimum Variance,-0.007316919376371048,365
2021-05-19,Crypto,Minimum Variance,Crypto Minimum Variance,-0.16070366158569266,365
2021-05-20,Crypto,Minimum Variance,Crypto Minimum Variance,0.10627451883167464,365
2021-05-21,Crypto,Minimum Variance,Crypto Minimum Variance,-0.09200687331730147,365
2021-05-22,Crypto,Minimum Variance,Crypto Minimum Variance,-0.0025839444241412567,365
2021-05-23,Crypto,Minimum Variance,Crypto Minimum Variance,-0.07885156936886593,365
2021-05-24,Crypto,Minimum Variance,Crypto Minimum Variance,0.1325865745463184,365
2021-05-25,Crypto,Minimum Variance,Crypto Minimum Variance,-0.004206337825747576,365
2021-05-26,Crypto,Minimum Variance,Crypto Minimum Variance,0.030267480612181652,365
2021-05-27,Crypto,Minimum Variance,Crypto Minimum Variance,-0.026429351594183085,365
2021-05-28,Crypto,Minimum Variance,Crypto Minimum Variance,-0.07636658648931349,365
2021-05-29,Crypto,Minimum Variance,Crypto Minimum Variance,-0.03413747619877521,365
2021-05-30,Crypto,Minimum Variance,Crypto Minimum Variance,0.03376740940370533,365
2021-05-31,Crypto,Minimum Variance,Crypto Minimum Variance,0.057069671793016676,365
2021-06-01,Crypto,Minimum Variance,Crypto Minimum Variance,-0.018908811717633773,365
2021-06-02,Crypto,Minimum Variance,Crypto Minimum Variance,0.024719315048526626,365
2021-06-03,Crypto,Minimum Variance,Crypto Minimum Variance,0.04548139336624048,365
2021-06-04,Crypto,Minimum Variance,Crypto Minimum Variance,-0.059036726985596616,365
2021-06-05,Crypto,Minimum Variance,Crypto Minimum Variance,-0.033495862366120795,365
2021-06-06,Crypto,Minimum Variance,Crypto Minimum Variance,0.01309676752437971,365
2021-06-07,Crypto,Minimum Variance,Crypto Minimum Variance,-0.06231767466237571,365
2021-06-08,Crypto,Minimum Variance,Crypto Minimum Variance,-0.005310176626962073,365
2021-06-09,Crypto,Minimum Variance,Crypto Minimum Variance,0.0996028148951947,365
2021-06-10,Crypto,Minimum Variance,Crypto Minimum Variance,-0.023582346197852787,365
2021-06-11,Crypto,Minimum Variance,Crypto Minimum Variance,0.0041035389174555355,365
2021-06-12,Crypto,Minimum Variance,Crypto Minimum Variance,-0.037724361837650454,365
2021-06-13,Crypto,Minimum Variance,Crypto Minimum Variance,0.09070828859448143,365
2021-06-14,Crypto,Minimum Variance,Crypto Minimum Variance,0.025096047704157035,365
2021-06-15,Crypto,Minimum Variance,Crypto Minimum Variance,0.00808824846383484,365
2021-06-16,Crypto,Minimum Variance,Crypto Minimum Variance,-0.05712391729004255,365
2021-06-17,Crypto,Minimum Variance,Crypto Minimum Variance,-0.001970575300891027,365
2021-06-18,Crypto,Minimum Variance,Crypto Minimum Variance,-0.05933367926664497,365
2021-06-19,Crypto,Minimum Variance,Crypto Minimum Variance,-0.008203868554303977,365
2021-06-20,Crypto,Minimum Variance,Crypto Minimum Variance,0.005789225202405737,365
2021-06-21,Crypto,Minimum Variance,Crypto Minimum Variance,-0.12522225862395217,365
2021-06-22,Crypto,Minimum Variance,Crypto Minimum Variance,0.016508588132033843,365
2021-06-23,Crypto,Minimum Variance,Crypto Minimum Variance,0.04458298056322418,365
2021-06-24,Crypto,Minimum Variance,Crypto Minimum Variance,0.03234819804531384,365
2021-06-25,Crypto,Minimum Variance,Crypto Minimum Variance,-0.08630939980544634,365
2021-06-26,Crypto,Minimum Variance,Crypto Minimum Variance,0.01604250606433962,365
2021-06-27,Crypto,Minimum Variance,Crypto Minimum Variance,0.0748427504684122,365
2021-06-28,Crypto,Minimum Variance,Crypto Minimum Variance,0.0027802799238635287,365
2021-06-29,Crypto,Minimum Variance,Crypto Minimum Variance,0.041335002853884896,365
2021-06-30,Crypto,Minimum Variance,Crypto Minimum Variance,-0.010310489735605721,365
2021-07-01,Crypto,Minimum Variance,Crypto Minimum Variance,-0.04247952598667953,365
2021-07-02,Crypto,Minimum Variance,Crypto Minimum Variance,0.009259652831305983,365
2021-07-03,Crypto,Minimum Variance,Crypto Minimum Variance,0.02280598463925381,365
2021-07-04,Crypto,Minimum Variance,Crypto Minimum Variance,0.018243566807511963,365
2021-07-05,Crypto,Minimum Variance,Crypto Minimum Variance,-0.044070393266839224,365
2021-07-06,Crypto,Minimum Variance,Crypto Minimum Variance,0.014559564375205425,365
2021-07-07,Crypto,Minimum Variance,Crypto Minimum Variance,-0.011343788295629209,365
2021-07-08,Crypto,Minimum Variance,Crypto Minimum Variance,-0.029267384452824976,365
2021-07-09,Crypto,Minimum Variance,Crypto Minimum Variance,0.02785014834572833,365
2021-07-10,Crypto,Minimum Variance,Crypto Minimum Variance,-0.008456109601381663,365
2021-07-11,Crypto,Minimum Variance,Crypto Minimum Variance,0.021348439501527112,365
2021-07-12,Crypto,Minimum Variance,Crypto Minimum Variance,-0.03108950947515977,365
2021-07-13,Crypto,Minimum Variance,Crypto Minimum Variance,-0.013770011682037649,365
2021-07-14,Crypto,Minimum Variance,Crypto Minimum Variance,0.0036182441989304833,365
2021-07-15,Crypto,Minimum Variance,Crypto Minimum Variance,-0.03188761319849305,365
2021-07-16,Crypto,Minimum Variance,Crypto Minimum Variance,-0.011277306925715571,365
2021-07-17,Crypto,Minimum Variance,Crypto Minimum Variance,0.0030968066550439845,365
2021-07-18,Crypto,Minimum Variance,Crypto Minimum Variance,0.008391359632859348,365
2021-07-19,Crypto,Minimum Variance,Crypto Minimum Variance,-0.03132276627657958,365
2021-07-20,Crypto,Minimum Variance,Crypto Minimum Variance,-0.033245389546648255,365
2021-07-21,Crypto,Minimum Variance,Crypto Minimum Variance,0.07726271579541281,365
2021-07-22,Crypto,Minimum Variance,Crypto Minimum Variance,0.007139843338185075,365
2021-07-23,Crypto,Minimum Variance,Crypto Minimum Variance,0.03898548705418408,365
2021-07-24,Crypto,Minimum Variance,Crypto Minimum Variance,0.020652463904088574,365
2021-07-25,Crypto,Minimum Variance,Crypto Minimum Variance,0.029909210589471418,365
2021-07-26,Crypto,Minimum Variance,Crypto Minimum Variance,0.055592685539481546,365
2021-07-27,Crypto,Minimum Variance,Crypto Minimum Variance,0.05478215067638341,365
2021-07-28,Crypto,Minimum Variance,Crypto Minimum Variance,0.017774413387537467,365
2021-07-29,Crypto,Minimum Variance,Crypto Minimum Variance,0.0011016638062896391,365
2021-07-30,Crypto,Minimum Variance,Crypto Minimum Variance,0.05438138131024664,365
2021-07-31,Crypto,Minimum Variance,Crypto Minimum Variance,-0.014205538101170003,365
2021-08-01,Crypto,Minimum Variance,Crypto Minimum Variance,-0.031232969603386517,365
2021-08-02,Crypto,Minimum Variance,Crypto Minimum Variance,-0.011416218223497044,365
2021-08-03,Crypto,Minimum Variance,Crypto Minimum Variance,-0.028160488063998016,365
2021-08-04,Crypto,Minimum Variance,Crypto Minimum Variance,0.04868268626763407,365
2021-08-05,Crypto,Minimum Variance,Crypto Minimum Variance,0.029797546132073003,365
2021-08-06,Crypto,Minimum Variance,Crypto Minimum Variance,0.042571725492285176,365
2021-08-07,Crypto,Minimum Variance,Crypto Minimum Variance,0.04879338763947968,365
2021-08-08,Crypto,Minimum Variance,Crypto Minimum Variance,-0.022728902147591327,365
2021-08-09,Crypto,Minimum Variance,Crypto Minimum Variance,0.056038646525956,365
2021-08-10,Crypto,Minimum Variance,Crypto Minimum Variance,-0.013519803559848529,365
2021-08-11,Crypto,Minimum Variance,Crypto Minimum Variance,0.00987532047584454,365
2021-08-12,Crypto,Minimum Variance,Crypto Minimum Variance,-0.025895716931869997,365
2021-08-13,Crypto,Minimum Variance,Crypto Minimum Variance,0.0781040280261956,365
2021-08-14,Crypto,Minimum Variance,Crypto Minimum Variance,-0.009522733063836341,365
2021-08-15,Crypto,Minimum Variance,Crypto Minimum Variance,0.0013954661034772612,365
2021-08-16,Crypto,Minimum Variance,Crypto Minimum Variance,-0.027074042269722848,365
2021-08-17,Crypto,Minimum Variance,Crypto Minimum Variance,-0.03257528230147034,365
2021-08-18,Crypto,Minimum Variance,Crypto Minimum Variance,0.002552821467812818,365
2021-08-19,Crypto,Minimum Variance,Crypto Minimum Variance,0.04469445339571193,365
2021-08-20,Crypto,Minimum Variance,Crypto Minimum Variance,0.05092955091054932,365
2021-08-21,Crypto,Minimum Variance,Crypto Minimum Variance,-0.011542171595927648,365
2021-08-22,Crypto,Minimum Variance,Crypto Minimum Variance,0.0076637449473855295,365
2021-08-23,Crypto,Minimum Variance,Crypto Minimum Variance,0.008203957723732102,365
2021-08-24,Crypto,Minimum Variance,Crypto Minimum Variance,-0.039994891467014966,365
2021-08-25,Crypto,Minimum Variance,Crypto Minimum Variance,0.025364519393625138,365
2021-08-26,Crypto,Minimum Variance,Crypto Minimum Variance,-0.04187241290502477,365
2021-08-27,Crypto,Minimum Variance,Crypto Minimum Variance,0.04816829801408099,365
2021-08-28,Crypto,Minimum Variance,Crypto Minimum Variance,-0.004172214556592684,365
2021-08-29,Crypto,Minimum Variance,Crypto Minimum Variance,-0.0018172716159901554,365
2021-08-30,Crypto,Minimum Variance,Crypto Minimum Variance,-0.030933857326774988,365
2021-08-31,Crypto,Minimum Variance,Crypto Minimum Variance,0.013586886302486962,365
2021-09-01,Crypto,Minimum Variance,Crypto Minimum Variance,0.04932469794812183,365
2021-09-02,Crypto,Minimum Variance,Crypto Minimum Variance,0.009250182217783042,365
2021-09-03,Crypto,Minimum Variance,Crypto Minimum Variance,0.01786441095969932,365
2021-09-04,Crypto,Minimum Variance,Crypto Minimum Variance,-0.0031098207719641464,365
2021-09-05,Crypto,Minimum Variance,Crypto Minimum Variance,0.033288217995222365,365
2021-09-06,Crypto,Minimum Variance,Crypto Minimum Variance,0.011884847528369878,365
2021-09-07,Crypto,Minimum Variance,Crypto Minimum Variance,-0.1170951016408563,365
2021-09-08,Crypto,Minimum Variance,Crypto Minimum Variance,-0.004019868800274895,365
2021-09-09,Crypto,Minimum Variance,Crypto Minimum Variance,0.002482411898659096,365
2021-09-10,Crypto,Minimum Variance,Crypto Minimum Variance,-0.03628242128774122,365
2021-09-11,Crypto,Minimum Variance,Crypto Minimum Variance,0.011238336972958408,365
2021-09-12,Crypto,Minimum Variance,Crypto Minimum Variance,0.0321537231915173,365
2021-09-13,Crypto,Minimum Variance,Crypto Minimum Variance,-0.028448586607695538,365
2021-09-14,Crypto,Minimum Variance,Crypto Minimum Variance,0.05170921492421033,365
2021-09-15,Crypto,Minimum Variance,Crypto Minimum Variance,0.027438853423182342,365
2021-09-16,Crypto,Minimum Variance,Crypto Minimum Variance,-0.010634637225396974,365
2021-09-17,Crypto,Minimum Variance,Crypto Minimum Variance,-0.021150097561304208,365
2021-09-18,Crypto,Minimum Variance,Crypto Minimum Variance,0.018896928634522806,365
2021-09-19,Crypto,Minimum Variance,Crypto Minimum Variance,-0.022319309400883978,365
2021-09-20,Crypto,Minimum Variance,Crypto Minimum Variance,-0.09778510112476463,365
2021-09-21,Crypto,Minimum Variance,Crypto Minimum Variance,-0.051181837734597196,365
2021-09-22,Crypto,Minimum Variance,Crypto Minimum Variance,0.07978191717729333,365
2021-09-23,Crypto,Minimum Variance,Crypto Minimum Variance,0.028029107623435502,365
2021-09-24,Crypto,Minimum Variance,Crypto Minimum Variance,-0.050781111464841044,365
2021-09-25,Crypto,Minimum Variance,Crypto Minimum Variance,-0.003659192957001295,365
2021-09-26,Crypto,Minimum Variance,Crypto Minimum Variance,0.013889484099219708,365
2021-09-27,Crypto,Minimum Variance,Crypto Minimum Variance,-0.025039480293998925,365
2021-09-28,Crypto,Minimum Variance,Crypto Minimum Variance,-0.030889950087209066,365
2021-09-29,Crypto,Minimum Variance,Crypto Minimum Variance,0.014644771948118127,365
2021-09-30,Crypto,Minimum Variance,Crypto Minimum Variance,0.05256928777956419,365
2021-10-01,Crypto,Minimum Variance,Crypto Minimum Variance,0.09744843951766813,365
2021-10-02,Crypto,Minimum Variance,Crypto Minimum Variance,-0.00363266035412029,365
2021-10-03,Crypto,Minimum Variance,Crypto Minimum Variance,0.010083203901095383,365
2021-10-04,Crypto,Minimum Variance,Crypto Minimum Variance,0.012980114985252872,365
2021-10-05,Crypto,Minimum Variance,Crypto Minimum Variance,0.04682452583403729,365
2021-10-06,Crypto,Minimum Variance,Crypto Minimum Variance,0.06264689020391981,365
2021-10-07,Crypto,Minimum Variance,Crypto Minimum Variance,-0.022423712432846903,365
2021-10-08,Crypto,Minimum Variance,Crypto Minimum Variance,0.0024739906559169394,365
2021-10-09,Crypto,Minimum Variance,Crypto Minimum Variance,0.017898958907828954,365
2021-10-10,Crypto,Minimum Variance,Crypto Minimum Variance,-0.01126780755795886,365
2021-10-11,Crypto,Minimum Variance,Crypto Minimum Variance,0.0448767206110236,365
2021-10-12,Crypto,Minimum Variance,Crypto Minimum Variance,-0.023255244078087715,365
2021-10-13,Crypto,Minimum Variance,Crypto Minimum Variance,0.025553163144918574,365
2021-10-14,Crypto,Minimum Variance,Crypto Minimum Variance,0.005764459022165488,365
2021-10-15,Crypto,Minimum Variance,Crypto Minimum Variance,0.06385824614885881,365
2021-10-16,Crypto,Minimum Variance,Crypto Minimum Variance,-0.010346203013724346,365
2021-10-17,Crypto,Minimum Variance,Crypto Minimum Variance,0.009421437306699773,365
2021-10-18,Crypto,Minimum Variance,Crypto Minimum Variance,0.0022259464846472506,365
2021-10-19,Crypto,Minimum Variance,Crypto Minimum Variance,0.03531028983346333,365
2021-10-20,Crypto,Minimum Variance,Crypto Minimum Variance,0.03335987274961948,365
2021-10-21,Crypto,Minimum Variance,Crypto Minimum Variance,-0.05148465657579007,365
2021-10-22,Crypto,Minimum Variance,Crypto Minimum Variance,-0.022620616646325364,365
2021-10-23,Crypto,Minimum Variance,Crypto Minimum Variance,0.017162995672662863,365
2021-10-24,Crypto,Minimum Variance,Crypto Minimum Variance,-0.009703629784356238,365
2021-10-25,Crypto,Minimum Variance,Crypto Minimum Variance,0.033304173444159306,365
2021-10-26,Crypto,Minimum Variance,Crypto Minimum Variance,-0.0371137417277634,365
2021-10-27,Crypto,Minimum Variance,Crypto Minimum Variance,-0.037003291630685366,365
2021-10-28,Crypto,Minimum Variance,Crypto Minimum Variance,0.045175071054484844,365
2021-10-29,Crypto,Minimum Variance,Crypto Minimum Variance,0.027696018431117058,365
2021-10-30,Crypto,Minimum Variance,Crypto Minimum Variance,-0.00657965331760831,365
2021-10-31,Crypto,Minimum Variance,Crypto Minimum Variance,-0.008534015176468351,365
2021-11-01,Crypto,Minimum Variance,Crypto Minimum Variance,-0.004385254852930039,365
2021-11-02,Crypto,Minimum Variance,Crypto Minimum Variance,0.03778806721433151,365
2021-11-03,Crypto,Minimum Variance,Crypto Minimum Variance,-0.0032969651831291215,365
2021-11-04,Crypto,Minimum Variance,Crypto Minimum Variance,-0.023538212457773766,365
2021-11-05,Crypto,Minimum Variance,Crypto Minimum Variance,-0.005742443697517276,365
2021-11-06,Crypto,Minimum Variance,Crypto Minimum Variance,0.0066054430508276285,365
2021-11-07,Crypto,Minimum Variance,Crypto Minimum Variance,0.028896323316053834,365
2021-11-08,Crypto,Minimum Variance,Crypto Minimum Variance,0.06542905565041338,365
2021-11-09,Crypto,Minimum Variance,Crypto Minimum Variance,-0.00920659255485412,365
2021-11-10,Crypto,Minimum Variance,Crypto Minimum Variance,-0.029113100385948342,365
2021-11-11,Crypto,Minimum Variance,Crypto Minimum Variance,0.0005794146740395302,365
2021-11-12,Crypto,Minimum Variance,Crypto Minimum Variance,-0.01233165340270377,365
2021-11-13,Crypto,Minimum Variance,Crypto Minimum Variance,0.0044033466699639956,365
2021-11-14,Crypto,Minimum Variance,Crypto Minimum Variance,0.014196871694665112,365
2021-11-15,Crypto,Minimum Variance,Crypto Minimum Variance,-0.02828061172653105,365
2021-11-16,Crypto,Minimum Variance,Crypto Minimum Variance,-0.05473242791097047,365
2021-11-17,Crypto,Minimum Variance,Crypto Minimum Variance,0.004214973611416942,365
2021-11-18,Crypto,Minimum Variance,Crypto Minimum Variance,-0.05730815545433705,365
2021-11-19,Crypto,Minimum Variance,Crypto Minimum Variance,0.023872518273634926,365
2021-11-20,Crypto,Minimum Variance,Crypto Minimum Variance,0.02701090941260428,365
2021-11-21,Crypto,Minimum Variance,Crypto Minimum Variance,-0.017164373166270223,365
2021-11-22,Crypto,Minimum Variance,Crypto Minimum Variance,-0.04155238903546146,365
2021-11-23,Crypto,Minimum Variance,Crypto Minimum Variance,0.024983064427412497,365
2021-11-24,Crypto,Minimum Variance,Crypto Minimum Variance,-0.022443658975040005,365
2021-11-25,Crypto,Minimum Variance,Crypto Minimum Variance,0.017012292265359198,365
2021-11-26,Crypto,Minimum Variance,Crypto Minimum Variance,-0.06433903740184632,365
2021-11-27,Crypto,Minimum Variance,Crypto Minimum Variance,0.022806947124155222,365
2021-11-28,Crypto,Minimum Variance,Crypto Minimum Variance,0.044537222130814465,365
2021-11-29,Crypto,Minimum Variance,Crypto Minimum Variance,0.011252141578880668,365
2021-11-30,Crypto,Minimum Variance,Crypto Minimum Variance,-0.010586053444073236,365
2021-12-01,Crypto,Minimum Variance,Crypto Minimum Variance,0.0017584259177467324,365
2021-12-02,Crypto,Minimum Variance,Crypto Minimum Variance,-0.012554733419359804,365
2021-12-03,Crypto,Minimum Variance,Crypto Minimum Variance,-0.05223611013545458,365
2021-12-04,Crypto,Minimum Variance,Crypto Minimum Variance,-0.07263456481521902,365
2021-12-05,Crypto,Minimum Variance,Crypto Minimum Variance,0.003825374497873226,365
2021-12-06,Crypto,Minimum Variance,Crypto Minimum Variance,0.027372741219426615,365
2021-12-07,Crypto,Minimum Variance,Crypto Minimum Variance,0.0020786281948641065,365
2021-12-08,Crypto,Minimum Variance,Crypto Minimum Variance,0.0029834848091707116,365
2021-12-09,Crypto,Minimum Variance,Crypto Minimum Variance,-0.05750240867859537,365
2021-12-10,Crypto,Minimum Variance,Crypto Minimum Variance,-0.015722243240716045,365
2021-12-11,Crypto,Minimum Variance,Crypto Minimum Variance,0.04474692795688319,365
2021-12-12,Crypto,Minimum Variance,Crypto Minimum Variance,0.013305571811035245,365
2021-12-13,Crypto,Minimum Variance,Crypto Minimum Variance,-0.06983603198480819,365
2021-12-14,Crypto,Minimum Variance,Crypto Minimum Variance,-0.0032561817273597665,365
2021-12-15,Crypto,Minimum Variance,Crypto Minimum Variance,0.051216897709233176,365
2021-12-16,Crypto,Minimum Variance,Crypto Minimum Variance,-0.0234261719396212,365
2021-12-17,Crypto,Minimum Variance,Crypto Minimum Variance,-0.03121870086893642,365
2021-12-18,Crypto,Minimum Variance,Crypto Minimum Variance,0.014857675280586161,365
2021-12-19,Crypto,Minimum Variance,Crypto Minimum Variance,-0.004495787223736874,365
2021-12-20,Crypto,Minimum Variance,Crypto Minimum Variance,0.0020262119365558598,365
2021-12-21,Crypto,Minimum Variance,Crypto Minimum Variance,0.0390563246684167,365
2021-12-22,Crypto,Minimum Variance,Crypto Minimum Variance,-0.006214525289592916,365
2021-12-23,Crypto,Minimum Variance,Crypto Minimum Variance,0.04240551415332084,365
2021-12-24,Crypto,Minimum Variance,Crypto Minimum Variance,-0.0030787314735929317,365
2021-12-25,Crypto,Minimum Variance,Crypto Minimum Variance,-0.0038709624217113207,365
2021-12-26,Crypto,Minimum Variance,Crypto Minimum Variance,0.004979542241186115,365
2021-12-27,Crypto,Minimum Variance,Crypto Minimum Variance,-0.00411673887295163,365
2021-12-28,Crypto,Minimum Variance,Crypto Minimum Variance,-0.059249423308242656,365
2021-12-29,Crypto,Minimum Variance,Crypto Minimum Variance,-0.026603503621545663,365
2021-12-30,Crypto,Minimum Variance,Crypto Minimum Variance,0.01720323313539736,365
2021-12-31,Crypto,Minimum Variance,Crypto Minimum Variance,-0.01770801067088814,365
2022-01-01,Crypto,Minimum Variance,Crypto Minimum Variance,0.027717247534483395,365
2022-01-02,Crypto,Minimum Variance,Crypto Minimum Variance,-0.0015540438159370382,365
2022-01-03,Crypto,Minimum Variance,Crypto Minimum Variance,-0.01783428292722865,365
2022-01-04,Crypto,Minimum Variance,Crypto Minimum Variance,-0.008515786570310803,365
2022-01-05,Crypto,Minimum Variance,Crypto Minimum Variance,-0.053967467346220314,365
2022-01-06,Crypto,Minimum Variance,Crypto Minimum Variance,-0.013629235635304535,365
2022-01-07,Crypto,Minimum Variance,Crypto Minimum Variance,-0.042360383739954946,365
2022-01-08,Crypto,Minimum Variance,Crypto Minimum Variance,-0.004856437713416061,365
2022-01-09,Crypto,Minimum Variance,Crypto Minimum Variance,0.0074370661266809,365
2022-01-10,Crypto,Minimum Variance,Crypto Minimum Variance,-0.008740154313890169,365
2022-01-11,Crypto,Minimum Variance,Crypto Minimum Variance,0.026636344517301867,365
2022-01-12,Crypto,Minimum Variance,Crypto Minimum Variance,0.03210637742936296,365
2022-01-13,Crypto,Minimum Variance,Crypto Minimum Variance,-0.03152771138660511,365
2022-01-14,Crypto,Minimum Variance,Crypto Minimum Variance,0.013819329168120856,365
2022-01-15,Crypto,Minimum Variance,Crypto Minimum Variance,0.0034013071360209745,365
2022-01-16,Crypto,Minimum Variance,Crypto Minimum Variance,0.0014087610524640074,365
2022-01-17,Crypto,Minimum Variance,Crypto Minimum Variance,-0.02108198163182041,365
2022-01-18,Crypto,Minimum Variance,Crypto Minimum Variance,-0.002799142477432209,365
2022-01-19,Crypto,Minimum Variance,Crypto Minimum Variance,-0.013988110089441499,365
2022-01-20,Crypto,Minimum Variance,Crypto Minimum Variance,-0.026101180862148007,365
2022-01-21,Crypto,Minimum Variance,Crypto Minimum Variance,-0.11098275962315382,365
2022-01-22,Crypto,Minimum Variance,Crypto Minimum Variance,-0.04492688259673178,365
2022-01-23,Crypto,Minimum Variance,Crypto Minimum Variance,0.03716203982463472,365
2022-01-24,Crypto,Minimum Variance,Crypto Minimum Variance,-0.0018158381311255845,365
2022-01-25,Crypto,Minimum Variance,Crypto Minimum Variance,0.008405608197376775,365
2022-01-26,Crypto,Minimum Variance,Crypto Minimum Variance,-0.0007120356140455378,365
2022-01-27,Crypto,Minimum Variance,Crypto Minimum Variance,0.0029663171846145177,365
2022-01-28,Crypto,Minimum Variance,Crypto Minimum Variance,0.023385652441784033,365
2022-01-29,Crypto,Minimum Variance,Crypto Minimum Variance,0.013938372453740869,365
2022-01-30,Crypto,Minimum Variance,Crypto Minimum Variance,-0.005900975504014245,365
2022-01-31,Crypto,Minimum Variance,Crypto Minimum Variance,0.01728212979487729,365
2022-02-01,Crypto,Minimum Variance,Crypto Minimum Variance,0.012463522599357433,365
2022-02-02,Crypto,Minimum Variance,Crypto Minimum Variance,-0.042878611191376606,365
2022-02-03,Crypto,Minimum Variance,Crypto Minimum Variance,0.005331286963506607,365
2022-02-04,Crypto,Minimum Variance,Crypto Minimum Variance,0.11327912753268742,365
2022-02-05,Crypto,Minimum Variance,Crypto Minimum Variance,0.0010841569650900437,365
2022-02-06,Crypto,Minimum Variance,Crypto Minimum Variance,0.02182759248531049,365
2022-02-07,Crypto,Minimum Variance,Crypto Minimum Variance,0.032865998812311954,365
2022-02-08,Crypto,Minimum Variance,Crypto Minimum Variance,0.0032204926182903097,365
2022-02-09,Crypto,Minimum Variance,Crypto Minimum Variance,0.01196368008603904,365
2022-02-10,Crypto,Minimum Variance,Crypto Minimum Variance,-0.022729594997740188,365
2022-02-11,Crypto,Minimum Variance,Crypto Minimum Variance,-0.03363090428469073,365
2022-02-12,Crypto,Minimum Variance,Crypto Minimum Variance,-0.004197981065960707,365
2022-02-13,Crypto,Minimum Variance,Crypto Minimum Variance,-0.001454076582950086,365
2022-02-14,Crypto,Minimum Variance,Crypto Minimum Variance,0.00989567756345659,365
2022-02-15,Crypto,Minimum Variance,Crypto Minimum Variance,0.05188551593468695,365
2022-02-16,Crypto,Minimum Variance,Crypto Minimum Variance,-0.013505650425384326,365
2022-02-17,Crypto,Minimum Variance,Crypto Minimum Variance,-0.07652330058683596,365
2022-02-18,Crypto,Minimum Variance,Crypto Minimum Variance,-0.01396497432749915,365
2022-02-19,Crypto,Minimum Variance,Crypto Minimum Variance,0.0009574284141284434,365
2022-02-20,Crypto,Minimum Variance,Crypto Minimum Variance,-0.04167847967483265,365
2022-02-21,Crypto,Minimum Variance,Crypto Minimum Variance,-0.03326509048343296,365
2022-02-22,Crypto,Minimum Variance,Crypto Minimum Variance,0.033011229024757074,365
2022-02-23,Crypto,Minimum Variance,Crypto Minimum Variance,-0.02474916332380059,365
2022-02-24,Crypto,Minimum Variance,Crypto Minimum Variance,0.021574033034540415,365
2022-02-25,Crypto,Minimum Variance,Crypto Minimum Variance,0.02558384648138773,365
2022-02-26,Crypto,Minimum Variance,Crypto Minimum Variance,-0.0010594578731259185,365
2022-02-27,Crypto,Minimum Variance,Crypto Minimum Variance,-0.03831621675074298,365
2022-02-28,Crypto,Minimum Variance,Crypto Minimum Variance,0.13328257870980634,365
2022-03-01,Crypto,Minimum Variance,Crypto Minimum Variance,0.02643843939041478,365
2022-03-02,Crypto,Minimum Variance,Crypto Minimum Variance,-0.009791333114891655,365
2022-03-03,Crypto,Minimum Variance,Crypto Minimum Variance,-0.03349364154918449,365
2022-03-04,Crypto,Minimum Variance,Crypto Minimum Variance,-0.07774235303545012,365
2022-03-05,Crypto,Minimum Variance,Crypto Minimum Variance,0.007569912294539437,365
2022-03-06,Crypto,Minimum Variance,Crypto Minimum Variance,-0.02538128327719712,365
2022-03-07,Crypto,Minimum Variance,Crypto Minimum Variance,-0.009521864480229998,365
2022-03-08,Crypto,Minimum Variance,Crypto Minimum Variance,0.017782526555557322,365
2022-03-09,Crypto,Minimum Variance,Crypto Minimum Variance,0.08305359688862726,365
2022-03-10,Crypto,Minimum Variance,Crypto Minimum Variance,-0.06004506018536512,365
2022-03-11,Crypto,Minimum Variance,Crypto Minimum Variance,-0.015124891535116761,365
2022-03-12,Crypto,Minimum Variance,Crypto Minimum Variance,0.0026158565516178765,365
2022-03-13,Crypto,Minimum Variance,Crypto Minimum Variance,-0.027047362083682257,365
2022-03-14,Crypto,Minimum Variance,Crypto Minimum Variance,0.04724858431992555,365
2022-03-15,Crypto,Minimum Variance,Crypto Minimum Variance,-0.007884717214717854,365
2022-03-16,Crypto,Minimum Variance,Crypto Minimum Variance,0.04600846030265357,365
2022-03-17,Crypto,Minimum Variance,Crypto Minimum Variance,-0.004210366750296285,365
2022-03-18,Crypto,Minimum Variance,Crypto Minimum Variance,0.021107519849424716,365
2022-03-19,Crypto,Minimum Variance,Crypto Minimum Variance,0.009331673491433996,365
2022-03-20,Crypto,Minimum Variance,Crypto Minimum Variance,-0.022414682108296103,365
2022-03-21,Crypto,Minimum Variance,Crypto Minimum Variance,-0.003249604924517788,365
2022-03-22,Crypto,Minimum Variance,Crypto Minimum Variance,0.030693080607878027,365
2022-03-23,Crypto,Minimum Variance,Crypto Minimum Variance,0.012615930264319583,365
2022-03-24,Crypto,Minimum Variance,Crypto Minimum Variance,0.024689219599683763,365
2022-03-25,Crypto,Minimum Variance,Crypto Minimum Variance,0.0082800324690554,365
2022-03-26,Crypto,Minimum Variance,Crypto Minimum Variance,0.0036695341015668304,365
2022-03-27,Crypto,Minimum Variance,Crypto Minimum Variance,0.05176083896420933,365
2022-03-28,Crypto,Minimum Variance,Crypto Minimum Variance,0.006719420649175591,365
2022-03-29,Crypto,Minimum Variance,Crypto Minimum Variance,0.007267292411214334,365
2022-03-30,Crypto,Minimum Variance,Crypto Minimum Variance,-0.00828115335596355,365
2022-03-31,Crypto,Minimum Variance,Crypto Minimum Variance,-0.03259400739615515,365
2022-04-01,Crypto,Minimum Variance,Crypto Minimum Variance,0.021526252811210025,365
2022-04-02,Crypto,Minimum Variance,Crypto Minimum Variance,-0.00918404536672468,365
2022-04-03,Crypto,Minimum Variance,Crypto Minimum Variance,0.012718868319139705,365
2022-04-04,Crypto,Minimum Variance,Crypto Minimum Variance,-0.0010205320587108398,365
2022-04-05,Crypto,Minimum Variance,Crypto Minimum Variance,-0.023805192463446524,365
2022-04-06,Crypto,Minimum Variance,Crypto Minimum Variance,-0.058688532338578736,365
2022-04-07,Crypto,Minimum Variance,Crypto Minimum Variance,0.010115667295359527,365
2022-04-08,Crypto,Minimum Variance,Crypto Minimum Variance,-0.025748340684250835,365
2022-04-09,Crypto,Minimum Variance,Crypto Minimum Variance,0.014589501410198297,365
2022-04-10,Crypto,Minimum Variance,Crypto Minimum Variance,-0.014737115934148259,365
2022-04-11,Crypto,Minimum Variance,Crypto Minimum Variance,-0.06552251305799443,365
2022-04-12,Crypto,Minimum Variance,Crypto Minimum Variance,0.017128660268828075,365
2022-04-13,Crypto,Minimum Variance,Crypto Minimum Variance,0.026409578840978366,365
2022-04-14,Crypto,Minimum Variance,Crypto Minimum Variance,-0.029333235813650767,365
2022-04-15,Crypto,Minimum Variance,Crypto Minimum Variance,0.01567839560109251,365
2022-04-16,Crypto,Minimum Variance,Crypto Minimum Variance,-0.0010818678963280077,365
2022-04-17,Crypto,Minimum Variance,Crypto Minimum Variance,-0.019448050035713666,365
2022-04-18,Crypto,Minimum Variance,Crypto Minimum Variance,0.02623315164260798,365
2022-04-19,Crypto,Minimum Variance,Crypto Minimum Variance,0.017795667729198945,365
2022-04-20,Crypto,Minimum Variance,Crypto Minimum Variance,-0.004886591571844066,365
2022-04-21,Crypto,Minimum Variance,Crypto Minimum Variance,-0.0037143833985352984,365
2022-04-22,Crypto,Minimum Variance,Crypto Minimum Variance,-0.02272126129533784,365
2022-04-23,Crypto,Minimum Variance,Crypto Minimum Variance,-0.0046239881129699015,365
2022-04-24,Crypto,Minimum Variance,Crypto Minimum Variance,-0.004402545157327707,365
2022-04-25,Crypto,Minimum Variance,Crypto Minimum Variance,0.022332610335405678,365
2022-04-26,Crypto,Minimum Variance,Crypto Minimum Variance,-0.05863606867710779,365
2022-04-27,Crypto,Minimum Variance,Crypto Minimum Variance,0.02840420109248142,365
2022-04-28,Crypto,Minimum Variance,Crypto Minimum Variance,0.013472330689706054,365
2022-04-29,Crypto,Minimum Variance,Crypto Minimum Variance,-0.028255029863433152,365
2022-04-30,Crypto,Minimum Variance,Crypto Minimum Variance,-0.023057168533766995,365
2022-05-01,Crypto,Minimum Variance,Crypto Minimum Variance,0.035870990267289744,365
2022-05-02,Crypto,Minimum Variance,Crypto Minimum Variance,-0.0007885436246854702,365
2022-05-03,Crypto,Minimum Variance,Crypto Minimum Variance,-0.012433108872191123,365
2022-05-04,Crypto,Minimum Variance,Crypto Minimum Variance,0.06946510742149768,365
2022-05-05,Crypto,Minimum Variance,Crypto Minimum Variance,-0.0833175332042731,365
2022-05-06,Crypto,Minimum Variance,Crypto Minimum Variance,0.00517744925394643,365
2022-05-07,Crypto,Minimum Variance,Crypto Minimum Variance,-0.01836267565266315,365
2022-05-08,Crypto,Minimum Variance,Crypto Minimum Variance,-0.030212457701953386,365
2022-05-09,Crypto,Minimum Variance,Crypto Minimum Variance,-0.11643896742905857,365
2022-05-10,Crypto,Minimum Variance,Crypto Minimum Variance,0.030459027898875467,365
2022-05-11,Crypto,Minimum Variance,Crypto Minimum Variance,-0.07100742270976713,365
2022-05-12,Crypto,Minimum Variance,Crypto Minimum Variance,-0.017462907293037195,365
2022-05-13,Crypto,Minimum Variance,Crypto Minimum Variance,0.022429097787685794,365
2022-05-14,Crypto,Minimum Variance,Crypto Minimum Variance,0.020592661358083318,365
2022-05-15,Crypto,Minimum Variance,Crypto Minimum Variance,0.03547461552374196,365
2022-05-16,Crypto,Minimum Variance,Crypto Minimum Variance,-0.04779928881362716,365
2022-05-17,Crypto,Minimum Variance,Crypto Minimum Variance,0.02457733365014336,365
2022-05-18,Crypto,Minimum Variance,Crypto Minimum Variance,-0.05589053298525595,365
2022-05-19,Crypto,Minimum Variance,Crypto Minimum Variance,0.05287184809626827,365
2022-05-20,Crypto,Minimum Variance,Crypto Minimum Variance,-0.03461280016166725,365
2022-05-21,Crypto,Minimum Variance,Crypto Minimum Variance,0.011392740296211177,365
2022-05-22,Crypto,Minimum Variance,Crypto Minimum Variance,0.03399746965618299,365
2022-05-23,Crypto,Minimum Variance,Crypto Minimum Variance,-0.03744021117437258,365
2022-05-24,Crypto,Minimum Variance,Crypto Minimum Variance,0.021125918598078535,365
2022-05-25,Crypto,Minimum Variance,Crypto Minimum Variance,0.0009860481261151491,365
2022-05-26,Crypto,Minimum Variance,Crypto Minimum Variance,-0.022214665830179708,365
2022-05-27,Crypto,Minimum Variance,Crypto Minimum Variance,-0.02536065889655668,365
2022-05-28,Crypto,Minimum Variance,Crypto Minimum Variance,0.0087598035240129,365
2022-05-29,Crypto,Minimum Variance,Crypto Minimum Variance,0.019575755004350336,365
2022-05-30,Crypto,Minimum Variance,Crypto Minimum Variance,0.07617016676577355,365
2022-05-31,Crypto,Minimum Variance,Crypto Minimum Variance,-0.0015825936185869616,365
2022-06-01,Crypto,Minimum Variance,Crypto Minimum Variance,-0.06260913575581584,365
2022-06-02,Crypto,Minimum Variance,Crypto Minimum Variance,0.022135226687667188,365
2022-06-03,Crypto,Minimum Variance,Crypto Minimum Variance,-0.025262268261660024,365
2022-06-04,Crypto,Minimum Variance,Crypto Minimum Variance,0.004484365957376728,365
2022-06-05,Crypto,Minimum Variance,Crypto Minimum Variance,0.002517857998329843,365
2022-06-06,Crypto,Minimum Variance,Crypto Minimum Variance,0.04837029102352159,365
2022-06-07,Crypto,Minimum Variance,Crypto Minimum Variance,-0.006941926034108037,365
2022-06-08,Crypto,Minimum Variance,Crypto Minimum Variance,-0.0297919715071727,365
2022-06-09,Crypto,Minimum Variance,Crypto Minimum Variance,-0.003342420579825662,365
2022-06-10,Crypto,Minimum Variance,Crypto Minimum Variance,-0.03480787977974527,365
2022-06-11,Crypto,Minimum Variance,Crypto Minimum Variance,-0.02605982383655285,365
2022-06-12,Crypto,Minimum Variance,Crypto Minimum Variance,-0.056148899154896015,365
2022-06-13,Crypto,Minimum Variance,Crypto Minimum Variance,-0.15926200843667246,365
2022-06-14,Crypto,Minimum Variance,Crypto Minimum Variance,-0.011713899848464389,365
2022-06-15,Crypto,Minimum Variance,Crypto Minimum Variance,0.01700298345257586,365
2022-06-16,Crypto,Minimum Variance,Crypto Minimum Variance,-0.09758635711746919,365
2022-06-17,Crypto,Minimum Variance,Crypto Minimum Variance,0.0048602767070684075,365
2022-06-18,Crypto,Minimum Variance,Crypto Minimum Variance,-0.07094380368575194,365
2022-06-19,Crypto,Minimum Variance,Crypto Minimum Variance,0.08134775800448892,365
2022-06-20,Crypto,Minimum Variance,Crypto Minimum Variance,0.0021120683078527077,365
2022-06-21,Crypto,Minimum Variance,Crypto Minimum Variance,0.005379876608758984,365
2022-06-22,Crypto,Minimum Variance,Crypto Minimum Variance,-0.03523381225828843,365
2022-06-23,Crypto,Minimum Variance,Crypto Minimum Variance,0.05532462921407728,365
2022-06-24,Crypto,Minimum Variance,Crypto Minimum Variance,0.00879562549156872,365
2022-06-25,Crypto,Minimum Variance,Crypto Minimum Variance,0.012633733616954789,365
2022-06-26,Crypto,Minimum Variance,Crypto Minimum Variance,-0.022305310302360673,365
2022-06-27,Crypto,Minimum Variance,Crypto Minimum Variance,-0.013762912663319641,365
2022-06-28,Crypto,Minimum Variance,Crypto Minimum Variance,-0.02245604222583928,365
2022-06-29,Crypto,Minimum Variance,Crypto Minimum Variance,-0.009340863136589394,365
2022-06-30,Crypto,Minimum Variance,Crypto Minimum Variance,-0.01584673646641623,365
2022-07-01,Crypto,Minimum Variance,Crypto Minimum Variance,-0.02528828708242639,365
2022-07-02,Crypto,Minimum Variance,Crypto Minimum Variance,-0.0014000535744845262,365
2022-07-03,Crypto,Minimum Variance,Crypto Minimum Variance,0.0036143618714558428,365
2022-07-04,Crypto,Minimum Variance,Crypto Minimum Variance,0.047140033010091224,365
2022-07-05,Crypto,Minimum Variance,Crypto Minimum Variance,-0.0015583077314260108,365
2022-07-06,Crypto,Minimum Variance,Crypto Minimum Variance,0.0168894877778855,365
2022-07-07,Crypto,Minimum Variance,Crypto Minimum Variance,0.05163592285672762,365
2022-07-08,Crypto,Minimum Variance,Crypto Minimum Variance,0.004321677750848737,365
2022-07-09,Crypto,Minimum Variance,Crypto Minimum Variance,-0.005690536647111283,365
2022-07-10,Crypto,Minimum Variance,Crypto Minimum Variance,-0.033954276379481195,365
2022-07-11,Crypto,Minimum Variance,Crypto Minimum Variance,-0.042627761517362424,365
2022-07-12,Crypto,Minimum Variance,Crypto Minimum Variance,-0.03119715544408441,365
2022-07-13,Crypto,Minimum Variance,Crypto Minimum Variance,0.04521936065808197,365
2022-07-14,Crypto,Minimum Variance,Crypto Minimum Variance,0.017519769492769732,365
2022-07-15,Crypto,Minimum Variance,Crypto Minimum Variance,0.012559656268000426,365
2022-07-16,Crypto,Minimum Variance,Crypto Minimum Variance,0.017538429567542865,365
2022-07-17,Crypto,Minimum Variance,Crypto Minimum Variance,-0.019470213805384166,365
2022-07-18,Crypto,Minimum Variance,Crypto Minimum Variance,0.08012754694993274,365
2022-07-19,Crypto,Minimum Variance,Crypto Minimum Variance,0.03876756997849904,365
2022-07-20,Crypto,Minimum Variance,Crypto Minimum Variance,-0.007433547394600627,365
2022-07-21,Crypto,Minimum Variance,Crypto Minimum Variance,-0.002445358049760823,365
2022-07-22,Crypto,Minimum Variance,Crypto Minimum Variance,-0.019270634683549597,365
2022-07-23,Crypto,Minimum Variance,Crypto Minimum Variance,-0.010579476717199946,365
2022-07-24,Crypto,Minimum Variance,Crypto Minimum Variance,0.0061310509933854025,365
2022-07-25,Crypto,Minimum Variance,Crypto Minimum Variance,-0.05491995145419047,365
2022-07-26,Crypto,Minimum Variance,Crypto Minimum Variance,-0.004714278209092295,365
2022-07-27,Crypto,Minimum Variance,Crypto Minimum Variance,0.07855565983182379,365
2022-07-28,Crypto,Minimum Variance,Crypto Minimum Variance,0.0390475493084185,365
2022-07-29,Crypto,Minimum Variance,Crypto Minimum Variance,-0.0018847297634352602,365
2022-07-30,Crypto,Minimum Variance,Crypto Minimum Variance,-0.00570867585944942,365
2022-07-31,Crypto,Minimum Variance,Crypto Minimum Variance,-0.013187584269252097,365
2022-08-01,Crypto,Minimum Variance,Crypto Minimum Variance,0.00022226147095653743,365
2022-08-02,Crypto,Minimum Variance,Crypto Minimum Variance,-0.01503236376962872,365
2022-08-03,Crypto,Minimum Variance,Crypto Minimum Variance,-0.005905178158009499,365
2022-08-04,Crypto,Minimum Variance,Crypto Minimum Variance,-0.007421367271729914,365
2022-08-05,Crypto,Minimum Variance,Crypto Minimum Variance,0.0278279385200557,365
2022-08-06,Crypto,Minimum Variance,Crypto Minimum Variance,-0.013387503592712334,365
2022-08-07,Crypto,Minimum Variance,Crypto Minimum Variance,0.008800937513772276,365
2022-08-08,Crypto,Minimum Variance,Crypto Minimum Variance,0.025747915660283994,365
2022-08-09,Crypto,Minimum Variance,Crypto Minimum Variance,-0.026804999081772505,365
2022-08-10,Crypto,Minimum Variance,Crypto Minimum Variance,0.03328590360744349,365
2022-08-11,Crypto,Minimum Variance,Crypto Minimum Variance,0.0003907315715514142,365
2022-08-12,Crypto,Minimum Variance,Crypto Minimum Variance,0.017276058762320464,365
2022-08-13,Crypto,Minimum Variance,Crypto Minimum Variance,0.00020040157078046614,365
2022-08-14,Crypto,Minimum Variance,Crypto Minimum Variance,-0.0034043734480248343,365
2022-08-15,Crypto,Minimum Variance,Crypto Minimum Variance,-0.008530943830539414,365
2022-08-16,Crypto,Minimum Variance,Crypto Minimum Variance,-0.008815662088057764,365
2022-08-17,Crypto,Minimum Variance,Crypto Minimum Variance,-0.02280331904972263,365
2022-08-18,Crypto,Minimum Variance,Crypto Minimum Variance,-0.005755014080187399,365
2022-08-19,Crypto,Minimum Variance,Crypto Minimum Variance,-0.09665810222254333,365
2022-08-20,Crypto,Minimum Variance,Crypto Minimum Variance,0.014814252218751364,365
2022-08-21,Crypto,Minimum Variance,Crypto Minimum Variance,0.016268076719593315,365
2022-08-22,Crypto,Minimum Variance,Crypto Minimum Variance,-0.006289233396597068,365
2022-08-23,Crypto,Minimum Variance,Crypto Minimum Variance,0.006394648274422555,365
2022-08-24,Crypto,Minimum Variance,Crypto Minimum Variance,-0.007347557094626236,365
2022-08-25,Crypto,Minimum Variance,Crypto Minimum Variance,0.009652859255066785,365
2022-08-26,Crypto,Minimum Variance,Crypto Minimum Variance,-0.06182405284045579,365
2022-08-27,Crypto,Minimum Variance,Crypto Minimum Variance,-0.008360812859735146,365
2022-08-28,Crypto,Minimum Variance,Crypto Minimum Variance,-0.02131969218259986,365
2022-08-29,Crypto,Minimum Variance,Crypto Minimum Variance,0.03441542619748171,365
2022-08-30,Crypto,Minimum Variance,Crypto Minimum Variance,-0.021138623776775525,365
2022-08-31,Crypto,Minimum Variance,Crypto Minimum Variance,0.010238717772137845,365
2022-09-01,Crypto,Minimum Variance,Crypto Minimum Variance,0.003234050716684773,365
2022-09-02,Crypto,Minimum Variance,Crypto Minimum Variance,-0.00807223310510346,365
2022-09-03,Crypto,Minimum Variance,Crypto Minimum Variance,-0.005395953082297072,365
2022-09-04,Crypto,Minimum Variance,Crypto Minimum Variance,0.007665261394753455,365
2022-09-05,Crypto,Minimum Variance,Crypto Minimum Variance,-0.008739853674555388,365
2022-09-06,Crypto,Minimum Variance,Crypto Minimum Variance,-0.04777465806239303,365
2022-09-07,Crypto,Minimum Variance,Crypto Minimum Variance,0.0233697276879972,365
2022-09-08,Crypto,Minimum Variance,Crypto Minimum Variance,0.0009026056273326898,365
2022-09-09,Crypto,Minimum Variance,Crypto Minimum Variance,0.09917581776920675,365
2022-09-10,Crypto,Minimum Variance,Crypto Minimum Variance,0.014570401010338713,365
2022-09-11,Crypto,Minimum Variance,Crypto Minimum Variance,0.0028168466649231626,365
2022-09-12,Crypto,Minimum Variance,Crypto Minimum Variance,0.0244679064489117,365
2022-09-13,Crypto,Minimum Variance,Crypto Minimum Variance,-0.08776855730465383,365
2022-09-14,Crypto,Minimum Variance,Crypto Minimum Variance,-0.0016427910500815851,365
2022-09-15,Crypto,Minimum Variance,Crypto Minimum Variance,-0.024608916169750094,365
2022-09-16,Crypto,Minimum Variance,Crypto Minimum Variance,0.0033280960678604777,365
2022-09-17,Crypto,Minimum Variance,Crypto Minimum Variance,0.017785633399293527,365
2022-09-18,Crypto,Minimum Variance,Crypto Minimum Variance,-0.03394455174066844,365
2022-09-19,Crypto,Minimum Variance,Crypto Minimum Variance,0.0049071143860165405,365
2022-09-20,Crypto,Minimum Variance,Crypto Minimum Variance,-0.03109013835912928,365
2022-09-21,Crypto,Minimum Variance,Crypto Minimum Variance,-0.01729876258183034,365
2022-09-22,Crypto,Minimum Variance,Crypto Minimum Variance,0.043867967686896145,365
2022-09-23,Crypto,Minimum Variance,Crypto Minimum Variance,-0.005075230734703748,365
2022-09-24,Crypto,Minimum Variance,Crypto Minimum Variance,-0.017783809677595266,365
2022-09-25,Crypto,Minimum Variance,Crypto Minimum Variance,-0.006658650210610319,365
2022-09-26,Crypto,Minimum Variance,Crypto Minimum Variance,0.01986530544946911,365
2022-09-27,Crypto,Minimum Variance,Crypto Minimum Variance,-0.005486036818032206,365
2022-09-28,Crypto,Minimum Variance,Crypto Minimum Variance,0.015219088292573483,365
2022-09-29,Crypto,Minimum Variance,Crypto Minimum Variance,0.009168636079857953,365
2022-09-30,Crypto,Minimum Variance,Crypto Minimum Variance,-0.006534039007987925,365
2022-10-01,Crypto,Minimum Variance,Crypto Minimum Variance,-0.007381505270781491,365
2022-10-02,Crypto,Minimum Variance,Crypto Minimum Variance,-0.011699142906719525,365
2022-10-03,Crypto,Minimum Variance,Crypto Minimum Variance,0.027210048027791988,365
2022-10-04,Crypto,Minimum Variance,Crypto Minimum Variance,0.03161183568789916,365
2022-10-05,Crypto,Minimum Variance,Crypto Minimum Variance,-0.006547210283329397,365
2022-10-06,Crypto,Minimum Variance,Crypto Minimum Variance,-0.006157035092734299,365
2022-10-07,Crypto,Minimum Variance,Crypto Minimum Variance,-0.016813686310619587,365
2022-10-08,Crypto,Minimum Variance,Crypto Minimum Variance,-0.007424487299516156,365
2022-10-09,Crypto,Minimum Variance,Crypto Minimum Variance,0.0027629900842814337,365
2022-10-10,Crypto,Minimum Variance,Crypto Minimum Variance,-0.012580062970544875,365
2022-10-11,Crypto,Minimum Variance,Crypto Minimum Variance,-0.00787584525042908,365
2022-10-12,Crypto,Minimum Variance,Crypto Minimum Variance,0.0057560916863325364,365
2022-10-13,Crypto,Minimum Variance,Crypto Minimum Variance,0.005318663459438068,365
2022-10-14,Crypto,Minimum Variance,Crypto Minimum Variance,0.00254265506578465,365
2022-10-15,Crypto,Minimum Variance,Crypto Minimum Variance,-0.012421431661182725,365
2022-10-16,Crypto,Minimum Variance,Crypto Minimum Variance,0.010273642839392451,365
2022-10-17,Crypto,Minimum Variance,Crypto Minimum Variance,0.015055619535245191,365
2022-10-18,Crypto,Minimum Variance,Crypto Minimum Variance,-0.011072432575802437,365
2022-10-19,Crypto,Minimum Variance,Crypto Minimum Variance,-0.010422236971367696,365
2022-10-20,Crypto,Minimum Variance,Crypto Minimum Variance,-0.0020925139017159773,365
2022-10-21,Crypto,Minimum Variance,Crypto Minimum Variance,0.00428802407284605,365
2022-10-22,Crypto,Minimum Variance,Crypto Minimum Variance,0.00255319723985489,365
2022-10-23,Crypto,Minimum Variance,Crypto Minimum Variance,0.018212490298136784,365
2022-10-24,Crypto,Minimum Variance,Crypto Minimum Variance,-0.011033918362951936,365
2022-10-25,Crypto,Minimum Variance,Crypto Minimum Variance,0.04053943486129336,365
2022-10-26,Crypto,Minimum Variance,Crypto Minimum Variance,0.03498110473687087,365
2022-10-27,Crypto,Minimum Variance,Crypto Minimum Variance,-0.021564869274080682,365
2022-10-28,Crypto,Minimum Variance,Crypto Minimum Variance,0.015579962415571465,365
2022-10-29,Crypto,Minimum Variance,Crypto Minimum Variance,0.014266503786831945,365
2022-10-30,Crypto,Minimum Variance,Crypto Minimum Variance,-0.011234235159993758,365
2022-10-31,Crypto,Minimum Variance,Crypto Minimum Variance,-0.0055870414800738705,365
2022-11-01,Crypto,Minimum Variance,Crypto Minimum Variance,-0.002000865116990614,365
2022-11-02,Crypto,Minimum Variance,Crypto Minimum Variance,-0.017580006651585833,365
2022-11-03,Crypto,Minimum Variance,Crypto Minimum Variance,0.0029769990225924814,365
2022-11-04,Crypto,Minimum Variance,Crypto Minimum Variance,0.04657460046470536,365
2022-11-05,Crypto,Minimum Variance,Crypto Minimum Variance,0.005661202431189472,365
2022-11-06,Crypto,Minimum Variance,Crypto Minimum Variance,-0.018398039476169248,365
2022-11-07,Crypto,Minimum Variance,Crypto Minimum Variance,-0.013528049056742524,365
2022-11-08,Crypto,Minimum Variance,Crypto Minimum Variance,-0.0938142318431986,365
2022-11-09,Crypto,Minimum Variance,Crypto Minimum Variance,-0.13709450706522108,365
2022-11-10,Crypto,Minimum Variance,Crypto Minimum Variance,0.10681617938075792,365
2022-11-11,Crypto,Minimum Variance,Crypto Minimum Variance,-0.03189322606223329,365
2022-11-12,Crypto,Minimum Variance,Crypto Minimum Variance,-0.015727742216430494,365
2022-11-13,Crypto,Minimum Variance,Crypto Minimum Variance,-0.03216587230030355,365
2022-11-14,Crypto,Minimum Variance,Crypto Minimum Variance,0.011865176748263654,365
2022-11-15,Crypto,Minimum Variance,Crypto Minimum Variance,0.015421043609035252,365
2022-11-16,Crypto,Minimum Variance,Crypto Minimum Variance,-0.012367876443670711,365
2022-11-17,Crypto,Minimum Variance,Crypto Minimum Variance,-0.0006998191446993817,365
2022-11-18,Crypto,Minimum Variance,Crypto Minimum Variance,0.002206465189366725,365
2022-11-19,Crypto,Minimum Variance,Crypto Minimum Variance,0.004569425881316798,365
2022-11-20,Crypto,Minimum Variance,Crypto Minimum Variance,-0.02827334196048973,365
2022-11-21,Crypto,Minimum Variance,Crypto Minimum Variance,-0.023698882566781168,365
2022-11-22,Crypto,Minimum Variance,Crypto Minimum Variance,0.020583657899345978,365
2022-11-23,Crypto,Minimum Variance,Crypto Minimum Variance,0.025225686120609242,365
2022-11-24,Crypto,Minimum Variance,Crypto Minimum Variance,0.0020208859456712436,365
2022-11-25,Crypto,Minimum Variance,Crypto Minimum Variance,-0.004215822274523841,365
2022-11-26,Crypto,Minimum Variance,Crypto Minimum Variance,-0.0034619382055774313,365
2022-11-27,Crypto,Minimum Variance,Crypto Minimum Variance,-0.0002048578183767582,365
2022-11-28,Crypto,Minimum Variance,Crypto Minimum Variance,-0.012885382677264821,365
2022-11-29,Crypto,Minimum Variance,Crypto Minimum Variance,0.01271571003636034,365
2022-11-30,Crypto,Minimum Variance,Crypto Minimum Variance,0.04098400628738072,365
2022-12-01,Crypto,Minimum Variance,Crypto Minimum Variance,-0.01142121099963928,365
2022-12-02,Crypto,Minimum Variance,Crypto Minimum Variance,0.0074324851266613975,365
2022-12-03,Crypto,Minimum Variance,Crypto Minimum Variance,-0.01443989251279312,365
2022-12-04,Crypto,Minimum Variance,Crypto Minimum Variance,0.01037643202642109,365
2022-12-05,Crypto,Minimum Variance,Crypto Minimum Variance,-0.007467675946145451,365
2022-12-06,Crypto,Minimum Variance,Crypto Minimum Variance,0.007036705267415389,365
2022-12-07,Crypto,Minimum Variance,Crypto Minimum Variance,-0.015097674006921006,365
2022-12-08,Crypto,Minimum Variance,Crypto Minimum Variance,0.025314173892408056,365
2022-12-09,Crypto,Minimum Variance,Crypto Minimum Variance,-0.004744548528143863,365
2022-12-10,Crypto,Minimum Variance,Crypto Minimum Variance,0.0005310709361663202,365
2022-12-11,Crypto,Minimum Variance,Crypto Minimum Variance,-0.0044278319380943645,365
2022-12-12,Crypto,Minimum Variance,Crypto Minimum Variance,0.0032336692658354025,365
2022-12-13,Crypto,Minimum Variance,Crypto Minimum Variance,0.030291417050815186,365
2022-12-14,Crypto,Minimum Variance,Crypto Minimum Variance,0.005203112789896423,365
2022-12-15,Crypto,Minimum Variance,Crypto Minimum Variance,-0.020340721080343824,365
2022-12-16,Crypto,Minimum Variance,Crypto Minimum Variance,-0.04711775017771095,365
2022-12-17,Crypto,Minimum Variance,Crypto Minimum Variance,0.015514826832448616,365
2022-12-18,Crypto,Minimum Variance,Crypto Minimum Variance,-0.005990438848262268,365
2022-12-19,Crypto,Minimum Variance,Crypto Minimum Variance,-0.015103589721243661,365
2022-12-20,Crypto,Minimum Variance,Crypto Minimum Variance,0.029263614022911357,365
2022-12-21,Crypto,Minimum Variance,Crypto Minimum Variance,-0.004470400130013532,365
2022-12-22,Crypto,Minimum Variance,Crypto Minimum Variance,0.003640968575660784,365
2022-12-23,Crypto,Minimum Variance,Crypto Minimum Variance,-0.006191395226909341,365
2022-12-24,Crypto,Minimum Variance,Crypto Minimum Variance,0.004122467280507237,365
2022-12-25,Crypto,Minimum Variance,Crypto Minimum Variance,-0.000146087093232698,365
2022-12-26,Crypto,Minimum Variance,Crypto Minimum Variance,0.002839902446922475,365
2022-12-27,Crypto,Minimum Variance,Crypto Minimum Variance,-0.011127558408391825,365
2022-12-28,Crypto,Minimum Variance,Crypto Minimum Variance,-0.008565413604411489,365
2022-12-29,Crypto,Minimum Variance,Crypto Minimum Variance,0.004225854308940943,365
2022-12-30,Crypto,Minimum Variance,Crypto Minimum Variance,-0.00042842136305895075,365
2022-12-31,Crypto,Minimum Variance,Crypto Minimum Variance,-0.0019910605123886122,365
2023-01-01,Crypto,Minimum Variance,Crypto Minimum Variance,0.004817637332833554,365
2023-01-02,Crypto,Minimum Variance,Crypto Minimum Variance,0.005109136465188022,365
2023-01-03,Crypto,Minimum Variance,Crypto Minimum Variance,-0.00159891702520411,365
2023-01-04,Crypto,Minimum Variance,Crypto Minimum Variance,0.01069772159168191,365
2023-01-05,Crypto,Minimum Variance,Crypto Minimum Variance,-0.005769357677928788,365
2023-01-06,Crypto,Minimum Variance,Crypto Minimum Variance,0.0015919755137042226,365
2023-01-07,Crypto,Minimum Variance,Crypto Minimum Variance,-0.002235362263138267,365
2023-01-08,Crypto,Minimum Variance,Crypto Minimum Variance,0.014775026038418446,365
2023-01-09,Crypto,Minimum Variance,Crypto Minimum Variance,0.010213072210524627,365
2023-01-10,Crypto,Minimum Variance,Crypto Minimum Variance,0.011694790392331993,365
2023-01-11,Crypto,Minimum Variance,Crypto Minimum Variance,0.029762262382916797,365
2023-01-12,Crypto,Minimum Variance,Crypto Minimum Variance,0.04012371911335959,365
2023-01-13,Crypto,Minimum Variance,Crypto Minimum Variance,0.05089448371781989,365
2023-01-14,Crypto,Minimum Variance,Crypto Minimum Variance,0.050296953401259635,365
2023-01-15,Crypto,Minimum Variance,Crypto Minimum Variance,-0.0013151205798248328,365
2023-01-16,Crypto,Minimum Variance,Crypto Minimum Variance,0.011318832864920796,365
2023-01-17,Crypto,Minimum Variance,Crypto Minimum Variance,-0.003274156704814698,365
2023-01-18,Crypto,Minimum Variance,Crypto Minimum Variance,-0.028161836567605365,365
2023-01-19,Crypto,Minimum Variance,Crypto Minimum Variance,0.019838736471452872,365
2023-01-20,Crypto,Minimum Variance,Crypto Minimum Variance,0.06811372230865347,365
2023-01-21,Crypto,Minimum Variance,Crypto Minimum Variance,-0.002774645140720068,365
2023-01-22,Crypto,Minimum Variance,Crypto Minimum Variance,-0.001812528129249329,365
2023-01-23,Crypto,Minimum Variance,Crypto Minimum Variance,0.010377568455344285,365
2023-01-24,Crypto,Minimum Variance,Crypto Minimum Variance,-0.022391979078632697,365
2023-01-25,Crypto,Minimum Variance,Crypto Minimum Variance,0.02402196870447947,365
2023-01-26,Crypto,Minimum Variance,Crypto Minimum Variance,-0.003450615596915019,365
2023-01-27,Crypto,Minimum Variance,Crypto Minimum Variance,0.0074562332834126254,365
2023-01-28,Crypto,Minimum Variance,Crypto Minimum Variance,-0.0047449107008075316,365
2023-01-29,Crypto,Minimum Variance,Crypto Minimum Variance,0.029283021389336517,365
2023-01-30,Crypto,Minimum Variance,Crypto Minimum Variance,-0.03698034451611303,365
2023-01-31,Crypto,Minimum Variance,Crypto Minimum Variance,0.010111092039576287,365
2023-02-01,Crypto,Minimum Variance,Crypto Minimum Variance,0.02416922124806456,365
2023-02-02,Crypto,Minimum Variance,Crypto Minimum Variance,-0.005176541826701629,365
2023-02-03,Crypto,Minimum Variance,Crypto Minimum Variance,0.001932730392954103,365
2023-02-04,Crypto,Minimum Variance,Crypto Minimum Variance,-0.004266597387921285,365
2023-02-05,Crypto,Minimum Variance,Crypto Minimum Variance,-0.012276533787312638,365
2023-02-06,Crypto,Minimum Variance,Crypto Minimum Variance,-0.009780663255902364,365
2023-02-07,Crypto,Minimum Variance,Crypto Minimum Variance,0.02747937923082244,365
2023-02-08,Crypto,Minimum Variance,Crypto Minimum Variance,-0.007189422152267798,365
2023-02-09,Crypto,Minimum Variance,Crypto Minimum Variance,-0.0535477277073808,365
2023-02-10,Crypto,Minimum Variance,Crypto Minimum Variance,-0.004895045179456823,365
2023-02-11,Crypto,Minimum Variance,Crypto Minimum Variance,0.010261819813793078,365
2023-02-12,Crypto,Minimum Variance,Crypto Minimum Variance,-0.004138859585066812,365
2023-02-13,Crypto,Minimum Variance,Crypto Minimum Variance,0.006063515942310436,365
2023-02-14,Crypto,Minimum Variance,Crypto Minimum Variance,0.0200691688692891,365
2023-02-15,Crypto,Minimum Variance,Crypto Minimum Variance,0.08484424299190534,365
2023-02-16,Crypto,Minimum Variance,Crypto Minimum Variance,-0.03326921064588105,365
2023-02-17,Crypto,Minimum Variance,Crypto Minimum Variance,0.04214364180849473,365
2023-02-18,Crypto,Minimum Variance,Crypto Minimum Variance,0.0009309654321676655,365
2023-02-19,Crypto,Minimum Variance,Crypto Minimum Variance,-0.008523617070496443,365
2023-02-20,Crypto,Minimum Variance,Crypto Minimum Variance,0.020105697461867657,365
2023-02-21,Crypto,Minimum Variance,Crypto Minimum Variance,-0.020919196849011983,365
2023-02-22,Crypto,Minimum Variance,Crypto Minimum Variance,-0.007913019452967003,365
2023-02-23,Crypto,Minimum Variance,Crypto Minimum Variance,-0.005785376305567489,365
2023-02-24,Crypto,Minimum Variance,Crypto Minimum Variance,-0.029371866905808116,365
2023-02-25,Crypto,Minimum Variance,Crypto Minimum Variance,-0.0015929739796442972,365
2023-02-26,Crypto,Minimum Variance,Crypto Minimum Variance,0.01966383335304817,365
2023-02-27,Crypto,Minimum Variance,Crypto Minimum Variance,-0.001878125278143608,365
2023-02-28,Crypto,Minimum Variance,Crypto Minimum Variance,-0.013859537913580024,365
2023-03-01,Crypto,Minimum Variance,Crypto Minimum Variance,0.02110383951761327,365
2023-03-02,Crypto,Minimum Variance,Crypto Minimum Variance,-0.006626754485907005,365
2023-03-03,Crypto,Minimum Variance,Crypto Minimum Variance,-0.044873465724966484,365
2023-03-04,Crypto,Minimum Variance,Crypto Minimum Variance,-0.0019713457564497104,365
2023-03-05,Crypto,Minimum Variance,Crypto Minimum Variance,0.004188926480797057,365
2023-03-06,Crypto,Minimum Variance,Crypto Minimum Variance,0.0004922451887139082,365
2023-03-07,Crypto,Minimum Variance,Crypto Minimum Variance,-0.0103764945734546,365
2023-03-08,Crypto,Minimum Variance,Crypto Minimum Variance,-0.020456925035210818,365
2023-03-09,Crypto,Minimum Variance,Crypto Minimum Variance,-0.07146822063499243,365
2023-03-10,Crypto,Minimum Variance,Crypto Minimum Variance,-0.010409917698398823,365
2023-03-11,Crypto,Minimum Variance,Crypto Minimum Variance,0.02588645184879114,365
2023-03-12,Crypto,Minimum Variance,Crypto Minimum Variance,0.0778619269997745,365
2023-03-13,Crypto,Minimum Variance,Crypto Minimum Variance,0.07654292368912083,365
2023-03-14,Crypto,Minimum Variance,Crypto Minimum Variance,0.01652842311404943,365
2023-03-15,Crypto,Minimum Variance,Crypto Minimum Variance,-0.01894564212517283,365
2023-03-16,Crypto,Minimum Variance,Crypto Minimum Variance,0.02032947523240415,365
2023-03-17,Crypto,Minimum Variance,Crypto Minimum Variance,0.079422404830605,365
2023-03-18,Crypto,Minimum Variance,Crypto Minimum Variance,-0.01927330998180049,365
2023-03-19,Crypto,Minimum Variance,Crypto Minimum Variance,0.03133145473874081,365
2023-03-20,Crypto,Minimum Variance,Crypto Minimum Variance,-0.014913209361873894,365
2023-03-21,Crypto,Minimum Variance,Crypto Minimum Variance,0.021237329131395467,365
2023-03-22,Crypto,Minimum Variance,Crypto Minimum Variance,-0.04854980006475264,365
2023-03-23,Crypto,Minimum Variance,Crypto Minimum Variance,0.049789246783618304,365
2023-03-24,Crypto,Minimum Variance,Crypto Minimum Variance,-0.029888708960229843,365
2023-03-25,Crypto,Minimum Variance,Crypto Minimum Variance,0.0005047014855736956,365
2023-03-26,Crypto,Minimum Variance,Crypto Minimum Variance,0.015915732869587893,365
2023-03-27,Crypto,Minimum Variance,Crypto Minimum Variance,-0.026382624131756384,365
2023-03-28,Crypto,Minimum Variance,Crypto Minimum Variance,0.0088855956923541,365
2023-03-29,Crypto,Minimum Variance,Crypto Minimum Variance,0.028477161722657626,365
2023-03-30,Crypto,Minimum Variance,Crypto Minimum Variance,-0.005926647539035879,365
2023-03-31,Crypto,Minimum Variance,Crypto Minimum Variance,0.015138125493886762,365
2023-04-01,Crypto,Minimum Variance,Crypto Minimum Variance,0.0019809976162278933,365
2023-04-02,Crypto,Minimum Variance,Crypto Minimum Variance,-0.011092004565608823,365
2023-04-03,Crypto,Minimum Variance,Crypto Minimum Variance,-0.007370021383447059,365
2023-04-04,Crypto,Minimum Variance,Crypto Minimum Variance,0.012899823949511799,365
2023-04-05,Crypto,Minimum Variance,Crypto Minimum Variance,0.0035504913300424164,365
2023-04-06,Crypto,Minimum Variance,Crypto Minimum Variance,-0.005312125529756247,365
2023-04-07,Crypto,Minimum Variance,Crypto Minimum Variance,-0.0032145856450337446,365
2023-04-08,Crypto,Minimum Variance,Crypto Minimum Variance,-0.0002895600788633938,365
2023-04-09,Crypto,Minimum Variance,Crypto Minimum Variance,0.011500422602217923,365
2023-04-10,Crypto,Minimum Variance,Crypto Minimum Variance,0.03662746202206767,365
2023-04-11,Crypto,Minimum Variance,Crypto Minimum Variance,0.009189768475280647,365
2023-04-12,Crypto,Minimum Variance,Crypto Minimum Variance,-0.0050882888377161714,365
2023-04-13,Crypto,Minimum Variance,Crypto Minimum Variance,0.012005203734397424,365
2023-04-14,Crypto,Minimum Variance,Crypto Minimum Variance,0.009933061934482646,365
2023-04-15,Crypto,Minimum Variance,Crypto Minimum Variance,-0.00501204032389005,365
2023-04-16,Crypto,Minimum Variance,Crypto Minimum Variance,0.003191658082391416,365
2023-04-17,Crypto,Minimum Variance,Crypto Minimum Variance,-0.024087230988424746,365
2023-04-18,Crypto,Minimum Variance,Crypto Minimum Variance,0.02648955079391931,365
2023-04-19,Crypto,Minimum Variance,Crypto Minimum Variance,-0.04659385480355114,365
2023-04-20,Crypto,Minimum Variance,Crypto Minimum Variance,-0.014519376071420943,365
2023-04-21,Crypto,Minimum Variance,Crypto Minimum Variance,-0.02970675204971098,365
2023-04-22,Crypto,Minimum Variance,Crypto Minimum Variance,0.01836351905387789,365
2023-04-23,Crypto,Minimum Variance,Crypto Minimum Variance,-0.004197512204052482,365
2023-04-24,Crypto,Minimum Variance,Crypto Minimum Variance,-0.004500579866723268,365
2023-04-25,Crypto,Minimum Variance,Crypto Minimum Variance,0.019633826352109446,365
2023-04-26,Crypto,Minimum Variance,Crypto Minimum Variance,0.00047725354036232137,365
2023-04-27,Crypto,Minimum Variance,Crypto Minimum Variance,0.029396845591007244,365
2023-04-28,Crypto,Minimum Variance,Crypto Minimum Variance,-0.0009535619402110905,365
2023-04-29,Crypto,Minimum Variance,Crypto Minimum Variance,0.003068475681451373,365
2023-04-30,Crypto,Minimum Variance,Crypto Minimum Variance,-0.0034875695517025324,365
2023-05-01,Crypto,Minimum Variance,Crypto Minimum Variance,-0.025620686579275687,365
2023-05-02,Crypto,Minimum Variance,Crypto Minimum Variance,0.018733031574861444,365
2023-05-03,Crypto,Minimum Variance,Crypto Minimum Variance,0.009567960898542584,365
2023-05-04,Crypto,Minimum Variance,Crypto Minimum Variance,-0.004534411896895144,365
2023-05-05,Crypto,Minimum Variance,Crypto Minimum Variance,0.027739217663127428,365
2023-05-06,Crypto,Minimum Variance,Crypto Minimum Variance,-0.02158545716447504,365
2023-05-07,Crypto,Minimum Variance,Crypto Minimum Variance,-0.01507042598574864,365
2023-05-08,Crypto,Minimum Variance,Crypto Minimum Variance,-0.022143686049952475,365
2023-05-09,Crypto,Minimum Variance,Crypto Minimum Variance,0.0012097295407418334,365
2023-05-10,Crypto,Minimum Variance,Crypto Minimum Variance,-0.00020770357797927623,365
2023-05-11,Crypto,Minimum Variance,Crypto Minimum Variance,-0.02320811002928988,365
2023-05-12,Crypto,Minimum Variance,Crypto Minimum Variance,0.0004517834209724389,365
2023-05-13,Crypto,Minimum Variance,Crypto Minimum Variance,-0.0003307787334866611,365
2023-05-14,Crypto,Minimum Variance,Crypto Minimum Variance,0.003985523146538855,365
2023-05-15,Crypto,Minimum Variance,Crypto Minimum Variance,0.010233881287319382,365
2023-05-16,Crypto,Minimum Variance,Crypto Minimum Variance,-0.002421478907262838,365
2023-05-17,Crypto,Minimum Variance,Crypto Minimum Variance,0.01035177266317786,365
2023-05-18,Crypto,Minimum Variance,Crypto Minimum Variance,-0.01744211804500478,365
2023-05-19,Crypto,Minimum Variance,Crypto Minimum Variance,0.0033698810391965196,365
2023-05-20,Crypto,Minimum Variance,Crypto Minimum Variance,0.012645921461750117,365
2023-05-21,Crypto,Minimum Variance,Crypto Minimum Variance,-0.002612487865793188,365
2023-05-22,Crypto,Minimum Variance,Crypto Minimum Variance,0.012254423731574574,365
2023-05-23,Crypto,Minimum Variance,Crypto Minimum Variance,0.01242799840031967,365
2023-05-24,Crypto,Minimum Variance,Crypto Minimum Variance,-0.029544613523972647,365
2023-05-25,Crypto,Minimum Variance,Crypto Minimum Variance,0.0036923676295557368,365
2023-05-26,Crypto,Minimum Variance,Crypto Minimum Variance,0.0036696729424685747,365
2023-05-27,Crypto,Minimum Variance,Crypto Minimum Variance,0.008885327280518109,365
2023-05-28,Crypto,Minimum Variance,Crypto Minimum Variance,0.03576578504130007,365
2023-05-29,Crypto,Minimum Variance,Crypto Minimum Variance,-0.012802680085067327,365
2023-05-30,Crypto,Minimum Variance,Crypto Minimum Variance,0.0001252883599204444,365
2023-05-31,Crypto,Minimum Variance,Crypto Minimum Variance,-0.01644648638670505,365
2023-06-01,Crypto,Minimum Variance,Crypto Minimum Variance,-0.012031223501775715,365
2023-06-02,Crypto,Minimum Variance,Crypto Minimum Variance,0.037417919995662796,365
2023-06-03,Crypto,Minimum Variance,Crypto Minimum Variance,-0.007655036701379843,365
2023-06-04,Crypto,Minimum Variance,Crypto Minimum Variance,0.0002548161422802431,365
2023-06-05,Crypto,Minimum Variance,Crypto Minimum Variance,-0.04653437037155141,365
2023-06-06,Crypto,Minimum Variance,Crypto Minimum Variance,0.04215138148281666,365
2023-06-07,Crypto,Minimum Variance,Crypto Minimum Variance,-0.029035428222238785,365
2023-06-08,Crypto,Minimum Variance,Crypto Minimum Variance,0.007165677070528271,365
2023-06-09,Crypto,Minimum Variance,Crypto Minimum Variance,-0.016769311723693867,365
2023-06-10,Crypto,Minimum Variance,Crypto Minimum Variance,-0.028770452206337966,365
2023-06-11,Crypto,Minimum Variance,Crypto Minimum Variance,0.004399616109295916,365
2023-06-12,Crypto,Minimum Variance,Crypto Minimum Variance,0.0011682415487974964,365
2023-06-13,Crypto,Minimum Variance,Crypto Minimum Variance,0.0028931539739412695,365
2023-06-14,Crypto,Minimum Variance,Crypto Minimum Variance,-0.02937671853755915,365
2023-06-15,Crypto,Minimum Variance,Crypto Minimum Variance,0.012768096338236432,365
2023-06-16,Crypto,Minimum Variance,Crypto Minimum Variance,0.021225786572208392,365
2023-06-17,Crypto,Minimum Variance,Crypto Minimum Variance,0.008744676932805834,365
2023-06-18,Crypto,Minimum Variance,Crypto Minimum Variance,-0.00921125716971243,365
2023-06-19,Crypto,Minimum Variance,Crypto Minimum Variance,0.013554387845320271,365
2023-06-20,Crypto,Minimum Variance,Crypto Minimum Variance,0.041564875877590814,365
2023-06-21,Crypto,Minimum Variance,Crypto Minimum Variance,0.05133856957184554,365
2023-06-22,Crypto,Minimum Variance,Crypto Minimum Variance,-0.005056004883779909,365
2023-06-23,Crypto,Minimum Variance,Crypto Minimum Variance,0.02218958421421952,365
2023-06-24,Crypto,Minimum Variance,Crypto Minimum Variance,-0.007053618868243749,365
2023-06-25,Crypto,Minimum Variance,Crypto Minimum Variance,0.002987497021191226,365
2023-06-26,Crypto,Minimum Variance,Crypto Minimum Variance,-0.00534344661394685,365
2023-06-27,Crypto,Minimum Variance,Crypto Minimum Variance,0.012872182950220017,365
2023-06-28,Crypto,Minimum Variance,Crypto Minimum Variance,-0.01883684475718855,365
2023-06-29,Crypto,Minimum Variance,Crypto Minimum Variance,0.01161764641016868,365
2023-06-30,Crypto,Minimum Variance,Crypto Minimum Variance,0.010792770351556041,365
2023-07-01,Crypto,Minimum Variance,Crypto Minimum Variance,0.005364710183473123,365
2023-07-02,Crypto,Minimum Variance,Crypto Minimum Variance,-0.0019457169217329629,365
2023-07-03,Crypto,Minimum Variance,Crypto Minimum Variance,0.017550482161254603,365
2023-07-04,Crypto,Minimum Variance,Crypto Minimum Variance,-0.010646657022504601,365
2023-07-05,Crypto,Minimum Variance,Crypto Minimum Variance,-0.00706018130267522,365
2023-07-06,Crypto,Minimum Variance,Crypto Minimum Variance,-0.01608271892570899,365
2023-07-07,Crypto,Minimum Variance,Crypto Minimum Variance,0.015556953172990603,365
2023-07-08,Crypto,Minimum Variance,Crypto Minimum Variance,0.0014409459359054533,365
2023-07-09,Crypto,Minimum Variance,Crypto Minimum Variance,-0.008796103885967667,365
2023-07-10,Crypto,Minimum Variance,Crypto Minimum Variance,0.0067739405722306205,365
2023-07-11,Crypto,Minimum Variance,Crypto Minimum Variance,0.005068384376123576,365
2023-07-12,Crypto,Minimum Variance,Crypto Minimum Variance,-0.005048446515005564,365
2023-07-13,Crypto,Minimum Variance,Crypto Minimum Variance,0.03795497592179843,365
2023-07-14,Crypto,Minimum Variance,Crypto Minimum Variance,-0.03372579246956107,365
2023-07-15,Crypto,Minimum Variance,Crypto Minimum Variance,0.0010720667803239142,365
2023-07-16,Crypto,Minimum Variance,Crypto Minimum Variance,-0.0034827072297745985,365
2023-07-17,Crypto,Minimum Variance,Crypto Minimum Variance,-0.002511184649236611,365
2023-07-18,Crypto,Minimum Variance,Crypto Minimum Variance,-0.008315171418039719,365
2023-07-19,Crypto,Minimum Variance,Crypto Minimum Variance,0.002666746764134537,365
2023-07-20,Crypto,Minimum Variance,Crypto Minimum Variance,-0.002470202704836883,365
2023-07-21,Crypto,Minimum Variance,Crypto Minimum Variance,0.0029702485177645122,365
2023-07-22,Crypto,Minimum Variance,Crypto Minimum Variance,0.0032711409788959865,365
2023-07-23,Crypto,Minimum Variance,Crypto Minimum Variance,0.007727395935764374,365
2023-07-24,Crypto,Minimum Variance,Crypto Minimum Variance,-0.028841554202660453,365
2023-07-25,Crypto,Minimum Variance,Crypto Minimum Variance,0.002299886615331563,365
2023-07-26,Crypto,Minimum Variance,Crypto Minimum Variance,0.0045773310748863085,365
2023-07-27,Crypto,Minimum Variance,Crypto Minimum Variance,-0.003618356931607644,365
2023-07-28,Crypto,Minimum Variance,Crypto Minimum Variance,0.008690022632829945,365
2023-07-29,Crypto,Minimum Variance,Crypto Minimum Variance,-0.002892996627827511,365
2023-07-30,Crypto,Minimum Variance,Crypto Minimum Variance,-0.00911913171491862,365
2023-07-31,Crypto,Minimum Variance,Crypto Minimum Variance,-0.005743752755677158,365
2023-08-01,Crypto,Minimum Variance,Crypto Minimum Variance,0.012658390748479534,365
2023-08-02,Crypto,Minimum Variance,Crypto Minimum Variance,-0.01989812585290267,365
2023-08-03,Crypto,Minimum Variance,Crypto Minimum Variance,0.002308627219441754,365
2023-08-04,Crypto,Minimum Variance,Crypto Minimum Variance,-0.003997603607649964,365
2023-08-05,Crypto,Minimum Variance,Crypto Minimum Variance,0.0018925774874844798,365
2023-08-06,Crypto,Minimum Variance,Crypto Minimum Variance,-0.002155574012063398,365
2023-08-07,Crypto,Minimum Variance,Crypto Minimum Variance,0.0026906678156009087,365
2023-08-08,Crypto,Minimum Variance,Crypto Minimum Variance,0.014912458568863363,365
2023-08-09,Crypto,Minimum Variance,Crypto Minimum Variance,-0.0047249783571746634,365
2023-08-10,Crypto,Minimum Variance,Crypto Minimum Variance,-0.0014065576001407252,365
2023-08-11,Crypto,Minimum Variance,Crypto Minimum Variance,-0.0012391013040763624,365
2023-08-12,Crypto,Minimum Variance,Crypto Minimum Variance,0.0014163208457361502,365
2023-08-13,Crypto,Minimum Variance,Crypto Minimum Variance,-0.004578211951536765,365
2023-08-14,Crypto,Minimum Variance,Crypto Minimum Variance,0.004074968852121526,365
2023-08-15,Crypto,Minimum Variance,Crypto Minimum Variance,-0.009880117759388338,365
2023-08-16,Crypto,Minimum Variance,Crypto Minimum Variance,-0.01691764093597046,365
2023-08-17,Crypto,Minimum Variance,Crypto Minimum Variance,-0.059536237932297745,365
2023-08-18,Crypto,Minimum Variance,Crypto Minimum Variance,-0.015656608199561838,365
2023-08-19,Crypto,Minimum Variance,Crypto Minimum Variance,0.005282029738652993,365
2023-08-20,Crypto,Minimum Variance,Crypto Minimum Variance,0.009278421241148301,365
2023-08-21,Crypto,Minimum Variance,Crypto Minimum Variance,-0.005326147367793235,365
2023-08-22,Crypto,Minimum Variance,Crypto Minimum Variance,-0.0037707884128366275,365
2023-08-23,Crypto,Minimum Variance,Crypto Minimum Variance,0.020076183177440622,365
2023-08-24,Crypto,Minimum Variance,Crypto Minimum Variance,-0.011166551064780811,365
2023-08-25,Crypto,Minimum Variance,Crypto Minimum Variance,-0.0012740533887021673,365
2023-08-26,Crypto,Minimum Variance,Crypto Minimum Variance,-0.0007515073369755325,365
2023-08-27,Crypto,Minimum Variance,Crypto Minimum Variance,0.0030932769005323785,365
2023-08-28,Crypto,Minimum Variance,Crypto Minimum Variance,-0.003441538435068377,365
2023-08-29,Crypto,Minimum Variance,Crypto Minimum Variance,0.0484114320422398,365
2023-08-30,Crypto,Minimum Variance,Crypto Minimum Variance,-0.016907636976968593,365
2023-08-31,Crypto,Minimum Variance,Crypto Minimum Variance,-0.03286776109166819,365
2023-09-01,Crypto,Minimum Variance,Crypto Minimum Variance,-0.005589992069361529,365
2023-09-02,Crypto,Minimum Variance,Crypto Minimum Variance,0.004379694209519441,365
2023-09-03,Crypto,Minimum Variance,Crypto Minimum Variance,0.003217176617932752,365
2023-09-04,Crypto,Minimum Variance,Crypto Minimum Variance,-0.004059013787107358,365
2023-09-05,Crypto,Minimum Variance,Crypto Minimum Variance,-0.0010588173060507968,365
2023-09-06,Crypto,Minimum Variance,Crypto Minimum Variance,0.002491712593486308,365
2023-09-07,Crypto,Minimum Variance,Crypto Minimum Variance,0.015926899356703998,365
2023-09-08,Crypto,Minimum Variance,Crypto Minimum Variance,-0.010270235413891509,365
2023-09-09,Crypto,Minimum Variance,Crypto Minimum Variance,-0.00026155744517414325,365
2023-09-10,Crypto,Minimum Variance,Crypto Minimum Variance,-0.0038721930026301378,365
2023-09-11,Crypto,Minimum Variance,Crypto Minimum Variance,-0.023153752342596264,365
2023-09-12,Crypto,Minimum Variance,Crypto Minimum Variance,0.029463491501346695,365
2023-09-13,Crypto,Minimum Variance,Crypto Minimum Variance,0.013431883335372635,365
2023-09-14,Crypto,Minimum Variance,Crypto Minimum Variance,0.01529148137807828,365
2023-09-15,Crypto,Minimum Variance,Crypto Minimum Variance,0.002877980361798608,365
2023-09-16,Crypto,Minimum Variance,Crypto Minimum Variance,-0.002360960951165791,365
2023-09-17,Crypto,Minimum Variance,Crypto Minimum Variance,-0.0013516344746961222,365
2023-09-18,Crypto,Minimum Variance,Crypto Minimum Variance,0.00823743944106916,365
2023-09-19,Crypto,Minimum Variance,Crypto Minimum Variance,0.015170188777922386,365
2023-09-20,Crypto,Minimum Variance,Crypto Minimum Variance,-0.0025530767284258392,365
2023-09-21,Crypto,Minimum Variance,Crypto Minimum Variance,-0.02011960721717296,365
2023-09-22,Crypto,Minimum Variance,Crypto Minimum Variance,0.0010189416501829363,365
2023-09-23,Crypto,Minimum Variance,Crypto Minimum Variance,0.0005585224785816246,365
2023-09-24,Crypto,Minimum Variance,Crypto Minimum Variance,-0.010007120106985219,365
2023-09-25,Crypto,Minimum Variance,Crypto Minimum Variance,0.0034396632561674786,365
2023-09-26,Crypto,Minimum Variance,Crypto Minimum Variance,-0.0024495798202705974,365
2023-09-27,Crypto,Minimum Variance,Crypto Minimum Variance,0.005865967297322895,365
2023-09-28,Crypto,Minimum Variance,Crypto Minimum Variance,0.02357532343102642,365
2023-09-29,Crypto,Minimum Variance,Crypto Minimum Variance,0.001665058675223965,365
2023-09-30,Crypto,Minimum Variance,Crypto Minimum Variance,0.0007952376724188336,365
2023-10-01,Crypto,Minimum Variance,Crypto Minimum Variance,0.03332199081669215,365
2023-10-02,Crypto,Minimum Variance,Crypto Minimum Variance,-0.01848388697826224,365
2023-10-03,Crypto,Minimum Variance,Crypto Minimum Variance,0.005033961086637308,365
2023-10-04,Crypto,Minimum Variance,Crypto Minimum Variance,0.006834791597268343,365
2023-10-05,Crypto,Minimum Variance,Crypto Minimum Variance,-0.012891816573049716,365
2023-10-06,Crypto,Minimum Variance,Crypto Minimum Variance,0.013525733922754852,365
2023-10-07,Crypto,Minimum Variance,Crypto Minimum Variance,0.002185544891783176,365
2023-10-08,Crypto,Minimum Variance,Crypto Minimum Variance,-0.0013654325207203344,365
2023-10-09,Crypto,Minimum Variance,Crypto Minimum Variance,-0.014432658299050515,365
2023-10-10,Crypto,Minimum Variance,Crypto Minimum Variance,-0.005700736219933336,365
2023-10-11,Crypto,Minimum Variance,Crypto Minimum Variance,-0.016011673248948585,365
2023-10-12,Crypto,Minimum Variance,Crypto Minimum Variance,-0.006151335594318297,365
2023-10-13,Crypto,Minimum Variance,Crypto Minimum Variance,0.004569720177246517,365
2023-10-14,Crypto,Minimum Variance,Crypto Minimum Variance,-0.0008413461927676939,365
2023-10-15,Crypto,Minimum Variance,Crypto Minimum Variance,0.012288497633924972,365
2023-10-16,Crypto,Minimum Variance,Crypto Minimum Variance,0.04499648183001155,365
2023-10-17,Crypto,Minimum Variance,Crypto Minimum Variance,-0.003918285119178783,365
2023-10-18,Crypto,Minimum Variance,Crypto Minimum Variance,-0.0013222575280016908,365
2023-10-19,Crypto,Minimum Variance,Crypto Minimum Variance,0.014172780058177147,365
2023-10-20,Crypto,Minimum Variance,Crypto Minimum Variance,0.028084120210987752,365
2023-10-21,Crypto,Minimum Variance,Crypto Minimum Variance,0.008220277014561045,365
2023-10-22,Crypto,Minimum Variance,Crypto Minimum Variance,-0.0002935405566063499,365
2023-10-23,Crypto,Minimum Variance,Crypto Minimum Variance,0.08698546963738119,365
2023-10-24,Crypto,Minimum Variance,Crypto Minimum Variance,0.020397210251288832,365
2023-10-25,Crypto,Minimum Variance,Crypto Minimum Variance,0.016174210185515476,365
2023-10-26,Crypto,Minimum Variance,Crypto Minimum Variance,-0.009300857023769407,365
2023-10-27,Crypto,Minimum Variance,Crypto Minimum Variance,-0.004600557815247406,365
2023-10-28,Crypto,Minimum Variance,Crypto Minimum Variance,0.005527789834152406,365
2023-10-29,Crypto,Minimum Variance,Crypto Minimum Variance,0.012036031097039582,365
2023-10-30,Crypto,Minimum Variance,Crypto Minimum Variance,0.001568754243793662,365
2023-10-31,Crypto,Minimum Variance,Crypto Minimum Variance,0.007661755104140289,365
2023-11-01,Crypto,Minimum Variance,Crypto Minimum Variance,0.023843538195114006,365
2023-11-02,Crypto,Minimum Variance,Crypto Minimum Variance,-0.014390098703375322,365
2023-11-03,Crypto,Minimum Variance,Crypto Minimum Variance,-0.006261250776964679,365
2023-11-04,Crypto,Minimum Variance,Crypto Minimum Variance,0.00921479939300337,365
2023-11-05,Crypto,Minimum Variance,Crypto Minimum Variance,0.0031881054200556293,365
2023-11-06,Crypto,Minimum Variance,Crypto Minimum Variance,-0.0009378324410278325,365
2023-11-07,Crypto,Minimum Variance,Crypto Minimum Variance,0.0037055236866832234,365
2023-11-08,Crypto,Minimum Variance,Crypto Minimum Variance,0.008242966982375546,365
2023-11-09,Crypto,Minimum Variance,Crypto Minimum Variance,0.03512111626914089,365
2023-11-10,Crypto,Minimum Variance,Crypto Minimum Variance,0.02621574958349997,365
2023-11-11,Crypto,Minimum Variance,Crypto Minimum Variance,-0.00046001031208308773,365
2023-11-12,Crypto,Minimum Variance,Crypto Minimum Variance,-0.00091472935225561,365
2023-11-13,Crypto,Minimum Variance,Crypto Minimum Variance,-0.011479152642959584,365
2023-11-14,Crypto,Minimum Variance,Crypto Minimum Variance,-0.03256729883349861,365
2023-11-15,Crypto,Minimum Variance,Crypto Minimum Variance,0.05082985559468996,365
2023-11-16,Crypto,Minimum Variance,Crypto Minimum Variance,-0.0387541411737905,365
2023-11-17,Crypto,Minimum Variance,Crypto Minimum Variance,0.010717264373283525,365
2023-11-18,Crypto,Minimum Variance,Crypto Minimum Variance,-0.0016491088136481884,365
2023-11-19,Crypto,Minimum Variance,Crypto Minimum Variance,0.018140743501544442,365
2023-11-20,Crypto,Minimum Variance,Crypto Minimum Variance,-0.0036136809143404174,365
2023-11-21,Crypto,Minimum Variance,Crypto Minimum Variance,-0.0450438992542006,365
2023-11-22,Crypto,Minimum Variance,Crypto Minimum Variance,0.04950557332681523,365
2023-11-23,Crypto,Minimum Variance,Crypto Minimum Variance,-0.00042901456115273286,365
2023-11-24,Crypto,Minimum Variance,Crypto Minimum Variance,0.014747606691670889,365
2023-11-25,Crypto,Minimum Variance,Crypto Minimum Variance,0.011092169604677961,365
2023-11-26,Crypto,Minimum Variance,Crypto Minimum Variance,-0.008728252196429408,365
2023-11-27,Crypto,Minimum Variance,Crypto Minimum Variance,-0.01916446765190736,365
2023-11-28,Crypto,Minimum Variance,Crypto Minimum Variance,0.013338938607208412,365
2023-11-29,Crypto,Minimum Variance,Crypto Minimum Variance,0.0004196346339292757,365
2023-11-30,Crypto,Minimum Variance,Crypto Minimum Variance,-0.0010343203496978037,365
2023-12-01,Crypto,Minimum Variance,Crypto Minimum Variance,0.017547335043083805,365
2023-12-02,Crypto,Minimum Variance,Crypto Minimum Variance,0.017796333853574146,365
2023-12-03,Crypto,Minimum Variance,Crypto Minimum Variance,0.009312955636899545,365
2023-12-04,Crypto,Minimum Variance,Crypto Minimum Variance,0.03587119098568944,365
2023-12-05,Crypto,Minimum Variance,Crypto Minimum Variance,0.03372852047385186,365
2023-12-06,Crypto,Minimum Variance,Crypto Minimum Variance,-0.005452443695767114,365
2023-12-07,Crypto,Minimum Variance,Crypto Minimum Variance,-0.0006703355235054606,365
2023-12-08,Crypto,Minimum Variance,Crypto Minimum Variance,0.018595755672811007,365
2023-12-09,Crypto,Minimum Variance,Crypto Minimum Variance,-0.0072897059072420875,365
2023-12-10,Crypto,Minimum Variance,Crypto Minimum Variance,0.00403520604606841,365
2023-12-11,Crypto,Minimum Variance,Crypto Minimum Variance,-0.0524191688230077,365
2023-12-12,Crypto,Minimum Variance,Crypto Minimum Variance,0.0014640095498883053,365
2023-12-13,Crypto,Minimum Variance,Crypto Minimum Variance,0.026755027369189898,365
2023-12-14,Crypto,Minimum Variance,Crypto Minimum Variance,0.009073180622230838,365
2023-12-15,Crypto,Minimum Variance,Crypto Minimum Variance,-0.03155142848827518,365
2023-12-16,Crypto,Minimum Variance,Crypto Minimum Variance,0.007966638316102703,365
2023-12-17,Crypto,Minimum Variance,Crypto Minimum Variance,-0.01626716485329428,365
2023-12-18,Crypto,Minimum Variance,Crypto Minimum Variance,0.017371418377038962,365
2023-12-19,Crypto,Minimum Variance,Crypto Minimum Variance,-0.008272204778748921,365
2023-12-20,Crypto,Minimum Variance,Crypto Minimum Variance,0.0270836516545034,365
2023-12-21,Crypto,Minimum Variance,Crypto Minimum Variance,0.01001834693412445,365
2023-12-22,Crypto,Minimum Variance,Crypto Minimum Variance,0.00785651695839307,365
2023-12-23,Crypto,Minimum Variance,Crypto Minimum Variance,-0.0007711360633547025,365
2023-12-24,Crypto,Minimum Variance,Crypto Minimum Variance,-0.01363768010457221,365
2023-12-25,Crypto,Minimum Variance,Crypto Minimum Variance,0.008019960454435227,365
2023-12-26,Crypto,Minimum Variance,Crypto Minimum Variance,-0.024657321131636354,365
2023-12-27,Crypto,Minimum Variance,Crypto Minimum Variance,0.027575000497718726,365
2023-12-28,Crypto,Minimum Variance,Crypto Minimum Variance,-0.012970091521761212,365
2023-12-29,Crypto,Minimum Variance,Crypto Minimum Variance,-0.010095545594745679,365
2023-12-30,Crypto,Minimum Variance,Crypto Minimum Variance,0.0010693490870628789,365
2023-12-31,Crypto,Minimum Variance,Crypto Minimum Variance,0.004947482944992395,365
2021-01-01,Crypto,Tangency,Crypto Tangency,-0.0013332888406246961,365
2021-01-02,Crypto,Tangency,Crypto Tangency,0.07105606671880305,365
2021-01-03,Crypto,Tangency,Crypto Tangency,0.11931428232131307,365
2021-01-04,Crypto,Tangency,Crypto Tangency,0.022808450092410632,365
2021-01-05,Crypto,Tangency,Crypto Tangency,0.07343098601526872,365
2021-01-06,Crypto,Tangency,Crypto Tangency,0.11645626392791682,365
2021-01-07,Crypto,Tangency,Crypto Tangency,0.02785612546646961,365
2021-01-08,Crypto,Tangency,Crypto Tangency,0.021253958815069737,365
2021-01-09,Crypto,Tangency,Crypto Tangency,0.0211813928243045,365
2021-01-10,Crypto,Tangency,Crypto Tangency,-0.04155758217098611,365
2021-01-11,Crypto,Tangency,Crypto Tangency,-0.0973421302970619,365
2021-01-12,Crypto,Tangency,Crypto Tangency,-0.03265507521372986,365
2021-01-13,Crypto,Tangency,Crypto Tangency,0.0935318174835104,365
2021-01-14,Crypto,Tangency,Crypto Tangency,0.05077985943090049,365
2021-01-15,Crypto,Tangency,Crypto Tangency,-0.04798887202885178,365
2021-01-16,Crypto,Tangency,Crypto Tangency,0.03165574910209602,365
2021-01-17,Crypto,Tangency,Crypto Tangency,0.0044536581709099165,365
2021-01-18,Crypto,Tangency,Crypto Tangency,0.016529671481971195,365
2021-01-19,Crypto,Tangency,Crypto Tangency,0.022992591227677706,365
2021-01-20,Crypto,Tangency,Crypto Tangency,-0.003995259563524339,365
2021-01-21,Crypto,Tangency,Crypto Tangency,-0.15722739316070558,365
2021-01-22,Crypto,Tangency,Crypto Tangency,0.08926316160329366,365
2021-01-23,Crypto,Tangency,Crypto Tangency,-0.017995862944161983,365
2021-01-24,Crypto,Tangency,Crypto Tangency,0.05058262490724981,365
2021-01-25,Crypto,Tangency,Crypto Tangency,-0.018865986062327478,365
2021-01-26,Crypto,Tangency,Crypto Tangency,0.01167566109089108,365
2021-01-27,Crypto,Tangency,Crypto Tangency,-0.0727817956429839,365
2021-01-28,Crypto,Tangency,Crypto Tangency,0.08835125463725427,365
2021-01-29,Crypto,Tangency,Crypto Tangency,0.02669300476519213,365
2021-01-30,Crypto,Tangency,Crypto Tangency,0.0036092740783814944,365
2021-01-31,Crypto,Tangency,Crypto Tangency,-0.03942731655564728,365
2021-02-01,Crypto,Tangency,Crypto Tangency,0.06434772191133628,365
2021-02-02,Crypto,Tangency,Crypto Tangency,0.0874456382944284,365
2021-02-03,Crypto,Tangency,Crypto Tangency,0.07374819707579537,365
2021-02-04,Crypto,Tangency,Crypto Tangency,-0.028885512884262363,365
2021-02-05,Crypto,Tangency,Crypto Tangency,0.10167435410750193,365
2021-02-06,Crypto,Tangency,Crypto Tangency,0.02886000392675598,365
2021-02-07,Crypto,Tangency,Crypto Tangency,-0.0112424897128792,365
2021-02-08,Crypto,Tangency,Crypto Tangency,0.08163832772585966,365
2021-02-09,Crypto,Tangency,Crypto Tangency,0.014861385719976365,365
2021-02-10,Crypto,Tangency,Crypto Tangency,0.057625480842733945,365
2021-02-11,Crypto,Tangency,Crypto Tangency,0.027116737880425883,365
2021-02-12,Crypto,Tangency,Crypto Tangency,0.027816856270997142,365
2021-02-13,Crypto,Tangency,Crypto Tangency,-0.011922299865795011,365
2021-02-14,Crypto,Tangency,Crypto Tangency,-0.01610352881840649,365
2021-02-15,Crypto,Tangency,Crypto Tangency,-0.009937409355663741,365
2021-02-16,Crypto,Tangency,Crypto Tangency,0.005433247052683723,365
2021-02-17,Crypto,Tangency,Crypto Tangency,0.03663005793365003,365
2021-02-18,Crypto,Tangency,Crypto Tangency,0.033547445209297595,365
2021-02-19,Crypto,Tangency,Crypto Tangency,0.022467939427151352,365
2021-02-20,Crypto,Tangency,Crypto Tangency,0.02954607025697757,365
2021-02-21,Crypto,Tangency,Crypto Tangency,0.005374609172523131,365
2021-02-22,Crypto,Tangency,Crypto Tangency,-0.05928772703843096,365
2021-02-23,Crypto,Tangency,Crypto Tangency,-0.12192251960588704,365
2021-02-24,Crypto,Tangency,Crypto Tangency,0.04840946348509337,365
2021-02-25,Crypto,Tangency,Crypto Tangency,-0.06094640033665467,365
2021-02-26,Crypto,Tangency,Crypto Tangency,0.020192549762519527,365
2021-02-27,Crypto,Tangency,Crypto Tangency,0.025240061666554858,365
2021-02-28,Crypto,Tangency,Crypto Tangency,-0.02815960304059218,365
2021-03-01,Crypto,Tangency,Crypto Tangency,0.0263999981076742,365
2021-03-02,Crypto,Tangency,Crypto Tangency,-0.04258610364168457,365
2021-03-03,Crypto,Tangency,Crypto Tangency,0.010548481171586977,365
2021-03-04,Crypto,Tangency,Crypto Tangency,-0.06830307747597009,365
2021-03-05,Crypto,Tangency,Crypto Tangency,0.03415972452484854,365
2021-03-06,Crypto,Tangency,Crypto Tangency,-0.021159351941311827,365
2021-03-07,Crypto,Tangency,Crypto Tangency,0.017507318726505464,365
2021-03-08,Crypto,Tangency,Crypto Tangency,-0.0018741713771792939,365
2021-03-09,Crypto,Tangency,Crypto Tangency,0.06221079923900943,365
2021-03-10,Crypto,Tangency,Crypto Tangency,-0.02557873675534913,365
2021-03-11,Crypto,Tangency,Crypto Tangency,0.005136653516146582,365
2021-03-12,Crypto,Tangency,Crypto Tangency,-0.052756991314250545,365
2021-03-13,Crypto,Tangency,Crypto Tangency,0.06397709299959858,365
2021-03-14,Crypto,Tangency,Crypto Tangency,-0.037156509641927286,365
2021-03-15,Crypto,Tangency,Crypto Tangency,-0.035563402190488334,365
2021-03-16,Crypto,Tangency,Crypto Tangency,0.13841802005850612,365
2021-03-17,Crypto,Tangency,Crypto Tangency,0.08413190780134303,365
2021-03-18,Crypto,Tangency,Crypto Tangency,-0.07235910049562243,365
2021-03-19,Crypto,Tangency,Crypto Tangency,0.03633711229069804,365
2021-03-20,Crypto,Tangency,Crypto Tangency,-0.04836105080745613,365
2021-03-21,Crypto,Tangency,Crypto Tangency,-0.01412248714484468,365
2021-03-22,Crypto,Tangency,Crypto Tangency,-0.06163227326228485,365
2021-03-23,Crypto,Tangency,Crypto Tangency,0.008225074936474291,365
2021-03-24,Crypto,Tangency,Crypto Tangency,-0.0395733762705902,365
2021-03-25,Crypto,Tangency,Crypto Tangency,0.009234175121926562,365
2021-03-26,Crypto,Tangency,Crypto Tangency,0.0897696966323561,365
2021-03-27,Crypto,Tangency,Crypto Tangency,-0.014983028035484623,365
2021-03-28,Crypto,Tangency,Crypto Tangency,0.007969169916339563,365
2021-03-29,Crypto,Tangency,Crypto Tangency,0.017354138172047565,365
2021-03-30,Crypto,Tangency,Crypto Tangency,0.012834242332982101,365
2021-03-31,Crypto,Tangency,Crypto Tangency,-0.010833287944386693,365
2021-04-01,Crypto,Tangency,Crypto Tangency,0.0035114854552181283,365
2021-04-02,Crypto,Tangency,Crypto Tangency,0.015356602495576554,365
2021-04-03,Crypto,Tangency,Crypto Tangency,-0.02802275529398819,365
2021-04-04,Crypto,Tangency,Crypto Tangency,0.019399131304159503,365
2021-04-05,Crypto,Tangency,Crypto Tangency,0.011901968636769716,365
2021-04-06,Crypto,Tangency,Crypto Tangency,0.010344404915906321,365
2021-04-07,Crypto,Tangency,Crypto Tangency,-0.0535145301528375,365
2021-04-08,Crypto,Tangency,Crypto Tangency,0.04162261457886062,365
2021-04-09,Crypto,Tangency,Crypto Tangency,-0.007604867058999341,365
2021-04-10,Crypto,Tangency,Crypto Tangency,0.020628793460508433,365
2021-04-11,Crypto,Tangency,Crypto Tangency,0.02240267676703418,365
2021-04-12,Crypto,Tangency,Crypto Tangency,0.01495203780587172,365
2021-04-13,Crypto,Tangency,Crypto Tangency,0.06785372030674516,365
2021-04-14,Crypto,Tangency,Crypto Tangency,0.019241272633154203,365
2021-04-15,Crypto,Tangency,Crypto Tangency,0.0140108739027539,365
2021-04-16,Crypto,Tangency,Crypto Tangency,-0.03589152998012692,365
2021-04-17,Crypto,Tangency,Crypto Tangency,-0.020928514601405872,365
2021-04-18,Crypto,Tangency,Crypto Tangency,-0.07264411796872025,365
2021-04-19,Crypto,Tangency,Crypto Tangency,-0.03583203006956104,365
2021-04-20,Crypto,Tangency,Crypto Tangency,0.04138127369025877,365
2021-04-21,Crypto,Tangency,Crypto Tangency,-0.038510584411222494,365
2021-04-22,Crypto,Tangency,Crypto Tangency,-0.03725127002026809,365
2021-04-23,Crypto,Tangency,Crypto Tangency,-0.0038521111243987206,365
2021-04-24,Crypto,Tangency,Crypto Tangency,-0.03828620470166955,365
2021-04-25,Crypto,Tangency,Crypto Tangency,-0.008183132745737265,365
2021-04-26,Crypto,Tangency,Crypto Tangency,0.11605412454020432,365
2021-04-27,Crypto,Tangency,Crypto Tangency,0.04149342154330304,365
2021-04-28,Crypto,Tangency,Crypto Tangency,0.01260540599773283,365
2021-04-29,Crypto,Tangency,Crypto Tangency,-0.018635360634248088,365
2021-04-30,Crypto,Tangency,Crypto Tangency,0.048628067806229205,365
2021-05-01,Crypto,Tangency,Crypto Tangency,0.027154604663779742,365
2021-05-02,Crypto,Tangency,Crypto Tangency,-0.013066955513687147,365
2021-05-03,Crypto,Tangency,Crypto Tangency,0.07645429941394295,365
2021-05-04,Crypto,Tangency,Crypto Tangency,-0.06234706947509606,365
2021-05-05,Crypto,Tangency,Crypto Tangency,0.1182901328783907,365
2021-05-06,Crypto,Tangency,Crypto Tangency,0.04278143327851624,365
2021-05-07,Crypto,Tangency,Crypto Tangency,0.0014884565263249409,365
2021-05-08,Crypto,Tangency,Crypto Tangency,0.04138671827488302,365
2021-05-09,Crypto,Tangency,Crypto Tangency,0.03898715891507604,365
2021-05-10,Crypto,Tangency,Crypto Tangency,-0.038292192605447126,365
2021-05-11,Crypto,Tangency,Crypto Tangency,0.05779991901619241,365
2021-05-12,Crypto,Tangency,Crypto Tangency,-0.1126146278883484,365
2021-05-13,Crypto,Tangency,Crypto Tangency,0.1008505430139276,365
2021-05-14,Crypto,Tangency,Crypto Tangency,0.05645993241308594,365
2021-05-15,Crypto,Tangency,Crypto Tangency,-0.0125754706905782,365
2021-05-16,Crypto,Tangency,Crypto Tangency,0.01802792415971308,365
2021-05-17,Crypto,Tangency,Crypto Tangency,-0.08982706086381904,365
2021-05-18,Crypto,Tangency,Crypto Tangency,0.007950038806584207,365
2021-05-19,Crypto,Tangency,Crypto Tangency,-0.25341704863682757,365
2021-05-20,Crypto,Tangency,Crypto Tangency,0.1635059496206933,365
2021-05-21,Crypto,Tangency,Crypto Tangency,-0.12955140009773505,365
2021-05-22,Crypto,Tangency,Crypto Tangency,-0.050793283828532,365
2021-05-23,Crypto,Tangency,Crypto Tangency,-0.08833741112450778,365
2021-05-24,Crypto,Tangency,Crypto Tangency,0.19992020480680703,365
2021-05-25,Crypto,Tangency,Crypto Tangency,0.009083088075655114,365
2021-05-26,Crypto,Tangency,Crypto Tangency,0.09388011402663288,365
2021-05-27,Crypto,Tangency,Crypto Tangency,-0.05919220120416614,365
2021-05-28,Crypto,Tangency,Crypto Tangency,-0.09320094281047941,365
2021-05-29,Crypto,Tangency,Crypto Tangency,-0.060408983485734875,365
2021-05-30,Crypto,Tangency,Crypto Tangency,0.0789393216229771,365
2021-05-31,Crypto,Tangency,Crypto Tangency,0.11241115578995776,365
2021-06-01,Crypto,Tangency,Crypto Tangency,-0.01642496471901162,365
2021-06-02,Crypto,Tangency,Crypto Tangency,0.016352855919246928,365
2021-06-03,Crypto,Tangency,Crypto Tangency,0.04902279165396634,365
2021-06-04,Crypto,Tangency,Crypto Tangency,-0.06617925250336819,365
2021-06-05,Crypto,Tangency,Crypto Tangency,-0.026850884248803396,365
2021-06-06,Crypto,Tangency,Crypto Tangency,0.01921995482550274,365
2021-06-07,Crypto,Tangency,Crypto Tangency,-0.06297638287623726,365
2021-06-08,Crypto,Tangency,Crypto Tangency,-0.003079308281075068,365
2021-06-09,Crypto,Tangency,Crypto Tangency,0.03396351156647614,365
2021-06-10,Crypto,Tangency,Crypto Tangency,-0.0562697238475207,365
2021-06-11,Crypto,Tangency,Crypto Tangency,-0.05285734635341291,365
2021-06-12,Crypto,Tangency,Crypto Tangency,0.016852823275804188,365
2021-06-13,Crypto,Tangency,Crypto Tangency,0.05587134355302431,365
2021-06-14,Crypto,Tangency,Crypto Tangency,0.01025416281152007,365
2021-06-15,Crypto,Tangency,Crypto Tangency,0.018476938822525327,365
2021-06-16,Crypto,Tangency,Crypto Tangency,-0.07928139243723122,365
2021-06-17,Crypto,Tangency,Crypto Tangency,0.0009566274987906761,365
2021-06-18,Crypto,Tangency,Crypto Tangency,-0.05087726269659772,365
2021-06-19,Crypto,Tangency,Crypto Tangency,-0.020629361716454703,365
2021-06-20,Crypto,Tangency,Crypto Tangency,0.026285677991689203,365
2021-06-21,Crypto,Tangency,Crypto Tangency,-0.17511722489227002,365
2021-06-22,Crypto,Tangency,Crypto Tangency,-0.020813653230967292,365
2021-06-23,Crypto,Tangency,Crypto Tangency,0.07975962738264922,365
2021-06-24,Crypto,Tangency,Crypto Tangency,0.051064209804476075,365
2021-06-25,Crypto,Tangency,Crypto Tangency,-0.07931227209687945,365
2021-06-26,Crypto,Tangency,Crypto Tangency,0.0025965614222988394,365
2021-06-27,Crypto,Tangency,Crypto Tangency,0.07058990779113208,365
2021-06-28,Crypto,Tangency,Crypto Tangency,0.015945649887742278,365
2021-06-29,Crypto,Tangency,Crypto Tangency,0.06021508544348349,365
2021-06-30,Crypto,Tangency,Crypto Tangency,0.026932831946054954,365
2021-07-01,Crypto,Tangency,Crypto Tangency,-0.050466042316251035,365
2021-07-02,Crypto,Tangency,Crypto Tangency,0.03198202326503004,365
2021-07-03,Crypto,Tangency,Crypto Tangency,0.022059848894940486,365
2021-07-04,Crypto,Tangency,Crypto Tangency,0.034631332077034976,365
2021-07-05,Crypto,Tangency,Crypto Tangency,-0.04292128245093908,365
2021-07-06,Crypto,Tangency,Crypto Tangency,0.026499232200667102,365
2021-07-07,Crypto,Tangency,Crypto Tangency,-0.0104506497952452,365
2021-07-08,Crypto,Tangency,Crypto Tangency,-0.06367941177676739,365
2021-07-09,Crypto,Tangency,Crypto Tangency,0.013471956300496387,365
2021-07-10,Crypto,Tangency,Crypto Tangency,-0.012910889356403719,365
2021-07-11,Crypto,Tangency,Crypto Tangency,0.010638426087216721,365
2021-07-12,Crypto,Tangency,Crypto Tangency,-0.033665446549207674,365
2021-07-13,Crypto,Tangency,Crypto Tangency,-0.042004286639633834,365
2021-07-14,Crypto,Tangency,Crypto Tangency,0.0083830347877589,365
2021-07-15,Crypto,Tangency,Crypto Tangency,-0.036652282608847404,365
2021-07-16,Crypto,Tangency,Crypto Tangency,-0.03250309605335974,365
2021-07-17,Crypto,Tangency,Crypto Tangency,0.0030329552822263082,365
2021-07-18,Crypto,Tangency,Crypto Tangency,0.00611884678639662,365
2021-07-19,Crypto,Tangency,Crypto Tangency,-0.04535202608312884,365
2021-07-20,Crypto,Tangency,Crypto Tangency,-0.04316782127847183,365
2021-07-21,Crypto,Tangency,Crypto Tangency,0.10700295135486344,365
2021-07-22,Crypto,Tangency,Crypto Tangency,0.01581719965186806,365
2021-07-23,Crypto,Tangency,Crypto Tangency,0.031185032613067144,365
2021-07-24,Crypto,Tangency,Crypto Tangency,0.03022256321660421,365
2021-07-25,Crypto,Tangency,Crypto Tangency,-0.00377812647802416,365
2021-07-26,Crypto,Tangency,Crypto Tangency,0.020630923193570315,365
2021-07-27,Crypto,Tangency,Crypto Tangency,0.02062852419931396,365
2021-07-28,Crypto,Tangency,Crypto Tangency,0.0015097880850899526,365
2021-07-29,Crypto,Tangency,Crypto Tangency,0.01286641947016541,365
2021-07-30,Crypto,Tangency,Crypto Tangency,0.026611268232194056,365
2021-07-31,Crypto,Tangency,Crypto Tangency,0.01595179064650291,365
2021-08-01,Crypto,Tangency,Crypto Tangency,0.0015265244218040366,365
2021-08-02,Crypto,Tangency,Crypto Tangency,0.005726768937148035,365
2021-08-03,Crypto,Tangency,Crypto Tangency,0.003123309646749182,365
2021-08-04,Crypto,Tangency,Crypto Tangency,0.04406272566876421,365
2021-08-05,Crypto,Tangency,Crypto Tangency,0.020370390271268985,365
2021-08-06,Crypto,Tangency,Crypto Tangency,0.015966208752073358,365
2021-08-07,Crypto,Tangency,Crypto Tangency,0.07152149846768246,365
2021-08-08,Crypto,Tangency,Crypto Tangency,-0.037235586424352776,365
2021-08-09,Crypto,Tangency,Crypto Tangency,0.04174985287144851,365
2021-08-10,Crypto,Tangency,Crypto Tangency,0.06651994291753326,365
2021-08-11,Crypto,Tangency,Crypto Tangency,0.04453229635431843,365
2021-08-12,Crypto,Tangency,Crypto Tangency,-0.009156454103927457,365
2021-08-13,Crypto,Tangency,Crypto Tangency,0.13302750025517274,365
2021-08-14,Crypto,Tangency,Crypto Tangency,0.008660547913207793,365
2021-08-15,Crypto,Tangency,Crypto Tangency,0.005651082319093689,365
2021-08-16,Crypto,Tangency,Crypto Tangency,-0.04500743255880242,365
2021-08-17,Crypto,Tangency,Crypto Tangency,-0.06229188878585366,365
2021-08-18,Crypto,Tangency,Crypto Tangency,0.051813399863579405,365
2021-08-19,Crypto,Tangency,Crypto Tangency,0.10550503302361831,365
2021-08-20,Crypto,Tangency,Crypto Tangency,0.022368427581559682,365
2021-08-21,Crypto,Tangency,Crypto Tangency,-0.014258550413751875,365
2021-08-22,Crypto,Tangency,Crypto Tangency,0.06291324539885186,365
2021-08-23,Crypto,Tangency,Crypto Tangency,0.0504840024545955,365
2021-08-24,Crypto,Tangency,Crypto Tangency,-0.05804287183227747,365
2021-08-25,Crypto,Tangency,Crypto Tangency,0.010847577196818878,365
2021-08-26,Crypto,Tangency,Crypto Tangency,-0.05845813982449292,365
2021-08-27,Crypto,Tangency,Crypto Tangency,0.11228747612938424,365
2021-08-28,Crypto,Tangency,Crypto Tangency,-0.020785084836164865,365
2021-08-29,Crypto,Tangency,Crypto Tangency,-0.001240549218517844,365
2021-08-30,Crypto,Tangency,Crypto Tangency,-0.024435148690773126,365
2021-08-31,Crypto,Tangency,Crypto Tangency,0.036655879805097366,365
2021-09-01,Crypto,Tangency,Crypto Tangency,0.06593524592205094,365
2021-09-02,Crypto,Tangency,Crypto Tangency,0.015632417286290477,365
2021-09-03,Crypto,Tangency,Crypto Tangency,0.01591153196887294,365
2021-09-04,Crypto,Tangency,Crypto Tangency,-0.033421724372610984,365
2021-09-05,Crypto,Tangency,Crypto Tangency,0.02389539019205339,365
2021-09-06,Crypto,Tangency,Crypto Tangency,-0.01904923155724356,365
2021-09-07,Crypto,Tangency,Crypto Tangency,-0.12135583427826717,365
2021-09-08,Crypto,Tangency,Crypto Tangency,0.0007258829611452108,365
2021-09-09,Crypto,Tangency,Crypto Tangency,0.0033664603213834406,365
2021-09-10,Crypto,Tangency,Crypto Tangency,-0.0561710090729942,365
2021-09-11,Crypto,Tangency,Crypto Tangency,0.07141184943161621,365
2021-09-12,Crypto,Tangency,Crypto Tangency,0.003672821025891597,365
2021-09-13,Crypto,Tangency,Crypto Tangency,-0.057436156948722714,365
2021-09-14,Crypto,Tangency,Crypto Tangency,0.015088559734729876,365
2021-09-15,Crypto,Tangency,Crypto Tangency,0.047868801396943175,365
2021-09-16,Crypto,Tangency,Crypto Tangency,-0.024698176606301178,365
2021-09-17,Crypto,Tangency,Crypto Tangency,-0.0372167038059579,365
2021-09-18,Crypto,Tangency,Crypto Tangency,0.009980036608293219,365
2021-09-19,Crypto,Tangency,Crypto Tangency,-0.034340046408366076,365
2021-09-20,Crypto,Tangency,Crypto Tangency,-0.10162316319251755,365
2021-09-21,Crypto,Tangency,Crypto Tangency,-0.048074213780672045,365
2021-09-22,Crypto,Tangency,Crypto Tangency,0.13028253491314723,365
2021-09-23,Crypto,Tangency,Crypto Tangency,0.027064272341458223,365
2021-09-24,Crypto,Tangency,Crypto Tangency,-0.04014531595766899,365
2021-09-25,Crypto,Tangency,Crypto Tangency,0.004686801294717992,365
2021-09-26,Crypto,Tangency,Crypto Tangency,-0.007884234532272771,365
2021-09-27,Crypto,Tangency,Crypto Tangency,-0.03621984711228856,365
2021-09-28,Crypto,Tangency,Crypto Tangency,-0.0441758477432488,365
2021-09-29,Crypto,Tangency,Crypto Tangency,0.014236682439323169,365
2021-09-30,Crypto,Tangency,Crypto Tangency,0.03418146779064595,365
2021-10-01,Crypto,Tangency,Crypto Tangency,0.08114070018696007,365
2021-10-02,Crypto,Tangency,Crypto Tangency,0.008086916325780798,365
2021-10-03,Crypto,Tangency,Crypto Tangency,0.0034396052711405047,365
2021-10-04,Crypto,Tangency,Crypto Tangency,-0.02161965269570527,365
2021-10-05,Crypto,Tangency,Crypto Tangency,0.028173661052886982,365
2021-10-06,Crypto,Tangency,Crypto Tangency,0.0011134587662673806,365
2021-10-07,Crypto,Tangency,Crypto Tangency,0.018722939690220868,365
2021-10-08,Crypto,Tangency,Crypto Tangency,-0.013313722418743887,365
2021-10-09,Crypto,Tangency,Crypto Tangency,0.009348506117542043,365
2021-10-10,Crypto,Tangency,Crypto Tangency,-0.03500807206866285,365
2021-10-11,Crypto,Tangency,Crypto Tangency,0.00692926168081804,365
2021-10-12,Crypto,Tangency,Crypto Tangency,-0.021031227307381908,365
2021-10-13,Crypto,Tangency,Crypto Tangency,0.032798744237935995,365
2021-10-14,Crypto,Tangency,Crypto Tangency,0.014160860802943348,365
2021-10-15,Crypto,Tangency,Crypto Tangency,0.020340549579472535,365
2021-10-16,Crypto,Tangency,Crypto Tangency,-0.013441668855400662,365
2021-10-17,Crypto,Tangency,Crypto Tangency,-0.00412795780157352,365
2021-10-18,Crypto,Tangency,Crypto Tangency,-0.01806998410781752,365
2021-10-19,Crypto,Tangency,Crypto Tangency,0.008968586511159189,365
2021-10-20,Crypto,Tangency,Crypto Tangency,0.04901658474915084,365
2021-10-21,Crypto,Tangency,Crypto Tangency,-0.02331210556638454,365
2021-10-22,Crypto,Tangency,Crypto Tangency,-0.003028419232368623,365
2021-10-23,Crypto,Tangency,Crypto Tangency,0.023305187169091777,365
2021-10-24,Crypto,Tangency,Crypto Tangency,-0.020042823102303927,365
2021-10-25,Crypto,Tangency,Crypto Tangency,0.018297482202653963,365
2021-10-26,Crypto,Tangency,Crypto Tangency,-0.009504372411054502,365
2021-10-27,Crypto,Tangency,Crypto Tangency,-0.08336220697563428,365
2021-10-28,Crypto,Tangency,Crypto Tangency,0.05926964906866009,365
2021-10-29,Crypto,Tangency,Crypto Tangency,0.01892179378595643,365
2021-10-30,Crypto,Tangency,Crypto Tangency,-0.02448223337498694,365
2021-10-31,Crypto,Tangency,Crypto Tangency,-0.001001584668923635,365
2021-11-01,Crypto,Tangency,Crypto Tangency,0.0008238341269930515,365
2021-11-02,Crypto,Tangency,Crypto Tangency,0.03673111882863349,365
2021-11-03,Crypto,Tangency,Crypto Tangency,0.024860790763122326,365
2021-11-04,Crypto,Tangency,Crypto Tangency,-0.02613150967567817,365
2021-11-05,Crypto,Tangency,Crypto Tangency,-0.005579055382827047,365
2021-11-06,Crypto,Tangency,Crypto Tangency,0.009017656036550296,365
2021-11-07,Crypto,Tangency,Crypto Tangency,0.015087463810754147,365
2021-11-08,Crypto,Tangency,Crypto Tangency,0.04586518240674811,365
2021-11-09,Crypto,Tangency,Crypto Tangency,0.025031490841513335,365
2021-11-10,Crypto,Tangency,Crypto Tangency,-0.046900815227777545,365
2021-11-11,Crypto,Tangency,Crypto Tangency,0.00695537885641883,365
2021-11-12,Crypto,Tangency,Crypto Tangency,-0.016084112691094745,365
2021-11-13,Crypto,Tangency,Crypto Tangency,-4.880015277944423e-05,365
2021-11-14,Crypto,Tangency,Crypto Tangency,-0.005668183946657439,365
2021-11-15,Crypto,Tangency,Crypto Tangency,-0.013691167263622057,365
2021-11-16,Crypto,Tangency,Crypto Tangency,-0.0718942865437131,365
2021-11-17,Crypto,Tangency,Crypto Tangency,0.008418440376649641,365
2021-11-18,Crypto,Tangency,Crypto Tangency,-0.057196805771134424,365
2021-11-19,Crypto,Tangency,Crypto Tangency,0.05933153992668284,365
2021-11-20,Crypto,Tangency,Crypto Tangency,0.02814403732977723,365
2021-11-21,Crypto,Tangency,Crypto Tangency,-0.036965203482999025,365
2021-11-22,Crypto,Tangency,Crypto Tangency,-0.03859887164816163,365
2021-11-23,Crypto,Tangency,Crypto Tangency,0.025340120001723577,365
2021-11-24,Crypto,Tangency,Crypto Tangency,-0.029593700984304038,365
2021-11-25,Crypto,Tangency,Crypto Tangency,-0.005611160210746138,365
2021-11-26,Crypto,Tangency,Crypto Tangency,-0.06532622684505769,365
2021-11-27,Crypto,Tangency,Crypto Tangency,0.014090823860978506,365
2021-11-28,Crypto,Tangency,Crypto Tangency,0.039650688121243935,365
2021-11-29,Crypto,Tangency,Crypto Tangency,0.021260483393389252,365
2021-11-30,Crypto,Tangency,Crypto Tangency,0.007814348583159674,365
2021-12-01,Crypto,Tangency,Crypto Tangency,-0.007640496535284728,365
2021-12-02,Crypto,Tangency,Crypto Tangency,0.03274171035134418,365
2021-12-03,Crypto,Tangency,Crypto Tangency,-0.07552658898841084,365
2021-12-04,Crypto,Tangency,Crypto Tangency,-0.048936259645089436,365
2021-12-05,Crypto,Tangency,Crypto Tangency,-0.00025656728228678994,365
2021-12-06,Crypto,Tangency,Crypto Tangency,0.03667246089878472,365
2021-12-07,Crypto,Tangency,Crypto Tangency,-0.018093212308911807,365
2021-12-08,Crypto,Tangency,Crypto Tangency,0.021761657483215454,365
2021-12-09,Crypto,Tangency,Crypto Tangency,-0.07369433618709735,365
2021-12-10,Crypto,Tangency,Crypto Tangency,-0.055133106290637154,365
2021-12-11,Crypto,Tangency,Crypto Tangency,0.07367277209098347,365
2021-12-12,Crypto,Tangency,Crypto Tangency,0.005383216852635782,365
2021-12-13,Crypto,Tangency,Crypto Tangency,-0.08699512949924883,365
2021-12-14,Crypto,Tangency,Crypto Tangency,-0.007015179543360555,365
2021-12-15,Crypto,Tangency,Crypto Tangency,0.07284195370087528,365
2021-12-16,Crypto,Tangency,Crypto Tangency,-0.02987111957085431,365
2021-12-17,Crypto,Tangency,Crypto Tangency,-0.01924487395544215,365
2021-12-18,Crypto,Tangency,Crypto Tangency,0.02002276347671658,365
2021-12-19,Crypto,Tangency,Crypto Tangency,-0.005174760477774769,365
2021-12-20,Crypto,Tangency,Crypto Tangency,-0.00029823431336354136,365
2021-12-21,Crypto,Tangency,Crypto Tangency,0.026879371823698796,365
2021-12-22,Crypto,Tangency,Crypto Tangency,0.0087842247236573,365
2021-12-23,Crypto,Tangency,Crypto Tangency,0.0627088286368534,365
2021-12-24,Crypto,Tangency,Crypto Tangency,-0.03087110391740745,365
2021-12-25,Crypto,Tangency,Crypto Tangency,0.02409498660663807,365
2021-12-26,Crypto,Tangency,Crypto Tangency,-0.003147020107335551,365
2021-12-27,Crypto,Tangency,Crypto Tangency,0.010974136624326364,365
2021-12-28,Crypto,Tangency,Crypto Tangency,-0.06434266783893446,365
2021-12-29,Crypto,Tangency,Crypto Tangency,-0.04755901730939437,365
2021-12-30,Crypto,Tangency,Crypto Tangency,0.02301233859747248,365
2021-12-31,Crypto,Tangency,Crypto Tangency,-0.019648761340109552,365
2022-01-01,Crypto,Tangency,Crypto Tangency,0.03492864109112507,365
2022-01-02,Crypto,Tangency,Crypto Tangency,0.009502109285433673,365
2022-01-03,Crypto,Tangency,Crypto Tangency,-0.027228576875953116,365
2022-01-04,Crypto,Tangency,Crypto Tangency,0.001978062258114926,365
2022-01-05,Crypto,Tangency,Crypto Tangency,-0.061520014361665994,365
2022-01-06,Crypto,Tangency,Crypto Tangency,-0.007178262268896634,365
2022-01-07,Crypto,Tangency,Crypto Tangency,-0.0606882258929758,365
2022-01-08,Crypto,Tangency,Crypto Tangency,-0.026801275106629805,365
2022-01-09,Crypto,Tangency,Crypto Tangency,0.007733745014268465,365
2022-01-10,Crypto,Tangency,Crypto Tangency,-0.029997004470741485,365
2022-01-11,Crypto,Tangency,Crypto Tangency,0.05040350674880891,365
2022-01-12,Crypto,Tangency,Crypto Tangency,0.06594754893619771,365
2022-01-13,Crypto,Tangency,Crypto Tangency,-0.0441785968441647,365
2022-01-14,Crypto,Tangency,Crypto Tangency,0.030503548379140544,365
2022-01-15,Crypto,Tangency,Crypto Tangency,0.005347747767780963,365
2022-01-16,Crypto,Tangency,Crypto Tangency,0.03897044506243649,365
2022-01-17,Crypto,Tangency,Crypto Tangency,0.030595766817667163,365
2022-01-18,Crypto,Tangency,Crypto Tangency,-0.042149156130442594,365
2022-01-19,Crypto,Tangency,Crypto Tangency,-0.047547498174132646,365
2022-01-20,Crypto,Tangency,Crypto Tangency,-0.04372707342345933,365
2022-01-21,Crypto,Tangency,Crypto Tangency,-0.13093725865359154,365
2022-01-22,Crypto,Tangency,Crypto Tangency,-0.05583243533243638,365
2022-01-23,Crypto,Tangency,Crypto Tangency,0.05324024810128485,365
2022-01-24,Crypto,Tangency,Crypto Tangency,-0.042450276167462234,365
2022-01-25,Crypto,Tangency,Crypto Tangency,-0.0051721743682886295,365
2022-01-26,Crypto,Tangency,Crypto Tangency,0.016934969106047148,365
2022-01-27,Crypto,Tangency,Crypto Tangency,-0.02430532834797999,365
2022-01-28,Crypto,Tangency,Crypto Tangency,0.032853434542166736,365
2022-01-29,Crypto,Tangency,Crypto Tangency,0.01504296673829672,365
2022-01-30,Crypto,Tangency,Crypto Tangency,-0.007174899313464225,365
2022-01-31,Crypto,Tangency,Crypto Tangency,0.025022648703383568,365
2022-02-01,Crypto,Tangency,Crypto Tangency,0.0367528500853574,365
2022-02-02,Crypto,Tangency,Crypto Tangency,-0.04629917833387633,365
2022-02-03,Crypto,Tangency,Crypto Tangency,0.011449702883432169,365
2022-02-04,Crypto,Tangency,Crypto Tangency,0.09599864768204078,365
2022-02-05,Crypto,Tangency,Crypto Tangency,0.002343038657780836,365
2022-02-06,Crypto,Tangency,Crypto Tangency,0.014686197290642479,365
2022-02-07,Crypto,Tangency,Crypto Tangency,0.03613865243373067,365
2022-02-08,Crypto,Tangency,Crypto Tangency,-0.010515227130954902,365
2022-02-09,Crypto,Tangency,Crypto Tangency,0.0265865173862474,365
2022-02-10,Crypto,Tangency,Crypto Tangency,-0.043359686368751774,365
2022-02-11,Crypto,Tangency,Crypto Tangency,-0.055069520095752875,365
2022-02-12,Crypto,Tangency,Crypto Tangency,-0.01120663853287087,365
2022-02-13,Crypto,Tangency,Crypto Tangency,-0.011655999808036758,365
2022-02-14,Crypto,Tangency,Crypto Tangency,0.011378407498901642,365
2022-02-15,Crypto,Tangency,Crypto Tangency,0.07058656425880735,365
2022-02-16,Crypto,Tangency,Crypto Tangency,-0.018209731145430688,365
2022-02-17,Crypto,Tangency,Crypto Tangency,-0.07020432777399768,365
2022-02-18,Crypto,Tangency,Crypto Tangency,-0.028266031773108033,365
2022-02-19,Crypto,Tangency,Crypto Tangency,-0.004033424813324454,365
2022-02-20,Crypto,Tangency,Crypto Tangency,-0.056197106996392084,365
2022-02-21,Crypto,Tangency,Crypto Tangency,-0.04783070440173982,365
2022-02-22,Crypto,Tangency,Crypto Tangency,0.030192735360158207,365
2022-02-23,Crypto,Tangency,Crypto Tangency,-0.020266916594057112,365
2022-02-24,Crypto,Tangency,Crypto Tangency,-0.006636480234396162,365
2022-02-25,Crypto,Tangency,Crypto Tangency,0.05869053804678516,365
2022-02-26,Crypto,Tangency,Crypto Tangency,-0.0018674207481865748,365
2022-02-27,Crypto,Tangency,Crypto Tangency,-0.046359961674131894,365
2022-02-28,Crypto,Tangency,Crypto Tangency,0.11562586593589382,365
2022-03-01,Crypto,Tangency,Crypto Tangency,0.01187183001884382,365
2022-03-02,Crypto,Tangency,Crypto Tangency,-0.014500355585890953,365
2022-03-03,Crypto,Tangency,Crypto Tangency,-0.03885623471085473,365
2022-03-04,Crypto,Tangency,Crypto Tangency,-0.07240051615178834,365
2022-03-05,Crypto,Tangency,Crypto Tangency,0.021814563665451696,365
2022-03-06,Crypto,Tangency,Crypto Tangency,-0.04415027450012359,365
2022-03-07,Crypto,Tangency,Crypto Tangency,-0.02633350577064168,365
2022-03-08,Crypto,Tangency,Crypto Tangency,0.020691703939129783,365
2022-03-09,Crypto,Tangency,Crypto Tangency,0.05962340177977433,365
2022-03-10,Crypto,Tangency,Crypto Tangency,-0.04704802703268346,365
2022-03-11,Crypto,Tangency,Crypto Tangency,-0.01919886269220889,365
2022-03-12,Crypto,Tangency,Crypto Tangency,0.0037956032718693177,365
2022-03-13,Crypto,Tangency,Crypto Tangency,-0.012660364177120438,365
2022-03-14,Crypto,Tangency,Crypto Tangency,0.023524908383899857,365
2022-03-15,Crypto,Tangency,Crypto Tangency,0.004741143403494814,365
2022-03-16,Crypto,Tangency,Crypto Tangency,0.05388668108678251,365
2022-03-17,Crypto,Tangency,Crypto Tangency,0.00836162418176611,365
2022-03-18,Crypto,Tangency,Crypto Tangency,0.03555397639072738,365
2022-03-19,Crypto,Tangency,Crypto Tangency,0.022986431861755648,365
2022-03-20,Crypto,Tangency,Crypto Tangency,-0.02810884939349031,365
2022-03-21,Crypto,Tangency,Crypto Tangency,0.026236038369759615,365
2022-03-22,Crypto,Tangency,Crypto Tangency,0.04191310482313952,365
2022-03-23,Crypto,Tangency,Crypto Tangency,0.06632227779662474,365
2022-03-24,Crypto,Tangency,Crypto Tangency,0.02333631477236995,365
2022-03-25,Crypto,Tangency,Crypto Tangency,-0.01187073118337341,365
2022-03-26,Crypto,Tangency,Crypto Tangency,0.02655336869499691,365
2022-03-27,Crypto,Tangency,Crypto Tangency,0.039133713367270014,365
2022-03-28,Crypto,Tangency,Crypto Tangency,0.003967983011241475,365
2022-03-29,Crypto,Tangency,Crypto Tangency,0.01889162646222135,365
2022-03-30,Crypto,Tangency,Crypto Tangency,-0.0031765271926656206,365
2022-03-31,Crypto,Tangency,Crypto Tangency,-0.03474045912530602,365
2022-04-01,Crypto,Tangency,Crypto Tangency,0.0382749078860485,365
2022-04-02,Crypto,Tangency,Crypto Tangency,-0.0042216259546717224,365
2022-04-03,Crypto,Tangency,Crypto Tangency,0.02397329530800468,365
2022-04-04,Crypto,Tangency,Crypto Tangency,0.009258391154358914,365
2022-04-05,Crypto,Tangency,Crypto Tangency,-0.032663482063369054,365
2022-04-06,Crypto,Tangency,Crypto Tangency,-0.08326459659978723,365
2022-04-07,Crypto,Tangency,Crypto Tangency,0.027123964613240854,365
2022-04-08,Crypto,Tangency,Crypto Tangency,-0.032654506692274994,365
2022-04-09,Crypto,Tangency,Crypto Tangency,0.020386059668875977,365
2022-04-10,Crypto,Tangency,Crypto Tangency,-0.014633416369870176,365
2022-04-11,Crypto,Tangency,Crypto Tangency,-0.0866304994498862,365
2022-04-12,Crypto,Tangency,Crypto Tangency,0.025414680105881982,365
2022-04-13,Crypto,Tangency,Crypto Tangency,0.025407090784383305,365
2022-04-14,Crypto,Tangency,Crypto Tangency,-0.03651937056341018,365
2022-04-15,Crypto,Tangency,Crypto Tangency,0.01404475284475818,365
2022-04-16,Crypto,Tangency,Crypto Tangency,0.0032302670341128148,365
2022-04-17,Crypto,Tangency,Crypto Tangency,-0.028575649907349024,365
2022-04-18,Crypto,Tangency,Crypto Tangency,0.02122106178342723,365
2022-04-19,Crypto,Tangency,Crypto Tangency,0.016284668562956406,365
2022-04-20,Crypto,Tangency,Crypto Tangency,-0.012018989463007066,365
2022-04-21,Crypto,Tangency,Crypto Tangency,-0.02908959953418775,365
2022-04-22,Crypto,Tangency,Crypto Tangency,-0.005868708115229045,365
2022-04-23,Crypto,Tangency,Crypto Tangency,-0.013884567022175836,365
2022-04-24,Crypto,Tangency,Crypto Tangency,-0.004118339980837031,365
2022-04-25,Crypto,Tangency,Crypto Tangency,0.023005721818635905,365
2022-04-26,Crypto,Tangency,Crypto Tangency,-0.07199423983297651,365
2022-04-27,Crypto,Tangency,Crypto Tangency,0.023232094406098365,365
2022-04-28,Crypto,Tangency,Crypto Tangency,0.011290108876867988,365
2022-04-29,Crypto,Tangency,Crypto Tangency,-0.04337234477778774,365
2022-04-30,Crypto,Tangency,Crypto Tangency,-0.04298215364554803,365
2022-05-01,Crypto,Tangency,Crypto Tangency,0.03889538964632623,365
2022-05-02,Crypto,Tangency,Crypto Tangency,0.002702447179722053,365
2022-05-03,Crypto,Tangency,Crypto Tangency,-0.0213464599772124,365
2022-05-04,Crypto,Tangency,Crypto Tangency,0.09483446442524439,365
2022-05-05,Crypto,Tangency,Crypto Tangency,-0.08410852824693235,365
2022-05-06,Crypto,Tangency,Crypto Tangency,-0.01617404423174785,365
2022-05-07,Crypto,Tangency,Crypto Tangency,-0.023852726032540197,365
2022-05-08,Crypto,Tangency,Crypto Tangency,-0.039352606094960906,365
2022-05-09,Crypto,Tangency,Crypto Tangency,-0.1321628560807845,365
2022-05-10,Crypto,Tangency,Crypto Tangency,0.03909655640395886,365
2022-05-11,Crypto,Tangency,Crypto Tangency,-0.1405875027637895,365
2022-05-12,Crypto,Tangency,Crypto Tangency,-0.06151137290189594,365
2022-05-13,Crypto,Tangency,Crypto Tangency,0.0590677116300981,365
2022-05-14,Crypto,Tangency,Crypto Tangency,0.02043251694744006,365
2022-05-15,Crypto,Tangency,Crypto Tangency,0.06662477218679122,365
2022-05-16,Crypto,Tangency,Crypto Tangency,-0.061251216282227516,365
2022-05-17,Crypto,Tangency,Crypto Tangency,0.03522698660948806,365
2022-05-18,Crypto,Tangency,Crypto Tangency,-0.09831047218539389,365
2022-05-19,Crypto,Tangency,Crypto Tangency,0.05367880130781938,365
2022-05-20,Crypto,Tangency,Crypto Tangency,-0.028485303685515256,365
2022-05-21,Crypto,Tangency,Crypto Tangency,0.011538371727678114,365
2022-05-22,Crypto,Tangency,Crypto Tangency,0.03200117879186527,365
2022-05-23,Crypto,Tangency,Crypto Tangency,-0.04214262338032041,365
2022-05-24,Crypto,Tangency,Crypto Tangency,0.008256330578710438,365
2022-05-25,Crypto,Tangency,Crypto Tangency,-0.016121003455143248,365
2022-05-26,Crypto,Tangency,Crypto Tangency,-0.06948833597144506,365
2022-05-27,Crypto,Tangency,Crypto Tangency,-0.04701910712086701,365
2022-05-28,Crypto,Tangency,Crypto Tangency,0.01956677401862718,365
2022-05-29,Crypto,Tangency,Crypto Tangency,0.032364393784228104,365
2022-05-30,Crypto,Tangency,Crypto Tangency,0.1316635985395713,365
2022-05-31,Crypto,Tangency,Crypto Tangency,0.017464844256701927,365
2022-06-01,Crypto,Tangency,Crypto Tangency,-0.08339530054627958,365
2022-06-02,Crypto,Tangency,Crypto Tangency,0.029661860243023433,365
2022-06-03,Crypto,Tangency,Crypto Tangency,-0.03872269591608003,365
2022-06-04,Crypto,Tangency,Crypto Tangency,0.013301425143325033,365
2022-06-05,Crypto,Tangency,Crypto Tangency,0.002007547809509773,365
2022-06-06,Crypto,Tangency,Crypto Tangency,0.048166343617403004,365
2022-06-07,Crypto,Tangency,Crypto Tangency,-0.009880347452345303,365
2022-06-08,Crypto,Tangency,Crypto Tangency,0.010932940360494086,365
2022-06-09,Crypto,Tangency,Crypto Tangency,-0.006779962029697049,365
2022-06-10,Crypto,Tangency,Crypto Tangency,-0.07888461458978492,365
2022-06-11,Crypto,Tangency,Crypto Tangency,-0.06275788575634902,365
2022-06-12,Crypto,Tangency,Crypto Tangency,-0.07371714472910687,365
2022-06-13,Crypto,Tangency,Crypto Tangency,-0.12568464282192418,365
2022-06-14,Crypto,Tangency,Crypto Tangency,0.02136083136335208,365
2022-06-15,Crypto,Tangency,Crypto Tangency,0.05310604243757128,365
2022-06-16,Crypto,Tangency,Crypto Tangency,-0.12327768160760565,365
2022-06-17,Crypto,Tangency,Crypto Tangency,0.021055517545707513,365
2022-06-18,Crypto,Tangency,Crypto Tangency,-0.07576837825268369,365
2022-06-19,Crypto,Tangency,Crypto Tangency,0.10360471353330443,365
2022-06-20,Crypto,Tangency,Crypto Tangency,0.006693634120055089,365
2022-06-21,Crypto,Tangency,Crypto Tangency,-0.01192665647690727,365
2022-06-22,Crypto,Tangency,Crypto Tangency,-0.05575707975220033,365
2022-06-23,Crypto,Tangency,Crypto Tangency,0.07024272196346314,365
2022-06-24,Crypto,Tangency,Crypto Tangency,0.05877896889845223,365
2022-06-25,Crypto,Tangency,Crypto Tangency,0.007469507136638289,365
2022-06-26,Crypto,Tangency,Crypto Tangency,-0.02797606261775772,365
2022-06-27,Crypto,Tangency,Crypto Tangency,-0.005962779191585705,365
2022-06-28,Crypto,Tangency,Crypto Tangency,-0.03763331898284791,365
2022-06-29,Crypto,Tangency,Crypto Tangency,-0.02686320465642495,365
2022-06-30,Crypto,Tangency,Crypto Tangency,-0.022574660440889734,365
2022-07-01,Crypto,Tangency,Crypto Tangency,-0.015071259467884984,365
2022-07-02,Crypto,Tangency,Crypto Tangency,0.012078486702687906,365
2022-07-03,Crypto,Tangency,Crypto Tangency,0.0038288318627494266,365
2022-07-04,Crypto,Tangency,Crypto Tangency,0.04305651401607639,365
2022-07-05,Crypto,Tangency,Crypto Tangency,-0.017502152145214726,365
2022-07-06,Crypto,Tangency,Crypto Tangency,0.020178647254171147,365
2022-07-07,Crypto,Tangency,Crypto Tangency,0.034854459408161106,365
2022-07-08,Crypto,Tangency,Crypto Tangency,-0.015713011816376615,365
2022-07-09,Crypto,Tangency,Crypto Tangency,0.013314325049159862,365
2022-07-10,Crypto,Tangency,Crypto Tangency,-0.03485649781859161,365
2022-07-11,Crypto,Tangency,Crypto Tangency,-0.05840012970202101,365
2022-07-12,Crypto,Tangency,Crypto Tangency,-0.04071199008422702,365
2022-07-13,Crypto,Tangency,Crypto Tangency,0.05398438140638933,365
2022-07-14,Crypto,Tangency,Crypto Tangency,0.02839734423207773,365
2022-07-15,Crypto,Tangency,Crypto Tangency,0.01391051718587298,365
2022-07-16,Crypto,Tangency,Crypto Tangency,0.05420816537029493,365
2022-07-17,Crypto,Tangency,Crypto Tangency,-0.017765760623577834,365
2022-07-18,Crypto,Tangency,Crypto Tangency,0.11928046324297102,365
2022-07-19,Crypto,Tangency,Crypto Tangency,0.018580300781122477,365
2022-07-20,Crypto,Tangency,Crypto Tangency,-0.03395400385678114,365
2022-07-21,Crypto,Tangency,Crypto Tangency,0.023480706302809223,365
2022-07-22,Crypto,Tangency,Crypto Tangency,-0.027887064568247088,365
2022-07-23,Crypto,Tangency,Crypto Tangency,0.04074510226158072,365
2022-07-24,Crypto,Tangency,Crypto Tangency,0.007121544942764421,365
2022-07-25,Crypto,Tangency,Crypto Tangency,-0.07806610579249516,365
2022-07-26,Crypto,Tangency,Crypto Tangency,-0.008398157962286512,365
2022-07-27,Crypto,Tangency,Crypto Tangency,0.10198566395930425,365
2022-07-28,Crypto,Tangency,Crypto Tangency,0.023164841461548097,365
2022-07-29,Crypto,Tangency,Crypto Tangency,0.010467715147306617,365
2022-07-30,Crypto,Tangency,Crypto Tangency,-0.004009223934861472,365
2022-07-31,Crypto,Tangency,Crypto Tangency,-0.012216585533217106,365
2022-08-01,Crypto,Tangency,Crypto Tangency,-0.019828447238397193,365
2022-08-02,Crypto,Tangency,Crypto Tangency,-0.009450432271868116,365
2022-08-03,Crypto,Tangency,Crypto Tangency,-0.002502872973976345,365
2022-08-04,Crypto,Tangency,Crypto Tangency,-0.008035231236678687,365
2022-08-05,Crypto,Tangency,Crypto Tangency,0.06288703148712844,365
2022-08-06,Crypto,Tangency,Crypto Tangency,-0.01740791785613434,365
2022-08-07,Crypto,Tangency,Crypto Tangency,0.014650334149882111,365
2022-08-08,Crypto,Tangency,Crypto Tangency,0.02944168386308848,365
2022-08-09,Crypto,Tangency,Crypto Tangency,-0.04140098058367027,365
2022-08-10,Crypto,Tangency,Crypto Tangency,0.06740216806338283,365
2022-08-11,Crypto,Tangency,Crypto Tangency,0.013644186632326305,365
2022-08-12,Crypto,Tangency,Crypto Tangency,0.029895294766026353,365
2022-08-13,Crypto,Tangency,Crypto Tangency,0.020402459110005943,365
2022-08-14,Crypto,Tangency,Crypto Tangency,-0.00829420517338235,365
2022-08-15,Crypto,Tangency,Crypto Tangency,-0.020608391588787318,365
2022-08-16,Crypto,Tangency,Crypto Tangency,-0.00719206734337422,365
2022-08-17,Crypto,Tangency,Crypto Tangency,-0.02598259907456368,365
2022-08-18,Crypto,Tangency,Crypto Tangency,-0.016453346516008015,365
2022-08-19,Crypto,Tangency,Crypto Tangency,-0.12876510885075,365
2022-08-20,Crypto,Tangency,Crypto Tangency,-0.010678540295647397,365
2022-08-21,Crypto,Tangency,Crypto Tangency,0.0266473294990357,365
2022-08-22,Crypto,Tangency,Crypto Tangency,0.00027087076212800213,365
2022-08-23,Crypto,Tangency,Crypto Tangency,0.016214199488812277,365
2022-08-24,Crypto,Tangency,Crypto Tangency,-0.004471156168260036,365
2022-08-25,Crypto,Tangency,Crypto Tangency,0.023413872825164293,365
2022-08-26,Crypto,Tangency,Crypto Tangency,-0.09321697608218239,365
2022-08-27,Crypto,Tangency,Crypto Tangency,0.009432651119450648,365
2022-08-28,Crypto,Tangency,Crypto Tangency,-0.044635677587713175,365
2022-08-29,Crypto,Tangency,Crypto Tangency,0.07066460618962044,365
2022-08-30,Crypto,Tangency,Crypto Tangency,-0.012057924040279956,365
2022-08-31,Crypto,Tangency,Crypto Tangency,0.004896762685534599,365
2022-09-01,Crypto,Tangency,Crypto Tangency,0.021600123899533908,365
2022-09-02,Crypto,Tangency,Crypto Tangency,-0.006814115596005531,365
2022-09-03,Crypto,Tangency,Crypto Tangency,0.015259467594302757,365
2022-09-04,Crypto,Tangency,Crypto Tangency,0.025912144213942452,365
2022-09-05,Crypto,Tangency,Crypto Tangency,0.03335696763012299,365
2022-09-06,Crypto,Tangency,Crypto Tangency,-0.05913510761791352,365
2022-09-07,Crypto,Tangency,Crypto Tangency,0.04386477946463926,365
2022-09-08,Crypto,Tangency,Crypto Tangency,0.0012011151626032828,365
2022-09-09,Crypto,Tangency,Crypto Tangency,0.05114443564867066,365
2022-09-10,Crypto,Tangency,Crypto Tangency,0.024230353216648005,365
2022-09-11,Crypto,Tangency,Crypto Tangency,-0.008485854485962051,365
2022-09-12,Crypto,Tangency,Crypto Tangency,-0.020189511717785706,365
2022-09-13,Crypto,Tangency,Crypto Tangency,-0.07064621265101369,365
2022-09-14,Crypto,Tangency,Crypto Tangency,0.037286020926308325,365
2022-09-15,Crypto,Tangency,Crypto Tangency,-0.07278572079366809,365
2022-09-16,Crypto,Tangency,Crypto Tangency,-0.010829446642954066,365
2022-09-17,Crypto,Tangency,Crypto Tangency,0.024972640940728093,365
2022-09-18,Crypto,Tangency,Crypto Tangency,-0.09335707244218966,365
2022-09-19,Crypto,Tangency,Crypto Tangency,0.024524149436456786,365
2022-09-20,Crypto,Tangency,Crypto Tangency,-0.03376418436765879,365
2022-09-21,Crypto,Tangency,Crypto Tangency,-0.03226042451495604,365
2022-09-22,Crypto,Tangency,Crypto Tangency,0.048456648444842584,365
2022-09-23,Crypto,Tangency,Crypto Tangency,0.003773223548582384,365
2022-09-24,Crypto,Tangency,Crypto Tangency,-0.013293328722482794,365
2022-09-25,Crypto,Tangency,Crypto Tangency,-0.01519851063750667,365
2022-09-26,Crypto,Tangency,Crypto Tangency,0.016695489729285067,365
2022-09-27,Crypto,Tangency,Crypto Tangency,-0.0073830160875121885,365
2022-09-28,Crypto,Tangency,Crypto Tangency,-0.003251935160219689,365
2022-09-29,Crypto,Tangency,Crypto Tangency,0.000692590114493315,365
2022-09-30,Crypto,Tangency,Crypto Tangency,-0.006549889980966735,365
2022-10-01,Crypto,Tangency,Crypto Tangency,-0.01035265125750626,365
2022-10-02,Crypto,Tangency,Crypto Tangency,-0.025306923835930126,365
2022-10-03,Crypto,Tangency,Crypto Tangency,0.027198106611271252,365
2022-10-04,Crypto,Tangency,Crypto Tangency,0.022779873522560036,365
2022-10-05,Crypto,Tangency,Crypto Tangency,-0.00883272081162816,365
2022-10-06,Crypto,Tangency,Crypto Tangency,-0.0023119626228969904,365
2022-10-07,Crypto,Tangency,Crypto Tangency,-0.012057876589211054,365
2022-10-08,Crypto,Tangency,Crypto Tangency,-0.01037858973126387,365
2022-10-09,Crypto,Tangency,Crypto Tangency,0.003847087601507722,365
2022-10-10,Crypto,Tangency,Crypto Tangency,-0.04420774004589972,365
2022-10-11,Crypto,Tangency,Crypto Tangency,-0.019046820760603766,365
2022-10-12,Crypto,Tangency,Crypto Tangency,-0.005233569981618068,365
2022-10-13,Crypto,Tangency,Crypto Tangency,-0.010460622267955263,365
2022-10-14,Crypto,Tangency,Crypto Tangency,-0.008858369159233695,365
2022-10-15,Crypto,Tangency,Crypto Tangency,-0.01334042568329315,365
2022-10-16,Crypto,Tangency,Crypto Tangency,0.02043636814085361,365
2022-10-17,Crypto,Tangency,Crypto Tangency,0.014390771950736752,365
2022-10-18,Crypto,Tangency,Crypto Tangency,-0.021796432729348166,365
2022-10-19,Crypto,Tangency,Crypto Tangency,-0.027927013737225084,365
2022-10-20,Crypto,Tangency,Crypto Tangency,-0.016847585848014757,365
2022-10-21,Crypto,Tangency,Crypto Tangency,0.019213716588393354,365
2022-10-22,Crypto,Tangency,Crypto Tangency,0.013702046974718286,365
2022-10-23,Crypto,Tangency,Crypto Tangency,0.03070011737805054,365
2022-10-24,Crypto,Tangency,Crypto Tangency,-0.014684092707849832,365
2022-10-25,Crypto,Tangency,Crypto Tangency,0.10352309461339966,365
2022-10-26,Crypto,Tangency,Crypto Tangency,0.035863305531666285,365
2022-10-27,Crypto,Tangency,Crypto Tangency,-0.033994386513695796,365
2022-10-28,Crypto,Tangency,Crypto Tangency,0.03332468083868776,365
2022-10-29,Crypto,Tangency,Crypto Tangency,0.03649679820980796,365
2022-10-30,Crypto,Tangency,Crypto Tangency,-0.028333894989285843,365
2022-10-31,Crypto,Tangency,Crypto Tangency,-0.005656399377567387,365
2022-11-01,Crypto,Tangency,Crypto Tangency,-0.0025773463152992926,365
2022-11-02,Crypto,Tangency,Crypto Tangency,-0.03804339612551258,365
2022-11-03,Crypto,Tangency,Crypto Tangency,0.009475841651366742,365
2022-11-04,Crypto,Tangency,Crypto Tangency,0.07653503727389804,365
2022-11-05,Crypto,Tangency,Crypto Tangency,-0.0002560653624626169,365
2022-11-06,Crypto,Tangency,Crypto Tangency,-0.042960260472691414,365
2022-11-07,Crypto,Tangency,Crypto Tangency,3.068385106809535e-05,365
2022-11-08,Crypto,Tangency,Crypto Tangency,-0.12119695171395123,365
2022-11-09,Crypto,Tangency,Crypto Tangency,-0.16137468925779686,365
2022-11-10,Crypto,Tangency,Crypto Tangency,0.172204969013892,365
2022-11-11,Crypto,Tangency,Crypto Tangency,-0.021441120981999184,365
2022-11-12,Crypto,Tangency,Crypto Tangency,-0.03265438404010818,365
2022-11-13,Crypto,Tangency,Crypto Tangency,-0.027420341280430794,365
2022-11-14,Crypto,Tangency,Crypto Tangency,0.011664602871742405,365
2022-11-15,Crypto,Tangency,Crypto Tangency,0.011013490481129729,365
2022-11-16,Crypto,Tangency,Crypto Tangency,-0.022816205344038824,365
2022-11-17,Crypto,Tangency,Crypto Tangency,-0.016049368678854148,365
2022-11-18,Crypto,Tangency,Crypto Tangency,0.007043168874840753,365
2022-11-19,Crypto,Tangency,Crypto Tangency,0.005968591523108881,365
2022-11-20,Crypto,Tangency,Crypto Tangency,-0.05724097990723451,365
2022-11-21,Crypto,Tangency,Crypto Tangency,-0.026127714902807374,365
2022-11-22,Crypto,Tangency,Crypto Tangency,0.023431944580932246,365
2022-11-23,Crypto,Tangency,Crypto Tangency,0.03597382812928883,365
2022-11-24,Crypto,Tangency,Crypto Tangency,0.007861581607787601,365
2022-11-25,Crypto,Tangency,Crypto Tangency,-0.004339673119781555,365
2022-11-26,Crypto,Tangency,Crypto Tangency,0.0013949264972618219,365
2022-11-27,Crypto,Tangency,Crypto Tangency,-0.006607260791982215,365
2022-11-28,Crypto,Tangency,Crypto Tangency,-0.01982854289138882,365
2022-11-29,Crypto,Tangency,Crypto Tangency,0.02640173593518894,365
2022-11-30,Crypto,Tangency,Crypto Tangency,0.05019342680844422,365
2022-12-01,Crypto,Tangency,Crypto Tangency,-0.014870878323504077,365
2022-12-02,Crypto,Tangency,Crypto Tangency,0.014144112816320638,365
2022-12-03,Crypto,Tangency,Crypto Tangency,-0.023457736991854237,365
2022-12-04,Crypto,Tangency,Crypto Tangency,0.020628173620679834,365
2022-12-05,Crypto,Tangency,Crypto Tangency,-0.012839512710548623,365
2022-12-06,Crypto,Tangency,Crypto Tangency,0.004520243777787247,365
2022-12-07,Crypto,Tangency,Crypto Tangency,-0.028816883186828728,365
2022-12-08,Crypto,Tangency,Crypto Tangency,0.029284474617346165,365
2022-12-09,Crypto,Tangency,Crypto Tangency,-0.011092723457450064,365
2022-12-10,Crypto,Tangency,Crypto Tangency,0.002089936609205423,365
2022-12-11,Crypto,Tangency,Crypto Tangency,-0.007812891186403225,365
2022-12-12,Crypto,Tangency,Crypto Tangency,0.0028589421651800118,365
2022-12-13,Crypto,Tangency,Crypto Tangency,0.029380695947582646,365
2022-12-14,Crypto,Tangency,Crypto Tangency,-0.010740644528561397,365
2022-12-15,Crypto,Tangency,Crypto Tangency,-0.02931283289800145,365
2022-12-16,Crypto,Tangency,Crypto Tangency,-0.09445771655944359,365
2022-12-17,Crypto,Tangency,Crypto Tangency,0.01518131094555768,365
2022-12-18,Crypto,Tangency,Crypto Tangency,-0.0034931796743117344,365
2022-12-19,Crypto,Tangency,Crypto Tangency,-0.028881702084490996,365
2022-12-20,Crypto,Tangency,Crypto Tangency,0.035738808234544776,365
2022-12-21,Crypto,Tangency,Crypto Tangency,-0.008699368724033872,365
2022-12-22,Crypto,Tangency,Crypto Tangency,0.007104169967971244,365
2022-12-23,Crypto,Tangency,Crypto Tangency,0.004255786431603662,365
2022-12-24,Crypto,Tangency,Crypto Tangency,0.0007747079349662174,365
2022-12-25,Crypto,Tangency,Crypto Tangency,-0.0017576500823020538,365
2022-12-26,Crypto,Tangency,Crypto Tangency,0.012376715266979992,365
2022-12-27,Crypto,Tangency,Crypto Tangency,-0.014621932794128344,365
2022-12-28,Crypto,Tangency,Crypto Tangency,-0.02949537140797136,365
2022-12-29,Crypto,Tangency,Crypto Tangency,0.0006875631618507197,365
2022-12-30,Crypto,Tangency,Crypto Tangency,0.0007471081189977413,365
2022-12-31,Crypto,Tangency,Crypto Tangency,0.0006783980177652641,365
2023-01-01,Crypto,Tangency,Crypto Tangency,0.006786545658026203,365
2023-01-02,Crypto,Tangency,Crypto Tangency,0.01250527901755896,365
2023-01-03,Crypto,Tangency,Crypto Tangency,-0.00166832810231816,365
2023-01-04,Crypto,Tangency,Crypto Tangency,0.039204509418510926,365
2023-01-05,Crypto,Tangency,Crypto Tangency,-0.002813212027977335,365
2023-01-06,Crypto,Tangency,Crypto Tangency,0.01863116609299361,365
2023-01-07,Crypto,Tangency,Crypto Tangency,-0.004893971981604188,365
2023-01-08,Crypto,Tangency,Crypto Tangency,0.034261759610965455,365
2023-01-09,Crypto,Tangency,Crypto Tangency,0.040534207727484235,365
2023-01-10,Crypto,Tangency,Crypto Tangency,0.012479713127073216,365
2023-01-11,Crypto,Tangency,Crypto Tangency,0.0260772370955733,365
2023-01-12,Crypto,Tangency,Crypto Tangency,0.020826401715427063,365
2023-01-13,Crypto,Tangency,Crypto Tangency,0.033617045807158734,365
2023-01-14,Crypto,Tangency,Crypto Tangency,0.050146624538422356,365
2023-01-15,Crypto,Tangency,Crypto Tangency,-0.0006346447897865144,365
2023-01-16,Crypto,Tangency,Crypto Tangency,0.009357563745406725,365
2023-01-17,Crypto,Tangency,Crypto Tangency,-0.00817509949516765,365
2023-01-18,Crypto,Tangency,Crypto Tangency,-0.04089806514515753,365
2023-01-19,Crypto,Tangency,Crypto Tangency,0.028149934237796964,365
2023-01-20,Crypto,Tangency,Crypto Tangency,0.06904553246771629,365
2023-01-21,Crypto,Tangency,Crypto Tangency,-0.00953579040733496,365
2023-01-22,Crypto,Tangency,Crypto Tangency,0.006819938013000995,365
2023-01-23,Crypto,Tangency,Crypto Tangency,0.0004923087431679269,365
2023-01-24,Crypto,Tangency,Crypto Tangency,-0.043558644205166974,365
2023-01-25,Crypto,Tangency,Crypto Tangency,0.035975496869570786,365
2023-01-26,Crypto,Tangency,Crypto Tangency,0.002175701692259319,365
2023-01-27,Crypto,Tangency,Crypto Tangency,0.007797348343378959,365
2023-01-28,Crypto,Tangency,Crypto Tangency,-0.015735815164337114,365
2023-01-29,Crypto,Tangency,Crypto Tangency,0.04085235684395248,365
2023-01-30,Crypto,Tangency,Crypto Tangency,-0.049849960214153936,365
2023-01-31,Crypto,Tangency,Crypto Tangency,0.022893414386885153,365
2023-02-01,Crypto,Tangency,Crypto Tangency,0.027208669662901558,365
2023-02-02,Crypto,Tangency,Crypto Tangency,0.0010274199545571702,365
2023-02-03,Crypto,Tangency,Crypto Tangency,0.014675904768062114,365
2023-02-04,Crypto,Tangency,Crypto Tangency,-0.0033715502085394948,365
2023-02-05,Crypto,Tangency,Crypto Tangency,-0.019674495864444287,365
2023-02-06,Crypto,Tangency,Crypto Tangency,-0.01596224458020089,365
2023-02-07,Crypto,Tangency,Crypto Tangency,0.03837631929198208,365
2023-02-08,Crypto,Tangency,Crypto Tangency,-0.012292659888208558,365
2023-02-09,Crypto,Tangency,Crypto Tangency,-0.06973275201746608,365
2023-02-10,Crypto,Tangency,Crypto Tangency,-0.01571672794977736,365
2023-02-11,Crypto,Tangency,Crypto Tangency,0.021338826413752912,365
2023-02-12,Crypto,Tangency,Crypto Tangency,-0.014736086949833306,365
2023-02-13,Crypto,Tangency,Crypto Tangency,-0.007495911185871214,365
2023-02-14,Crypto,Tangency,Crypto Tangency,0.04846455287834844,365
2023-02-15,Crypto,Tangency,Crypto Tangency,0.07720661086733274,365
2023-02-16,Crypto,Tangency,Crypto Tangency,-0.041152790746627796,365
2023-02-17,Crypto,Tangency,Crypto Tangency,0.037040227452021714,365
2023-02-18,Crypto,Tangency,Crypto Tangency,0.0012400430684565724,365
2023-02-19,Crypto,Tangency,Crypto Tangency,-0.009443941339650064,365
2023-02-20,Crypto,Tangency,Crypto Tangency,0.01192548640338915,365
2023-02-21,Crypto,Tangency,Crypto Tangency,-0.027236132921042166,365
2023-02-22,Crypto,Tangency,Crypto Tangency,-0.008785367700291062,365
2023-02-23,Crypto,Tangency,Crypto Tangency,-0.003123494901059623,365
2023-02-24,Crypto,Tangency,Crypto Tangency,-0.0333414823110029,365
2023-02-25,Crypto,Tangency,Crypto Tangency,-0.008565713945877764,365
2023-02-26,Crypto,Tangency,Crypto Tangency,0.024567259792102163,365
2023-02-27,Crypto,Tangency,Crypto Tangency,-0.00662128646423136,365
2023-02-28,Crypto,Tangency,Crypto Tangency,-0.02362223019644607,365
2023-03-01,Crypto,Tangency,Crypto Tangency,0.02967789973087512,365
2023-03-02,Crypto,Tangency,Crypto Tangency,-0.015356715972600122,365
2023-03-03,Crypto,Tangency,Crypto Tangency,-0.037915759831437426,365
2023-03-04,Crypto,Tangency,Crypto Tangency,-0.00741271836655085,365
2023-03-05,Crypto,Tangency,Crypto Tangency,0.00028883435931415023,365
2023-03-06,Crypto,Tangency,Crypto Tangency,-0.004918487153080339,365
2023-03-07,Crypto,Tangency,Crypto Tangency,-0.0036451532194077215,365
2023-03-08,Crypto,Tangency,Crypto Tangency,-0.024681927427162347,365
2023-03-09,Crypto,Tangency,Crypto Tangency,-0.05286892487793582,365
2023-03-10,Crypto,Tangency,Crypto Tangency,0.0008493292132745095,365
2023-03-11,Crypto,Tangency,Crypto Tangency,0.016163778691495594,365
2023-03-12,Crypto,Tangency,Crypto Tangency,0.0760656823195188,365
2023-03-13,Crypto,Tangency,Crypto Tangency,0.0495723305056988,365
2023-03-14,Crypto,Tangency,Crypto Tangency,0.00785109044023917,365
2023-03-15,Crypto,Tangency,Crypto Tangency,-0.03748316870213203,365
2023-03-16,Crypto,Tangency,Crypto Tangency,0.00837893265712581,365
2023-03-17,Crypto,Tangency,Crypto Tangency,0.06926008293412346,365
2023-03-18,Crypto,Tangency,Crypto Tangency,-0.024436643281666587,365
2023-03-19,Crypto,Tangency,Crypto Tangency,0.01722728509390083,365
2023-03-20,Crypto,Tangency,Crypto Tangency,-0.03143331409195326,365
2023-03-21,Crypto,Tangency,Crypto Tangency,0.06540591652314531,365
2023-03-22,Crypto,Tangency,Crypto Tangency,-0.04017177024180284,365
2023-03-23,Crypto,Tangency,Crypto Tangency,0.04403134965911852,365
2023-03-24,Crypto,Tangency,Crypto Tangency,-0.03379258333907899,365
2023-03-25,Crypto,Tangency,Crypto Tangency,-0.00995030964222357,365
2023-03-26,Crypto,Tangency,Crypto Tangency,0.01546069106973959,365
2023-03-27,Crypto,Tangency,Crypto Tangency,-0.03090558348034366,365
2023-03-28,Crypto,Tangency,Crypto Tangency,0.042570989124285724,365
2023-03-29,Crypto,Tangency,Crypto Tangency,0.018862887406096835,365
2023-03-30,Crypto,Tangency,Crypto Tangency,-0.004010937487367083,365
2023-03-31,Crypto,Tangency,Crypto Tangency,0.030436230356610316,365
2023-04-01,Crypto,Tangency,Crypto Tangency,-0.01348999311893619,365
2023-04-02,Crypto,Tangency,Crypto Tangency,-0.01018214470000644,365
2023-04-03,Crypto,Tangency,Crypto Tangency,0.010052875668349299,365
2023-04-04,Crypto,Tangency,Crypto Tangency,0.023750022074721294,365
2023-04-05,Crypto,Tangency,Crypto Tangency,0.015507113875039618,365
2023-04-06,Crypto,Tangency,Crypto Tangency,-0.019862190804045145,365
2023-04-07,Crypto,Tangency,Crypto Tangency,-0.0021268259979715506,365
2023-04-08,Crypto,Tangency,Crypto Tangency,-0.0038465486614163652,365
2023-04-09,Crypto,Tangency,Crypto Tangency,0.007107595136009444,365
2023-04-10,Crypto,Tangency,Crypto Tangency,0.02437096261569494,365
2023-04-11,Crypto,Tangency,Crypto Tangency,-0.003090821958923743,365
2023-04-12,Crypto,Tangency,Crypto Tangency,0.013269310388109055,365
2023-04-13,Crypto,Tangency,Crypto Tangency,0.04643070337799625,365
2023-04-14,Crypto,Tangency,Crypto Tangency,0.0385612814695356,365
2023-04-15,Crypto,Tangency,Crypto Tangency,0.008274985364554994,365
2023-04-16,Crypto,Tangency,Crypto Tangency,0.007602352528353558,365
2023-04-17,Crypto,Tangency,Crypto Tangency,-0.026387951538873033,365
2023-04-18,Crypto,Tangency,Crypto Tangency,0.016435270453976088,365
2023-04-19,Crypto,Tangency,Crypto Tangency,-0.07248224511710111,365
2023-04-20,Crypto,Tangency,Crypto Tangency,-0.009849112140366056,365
2023-04-21,Crypto,Tangency,Crypto Tangency,-0.04558526700570769,365
2023-04-22,Crypto,Tangency,Crypto Tangency,0.020219159171599808,365
2023-04-23,Crypto,Tangency,Crypto Tangency,-0.00984641565490491,365
2023-04-24,Crypto,Tangency,Crypto Tangency,-0.011188758765126474,365
2023-04-25,Crypto,Tangency,Crypto Tangency,0.017668155121506924,365
2023-04-26,Crypto,Tangency,Crypto Tangency,0.005110216970231252,365
2023-04-27,Crypto,Tangency,Crypto Tangency,0.021644224600606596,365
2023-04-28,Crypto,Tangency,Crypto Tangency,-0.009026818983773497,365
2023-04-29,Crypto,Tangency,Crypto Tangency,0.004385421141061305,365
2023-04-30,Crypto,Tangency,Crypto Tangency,-0.015485163785912638,365
2023-05-01,Crypto,Tangency,Crypto Tangency,-0.02333928656820733,365
2023-05-02,Crypto,Tangency,Crypto Tangency,0.01818249552533842,365
2023-05-03,Crypto,Tangency,Crypto Tangency,0.013544235840864786,365
2023-05-04,Crypto,Tangency,Crypto Tangency,-0.014302019338048703,365
2023-05-05,Crypto,Tangency,Crypto Tangency,0.04738375913154128,365
2023-05-06,Crypto,Tangency,Crypto Tangency,-0.04291431530339084,365
2023-05-07,Crypto,Tangency,Crypto Tangency,-0.012444727069958476,365
2023-05-08,Crypto,Tangency,Crypto Tangency,-0.01803688195843716,365
2023-05-09,Crypto,Tangency,Crypto Tangency,-0.0015734832295790536,365
2023-05-10,Crypto,Tangency,Crypto Tangency,0.0032624768684996783,365
2023-05-11,Crypto,Tangency,Crypto Tangency,-0.02548280235907474,365
2023-05-12,Crypto,Tangency,Crypto Tangency,0.013969635879508755,365
2023-05-13,Crypto,Tangency,Crypto Tangency,-0.00875944554921528,365
2023-05-14,Crypto,Tangency,Crypto Tangency,0.006531260424350934,365
2023-05-15,Crypto,Tangency,Crypto Tangency,0.0038090950345482477,365
2023-05-16,Crypto,Tangency,Crypto Tangency,0.0028080965709298164,365
2023-05-17,Crypto,Tangency,Crypto Tangency,0.0059097141333648235,365
2023-05-18,Crypto,Tangency,Crypto Tangency,-0.010375296957595535,365
2023-05-19,Crypto,Tangency,Crypto Tangency,0.0008641985211928062,365
2023-05-20,Crypto,Tangency,Crypto Tangency,0.002198448196265473,365
2023-05-21,Crypto,Tangency,Crypto Tangency,-0.009699992145642208,365
2023-05-22,Crypto,Tangency,Crypto Tangency,0.012719672022364707,365
2023-05-23,Crypto,Tangency,Crypto Tangency,0.015480132129306943,365
2023-05-24,Crypto,Tangency,Crypto Tangency,-0.025070619652901943,365
2023-05-25,Crypto,Tangency,Crypto Tangency,-0.0029310380373764686,365
2023-05-26,Crypto,Tangency,Crypto Tangency,0.011543270611442212,365
2023-05-27,Crypto,Tangency,Crypto Tangency,0.004992334028736818,365
2023-05-28,Crypto,Tangency,Crypto Tangency,0.042426125226208276,365
2023-05-29,Crypto,Tangency,Crypto Tangency,-0.009814832846239423,365
2023-05-30,Crypto,Tangency,Crypto Tangency,0.0018490501975115324,365
2023-05-31,Crypto,Tangency,Crypto Tangency,-0.01265684625404337,365
2023-06-01,Crypto,Tangency,Crypto Tangency,-0.012248586322204005,365
2023-06-02,Crypto,Tangency,Crypto Tangency,0.034278157225387816,365
2023-06-03,Crypto,Tangency,Crypto Tangency,-0.007501365671733695,365
2023-06-04,Crypto,Tangency,Crypto Tangency,0.00037809722671414315,365
2023-06-05,Crypto,Tangency,Crypto Tangency,-0.049302739501576126,365
2023-06-06,Crypto,Tangency,Crypto Tangency,0.026405209059561712,365
2023-06-07,Crypto,Tangency,Crypto Tangency,-0.04540028050753949,365
2023-06-08,Crypto,Tangency,Crypto Tangency,0.0062956029097691385,365
2023-06-09,Crypto,Tangency,Crypto Tangency,-0.03317124302290122,365
2023-06-10,Crypto,Tangency,Crypto Tangency,-0.05183356738579321,365
2023-06-11,Crypto,Tangency,Crypto Tangency,-0.00289065702912911,365
2023-06-12,Crypto,Tangency,Crypto Tangency,-0.0003042077156174009,365
2023-06-13,Crypto,Tangency,Crypto Tangency,-0.0003877916884745088,365
2023-06-14,Crypto,Tangency,Crypto Tangency,-0.04564525258443193,365
2023-06-15,Crypto,Tangency,Crypto Tangency,0.00421620961740659,365
2023-06-16,Crypto,Tangency,Crypto Tangency,0.020139790591174968,365
2023-06-17,Crypto,Tangency,Crypto Tangency,0.00924833507770312,365
2023-06-18,Crypto,Tangency,Crypto Tangency,-0.0106455573135836,365
2023-06-19,Crypto,Tangency,Crypto Tangency,0.008442061675578465,365
2023-06-20,Crypto,Tangency,Crypto Tangency,0.028563937780892744,365
2023-06-21,Crypto,Tangency,Crypto Tangency,0.05490387816061491,365
2023-06-22,Crypto,Tangency,Crypto Tangency,-0.0029640205869843183,365
2023-06-23,Crypto,Tangency,Crypto Tangency,0.014292070081880468,365
2023-06-24,Crypto,Tangency,Crypto Tangency,-0.013026773414381057,365
2023-06-25,Crypto,Tangency,Crypto Tangency,0.011528216872699597,365
2023-06-26,Crypto,Tangency,Crypto Tangency,-0.02522604059408918,365
2023-06-27,Crypto,Tangency,Crypto Tangency,0.017427912463462234,365
2023-06-28,Crypto,Tangency,Crypto Tangency,-0.04137394975851321,365
2023-06-29,Crypto,Tangency,Crypto Tangency,0.018443372131102694,365
2023-06-30,Crypto,Tangency,Crypto Tangency,0.04149721102225605,365
2023-07-01,Crypto,Tangency,Crypto Tangency,0.001654843247079468,365
2023-07-02,Crypto,Tangency,Crypto Tangency,0.002901782710172984,365
2023-07-03,Crypto,Tangency,Crypto Tangency,0.011139406752744331,365
2023-07-04,Crypto,Tangency,Crypto Tangency,-0.009474252330912897,365
2023-07-05,Crypto,Tangency,Crypto Tangency,-0.014655621935359691,365
2023-07-06,Crypto,Tangency,Crypto Tangency,-0.025968732218777553,365
2023-07-07,Crypto,Tangency,Crypto Tangency,0.013792857123303987,365
2023-07-08,Crypto,Tangency,Crypto Tangency,0.0037023081929690215,365
2023-07-09,Crypto,Tangency,Crypto Tangency,-0.008100499374663723,365
2023-07-10,Crypto,Tangency,Crypto Tangency,0.008958090257986407,365
2023-07-11,Crypto,Tangency,Crypto Tangency,0.0019010257165107294,365
2023-07-12,Crypto,Tangency,Crypto Tangency,-0.004206887174521701,365
2023-07-13,Crypto,Tangency,Crypto Tangency,0.09985751290781184,365
2023-07-14,Crypto,Tangency,Crypto Tangency,-0.04085687823953338,365
2023-07-15,Crypto,Tangency,Crypto Tangency,-0.0029670750025607,365
2023-07-16,Crypto,Tangency,Crypto Tangency,-0.01063883321766556,365
2023-07-17,Crypto,Tangency,Crypto Tangency,-0.005657161586292539,365
2023-07-18,Crypto,Tangency,Crypto Tangency,-0.008444587015939743,365
2023-07-19,Crypto,Tangency,Crypto Tangency,0.007019123668932739,365
2023-07-20,Crypto,Tangency,Crypto Tangency,-0.002914755063081291,365
2023-07-21,Crypto,Tangency,Crypto Tangency,-0.0013622086656929887,365
2023-07-22,Crypto,Tangency,Crypto Tangency,-0.008003780367276562,365
2023-07-23,Crypto,Tangency,Crypto Tangency,0.01305513876954338,365
2023-07-24,Crypto,Tangency,Crypto Tangency,-0.02397768178012935,365
2023-07-25,Crypto,Tangency,Crypto Tangency,0.0027304622317097537,365
2023-07-26,Crypto,Tangency,Crypto Tangency,0.007689804694019242,365
2023-07-27,Crypto,Tangency,Crypto Tangency,-0.0036927250093092643,365
2023-07-28,Crypto,Tangency,Crypto Tangency,0.010496426205219126,365
2023-07-29,Crypto,Tangency,Crypto Tangency,0.0015189203789322614,365
2023-07-30,Crypto,Tangency,Crypto Tangency,-0.009800440654310481,365
2023-07-31,Crypto,Tangency,Crypto Tangency,-0.009518784314667614,365
2023-08-01,Crypto,Tangency,Crypto Tangency,0.008364201327231523,365
2023-08-02,Crypto,Tangency,Crypto Tangency,-0.022228980548173856,365
2023-08-03,Crypto,Tangency,Crypto Tangency,-0.005686682313339276,365
2023-08-04,Crypto,Tangency,Crypto Tangency,-0.003616999310053681,365
2023-08-05,Crypto,Tangency,Crypto Tangency,0.0035860307725965246,365
2023-08-06,Crypto,Tangency,Crypto Tangency,-0.004753981212937876,365
2023-08-07,Crypto,Tangency,Crypto Tangency,-0.0016177845421370184,365
2023-08-08,Crypto,Tangency,Crypto Tangency,0.016397332084538307,365
2023-08-09,Crypto,Tangency,Crypto Tangency,0.0016685514093917606,365
2023-08-10,Crypto,Tangency,Crypto Tangency,-0.004138744568365933,365
2023-08-11,Crypto,Tangency,Crypto Tangency,-0.003312125502324702,365
2023-08-12,Crypto,Tangency,Crypto Tangency,-0.00018504323832288787,365
2023-08-13,Crypto,Tangency,Crypto Tangency,-0.005577536871965911,365
2023-08-14,Crypto,Tangency,Crypto Tangency,0.003282845456344478,365
2023-08-15,Crypto,Tangency,Crypto Tangency,-0.014836412764103885,365
2023-08-16,Crypto,Tangency,Crypto Tangency,-0.016189325089649313,365
2023-08-17,Crypto,Tangency,Crypto Tangency,-0.06368049555536784,365
2023-08-18,Crypto,Tangency,Crypto Tangency,-0.0028190715846493778,365
2023-08-19,Crypto,Tangency,Crypto Tangency,0.009090712567662754,365
2023-08-20,Crypto,Tangency,Crypto Tangency,0.011505319305531593,365
2023-08-21,Crypto,Tangency,Crypto Tangency,-0.014283029016951528,365
2023-08-22,Crypto,Tangency,Crypto Tangency,-0.016606630926214856,365
2023-08-23,Crypto,Tangency,Crypto Tangency,0.02955032781099674,365
2023-08-24,Crypto,Tangency,Crypto Tangency,-0.011215645269393395,365
2023-08-25,Crypto,Tangency,Crypto Tangency,-0.005116491899310384,365
2023-08-26,Crypto,Tangency,Crypto Tangency,-0.002520053256145674,365
2023-08-27,Crypto,Tangency,Crypto Tangency,0.006568704238016102,365
2023-08-28,Crypto,Tangency,Crypto Tangency,-0.0006819724842265515,365
2023-08-29,Crypto,Tangency,Crypto Tangency,0.036847018003510874,365
2023-08-30,Crypto,Tangency,Crypto Tangency,-0.017454673464429776,365
2023-08-31,Crypto,Tangency,Crypto Tangency,-0.029918965940756725,365
2023-09-01,Crypto,Tangency,Crypto Tangency,-0.008350066459599254,365
2023-09-02,Crypto,Tangency,Crypto Tangency,0.006241690605060368,365
2023-09-03,Crypto,Tangency,Crypto Tangency,-0.0006404118909548182,365
2023-09-04,Crypto,Tangency,Crypto Tangency,-0.0015061943650220085,365
2023-09-05,Crypto,Tangency,Crypto Tangency,0.002570644283190921,365
2023-09-06,Crypto,Tangency,Crypto Tangency,0.0026282149878030076,365
2023-09-07,Crypto,Tangency,Crypto Tangency,0.006608208177892799,365
2023-09-08,Crypto,Tangency,Crypto Tangency,-0.00664761359822574,365
2023-09-09,Crypto,Tangency,Crypto Tangency,-0.0009387928669905947,365
2023-09-10,Crypto,Tangency,Crypto Tangency,-0.012161982739222603,365
2023-09-11,Crypto,Tangency,Crypto Tangency,-0.033292143130513964,365
2023-09-12,Crypto,Tangency,Crypto Tangency,0.027304626642789886,365
2023-09-13,Crypto,Tangency,Crypto Tangency,0.009385221189903318,365
2023-09-14,Crypto,Tangency,Crypto Tangency,0.014591720189732088,365
2023-09-15,Crypto,Tangency,Crypto Tangency,0.006259464464027857,365
2023-09-16,Crypto,Tangency,Crypto Tangency,-0.0037645935061886306,365
2023-09-17,Crypto,Tangency,Crypto Tangency,-0.00739722407923035,365
2023-09-18,Crypto,Tangency,Crypto Tangency,0.010305282797349338,365
2023-09-19,Crypto,Tangency,Crypto Tangency,0.006001372695245739,365
2023-09-20,Crypto,Tangency,Crypto Tangency,-0.010887739798767265,365
2023-09-21,Crypto,Tangency,Crypto Tangency,-0.022763244672896223,365
2023-09-22,Crypto,Tangency,Crypto Tangency,0.003957036843741416,365
2023-09-23,Crypto,Tangency,Crypto Tangency,0.0016307289507777431,365
2023-09-24,Crypto,Tangency,Crypto Tangency,-0.007600167098915015,365
2023-09-25,Crypto,Tangency,Crypto Tangency,0.007155675225528834,365
2023-09-26,Crypto,Tangency,Crypto Tangency,0.0018474636090622242,365
2023-09-27,Crypto,Tangency,Crypto Tangency,0.002786586310387143,365
2023-09-28,Crypto,Tangency,Crypto Tangency,0.02846222595212049,365
2023-09-29,Crypto,Tangency,Crypto Tangency,0.010990478252610392,365
2023-09-30,Crypto,Tangency,Crypto Tangency,0.0035359212808169613,365
2023-10-01,Crypto,Tangency,Crypto Tangency,0.033927442990906206,365
2023-10-02,Crypto,Tangency,Crypto Tangency,-0.03526812181727933,365
2023-10-03,Crypto,Tangency,Crypto Tangency,0.006897507841412341,365
2023-10-04,Crypto,Tangency,Crypto Tangency,-0.008995954931231199,365
2023-10-05,Crypto,Tangency,Crypto Tangency,-0.015155196357957769,365
2023-10-06,Crypto,Tangency,Crypto Tangency,0.013323049895001599,365
2023-10-07,Crypto,Tangency,Crypto Tangency,-0.0054107270144818555,365
2023-10-08,Crypto,Tangency,Crypto Tangency,-0.0018341206046057384,365
2023-10-09,Crypto,Tangency,Crypto Tangency,-0.02812808276827557,365
2023-10-10,Crypto,Tangency,Crypto Tangency,-0.006027050206490283,365
2023-10-11,Crypto,Tangency,Crypto Tangency,-0.0019141796012878093,365
2023-10-12,Crypto,Tangency,Crypto Tangency,-0.01493244033036634,365
2023-10-13,Crypto,Tangency,Crypto Tangency,0.006849940436794705,365
2023-10-14,Crypto,Tangency,Crypto Tangency,0.0006524094684689813,365
2023-10-15,Crypto,Tangency,Crypto Tangency,0.005722205903732399,365
2023-10-16,Crypto,Tangency,Crypto Tangency,0.025403976739878133,365
2023-10-17,Crypto,Tangency,Crypto Tangency,-0.017168305421999437,365
2023-10-18,Crypto,Tangency,Crypto Tangency,-0.0011600669409794083,365
2023-10-19,Crypto,Tangency,Crypto Tangency,0.0055155198814529575,365
2023-10-20,Crypto,Tangency,Crypto Tangency,0.01932750949627077,365
2023-10-21,Crypto,Tangency,Crypto Tangency,0.016042191280796914,365
2023-10-22,Crypto,Tangency,Crypto Tangency,0.012829329013863317,365
2023-10-23,Crypto,Tangency,Crypto Tangency,0.05204869722240067,365
2023-10-24,Crypto,Tangency,Crypto Tangency,0.006513568678545217,365
2023-10-25,Crypto,Tangency,Crypto Tangency,0.0046860177025984115,365
2023-10-26,Crypto,Tangency,Crypto Tangency,0.0077305866790192135,365
2023-10-27,Crypto,Tangency,Crypto Tangency,-0.005236329745924555,365
2023-10-28,Crypto,Tangency,Crypto Tangency,0.0014305948004751142,365
2023-10-29,Crypto,Tangency,Crypto Tangency,0.010005584865170222,365
2023-10-30,Crypto,Tangency,Crypto Tangency,0.010522142980318816,365
2023-10-31,Crypto,Tangency,Crypto Tangency,0.0012898953650207887,365
2023-11-01,Crypto,Tangency,Crypto Tangency,0.025650910382279506,365
2023-11-02,Crypto,Tangency,Crypto Tangency,-0.008814095956092718,365
2023-11-03,Crypto,Tangency,Crypto Tangency,0.009266042257048466,365
2023-11-04,Crypto,Tangency,Crypto Tangency,0.009047550790346751,365
2023-11-05,Crypto,Tangency,Crypto Tangency,0.02019367534668169,365
2023-11-06,Crypto,Tangency,Crypto Tangency,0.01069975803685137,365
2023-11-07,Crypto,Tangency,Crypto Tangency,-0.011646525323518312,365
2023-11-08,Crypto,Tangency,Crypto Tangency,0.007739586800440024,365
2023-11-09,Crypto,Tangency,Crypto Tangency,0.07966446486055527,365
2023-11-10,Crypto,Tangency,Crypto Tangency,0.013087050450218348,365
2023-11-11,Crypto,Tangency,Crypto Tangency,-0.004368546224865456,365
2023-11-12,Crypto,Tangency,Crypto Tangency,-0.001833437203633553,365
2023-11-13,Crypto,Tangency,Crypto Tangency,-0.010611864250525845,365
2023-11-14,Crypto,Tangency,Crypto Tangency,-0.033044654938238244,365
2023-11-15,Crypto,Tangency,Crypto Tangency,0.038942126881330634,365
2023-11-16,Crypto,Tangency,Crypto Tangency,-0.03623133220480359,365
2023-11-17,Crypto,Tangency,Crypto Tangency,0.0006514435684803829,365
2023-11-18,Crypto,Tangency,Crypto Tangency,0.004215570797360271,365
2023-11-19,Crypto,Tangency,Crypto Tangency,0.019471452560287192,365
2023-11-20,Crypto,Tangency,Crypto Tangency,-0.00422710248755927,365
2023-11-21,Crypto,Tangency,Crypto Tangency,-0.0461642093001604,365
2023-11-22,Crypto,Tangency,Crypto Tangency,0.06184384579883965,365
2023-11-23,Crypto,Tangency,Crypto Tangency,0.003918734073703231,365
2023-11-24,Crypto,Tangency,Crypto Tangency,0.011252793408413064,365
2023-11-25,Crypto,Tangency,Crypto Tangency,0.013618538693544398,365
2023-11-26,Crypto,Tangency,Crypto Tangency,-0.010944216643181147,365
2023-11-27,Crypto,Tangency,Crypto Tangency,-0.02694716446370361,365
2023-11-28,Crypto,Tangency,Crypto Tangency,0.011861380451203801,365
2023-11-29,Crypto,Tangency,Crypto Tangency,-0.0062760744068423415,365
2023-11-30,Crypto,Tangency,Crypto Tangency,0.004076696163303646,365
2023-12-01,Crypto,Tangency,Crypto Tangency,0.013999485424493743,365
2023-12-02,Crypto,Tangency,Crypto Tangency,0.02984124545750244,365
2023-12-03,Crypto,Tangency,Crypto Tangency,0.0057653947848017905,365
2023-12-04,Crypto,Tangency,Crypto Tangency,0.020932547684748986,365
2023-12-05,Crypto,Tangency,Crypto Tangency,0.02294381289383782,365
2023-12-06,Crypto,Tangency,Crypto Tangency,-0.004741261281893749,365
2023-12-07,Crypto,Tangency,Crypto Tangency,0.038592883969074225,365
2023-12-08,Crypto,Tangency,Crypto Tangency,0.04852934041484946,365
2023-12-09,Crypto,Tangency,Crypto Tangency,0.00889074575579441,365
2023-12-10,Crypto,Tangency,Crypto Tangency,0.01089932892139107,365
2023-12-11,Crypto,Tangency,Crypto Tangency,-0.05502716916911605,365
2023-12-12,Crypto,Tangency,Crypto Tangency,0.0040436306509710794,365
2023-12-13,Crypto,Tangency,Crypto Tangency,0.0508788070945836,365
2023-12-14,Crypto,Tangency,Crypto Tangency,0.010285227062950344,365
2023-12-15,Crypto,Tangency,Crypto Tangency,-0.047115631419118426,365
2023-12-16,Crypto,Tangency,Crypto Tangency,0.006609417804689111,365
2023-12-17,Crypto,Tangency,Crypto Tangency,-0.019126024403541636,365
2023-12-18,Crypto,Tangency,Crypto Tangency,0.011052277395170068,365
2023-12-19,Crypto,Tangency,Crypto Tangency,-0.019966541399258676,365
2023-12-20,Crypto,Tangency,Crypto Tangency,0.015497312744404444,365
2023-12-21,Crypto,Tangency,Crypto Tangency,0.031509133724530056,365
2023-12-22,Crypto,Tangency,Crypto Tangency,0.019037129148768622,365
2023-12-23,Crypto,Tangency,Crypto Tangency,-0.004655858597523311,365
2023-12-24,Crypto,Tangency,Crypto Tangency,-0.01901772178923562,365
2023-12-25,Crypto,Tangency,Crypto Tangency,0.012757685649002728,365
2023-12-26,Crypto,Tangency,Crypto Tangency,-0.021857252585683756,365
2023-12-27,Crypto,Tangency,Crypto Tangency,0.05173347674099835,365
2023-12-28,Crypto,Tangency,Crypto Tangency,-0.012862338198913121,365
2023-12-29,Crypto,Tangency,Crypto Tangency,-0.014593493039084249,365
2023-12-30,Crypto,Tangency,Crypto Tangency,-0.003990386979879405,365
2023-12-31,Crypto,Tangency,Crypto Tangency,-0.0023548710486837213,365
2021-01-01,Crypto,Risk Parity,Crypto Risk Parity,0.011183152333086716,365
2021-01-02,Crypto,Risk Parity,Crypto Risk Parity,0.024731801331663274,365
2021-01-03,Crypto,Risk Parity,Crypto Risk Parity,0.11255409300615805,365
2021-01-04,Crypto,Risk Parity,Crypto Risk Parity,0.04151811752464095,365
2021-01-05,Crypto,Risk Parity,Crypto Risk Parity,0.044643892965749526,365
2021-01-06,Crypto,Risk Parity,Crypto Risk Parity,0.1669711747322779,365
2021-01-07,Crypto,Risk Parity,Crypto Risk Parity,0.014641137657270832,365
2021-01-08,Crypto,Risk Parity,Crypto Risk Parity,-0.005055342198089945,365
2021-01-09,Crypto,Risk Parity,Crypto Risk Parity,0.08295445782741621,365
2021-01-10,Crypto,Risk Parity,Crypto Risk Parity,-0.0271459925647359,365
2021-01-11,Crypto,Risk Parity,Crypto Risk Parity,-0.1267033527520933,365
2021-01-12,Crypto,Risk Parity,Crypto Risk Parity,-0.0205349037419775,365
2021-01-13,Crypto,Risk Parity,Crypto Risk Parity,0.08308542625102913,365
2021-01-14,Crypto,Risk Parity,Crypto Risk Parity,0.021378763248845346,365
2021-01-15,Crypto,Risk Parity,Crypto Risk Parity,-0.0393029504288799,365
2021-01-16,Crypto,Risk Parity,Crypto Risk Parity,0.024329070495336957,365
2021-01-17,Crypto,Risk Parity,Crypto Risk Parity,0.0018596694950932585,365
2021-01-18,Crypto,Risk Parity,Crypto Risk Parity,0.025962739215543734,365
2021-01-19,Crypto,Risk Parity,Crypto Risk Parity,0.008514467409201911,365
2021-01-20,Crypto,Risk Parity,Crypto Risk Parity,-0.006301400454323159,365
2021-01-21,Crypto,Risk Parity,Crypto Risk Parity,-0.12971190813462244,365
2021-01-22,Crypto,Risk Parity,Crypto Risk Parity,0.060786186150881945,365
2021-01-23,Crypto,Risk Parity,Crypto Risk Parity,-0.002933848527043381,365
2021-01-24,Crypto,Risk Parity,Crypto Risk Parity,0.027599238195236638,365
2021-01-25,Crypto,Risk Parity,Crypto Risk Parity,-0.02108859992004927,365
2021-01-26,Crypto,Risk Parity,Crypto Risk Parity,-0.0020420847131544916,365
2021-01-27,Crypto,Risk Parity,Crypto Risk Parity,-0.07343267140625835,365
2021-01-28,Crypto,Risk Parity,Crypto Risk Parity,0.0934250790344981,365
2021-01-29,Crypto,Risk Parity,Crypto Risk Parity,0.02887039298754552,365
2021-01-30,Crypto,Risk Parity,Crypto Risk Parity,0.06639512497563174,365
2021-01-31,Crypto,Risk Parity,Crypto Risk Parity,-0.017891342454663412,365
2021-02-01,Crypto,Risk Parity,Crypto Risk Parity,0.01749781533658076,365
2021-02-02,Crypto,Risk Parity,Crypto Risk Parity,0.04152134487126087,365
2021-02-03,Crypto,Risk Parity,Crypto Risk Parity,0.0479224920835681,365
2021-02-04,Crypto,Risk Parity,Crypto Risk Parity,-0.01775492508607535,365
2021-02-05,Crypto,Risk Parity,Crypto Risk Parity,0.08146227940146022,365
2021-02-06,Crypto,Risk Parity,Crypto Risk Parity,0.020051328726143566,365
2021-02-07,Crypto,Risk Parity,Crypto Risk Parity,-0.003906333991062673,365
2021-02-08,Crypto,Risk Parity,Crypto Risk Parity,0.08711586992338773,365
2021-02-09,Crypto,Risk Parity,Crypto Risk Parity,0.06499692010533151,365
2021-02-10,Crypto,Risk Parity,Crypto Risk Parity,0.03724178008440564,365
2021-02-11,Crypto,Risk Parity,Crypto Risk Parity,0.07963073463169444,365
2021-02-12,Crypto,Risk Parity,Crypto Risk Parity,0.048992994938983125,365
2021-02-13,Crypto,Risk Parity,Crypto Risk Parity,0.0932952995856802,365
2021-02-14,Crypto,Risk Parity,Crypto Risk Parity,-0.027050770137357988,365
2021-02-15,Crypto,Risk Parity,Crypto Risk Parity,-0.0441681527358615,365
2021-02-16,Crypto,Risk Parity,Crypto Risk Parity,-0.00047516756005335664,365
2021-02-17,Crypto,Risk Parity,Crypto Risk Parity,0.04350744336946813,365
2021-02-18,Crypto,Risk Parity,Crypto Risk Parity,0.002708235674205204,365
2021-02-19,Crypto,Risk Parity,Crypto Risk Parity,0.05163518997053823,365
2021-02-20,Crypto,Risk Parity,Crypto Risk Parity,-0.017827088346311724,365
2021-02-21,Crypto,Risk Parity,Crypto Risk Parity,0.024536587811250062,365
2021-02-22,Crypto,Risk Parity,Crypto Risk Parity,-0.06350670208545064,365
2021-02-23,Crypto,Risk Parity,Crypto Risk Parity,-0.15534510809776117,365
2021-02-24,Crypto,Risk Parity,Crypto Risk Parity,0.03858036805007333,365
2021-02-25,Crypto,Risk Parity,Crypto Risk Parity,-0.05345404937016651,365
2021-02-26,Crypto,Risk Parity,Crypto Risk Parity,-0.000279855936341793,365
2021-02-27,Crypto,Risk Parity,Crypto Risk Parity,0.02836976533991809,365
2021-02-28,Crypto,Risk Parity,Crypto Risk Parity,-0.04236324416425808,365
2021-03-01,Crypto,Risk Parity,Crypto Risk Parity,0.06789958954619929,365
2021-03-02,Crypto,Risk Parity,Crypto Risk Parity,-0.016563606399267378,365
2021-03-03,Crypto,Risk Parity,Crypto Risk Parity,0.034631459060408085,365
2021-03-04,Crypto,Risk Parity,Crypto Risk Parity,-0.015548167121569778,365
2021-03-05,Crypto,Risk Parity,Crypto Risk Parity,-0.008026328816611627,365
2021-03-06,Crypto,Risk Parity,Crypto Risk Parity,0.009936771871372497,365
2021-03-07,Crypto,Risk Parity,Crypto Risk Parity,0.02948419118542662,365
2021-03-08,Crypto,Risk Parity,Crypto Risk Parity,0.018166513742395324,365
2021-03-09,Crypto,Risk Parity,Crypto Risk Parity,0.042874034924979786,365
2021-03-10,Crypto,Risk Parity,Crypto Risk Parity,-0.025840659190673892,365
2021-03-11,Crypto,Risk Parity,Crypto Risk Parity,0.003976886317083877,365
2021-03-12,Crypto,Risk Parity,Crypto Risk Parity,-0.018780678165963734,365
2021-03-13,Crypto,Risk Parity,Crypto Risk Parity,0.07818873968893873,365
2021-03-14,Crypto,Risk Parity,Crypto Risk Parity,-0.047038933561984596,365
2021-03-15,Crypto,Risk Parity,Crypto Risk Parity,-0.037156394827840486,365
2021-03-16,Crypto,Risk Parity,Crypto Risk Parity,0.041158968343135975,365
2021-03-17,Crypto,Risk Parity,Crypto Risk Parity,0.030758110137125004,365
2021-03-18,Crypto,Risk Parity,Crypto Risk Parity,-0.02241220622244786,365
2021-03-19,Crypto,Risk Parity,Crypto Risk Parity,0.019446543990516343,365
2021-03-20,Crypto,Risk Parity,Crypto Risk Parity,0.01760907989676086,365
2021-03-21,Crypto,Risk Parity,Crypto Risk Parity,-0.015372277114438747,365
2021-03-22,Crypto,Risk Parity,Crypto Risk Parity,-0.03133340323835199,365
2021-03-23,Crypto,Risk Parity,Crypto Risk Parity,0.006677592203177186,365
2021-03-24,Crypto,Risk Parity,Crypto Risk Parity,-0.0650505680782294,365
2021-03-25,Crypto,Risk Parity,Crypto Risk Parity,-0.002102639851158278,365
2021-03-26,Crypto,Risk Parity,Crypto Risk Parity,0.08744766362305861,365
2021-03-27,Crypto,Risk Parity,Crypto Risk Parity,-0.007498614663993698,365
2021-03-28,Crypto,Risk Parity,Crypto Risk Parity,0.0033738004127246523,365
2021-03-29,Crypto,Risk Parity,Crypto Risk Parity,0.03784629400124492,365
2021-03-30,Crypto,Risk Parity,Crypto Risk Parity,0.013974149950261758,365
2021-03-31,Crypto,Risk Parity,Crypto Risk Parity,0.06715957384343427,365
2021-04-01,Crypto,Risk Parity,Crypto Risk Parity,0.0262998520541798,365
2021-04-02,Crypto,Risk Parity,Crypto Risk Parity,0.05194529157828217,365
2021-04-03,Crypto,Risk Parity,Crypto Risk Parity,-0.04832435542304986,365
2021-04-04,Crypto,Risk Parity,Crypto Risk Parity,0.07883262103295068,365
2021-04-05,Crypto,Risk Parity,Crypto Risk Parity,0.10611015149861783,365
2021-04-06,Crypto,Risk Parity,Crypto Risk Parity,0.03170734728293307,365
2021-04-07,Crypto,Risk Parity,Crypto Risk Parity,-0.07485178485100344,365
2021-04-08,Crypto,Risk Parity,Crypto Risk Parity,0.06573136722840511,365
2021-04-09,Crypto,Risk Parity,Crypto Risk Parity,-0.02536817537924503,365
2021-04-10,Crypto,Risk Parity,Crypto Risk Parity,0.0988415725419744,365
2021-04-11,Crypto,Risk Parity,Crypto Risk Parity,0.01013932152293515,365
2021-04-12,Crypto,Risk Parity,Crypto Risk Parity,0.001187262634644429,365
2021-04-13,Crypto,Risk Parity,Crypto Risk Parity,0.10763519799917659,365
2021-04-14,Crypto,Risk Parity,Crypto Risk Parity,0.024766792323181425,365
2021-04-15,Crypto,Risk Parity,Crypto Risk Parity,0.05940672326615691,365
2021-04-16,Crypto,Risk Parity,Crypto Risk Parity,0.0462259751685372,365
2021-04-17,Crypto,Risk Parity,Crypto Risk Parity,-0.0306106416968342,365
2021-04-18,Crypto,Risk Parity,Crypto Risk Parity,-0.07415149341692437,365
2021-04-19,Crypto,Risk Parity,Crypto Risk Parity,-0.060162055677433046,365
2021-04-20,Crypto,Risk Parity,Crypto Risk Parity,0.0321460689910387,365
2021-04-21,Crypto,Risk Parity,Crypto Risk Parity,-0.04119913567537847,365
2021-04-22,Crypto,Risk Parity,Crypto Risk Parity,-0.04815142187843199,365
2021-04-23,Crypto,Risk Parity,Crypto Risk Parity,-0.01653536782239482,365
2021-04-24,Crypto,Risk Parity,Crypto Risk Parity,-0.06596457624844143,365
2021-04-25,Crypto,Risk Parity,Crypto Risk Parity,-0.009108133772607767,365
2021-04-26,Crypto,Risk Parity,Crypto Risk Parity,0.14847880381259662,365
2021-04-27,Crypto,Risk Parity,Crypto Risk Parity,0.04188066508858032,365
2021-04-28,Crypto,Risk Parity,Crypto Risk Parity,0.0013010217441697704,365
2021-04-29,Crypto,Risk Parity,Crypto Risk Parity,-0.010730553117960626,365
2021-04-30,Crypto,Risk Parity,Crypto Risk Parity,0.07585825000190229,365
2021-05-01,Crypto,Risk Parity,Crypto Risk Parity,0.03822883049278874,365
2021-05-02,Crypto,Risk Parity,Crypto Risk Parity,-0.015045396202322375,365
2021-05-03,Crypto,Risk Parity,Crypto Risk Parity,0.05546565764079792,365
2021-05-04,Crypto,Risk Parity,Crypto Risk Parity,-0.023296601750859507,365
2021-05-05,Crypto,Risk Parity,Crypto Risk Parity,0.22161185928488386,365
2021-05-06,Crypto,Risk Parity,Crypto Risk Parity,0.08822932038712757,365
2021-05-07,Crypto,Risk Parity,Crypto Risk Parity,-0.033898312305864105,365
2021-05-08,Crypto,Risk Parity,Crypto Risk Parity,0.016668894771856405,365
2021-05-09,Crypto,Risk Parity,Crypto Risk Parity,0.01611717950354391,365
2021-05-10,Crypto,Risk Parity,Crypto Risk Parity,-0.06250249440725783,365
2021-05-11,Crypto,Risk Parity,Crypto Risk Parity,0.1156721970098393,365
2021-05-12,Crypto,Risk Parity,Crypto Risk Parity,-0.17541336247398687,365
2021-05-13,Crypto,Risk Parity,Crypto Risk Parity,0.05833585059905084,365
2021-05-14,Crypto,Risk Parity,Crypto Risk Parity,0.05184514581413227,365
2021-05-15,Crypto,Risk Parity,Crypto Risk Parity,-0.04241108354309386,365
2021-05-16,Crypto,Risk Parity,Crypto Risk Parity,0.0018203639995303268,365
2021-05-17,Crypto,Risk Parity,Crypto Risk Parity,-0.06616436148055692,365
2021-05-18,Crypto,Risk Parity,Crypto Risk Parity,0.015685511934137485,365
2021-05-19,Crypto,Risk Parity,Crypto Risk Parity,-0.2945812012945872,365
2021-05-20,Crypto,Risk Parity,Crypto Risk Parity,0.14496126914227406,365
2021-05-21,Crypto,Risk Parity,Crypto Risk Parity,-0.1375674397959421,365
2021-05-22,Crypto,Risk Parity,Crypto Risk Parity,-0.05756246935598097,365
2021-05-23,Crypto,Risk Parity,Crypto Risk Parity,-0.11145356760738741,365
2021-05-24,Crypto,Risk Parity,Crypto Risk Parity,0.2459634053747437,365
2021-05-25,Crypto,Risk Parity,Crypto Risk Parity,0.0030725125008708907,365
2021-05-26,Crypto,Risk Parity,Crypto Risk Parity,0.06866136790390046,365
2021-05-27,Crypto,Risk Parity,Crypto Risk Parity,-0.035780352900181764,365
2021-05-28,Crypto,Risk Parity,Crypto Risk Parity,-0.08369707957708505,365
2021-05-29,Crypto,Risk Parity,Crypto Risk Parity,-0.05530568676115358,365
2021-05-30,Crypto,Risk Parity,Crypto Risk Parity,0.045493288553034805,365
2021-05-31,Crypto,Risk Parity,Crypto Risk Parity,0.08828040227819052,365
2021-06-01,Crypto,Risk Parity,Crypto Risk Parity,-0.01895255573067516,365
2021-06-02,Crypto,Risk Parity,Crypto Risk Parity,0.016633088357111303,365
2021-06-03,Crypto,Risk Parity,Crypto Risk Parity,0.0354871986206158,365
2021-06-04,Crypto,Risk Parity,Crypto Risk Parity,-0.06911997466098635,365
2021-06-05,Crypto,Risk Parity,Crypto Risk Parity,-0.03153761444453869,365
2021-06-06,Crypto,Risk Parity,Crypto Risk Parity,0.017666492202000037,365
2021-06-07,Crypto,Risk Parity,Crypto Risk Parity,-0.08038666614594582,365
2021-06-08,Crypto,Risk Parity,Crypto Risk Parity,-0.0012317080875296701,365
2021-06-09,Crypto,Risk Parity,Crypto Risk Parity,0.05993866907320033,365
2021-06-10,Crypto,Risk Parity,Crypto Risk Parity,-0.04473980945030319,365
2021-06-11,Crypto,Risk Parity,Crypto Risk Parity,-0.03182769797748972,365
2021-06-12,Crypto,Risk Parity,Crypto Risk Parity,-0.008321668674353648,365
2021-06-13,Crypto,Risk Parity,Crypto Risk Parity,0.0628760726563929,365
2021-06-14,Crypto,Risk Parity,Crypto Risk Parity,0.013130023865315468,365
2021-06-15,Crypto,Risk Parity,Crypto Risk Parity,0.012223040891023197,365
2021-06-16,Crypto,Risk Parity,Crypto Risk Parity,-0.06866222324407445,365
2021-06-17,Crypto,Risk Parity,Crypto Risk Parity,0.009063278042066397,365
2021-06-18,Crypto,Risk Parity,Crypto Risk Parity,-0.05776962292222224,365
2021-06-19,Crypto,Risk Parity,Crypto Risk Parity,-0.019524481737693885,365
2021-06-20,Crypto,Risk Parity,Crypto Risk Parity,0.011158755740529226,365
2021-06-21,Crypto,Risk Parity,Crypto Risk Parity,-0.1847312416314705,365
2021-06-22,Crypto,Risk Parity,Crypto Risk Parity,-0.03069094335761693,365
2021-06-23,Crypto,Risk Parity,Crypto Risk Parity,0.08233798096132078,365
2021-06-24,Crypto,Risk Parity,Crypto Risk Parity,0.05964680008669513,365
2021-06-25,Crypto,Risk Parity,Crypto Risk Parity,-0.08078526409690398,365
2021-06-26,Crypto,Risk Parity,Crypto Risk Parity,0.012121407189838427,365
2021-06-27,Crypto,Risk Parity,Crypto Risk Parity,0.05524435530088758,365
2021-06-28,Crypto,Risk Parity,Crypto Risk Parity,0.017460689251982825,365
2021-06-29,Crypto,Risk Parity,Crypto Risk Parity,0.07257742715487417,365
2021-06-30,Crypto,Risk Parity,Crypto Risk Parity,0.008735078927067019,365
2021-07-01,Crypto,Risk Parity,Crypto Risk Parity,-0.05220974654153128,365
2021-07-02,Crypto,Risk Parity,Crypto Risk Parity,0.007449418988400303,365
2021-07-03,Crypto,Risk Parity,Crypto Risk Parity,0.02258574877060352,365
2021-07-04,Crypto,Risk Parity,Crypto Risk Parity,0.022248939673321082,365
2021-07-05,Crypto,Risk Parity,Crypto Risk Parity,-0.04725515285383444,365
2021-07-06,Crypto,Risk Parity,Crypto Risk Parity,0.018342551208441363,365
2021-07-07,Crypto,Risk Parity,Crypto Risk Parity,-0.01315389613709644,365
2021-07-08,Crypto,Risk Parity,Crypto Risk Parity,-0.04914729005567112,365
2021-07-09,Crypto,Risk Parity,Crypto Risk Parity,0.03078147486664297,365
2021-07-10,Crypto,Risk Parity,Crypto Risk Parity,-0.015160411641478501,365
2021-07-11,Crypto,Risk Parity,Crypto Risk Parity,0.01156666170839065,365
2021-07-12,Crypto,Risk Parity,Crypto Risk Parity,-0.02265703915649882,365
2021-07-13,Crypto,Risk Parity,Crypto Risk Parity,-0.031212479563032622,365
2021-07-14,Crypto,Risk Parity,Crypto Risk Parity,0.00570689418993114,365
2021-07-15,Crypto,Risk Parity,Crypto Risk Parity,-0.033721281548096005,365
2021-07-16,Crypto,Risk Parity,Crypto Risk Parity,-0.02391507649479261,365
2021-07-17,Crypto,Risk Parity,Crypto Risk Parity,-0.0015413310313890452,365
2021-07-18,Crypto,Risk Parity,Crypto Risk Parity,0.0031735970472486215,365
2021-07-19,Crypto,Risk Parity,Crypto Risk Parity,-0.0472789183477461,365
2021-07-20,Crypto,Risk Parity,Crypto Risk Parity,-0.03918271910000669,365
2021-07-21,Crypto,Risk Parity,Crypto Risk Parity,0.08428460169942617,365
2021-07-22,Crypto,Risk Parity,Crypto Risk Parity,0.032876481184197774,365
2021-07-23,Crypto,Risk Parity,Crypto Risk Parity,0.030836809274187745,365
2021-07-24,Crypto,Risk Parity,Crypto Risk Parity,0.02097609103790462,365
2021-07-25,Crypto,Risk Parity,Crypto Risk Parity,0.0010131090533066866,365
2021-07-26,Crypto,Risk Parity,Crypto Risk Parity,0.025901139619167925,365
2021-07-27,Crypto,Risk Parity,Crypto Risk Parity,0.02840729311843934,365
2021-07-28,Crypto,Risk Parity,Crypto Risk Parity,0.02467232687683114,365
2021-07-29,Crypto,Risk Parity,Crypto Risk Parity,0.017370037502066695,365
2021-07-30,Crypto,Risk Parity,Crypto Risk Parity,0.030708998571027893,365
2021-07-31,Crypto,Risk Parity,Crypto Risk Parity,0.004235988747934662,365
2021-08-01,Crypto,Risk Parity,Crypto Risk Parity,-0.02294929819412884,365
2021-08-02,Crypto,Risk Parity,Crypto Risk Parity,0.008565217238522596,365
2021-08-03,Crypto,Risk Parity,Crypto Risk Parity,-0.01613824923112104,365
2021-08-04,Crypto,Risk Parity,Crypto Risk Parity,0.03712980712755537,365
2021-08-05,Crypto,Risk Parity,Crypto Risk Parity,0.017469977419969134,365
2021-08-06,Crypto,Risk Parity,Crypto Risk Parity,0.023992438748911687,365
2021-08-07,Crypto,Risk Parity,Crypto Risk Parity,0.068483127363085,365
2021-08-08,Crypto,Risk Parity,Crypto Risk Parity,-0.042813518654066275,365
2021-08-09,Crypto,Risk Parity,Crypto Risk Parity,0.054001068151257554,365
2021-08-10,Crypto,Risk Parity,Crypto Risk Parity,0.017303573965875216,365
2021-08-11,Crypto,Risk Parity,Crypto Risk Parity,0.05909437569931172,365
2021-08-12,Crypto,Risk Parity,Crypto Risk Parity,-0.0218462239477524,365
2021-08-13,Crypto,Risk Parity,Crypto Risk Parity,0.09908018691371667,365
2021-08-14,Crypto,Risk Parity,Crypto Risk Parity,0.040683372310613405,365
2021-08-15,Crypto,Risk Parity,Crypto Risk Parity,0.01687985598791057,365
2021-08-16,Crypto,Risk Parity,Crypto Risk Parity,-0.042657621924885245,365
2021-08-17,Crypto,Risk Parity,Crypto Risk Parity,-0.06211434805196747,365
2021-08-18,Crypto,Risk Parity,Crypto Risk Parity,0.012759424261395962,365
2021-08-19,Crypto,Risk Parity,Crypto Risk Parity,0.061191294245104014,365
2021-08-20,Crypto,Risk Parity,Crypto Risk Parity,0.03930432036635254,365
2021-08-21,Crypto,Risk Parity,Crypto Risk Parity,-0.02281200176232378,365
2021-08-22,Crypto,Risk Parity,Crypto Risk Parity,0.018713109573916368,365
2021-08-23,Crypto,Risk Parity,Crypto Risk Parity,0.020203605456718086,365
2021-08-24,Crypto,Risk Parity,Crypto Risk Parity,-0.06506298742276855,365
2021-08-25,Crypto,Risk Parity,Crypto Risk Parity,0.02194786344149975,365
2021-08-26,Crypto,Risk Parity,Crypto Risk Parity,-0.059588041668456306,365
2021-08-27,Crypto,Risk Parity,Crypto Risk Parity,0.07120704194790425,365
2021-08-28,Crypto,Risk Parity,Crypto Risk Parity,-0.010159774686323488,365
2021-08-29,Crypto,Risk Parity,Crypto Risk Parity,-0.00032815832141325994,365
2021-08-30,Crypto,Risk Parity,Crypto Risk Parity,-0.033819474677972965,365
2021-08-31,Crypto,Risk Parity,Crypto Risk Parity,0.032289452189463067,365
2021-09-01,Crypto,Risk Parity,Crypto Risk Parity,0.055312262216617405,365
2021-09-02,Crypto,Risk Parity,Crypto Risk Parity,0.012047003881538187,365
2021-09-03,Crypto,Risk Parity,Crypto Risk Parity,0.04460695880446062,365
2021-09-04,Crypto,Risk Parity,Crypto Risk Parity,-0.00988320092706143,365
2021-09-05,Crypto,Risk Parity,Crypto Risk Parity,0.05418156063187944,365
2021-09-06,Crypto,Risk Parity,Crypto Risk Parity,0.005903866565415111,365
2021-09-07,Crypto,Risk Parity,Crypto Risk Parity,-0.16312824930824854,365
2021-09-08,Crypto,Risk Parity,Crypto Risk Parity,0.000953720377399535,365
2021-09-09,Crypto,Risk Parity,Crypto Risk Parity,0.0025672808118376604,365
2021-09-10,Crypto,Risk Parity,Crypto Risk Parity,-0.04158533578329605,365
2021-09-11,Crypto,Risk Parity,Crypto Risk Parity,0.02901320134796934,365
2021-09-12,Crypto,Risk Parity,Crypto Risk Parity,0.03889022012911341,365
2021-09-13,Crypto,Risk Parity,Crypto Risk Parity,-0.04221735795788446,365
2021-09-14,Crypto,Risk Parity,Crypto Risk Parity,0.04054079730200071,365
2021-09-15,Crypto,Risk Parity,Crypto Risk Parity,0.03333462796816081,365
2021-09-16,Crypto,Risk Parity,Crypto Risk Parity,-0.021813279645946707,365
2021-09-17,Crypto,Risk Parity,Crypto Risk Parity,-0.028655015685266915,365
2021-09-18,Crypto,Risk Parity,Crypto Risk Parity,0.014650958124539462,365
2021-09-19,Crypto,Risk Parity,Crypto Risk Parity,-0.034322699098828076,365
2021-09-20,Crypto,Risk Parity,Crypto Risk Parity,-0.11261711871467767,365
2021-09-21,Crypto,Risk Parity,Crypto Risk Parity,-0.05289282555846733,365
2021-09-22,Crypto,Risk Parity,Crypto Risk Parity,0.10723815597551298,365
2021-09-23,Crypto,Risk Parity,Crypto Risk Parity,0.017278232382325596,365
2021-09-24,Crypto,Risk Parity,Crypto Risk Parity,-0.061320588647821646,365
2021-09-25,Crypto,Risk Parity,Crypto Risk Parity,-0.004252188538030771,365
2021-09-26,Crypto,Risk Parity,Crypto Risk Parity,-0.004754579252976194,365
2021-09-27,Crypto,Risk Parity,Crypto Risk Parity,-0.030623737024472984,365
2021-09-28,Crypto,Risk Parity,Crypto Risk Parity,-0.032995652307611416,365
2021-09-29,Crypto,Risk Parity,Crypto Risk Parity,0.024427573421089692,365
2021-09-30,Crypto,Risk Parity,Crypto Risk Parity,0.04093349012635476,365
2021-10-01,Crypto,Risk Parity,Crypto Risk Parity,0.0864467248937798,365
2021-10-02,Crypto,Risk Parity,Crypto Risk Parity,0.011675253960286189,365
2021-10-03,Crypto,Risk Parity,Crypto Risk Parity,0.015013716185595272,365
2021-10-04,Crypto,Risk Parity,Crypto Risk Parity,-0.012828797022801357,365
2021-10-05,Crypto,Risk Parity,Crypto Risk Parity,0.039450618546974625,365
2021-10-06,Crypto,Risk Parity,Crypto Risk Parity,0.02865773596589143,365
2021-10-07,Crypto,Risk Parity,Crypto Risk Parity,-0.007150921322410278,365
2021-10-08,Crypto,Risk Parity,Crypto Risk Parity,-0.00858628044441367,365
2021-10-09,Crypto,Risk Parity,Crypto Risk Parity,0.03680637967491139,365
2021-10-10,Crypto,Risk Parity,Crypto Risk Parity,-0.03688166958893919,365
2021-10-11,Crypto,Risk Parity,Crypto Risk Parity,0.018271855499013858,365
2021-10-12,Crypto,Risk Parity,Crypto Risk Parity,-0.02449386621783642,365
2021-10-13,Crypto,Risk Parity,Crypto Risk Parity,0.03150648513368612,365
2021-10-14,Crypto,Risk Parity,Crypto Risk Parity,0.008038143677856624,365
2021-10-15,Crypto,Risk Parity,Crypto Risk Parity,0.024590283662395337,365
2021-10-16,Crypto,Risk Parity,Crypto Risk Parity,0.0014991884527907218,365
2021-10-17,Crypto,Risk Parity,Crypto Risk Parity,-0.01321230719926628,365
2021-10-18,Crypto,Risk Parity,Crypto Risk Parity,-0.004822231022613473,365
2021-10-19,Crypto,Risk Parity,Crypto Risk Parity,0.01477134224971511,365
2021-10-20,Crypto,Risk Parity,Crypto Risk Parity,0.04993848859938813,365
2021-10-21,Crypto,Risk Parity,Crypto Risk Parity,-0.03579618227634039,365
2021-10-22,Crypto,Risk Parity,Crypto Risk Parity,-0.010469377977871097,365
2021-10-23,Crypto,Risk Parity,Crypto Risk Parity,0.019236111359035465,365
2021-10-24,Crypto,Risk Parity,Crypto Risk Parity,-0.014633324423054869,365
2021-10-25,Crypto,Risk Parity,Crypto Risk Parity,0.019666684886272035,365
2021-10-26,Crypto,Risk Parity,Crypto Risk Parity,-0.014338305669471089,365
2021-10-27,Crypto,Risk Parity,Crypto Risk Parity,-0.08745545482163856,365
2021-10-28,Crypto,Risk Parity,Crypto Risk Parity,0.05583732102629658,365
2021-10-29,Crypto,Risk Parity,Crypto Risk Parity,0.029058985616306474,365
2021-10-30,Crypto,Risk Parity,Crypto Risk Parity,-0.010557956468244603,365
2021-10-31,Crypto,Risk Parity,Crypto Risk Parity,0.012436476469869015,365
2021-11-01,Crypto,Risk Parity,Crypto Risk Parity,-0.0039467647480305795,365
2021-11-02,Crypto,Risk Parity,Crypto Risk Parity,0.03390179457946072,365
2021-11-03,Crypto,Risk Parity,Crypto Risk Parity,0.015471891861611041,365
2021-11-04,Crypto,Risk Parity,Crypto Risk Parity,-0.025260735409382697,365
2021-11-05,Crypto,Risk Parity,Crypto Risk Parity,-0.009823847454229684,365
2021-11-06,Crypto,Risk Parity,Crypto Risk Parity,-0.0032821875134041102,365
2021-11-07,Crypto,Risk Parity,Crypto Risk Parity,0.02395882092579362,365
2021-11-08,Crypto,Risk Parity,Crypto Risk Parity,0.060830214075634215,365
2021-11-09,Crypto,Risk Parity,Crypto Risk Parity,0.05320800975320181,365
2021-11-10,Crypto,Risk Parity,Crypto Risk Parity,-0.050019691472111855,365
2021-11-11,Crypto,Risk Parity,Crypto Risk Parity,0.010879694681942755,365
2021-11-12,Crypto,Risk Parity,Crypto Risk Parity,-0.020520108891657268,365
2021-11-13,Crypto,Risk Parity,Crypto Risk Parity,0.01173417027166631,365
2021-11-14,Crypto,Risk Parity,Crypto Risk Parity,0.012455742975298825,365
2021-11-15,Crypto,Risk Parity,Crypto Risk Parity,-0.015235683385886972,365
2021-11-16,Crypto,Risk Parity,Crypto Risk Parity,-0.08369366641719914,365
2021-11-17,Crypto,Risk Parity,Crypto Risk Parity,0.005106782094582749,365
2021-11-18,Crypto,Risk Parity,Crypto Risk Parity,-0.06654941304443752,365
2021-11-19,Crypto,Risk Parity,Crypto Risk Parity,0.04877848780244851,365
2021-11-20,Crypto,Risk Parity,Crypto Risk Parity,0.016957007424929935,365
2021-11-21,Crypto,Risk Parity,Crypto Risk Parity,-0.018728327294848073,365
2021-11-22,Crypto,Risk Parity,Crypto Risk Parity,-0.03730974772786148,365
2021-11-23,Crypto,Risk Parity,Crypto Risk Parity,0.022752675465964007,365
2021-11-24,Crypto,Risk Parity,Crypto Risk Parity,-0.024910718831009884,365
2021-11-25,Crypto,Risk Parity,Crypto Risk Parity,0.00934735141337042,365
2021-11-26,Crypto,Risk Parity,Crypto Risk Parity,-0.06652805472767993,365
2021-11-27,Crypto,Risk Parity,Crypto Risk Parity,0.012106079887605961,365
2021-11-28,Crypto,Risk Parity,Crypto Risk Parity,0.023453596533921227,365
2021-11-29,Crypto,Risk Parity,Crypto Risk Parity,0.017851563914741242,365
2021-11-30,Crypto,Risk Parity,Crypto Risk Parity,0.0024262228875433704,365
2021-12-01,Crypto,Risk Parity,Crypto Risk Parity,-0.0042362439401421835,365
2021-12-02,Crypto,Risk Parity,Crypto Risk Parity,0.0024788830068624436,365
2021-12-03,Crypto,Risk Parity,Crypto Risk Parity,-0.05510204720432582,365
2021-12-04,Crypto,Risk Parity,Crypto Risk Parity,-0.09679737575873372,365
2021-12-05,Crypto,Risk Parity,Crypto Risk Parity,-0.02284090817438926,365
2021-12-06,Crypto,Risk Parity,Crypto Risk Parity,0.03872378948905421,365
2021-12-07,Crypto,Risk Parity,Crypto Risk Parity,-0.004949316359979614,365
2021-12-08,Crypto,Risk Parity,Crypto Risk Parity,0.03377064813800424,365
2021-12-09,Crypto,Risk Parity,Crypto Risk Parity,-0.0684763058427105,365
2021-12-10,Crypto,Risk Parity,Crypto Risk Parity,-0.035908749789139785,365
2021-12-11,Crypto,Risk Parity,Crypto Risk Parity,0.06083642218168956,365
2021-12-12,Crypto,Risk Parity,Crypto Risk Parity,0.0016956968451872884,365
2021-12-13,Crypto,Risk Parity,Crypto Risk Parity,-0.07995815161631094,365
2021-12-14,Crypto,Risk Parity,Crypto Risk Parity,0.010267720850702563,365
2021-12-15,Crypto,Risk Parity,Crypto Risk Parity,0.0491948170504337,365
2021-12-16,Crypto,Risk Parity,Crypto Risk Parity,-0.03202841223836283,365
2021-12-17,Crypto,Risk Parity,Crypto Risk Parity,-0.025486439644402538,365
2021-12-18,Crypto,Risk Parity,Crypto Risk Parity,0.019773003323864495,365
2021-12-19,Crypto,Risk Parity,Crypto Risk Parity,-0.0021198058811245546,365
2021-12-20,Crypto,Risk Parity,Crypto Risk Parity,0.0025011114309232536,365
2021-12-21,Crypto,Risk Parity,Crypto Risk Parity,0.03340370053978934,365
2021-12-22,Crypto,Risk Parity,Crypto Risk Parity,0.0048312258779734316,365
2021-12-23,Crypto,Risk Parity,Crypto Risk Parity,0.05249001215478517,365
2021-12-24,Crypto,Risk Parity,Crypto Risk Parity,-0.02424443443295551,365
2021-12-25,Crypto,Risk Parity,Crypto Risk Parity,0.010854772578413337,365
2021-12-26,Crypto,Risk Parity,Crypto Risk Parity,-0.0014211173695534256,365
2021-12-27,Crypto,Risk Parity,Crypto Risk Parity,0.0062017101290590786,365
2021-12-28,Crypto,Risk Parity,Crypto Risk Parity,-0.0655986344170297,365
2021-12-29,Crypto,Risk Parity,Crypto Risk Parity,-0.02846578644427787,365
2021-12-30,Crypto,Risk Parity,Crypto Risk Parity,0.01713129585438785,365
2021-12-31,Crypto,Risk Parity,Crypto Risk Parity,-0.015697397659616343,365
2022-01-01,Crypto,Risk Parity,Crypto Risk Parity,0.02906797824473002,365
2022-01-02,Crypto,Risk Parity,Crypto Risk Parity,0.013877537699133337,365
2022-01-03,Crypto,Risk Parity,Crypto Risk Parity,-0.020578790147101074,365
2022-01-04,Crypto,Risk Parity,Crypto Risk Parity,-0.011420555663564863,365
2022-01-05,Crypto,Risk Parity,Crypto Risk Parity,-0.061358916321781906,365
2022-01-06,Crypto,Risk Parity,Crypto Risk Parity,-0.001728717540453937,365
2022-01-07,Crypto,Risk Parity,Crypto Risk Parity,-0.04078885156892444,365
2022-01-08,Crypto,Risk Parity,Crypto Risk Parity,-0.019606309910636555,365
2022-01-09,Crypto,Risk Parity,Crypto Risk Parity,0.009084815304613329,365
2022-01-10,Crypto,Risk Parity,Crypto Risk Parity,-0.028567969104464196,365
2022-01-11,Crypto,Risk Parity,Crypto Risk Parity,0.03381675365703144,365
2022-01-12,Crypto,Risk Parity,Crypto Risk Parity,0.052753565157500064,365
2022-01-13,Crypto,Risk Parity,Crypto Risk Parity,-0.03433678745907586,365
2022-01-14,Crypto,Risk Parity,Crypto Risk Parity,0.025287545401017037,365
2022-01-15,Crypto,Risk Parity,Crypto Risk Parity,0.008544238897964919,365
2022-01-16,Crypto,Risk Parity,Crypto Risk Parity,0.006738369983800464,365
2022-01-17,Crypto,Risk Parity,Crypto Risk Parity,0.00017835996537218023,365
2022-01-18,Crypto,Risk Parity,Crypto Risk Parity,-0.015565422858472039,365
2022-01-19,Crypto,Risk Parity,Crypto Risk Parity,-0.02805894114888855,365
2022-01-20,Crypto,Risk Parity,Crypto Risk Parity,-0.04124406252547767,365
2022-01-21,Crypto,Risk Parity,Crypto Risk Parity,-0.11545918611065205,365
2022-01-22,Crypto,Risk Parity,Crypto Risk Parity,-0.057659471284040364,365
2022-01-23,Crypto,Risk Parity,Crypto Risk Parity,0.03876155074578023,365
2022-01-24,Crypto,Risk Parity,Crypto Risk Parity,-0.02672637805622312,365
2022-01-25,Crypto,Risk Parity,Crypto Risk Parity,0.0008777732219002698,365
2022-01-26,Crypto,Risk Parity,Crypto Risk Parity,0.004794584002050335,365
2022-01-27,Crypto,Risk Parity,Crypto Risk Parity,-0.00800689493403228,365
2022-01-28,Crypto,Risk Parity,Crypto Risk Parity,0.025051223291928843,365
2022-01-29,Crypto,Risk Parity,Crypto Risk Parity,0.014841653915617856,365
2022-01-30,Crypto,Risk Parity,Crypto Risk Parity,-0.016466008742394313,365
2022-01-31,Crypto,Risk Parity,Crypto Risk Parity,0.014805728589305862,365
2022-02-01,Crypto,Risk Parity,Crypto Risk Parity,0.022599613625076183,365
2022-02-02,Crypto,Risk Parity,Crypto Risk Parity,-0.0398171631466662,365
2022-02-03,Crypto,Risk Parity,Crypto Risk Parity,0.014664121289276187,365
2022-02-04,Crypto,Risk Parity,Crypto Risk Parity,0.08936574257395835,365
2022-02-05,Crypto,Risk Parity,Crypto Risk Parity,0.00865909883337252,365
2022-02-06,Crypto,Risk Parity,Crypto Risk Parity,0.024465273724215995,365
2022-02-07,Crypto,Risk Parity,Crypto Risk Parity,0.06737482132167555,365
2022-02-08,Crypto,Risk Parity,Crypto Risk Parity,-0.002087585120999141,365
2022-02-09,Crypto,Risk Parity,Crypto Risk Parity,0.01931766470520473,365
2022-02-10,Crypto,Risk Parity,Crypto Risk Parity,-0.026221050152868828,365
2022-02-11,Crypto,Risk Parity,Crypto Risk Parity,-0.05794728374399965,365
2022-02-12,Crypto,Risk Parity,Crypto Risk Parity,0.004104638080770583,365
2022-02-13,Crypto,Risk Parity,Crypto Risk Parity,-0.001156648976508135,365
2022-02-14,Crypto,Risk Parity,Crypto Risk Parity,-0.0035332939862350765,365
2022-02-15,Crypto,Risk Parity,Crypto Risk Parity,0.05503201959646398,365
2022-02-16,Crypto,Risk Parity,Crypto Risk Parity,-0.015454286515623297,365
2022-02-17,Crypto,Risk Parity,Crypto Risk Parity,-0.0775867419995468,365
2022-02-18,Crypto,Risk Parity,Crypto Risk Parity,-0.00835240285205168,365
2022-02-19,Crypto,Risk Parity,Crypto Risk Parity,0.005404559819695383,365
2022-02-20,Crypto,Risk Parity,Crypto Risk Parity,-0.04329447883273772,365
2022-02-21,Crypto,Risk Parity,Crypto Risk Parity,-0.06029690305708282,365
2022-02-22,Crypto,Risk Parity,Crypto Risk Parity,0.03869516670417664,365
2022-02-23,Crypto,Risk Parity,Crypto Risk Parity,-0.021189802869532117,365
2022-02-24,Crypto,Risk Parity,Crypto Risk Parity,0.0031765525927523026,365
2022-02-25,Crypto,Risk Parity,Crypto Risk Parity,0.04134395966518252,365
2022-02-26,Crypto,Risk Parity,Crypto Risk Parity,0.00227500750896848,365
2022-02-27,Crypto,Risk Parity,Crypto Risk Parity,-0.04119364582926091,365
2022-02-28,Crypto,Risk Parity,Crypto Risk Parity,0.10344581575141637,365
2022-03-01,Crypto,Risk Parity,Crypto Risk Parity,0.004755251950611792,365
2022-03-02,Crypto,Risk Parity,Crypto Risk Parity,-0.018157558526891614,365
2022-03-03,Crypto,Risk Parity,Crypto Risk Parity,-0.020606305631098658,365
2022-03-04,Crypto,Risk Parity,Crypto Risk Parity,-0.06982313807779103,365
2022-03-05,Crypto,Risk Parity,Crypto Risk Parity,0.024388723309048867,365
2022-03-06,Crypto,Risk Parity,Crypto Risk Parity,-0.036123017193217644,365
2022-03-07,Crypto,Risk Parity,Crypto Risk Parity,-0.017353618822236783,365
2022-03-08,Crypto,Risk Parity,Crypto Risk Parity,0.019245484727353795,365
2022-03-09,Crypto,Risk Parity,Crypto Risk Parity,0.06208892299048286,365
2022-03-10,Crypto,Risk Parity,Crypto Risk Parity,-0.04583478616098554,365
2022-03-11,Crypto,Risk Parity,Crypto Risk Parity,0.005571195110349126,365
2022-03-12,Crypto,Risk Parity,Crypto Risk Parity,-8.134421928643653e-05,365
2022-03-13,Crypto,Risk Parity,Crypto Risk Parity,-0.02633983964070245,365
2022-03-14,Crypto,Risk Parity,Crypto Risk Parity,0.02695858198504805,365
2022-03-15,Crypto,Risk Parity,Crypto Risk Parity,0.0023941481227782047,365
2022-03-16,Crypto,Risk Parity,Crypto Risk Parity,0.04167028105202619,365
2022-03-17,Crypto,Risk Parity,Crypto Risk Parity,-0.0020712430685443464,365
2022-03-18,Crypto,Risk Parity,Crypto Risk Parity,0.02293143088312089,365
2022-03-19,Crypto,Risk Parity,Crypto Risk Parity,0.04509065431949638,365
2022-03-20,Crypto,Risk Parity,Crypto Risk Parity,-0.0030844301478943725,365
2022-03-21,Crypto,Risk Parity,Crypto Risk Parity,0.02188654655330124,365
2022-03-22,Crypto,Risk Parity,Crypto Risk Parity,0.05959308724642849,365
2022-03-23,Crypto,Risk Parity,Crypto Risk Parity,0.013268199396567322,365
2022-03-24,Crypto,Risk Parity,Crypto Risk Parity,0.024541942609766453,365
2022-03-25,Crypto,Risk Parity,Crypto Risk Parity,-0.01041886338955573,365
2022-03-26,Crypto,Risk Parity,Crypto Risk Parity,0.009833050987060991,365
2022-03-27,Crypto,Risk Parity,Crypto Risk Parity,0.042977093841399104,365
2022-03-28,Crypto,Risk Parity,Crypto Risk Parity,0.0041132686840118695,365
2022-03-29,Crypto,Risk Parity,Crypto Risk Parity,0.0135939438965428,365
2022-03-30,Crypto,Risk Parity,Crypto Risk Parity,0.008629256546623222,365
2022-03-31,Crypto,Risk Parity,Crypto Risk Parity,-0.030642379183173387,365
2022-04-01,Crypto,Risk Parity,Crypto Risk Parity,0.014074033132376722,365
2022-04-02,Crypto,Risk Parity,Crypto Risk Parity,-0.00997985732330574,365
2022-04-03,Crypto,Risk Parity,Crypto Risk Parity,0.018721608081443443,365
2022-04-04,Crypto,Risk Parity,Crypto Risk Parity,-0.006323779671099526,365
2022-04-05,Crypto,Risk Parity,Crypto Risk Parity,-0.027868350526786212,365
2022-04-06,Crypto,Risk Parity,Crypto Risk Parity,-0.08878969802278802,365
2022-04-07,Crypto,Risk Parity,Crypto Risk Parity,0.033733944561008394,365
2022-04-08,Crypto,Risk Parity,Crypto Risk Parity,-0.0403963141929056,365
2022-04-09,Crypto,Risk Parity,Crypto Risk Parity,0.018118820825684303,365
2022-04-10,Crypto,Risk Parity,Crypto Risk Parity,-0.016760826049972612,365
2022-04-11,Crypto,Risk Parity,Crypto Risk Parity,-0.07925369323823486,365
2022-04-12,Crypto,Risk Parity,Crypto Risk Parity,0.027402290238334792,365
2022-04-13,Crypto,Risk Parity,Crypto Risk Parity,0.03609113195878642,365
2022-04-14,Crypto,Risk Parity,Crypto Risk Parity,-0.024256297391747218,365
2022-04-15,Crypto,Risk Parity,Crypto Risk Parity,0.02976449428050627,365
2022-04-16,Crypto,Risk Parity,Crypto Risk Parity,0.012766094608236446,365
2022-04-17,Crypto,Risk Parity,Crypto Risk Parity,-0.03685497186541628,365
2022-04-18,Crypto,Risk Parity,Crypto Risk Parity,0.02264371638072183,365
2022-04-19,Crypto,Risk Parity,Crypto Risk Parity,0.020866648576958448,365
2022-04-20,Crypto,Risk Parity,Crypto Risk Parity,-0.011852688942633985,365
2022-04-21,Crypto,Risk Parity,Crypto Risk Parity,-0.01879658142447739,365
2022-04-22,Crypto,Risk Parity,Crypto Risk Parity,-0.012772126363721515,365
2022-04-23,Crypto,Risk Parity,Crypto Risk Parity,-0.012020110496841652,365
2022-04-24,Crypto,Risk Parity,Crypto Risk Parity,-0.01285285417542763,365
2022-04-25,Crypto,Risk Parity,Crypto Risk Parity,0.011070057700722565,365
2022-04-26,Crypto,Risk Parity,Crypto Risk Parity,-0.06743979207257415,365
2022-04-27,Crypto,Risk Parity,Crypto Risk Parity,0.024602576700735145,365
2022-04-28,Crypto,Risk Parity,Crypto Risk Parity,0.009291643118881242,365
2022-04-29,Crypto,Risk Parity,Crypto Risk Parity,-0.035803121842755574,365
2022-04-30,Crypto,Risk Parity,Crypto Risk Parity,-0.05031206788362298,365
2022-05-01,Crypto,Risk Parity,Crypto Risk Parity,0.0465016572683641,365
2022-05-02,Crypto,Risk Parity,Crypto Risk Parity,-0.002900190584336555,365
2022-05-03,Crypto,Risk Parity,Crypto Risk Parity,-0.010665277526218108,365
2022-05-04,Crypto,Risk Parity,Crypto Risk Parity,0.09579290887879313,365
2022-05-05,Crypto,Risk Parity,Crypto Risk Parity,-0.08780217896582716,365
2022-05-06,Crypto,Risk Parity,Crypto Risk Parity,0.009767812635233266,365
2022-05-07,Crypto,Risk Parity,Crypto Risk Parity,-0.02527623061305764,365
2022-05-08,Crypto,Risk Parity,Crypto Risk Parity,-0.01987443037180591,365
2022-05-09,Crypto,Risk Parity,Crypto Risk Parity,-0.13731775599423174,365
2022-05-10,Crypto,Risk Parity,Crypto Risk Parity,0.035208433711558504,365
2022-05-11,Crypto,Risk Parity,Crypto Risk Parity,-0.13814517361891537,365
2022-05-12,Crypto,Risk Parity,Crypto Risk Parity,-0.04633506652785352,365
2022-05-13,Crypto,Risk Parity,Crypto Risk Parity,0.0636993458481545,365
2022-05-14,Crypto,Risk Parity,Crypto Risk Parity,0.020892178689200194,365
2022-05-15,Crypto,Risk Parity,Crypto Risk Parity,0.04153001084758166,365
2022-05-16,Crypto,Risk Parity,Crypto Risk Parity,-0.05865874043168413,365
2022-05-17,Crypto,Risk Parity,Crypto Risk Parity,0.04258064491342791,365
2022-05-18,Crypto,Risk Parity,Crypto Risk Parity,-0.0776745125112342,365
2022-05-19,Crypto,Risk Parity,Crypto Risk Parity,0.0482244028068346,365
2022-05-20,Crypto,Risk Parity,Crypto Risk Parity,-0.03203291623272508,365
2022-05-21,Crypto,Risk Parity,Crypto Risk Parity,0.01610928196175044,365
2022-05-22,Crypto,Risk Parity,Crypto Risk Parity,0.034588062910395435,365
2022-05-23,Crypto,Risk Parity,Crypto Risk Parity,-0.03346522323700562,365
2022-05-24,Crypto,Risk Parity,Crypto Risk Parity,0.03076718770796716,365
2022-05-25,Crypto,Risk Parity,Crypto Risk Parity,-0.00844192301094048,365
2022-05-26,Crypto,Risk Parity,Crypto Risk Parity,-0.04853548701960356,365
2022-05-27,Crypto,Risk Parity,Crypto Risk Parity,-0.028635018568559302,365
2022-05-28,Crypto,Risk Parity,Crypto Risk Parity,0.01712968570724552,365
2022-05-29,Crypto,Risk Parity,Crypto Risk Parity,0.02697957085442171,365
2022-05-30,Crypto,Risk Parity,Crypto Risk Parity,0.08375535597498251,365
2022-05-31,Crypto,Risk Parity,Crypto Risk Parity,0.011159885737703702,365
2022-06-01,Crypto,Risk Parity,Crypto Risk Parity,-0.06985483530085339,365
2022-06-02,Crypto,Risk Parity,Crypto Risk Parity,0.023750593216467518,365
2022-06-03,Crypto,Risk Parity,Crypto Risk Parity,-0.026487261237571554,365
2022-06-04,Crypto,Risk Parity,Crypto Risk Parity,0.00703906777758371,365
2022-06-05,Crypto,Risk Parity,Crypto Risk Parity,-0.003419314157241966,365
2022-06-06,Crypto,Risk Parity,Crypto Risk Parity,0.03014062909974244,365
2022-06-07,Crypto,Risk Parity,Crypto Risk Parity,-0.01143654932201466,365
2022-06-08,Crypto,Risk Parity,Crypto Risk Parity,-0.014379513297113615,365
2022-06-09,Crypto,Risk Parity,Crypto Risk Parity,-0.006038342270929154,365
2022-06-10,Crypto,Risk Parity,Crypto Risk Parity,-0.05155328219207497,365
2022-06-11,Crypto,Risk Parity,Crypto Risk Parity,-0.057233252439558006,365
2022-06-12,Crypto,Risk Parity,Crypto Risk Parity,-0.05731337119037664,365
2022-06-13,Crypto,Risk Parity,Crypto Risk Parity,-0.12900639833337635,365
2022-06-14,Crypto,Risk Parity,Crypto Risk Parity,0.009021717019285733,365
2022-06-15,Crypto,Risk Parity,Crypto Risk Parity,0.06303745231959398,365
2022-06-16,Crypto,Risk Parity,Crypto Risk Parity,-0.10649927828967834,365
2022-06-17,Crypto,Risk Parity,Crypto Risk Parity,0.03416522187688348,365
2022-06-18,Crypto,Risk Parity,Crypto Risk Parity,-0.04389242563456222,365
2022-06-19,Crypto,Risk Parity,Crypto Risk Parity,0.07966492454325906,365
2022-06-20,Crypto,Risk Parity,Crypto Risk Parity,0.0012533214903497861,365
2022-06-21,Crypto,Risk Parity,Crypto Risk Parity,0.006456535962877246,365
2022-06-22,Crypto,Risk Parity,Crypto Risk Parity,-0.03615783180987095,365
2022-06-23,Crypto,Risk Parity,Crypto Risk Parity,0.048105608199737346,365
2022-06-24,Crypto,Risk Parity,Crypto Risk Parity,0.036938839450572594,365
2022-06-25,Crypto,Risk Parity,Crypto Risk Parity,0.008104091576073147,365
2022-06-26,Crypto,Risk Parity,Crypto Risk Parity,-0.02159570041428282,365
2022-06-27,Crypto,Risk Parity,Crypto Risk Parity,-0.0067144798476196895,365
2022-06-28,Crypto,Risk Parity,Crypto Risk Parity,-0.04156218804221781,365
2022-06-29,Crypto,Risk Parity,Crypto Risk Parity,-0.014617163848301166,365
2022-06-30,Crypto,Risk Parity,Crypto Risk Parity,-0.007977583866278861,365
2022-07-01,Crypto,Risk Parity,Crypto Risk Parity,-0.0226170176812432,365
2022-07-02,Crypto,Risk Parity,Crypto Risk Parity,0.00907419581350209,365
2022-07-03,Crypto,Risk Parity,Crypto Risk Parity,0.006281321027149957,365
2022-07-04,Crypto,Risk Parity,Crypto Risk Parity,0.03524661481520111,365
2022-07-05,Crypto,Risk Parity,Crypto Risk Parity,-0.01778428108561519,365
2022-07-06,Crypto,Risk Parity,Crypto Risk Parity,0.01714142058936033,365
2022-07-07,Crypto,Risk Parity,Crypto Risk Parity,0.03871308870241424,365
2022-07-08,Crypto,Risk Parity,Crypto Risk Parity,-0.008783264982575634,365
2022-07-09,Crypto,Risk Parity,Crypto Risk Parity,0.012892594355672323,365
2022-07-10,Crypto,Risk Parity,Crypto Risk Parity,-0.039466657547183426,365
2022-07-11,Crypto,Risk Parity,Crypto Risk Parity,-0.05510031805537954,365
2022-07-12,Crypto,Risk Parity,Crypto Risk Parity,-0.024199306315632982,365
2022-07-13,Crypto,Risk Parity,Crypto Risk Parity,0.04460051044209983,365
2022-07-14,Crypto,Risk Parity,Crypto Risk Parity,0.023426002374019133,365
2022-07-15,Crypto,Risk Parity,Crypto Risk Parity,0.013382743733544736,365
2022-07-16,Crypto,Risk Parity,Crypto Risk Parity,0.04985236191829522,365
2022-07-17,Crypto,Risk Parity,Crypto Risk Parity,-0.0026360296693362932,365
2022-07-18,Crypto,Risk Parity,Crypto Risk Parity,0.10561136107516148,365
2022-07-19,Crypto,Risk Parity,Crypto Risk Parity,0.018624274215072765,365
2022-07-20,Crypto,Risk Parity,Crypto Risk Parity,-0.033920675112359015,365
2022-07-21,Crypto,Risk Parity,Crypto Risk Parity,0.022743302838511986,365
2022-07-22,Crypto,Risk Parity,Crypto Risk Parity,-0.00966237874450898,365
2022-07-23,Crypto,Risk Parity,Crypto Risk Parity,0.006725983197536365,365
2022-07-24,Crypto,Risk Parity,Crypto Risk Parity,0.018769671711055133,365
2022-07-25,Crypto,Risk Parity,Crypto Risk Parity,-0.0716905252653542,365
2022-07-26,Crypto,Risk Parity,Crypto Risk Parity,0.0035448054464868924,365
2022-07-27,Crypto,Risk Parity,Crypto Risk Parity,0.10624379324365443,365
2022-07-28,Crypto,Risk Parity,Crypto Risk Parity,0.07383603517629457,365
2022-07-29,Crypto,Risk Parity,Crypto Risk Parity,-0.005589931896207078,365
2022-07-30,Crypto,Risk Parity,Crypto Risk Parity,-0.004713931848497611,365
2022-07-31,Crypto,Risk Parity,Crypto Risk Parity,-0.015998808399632247,365
2022-08-01,Crypto,Risk Parity,Crypto Risk Parity,-0.011419346777582688,365
2022-08-02,Crypto,Risk Parity,Crypto Risk Parity,-0.01850486817179956,365
2022-08-03,Crypto,Risk Parity,Crypto Risk Parity,-0.005848256155602379,365
2022-08-04,Crypto,Risk Parity,Crypto Risk Parity,0.0012807645244491226,365
2022-08-05,Crypto,Risk Parity,Crypto Risk Parity,0.044331814720394214,365
2022-08-06,Crypto,Risk Parity,Crypto Risk Parity,-0.009735539062718141,365
2022-08-07,Crypto,Risk Parity,Crypto Risk Parity,0.006650736866723474,365
2022-08-08,Crypto,Risk Parity,Crypto Risk Parity,0.023378526004854662,365
2022-08-09,Crypto,Risk Parity,Crypto Risk Parity,-0.04237006493329501,365
2022-08-10,Crypto,Risk Parity,Crypto Risk Parity,0.04893088444168617,365
2022-08-11,Crypto,Risk Parity,Crypto Risk Parity,0.01156741972193944,365
2022-08-12,Crypto,Risk Parity,Crypto Risk Parity,0.014501800533015457,365
2022-08-13,Crypto,Risk Parity,Crypto Risk Parity,0.007435681803506639,365
2022-08-14,Crypto,Risk Parity,Crypto Risk Parity,-0.011838709982525477,365
2022-08-15,Crypto,Risk Parity,Crypto Risk Parity,-0.016564948622926613,365
2022-08-16,Crypto,Risk Parity,Crypto Risk Parity,0.0012756959422815892,365
2022-08-17,Crypto,Risk Parity,Crypto Risk Parity,-0.008083278902813407,365
2022-08-18,Crypto,Risk Parity,Crypto Risk Parity,-0.01642905852245589,365
2022-08-19,Crypto,Risk Parity,Crypto Risk Parity,-0.10658186137076739,365
2022-08-20,Crypto,Risk Parity,Crypto Risk Parity,0.013492348088208286,365
2022-08-21,Crypto,Risk Parity,Crypto Risk Parity,0.02994239460632343,365
2022-08-22,Crypto,Risk Parity,Crypto Risk Parity,0.018429943221794164,365
2022-08-23,Crypto,Risk Parity,Crypto Risk Parity,0.013712295263220436,365
2022-08-24,Crypto,Risk Parity,Crypto Risk Parity,-0.007873985825135854,365
2022-08-25,Crypto,Risk Parity,Crypto Risk Parity,0.010995016981358066,365
2022-08-26,Crypto,Risk Parity,Crypto Risk Parity,-0.07689553908854499,365
2022-08-27,Crypto,Risk Parity,Crypto Risk Parity,0.0019276711994475626,365
2022-08-28,Crypto,Risk Parity,Crypto Risk Parity,-0.032282644085981575,365
2022-08-29,Crypto,Risk Parity,Crypto Risk Parity,0.04839709784642533,365
2022-08-30,Crypto,Risk Parity,Crypto Risk Parity,-0.025680858586450223,365
2022-08-31,Crypto,Risk Parity,Crypto Risk Parity,0.003723828671574174,365
2022-09-01,Crypto,Risk Parity,Crypto Risk Parity,0.022814707042694803,365
2022-09-02,Crypto,Risk Parity,Crypto Risk Parity,0.00402456583226119,365
2022-09-03,Crypto,Risk Parity,Crypto Risk Parity,0.0018237580632654504,365
2022-09-04,Crypto,Risk Parity,Crypto Risk Parity,0.009743916929716498,365
2022-09-05,Crypto,Risk Parity,Crypto Risk Parity,0.026984676004722548,365
2022-09-06,Crypto,Risk Parity,Crypto Risk Parity,-0.0684652400004712,365
2022-09-07,Crypto,Risk Parity,Crypto Risk Parity,0.054156695756649685,365
2022-09-08,Crypto,Risk Parity,Crypto Risk Parity,0.005589198411521434,365
2022-09-09,Crypto,Risk Parity,Crypto Risk Parity,0.06082738847261095,365
2022-09-10,Crypto,Risk Parity,Crypto Risk Parity,0.01828913534521414,365
2022-09-11,Crypto,Risk Parity,Crypto Risk Parity,-0.010338534080497615,365
2022-09-12,Crypto,Risk Parity,Crypto Risk Parity,-0.005690692243311932,365
2022-09-13,Crypto,Risk Parity,Crypto Risk Parity,-0.07152975372260481,365
2022-09-14,Crypto,Risk Parity,Crypto Risk Parity,0.01977612801409214,365
2022-09-15,Crypto,Risk Parity,Crypto Risk Parity,-0.04685462335355655,365
2022-09-16,Crypto,Risk Parity,Crypto Risk Parity,0.012179890024744944,365
2022-09-17,Crypto,Risk Parity,Crypto Risk Parity,0.030259803265869245,365
2022-09-18,Crypto,Risk Parity,Crypto Risk Parity,-0.07475645779745929,365
2022-09-19,Crypto,Risk Parity,Crypto Risk Parity,0.020887434753057845,365
2022-09-20,Crypto,Risk Parity,Crypto Risk Parity,-0.0022063840927504254,365
2022-09-21,Crypto,Risk Parity,Crypto Risk Parity,-0.03710175715537655,365
2022-09-22,Crypto,Risk Parity,Crypto Risk Parity,0.065935081395529,365
2022-09-23,Crypto,Risk Parity,Crypto Risk Parity,0.010162557798876117,365
2022-09-24,Crypto,Risk Parity,Crypto Risk Parity,-0.020801879808146864,365
2022-09-25,Crypto,Risk Parity,Crypto Risk Parity,-0.0127242381149562,365
2022-09-26,Crypto,Risk Parity,Crypto Risk Parity,0.0038077197902923296,365
2022-09-27,Crypto,Risk Parity,Crypto Risk Parity,-0.014492982382878803,365
2022-09-28,Crypto,Risk Parity,Crypto Risk Parity,-5.29871583280522e-05,365
2022-09-29,Crypto,Risk Parity,Crypto Risk Parity,0.02468585907677722,365
2022-09-30,Crypto,Risk Parity,Crypto Risk Parity,-0.004640142897885508,365
2022-10-01,Crypto,Risk Parity,Crypto Risk Parity,-1.0802710895429802e-05,365
2022-10-02,Crypto,Risk Parity,Crypto Risk Parity,-0.024126234849190617,365
2022-10-03,Crypto,Risk Parity,Crypto Risk Parity,0.02231708204673548,365
2022-10-04,Crypto,Risk Parity,Crypto Risk Parity,0.025198436872265056,365
2022-10-05,Crypto,Risk Parity,Crypto Risk Parity,-0.00433276953367818,365
2022-10-06,Crypto,Risk Parity,Crypto Risk Parity,-0.006041564462880799,365
2022-10-07,Crypto,Risk Parity,Crypto Risk Parity,-0.004887105056289588,365
2022-10-08,Crypto,Risk Parity,Crypto Risk Parity,-0.0033521938496957823,365
2022-10-09,Crypto,Risk Parity,Crypto Risk Parity,0.009870805675550738,365
2022-10-10,Crypto,Risk Parity,Crypto Risk Parity,-0.04064348342622828,365
2022-10-11,Crypto,Risk Parity,Crypto Risk Parity,-0.01755918908916732,365
2022-10-12,Crypto,Risk Parity,Crypto Risk Parity,0.00202578516893447,365
2022-10-13,Crypto,Risk Parity,Crypto Risk Parity,-0.0149926300031904,365
2022-10-14,Crypto,Risk Parity,Crypto Risk Parity,0.0024718593897258842,365
2022-10-15,Crypto,Risk Parity,Crypto Risk Parity,-0.007976229622767636,365
2022-10-16,Crypto,Risk Parity,Crypto Risk Parity,0.011610410540830254,365
2022-10-17,Crypto,Risk Parity,Crypto Risk Parity,0.011954987682607176,365
2022-10-18,Crypto,Risk Parity,Crypto Risk Parity,-0.015414507862834496,365
2022-10-19,Crypto,Risk Parity,Crypto Risk Parity,-0.02297474337451969,365
2022-10-20,Crypto,Risk Parity,Crypto Risk Parity,-0.002752519134524056,365
2022-10-21,Crypto,Risk Parity,Crypto Risk Parity,0.012480718277122119,365
2022-10-22,Crypto,Risk Parity,Crypto Risk Parity,0.010009198626869473,365
2022-10-23,Crypto,Risk Parity,Crypto Risk Parity,0.019156032535313255,365
2022-10-24,Crypto,Risk Parity,Crypto Risk Parity,-0.01921847396738544,365
2022-10-25,Crypto,Risk Parity,Crypto Risk Parity,0.05247782868567766,365
2022-10-26,Crypto,Risk Parity,Crypto Risk Parity,0.024199102782127026,365
2022-10-27,Crypto,Risk Parity,Crypto Risk Parity,-0.02130636956938629,365
2022-10-28,Crypto,Risk Parity,Crypto Risk Parity,0.019679235138997966,365
2022-10-29,Crypto,Risk Parity,Crypto Risk Parity,0.01657558584337337,365
2022-10-30,Crypto,Risk Parity,Crypto Risk Parity,-0.02230925024097453,365
2022-10-31,Crypto,Risk Parity,Crypto Risk Parity,0.0005866505051257755,365
2022-11-01,Crypto,Risk Parity,Crypto Risk Parity,-0.004576628073385398,365
2022-11-02,Crypto,Risk Parity,Crypto Risk Parity,-0.014177174971650226,365
2022-11-03,Crypto,Risk Parity,Crypto Risk Parity,0.014602547941885653,365
2022-11-04,Crypto,Risk Parity,Crypto Risk Parity,0.06722101257840415,365
2022-11-05,Crypto,Risk Parity,Crypto Risk Parity,0.00013931889586380156,365
2022-11-06,Crypto,Risk Parity,Crypto Risk Parity,-0.03723650802825146,365
2022-11-07,Crypto,Risk Parity,Crypto Risk Parity,-0.0010621030165336026,365
2022-11-08,Crypto,Risk Parity,Crypto Risk Parity,-0.11511295711141645,365
2022-11-09,Crypto,Risk Parity,Crypto Risk Parity,-0.1445599757985564,365
2022-11-10,Crypto,Risk Parity,Crypto Risk Parity,0.15375946075188174,365
2022-11-11,Crypto,Risk Parity,Crypto Risk Parity,-0.018327157316103383,365
2022-11-12,Crypto,Risk Parity,Crypto Risk Parity,-0.030375647819472374,365
2022-11-13,Crypto,Risk Parity,Crypto Risk Parity,-0.03467348036196903,365
2022-11-14,Crypto,Risk Parity,Crypto Risk Parity,0.022220971573853904,365
2022-11-15,Crypto,Risk Parity,Crypto Risk Parity,0.01486363923487389,365
2022-11-16,Crypto,Risk Parity,Crypto Risk Parity,-0.018006082162491572,365
2022-11-17,Crypto,Risk Parity,Crypto Risk Parity,0.005182962947596202,365
2022-11-18,Crypto,Risk Parity,Crypto Risk Parity,0.0024669753849978944,365
2022-11-19,Crypto,Risk Parity,Crypto Risk Parity,0.008048083578212576,365
2022-11-20,Crypto,Risk Parity,Crypto Risk Parity,-0.04034928205101875,365
2022-11-21,Crypto,Risk Parity,Crypto Risk Parity,-0.014162649996099865,365
2022-11-22,Crypto,Risk Parity,Crypto Risk Parity,0.037140351229926385,365
2022-11-23,Crypto,Risk Parity,Crypto Risk Parity,0.04445720789319334,365
2022-11-24,Crypto,Risk Parity,Crypto Risk Parity,0.01029785709571071,365
2022-11-25,Crypto,Risk Parity,Crypto Risk Parity,-0.006760363817247271,365
2022-11-26,Crypto,Risk Parity,Crypto Risk Parity,-0.0035670797381724315,365
2022-11-27,Crypto,Risk Parity,Crypto Risk Parity,-0.0015614427356233228,365
2022-11-28,Crypto,Risk Parity,Crypto Risk Parity,-0.01742718006846571,365
2022-11-29,Crypto,Risk Parity,Crypto Risk Parity,0.016463312014205703,365
2022-11-30,Crypto,Risk Parity,Crypto Risk Parity,0.03486030919463856,365
2022-12-01,Crypto,Risk Parity,Crypto Risk Parity,-0.01936105017170656,365
2022-12-02,Crypto,Risk Parity,Crypto Risk Parity,0.008590309972083515,365
2022-12-03,Crypto,Risk Parity,Crypto Risk Parity,-0.018786756137350872,365
2022-12-04,Crypto,Risk Parity,Crypto Risk Parity,0.011085363194756176,365
2022-12-05,Crypto,Risk Parity,Crypto Risk Parity,-0.002161626721053082,365
2022-12-06,Crypto,Risk Parity,Crypto Risk Parity,0.0062135333252558685,365
2022-12-07,Crypto,Risk Parity,Crypto Risk Parity,-0.019390711890053074,365
2022-12-08,Crypto,Risk Parity,Crypto Risk Parity,0.022032223940770965,365
2022-12-09,Crypto,Risk Parity,Crypto Risk Parity,-0.005763820168382027,365
2022-12-10,Crypto,Risk Parity,Crypto Risk Parity,-0.0003168139056946217,365
2022-12-11,Crypto,Risk Parity,Crypto Risk Parity,-0.011550778560166503,365
2022-12-12,Crypto,Risk Parity,Crypto Risk Parity,-0.001824840906731777,365
2022-12-13,Crypto,Risk Parity,Crypto Risk Parity,0.023329111860403172,365
2022-12-14,Crypto,Risk Parity,Crypto Risk Parity,-0.009688334730401222,365
2022-12-15,Crypto,Risk Parity,Crypto Risk Parity,-0.02320985464809174,365
2022-12-16,Crypto,Risk Parity,Crypto Risk Parity,-0.07775099970219765,365
2022-12-17,Crypto,Risk Parity,Crypto Risk Parity,0.014049126246151407,365
2022-12-18,Crypto,Risk Parity,Crypto Risk Parity,-0.006420432760795161,365
2022-12-19,Crypto,Risk Parity,Crypto Risk Parity,-0.029432679021494938,365
2022-12-20,Crypto,Risk Parity,Crypto Risk Parity,0.03553277240710981,365
2022-12-21,Crypto,Risk Parity,Crypto Risk Parity,-0.004037741370329695,365
2022-12-22,Crypto,Risk Parity,Crypto Risk Parity,0.006185596992513307,365
2022-12-23,Crypto,Risk Parity,Crypto Risk Parity,-0.0014277181903657931,365
2022-12-24,Crypto,Risk Parity,Crypto Risk Parity,-0.0005468858672268769,365
2022-12-25,Crypto,Risk Parity,Crypto Risk Parity,0.0006775672902704611,365
2022-12-26,Crypto,Risk Parity,Crypto Risk Parity,0.015206910126830885,365
2022-12-27,Crypto,Risk Parity,Crypto Risk Parity,-0.011836599822328965,365
2022-12-28,Crypto,Risk Parity,Crypto Risk Parity,-0.025627201963941436,365
2022-12-29,Crypto,Risk Parity,Crypto Risk Parity,-0.0004963015739866399,365
2022-12-30,Crypto,Risk Parity,Crypto Risk Parity,0.0006102275144009539,365
2022-12-31,Crypto,Risk Parity,Crypto Risk Parity,0.0010551034926863715,365
2023-01-01,Crypto,Risk Parity,Crypto Risk Parity,0.007523390037434076,365
2023-01-02,Crypto,Risk Parity,Crypto Risk Parity,0.018175846394097233,365
2023-01-03,Crypto,Risk Parity,Crypto Risk Parity,-0.0025084473461065436,365
2023-01-04,Crypto,Risk Parity,Crypto Risk Parity,0.03374342094117001,365
2023-01-05,Crypto,Risk Parity,Crypto Risk Parity,-0.013898290274830692,365
2023-01-06,Crypto,Risk Parity,Crypto Risk Parity,0.021764366728450325,365
2023-01-07,Crypto,Risk Parity,Crypto Risk Parity,-0.0030675452817432204,365
2023-01-08,Crypto,Risk Parity,Crypto Risk Parity,0.021760605168509552,365
2023-01-09,Crypto,Risk Parity,Crypto Risk Parity,0.026516877039834144,365
2023-01-10,Crypto,Risk Parity,Crypto Risk Parity,0.006403984368924754,365
2023-01-11,Crypto,Risk Parity,Crypto Risk Parity,0.02950379640851336,365
2023-01-12,Crypto,Risk Parity,Crypto Risk Parity,0.026742634506070815,365
2023-01-13,Crypto,Risk Parity,Crypto Risk Parity,0.035165865262205546,365
2023-01-14,Crypto,Risk Parity,Crypto Risk Parity,0.03544090099455147,365
2023-01-15,Crypto,Risk Parity,Crypto Risk Parity,-0.0026557391116783435,365
2023-01-16,Crypto,Risk Parity,Crypto Risk Parity,-0.0030704881820506273,365
2023-01-17,Crypto,Risk Parity,Crypto Risk Parity,-0.004695937357182303,365
2023-01-18,Crypto,Risk Parity,Crypto Risk Parity,-0.04149324154558825,365
2023-01-19,Crypto,Risk Parity,Crypto Risk Parity,0.023544547482275583,365
2023-01-20,Crypto,Risk Parity,Crypto Risk Parity,0.06471684997278386,365
2023-01-21,Crypto,Risk Parity,Crypto Risk Parity,-0.00896856541633568,365
2023-01-22,Crypto,Risk Parity,Crypto Risk Parity,0.008527978146569627,365
2023-01-23,Crypto,Risk Parity,Crypto Risk Parity,0.02017847431717497,365
2023-01-24,Crypto,Risk Parity,Crypto Risk Parity,-0.039941825127068425,365
2023-01-25,Crypto,Risk Parity,Crypto Risk Parity,0.030053249810176267,365
2023-01-26,Crypto,Risk Parity,Crypto Risk Parity,-0.001997599445437099,365
2023-01-27,Crypto,Risk Parity,Crypto Risk Parity,0.010461302395212473,365
2023-01-28,Crypto,Risk Parity,Crypto Risk Parity,-0.008427071620222307,365
2023-01-29,Crypto,Risk Parity,Crypto Risk Parity,0.0317846994578065,365
2023-01-30,Crypto,Risk Parity,Crypto Risk Parity,-0.04609486498532671,365
2023-01-31,Crypto,Risk Parity,Crypto Risk Parity,0.01916815199952492,365
2023-02-01,Crypto,Risk Parity,Crypto Risk Parity,0.025894195892413013,365
2023-02-02,Crypto,Risk Parity,Crypto Risk Parity,-0.004208453592869776,365
2023-02-03,Crypto,Risk Parity,Crypto Risk Parity,0.012657937983449349,365
2023-02-04,Crypto,Risk Parity,Crypto Risk Parity,6.197974711143951e-05,365
2023-02-05,Crypto,Risk Parity,Crypto Risk Parity,-0.020625202631369757,365
2023-02-06,Crypto,Risk Parity,Crypto Risk Parity,-0.016724002047443776,365
2023-02-07,Crypto,Risk Parity,Crypto Risk Parity,0.037767117262185686,365
2023-02-08,Crypto,Risk Parity,Crypto Risk Parity,-0.014229739106691756,365
2023-02-09,Crypto,Risk Parity,Crypto Risk Parity,-0.05759085009588151,365
2023-02-10,Crypto,Risk Parity,Crypto Risk Parity,-0.0013110240699884196,365
2023-02-11,Crypto,Risk Parity,Crypto Risk Parity,0.011094295755027204,365
2023-02-12,Crypto,Risk Parity,Crypto Risk Parity,-0.013457906326658746,365
2023-02-13,Crypto,Risk Parity,Crypto Risk Parity,-0.0024300845737552836,365
2023-02-14,Crypto,Risk Parity,Crypto Risk Parity,0.029482503222362545,365
2023-02-15,Crypto,Risk Parity,Crypto Risk Parity,0.06709246757720501,365
2023-02-16,Crypto,Risk Parity,Crypto Risk Parity,-0.042916068616907985,365
2023-02-17,Crypto,Risk Parity,Crypto Risk Parity,0.047457501948092035,365
2023-02-18,Crypto,Risk Parity,Crypto Risk Parity,0.007024685932822989,365
2023-02-19,Crypto,Risk Parity,Crypto Risk Parity,-0.010668634415725272,365
2023-02-20,Crypto,Risk Parity,Crypto Risk Parity,0.024240351965165087,365
2023-02-21,Crypto,Risk Parity,Crypto Risk Parity,-0.019306870056877413,365
2023-02-22,Crypto,Risk Parity,Crypto Risk Parity,-0.007272496898506788,365
2023-02-23,Crypto,Risk Parity,Crypto Risk Parity,-0.011078722294446374,365
2023-02-24,Crypto,Risk Parity,Crypto Risk Parity,-0.03431297928210281,365
2023-02-25,Crypto,Risk Parity,Crypto Risk Parity,-0.00230051886061908,365
2023-02-26,Crypto,Risk Parity,Crypto Risk Parity,0.017906863543891233,365
2023-02-27,Crypto,Risk Parity,Crypto Risk Parity,-0.0044867501328999145,365
2023-02-28,Crypto,Risk Parity,Crypto Risk Parity,-0.01291955911474608,365
2023-03-01,Crypto,Risk Parity,Crypto Risk Parity,0.025658429747185095,365
2023-03-02,Crypto,Risk Parity,Crypto Risk Parity,-0.010161262267418515,365
2023-03-03,Crypto,Risk Parity,Crypto Risk Parity,-0.024967609806359405,365
2023-03-04,Crypto,Risk Parity,Crypto Risk Parity,-0.017053957132339367,365
2023-03-05,Crypto,Risk Parity,Crypto Risk Parity,-0.0014534361917165513,365
2023-03-06,Crypto,Risk Parity,Crypto Risk Parity,-0.0036609400637488106,365
2023-03-07,Crypto,Risk Parity,Crypto Risk Parity,-0.008728173558856122,365
2023-03-08,Crypto,Risk Parity,Crypto Risk Parity,-0.026335506367899195,365
2023-03-09,Crypto,Risk Parity,Crypto Risk Parity,-0.061396708561449825,365
2023-03-10,Crypto,Risk Parity,Crypto Risk Parity,-0.005215803983002784,365
2023-03-11,Crypto,Risk Parity,Crypto Risk Parity,0.003846181012047312,365
2023-03-12,Crypto,Risk Parity,Crypto Risk Parity,0.06831061644404383,365
2023-03-13,Crypto,Risk Parity,Crypto Risk Parity,0.04651537552534275,365
2023-03-14,Crypto,Risk Parity,Crypto Risk Parity,0.01970784570565731,365
2023-03-15,Crypto,Risk Parity,Crypto Risk Parity,-0.04922033574334611,365
2023-03-16,Crypto,Risk Parity,Crypto Risk Parity,0.018211105708852298,365
2023-03-17,Crypto,Risk Parity,Crypto Risk Parity,0.06662190543277134,365
2023-03-18,Crypto,Risk Parity,Crypto Risk Parity,-0.022658185401193815,365
2023-03-19,Crypto,Risk Parity,Crypto Risk Parity,0.028469402212788878,365
2023-03-20,Crypto,Risk Parity,Crypto Risk Parity,-0.03298200082536693,365
2023-03-21,Crypto,Risk Parity,Crypto Risk Parity,0.07260841241733326,365
2023-03-22,Crypto,Risk Parity,Crypto Risk Parity,-0.048600513036078034,365
2023-03-23,Crypto,Risk Parity,Crypto Risk Parity,0.046899910754176474,365
2023-03-24,Crypto,Risk Parity,Crypto Risk Parity,-0.02754410295564305,365
2023-03-25,Crypto,Risk Parity,Crypto Risk Parity,-0.0016572520761887577,365
2023-03-26,Crypto,Risk Parity,Crypto Risk Parity,0.013861795238630886,365
2023-03-27,Crypto,Risk Parity,Crypto Risk Parity,-0.019529121885357027,365
2023-03-28,Crypto,Risk Parity,Crypto Risk Parity,0.02844708955732073,365
2023-03-29,Crypto,Risk Parity,Crypto Risk Parity,0.028617931105323322,365
2023-03-30,Crypto,Risk Parity,Crypto Risk Parity,-0.0022706334118059402,365
2023-03-31,Crypto,Risk Parity,Crypto Risk Parity,0.022090478896451753,365
2023-04-01,Crypto,Risk Parity,Crypto Risk Parity,-0.00381526586653452,365
2023-04-02,Crypto,Risk Parity,Crypto Risk Parity,-0.007467585547574877,365
2023-04-03,Crypto,Risk Parity,Crypto Risk Parity,-0.0021225929492800283,365
2023-04-04,Crypto,Risk Parity,Crypto Risk Parity,0.008952010739601944,365
2023-04-05,Crypto,Risk Parity,Crypto Risk Parity,0.004644525509531816,365
2023-04-06,Crypto,Risk Parity,Crypto Risk Parity,-0.008960917253861304,365
2023-04-07,Crypto,Risk Parity,Crypto Risk Parity,-0.0007831806304617323,365
2023-04-08,Crypto,Risk Parity,Crypto Risk Parity,-0.0069604607669753096,365
2023-04-09,Crypto,Risk Parity,Crypto Risk Parity,0.008724821866375042,365
2023-04-10,Crypto,Risk Parity,Crypto Risk Parity,0.024601487561346204,365
2023-04-11,Crypto,Risk Parity,Crypto Risk Parity,0.004058089849350446,365
2023-04-12,Crypto,Risk Parity,Crypto Risk Parity,-0.004833802288849248,365
2023-04-13,Crypto,Risk Parity,Crypto Risk Parity,0.022472285231071955,365
2023-04-14,Crypto,Risk Parity,Crypto Risk Parity,0.015377794568519626,365
2023-04-15,Crypto,Risk Parity,Crypto Risk Parity,-0.0005479542618165023,365
2023-04-16,Crypto,Risk Parity,Crypto Risk Parity,0.007648332397769915,365
2023-04-17,Crypto,Risk Parity,Crypto Risk Parity,-0.023938510444907753,365
2023-04-18,Crypto,Risk Parity,Crypto Risk Parity,0.021149910161130783,365
2023-04-19,Crypto,Risk Parity,Crypto Risk Parity,-0.06855481285655038,365
2023-04-20,Crypto,Risk Parity,Crypto Risk Parity,-0.016385419049862543,365
2023-04-21,Crypto,Risk Parity,Crypto Risk Parity,-0.03593300153683949,365
2023-04-22,Crypto,Risk Parity,Crypto Risk Parity,0.026874965298840887,365
2023-04-23,Crypto,Risk Parity,Crypto Risk Parity,-0.010631789920132716,365
2023-04-24,Crypto,Risk Parity,Crypto Risk Parity,-0.005946824322513809,365
2023-04-25,Crypto,Risk Parity,Crypto Risk Parity,0.017183436994152538,365
2023-04-26,Crypto,Risk Parity,Crypto Risk Parity,-0.011535568151498915,365
2023-04-27,Crypto,Risk Parity,Crypto Risk Parity,0.01607547218023086,365
2023-04-28,Crypto,Risk Parity,Crypto Risk Parity,0.0033223939305902775,365
2023-04-29,Crypto,Risk Parity,Crypto Risk Parity,0.005742591232327455,365
2023-04-30,Crypto,Risk Parity,Crypto Risk Parity,-0.013066521515588481,365
2023-05-01,Crypto,Risk Parity,Crypto Risk Parity,-0.01782277029687221,365
2023-05-02,Crypto,Risk Parity,Crypto Risk Parity,0.013543098236755072,365
2023-05-03,Crypto,Risk Parity,Crypto Risk Parity,0.007157279143469195,365
2023-05-04,Crypto,Risk Parity,Crypto Risk Parity,-0.009914905331205044,365
2023-05-05,Crypto,Risk Parity,Crypto Risk Parity,0.02130553733651755,365
2023-05-06,Crypto,Risk Parity,Crypto Risk Parity,-0.029269779011694114,365
2023-05-07,Crypto,Risk Parity,Crypto Risk Parity,-0.011669554382414805,365
2023-05-08,Crypto,Risk Parity,Crypto Risk Parity,-0.03476781050231368,365
2023-05-09,Crypto,Risk Parity,Crypto Risk Parity,0.014682206401415822,365
2023-05-10,Crypto,Risk Parity,Crypto Risk Parity,-0.0013541628871990908,365
2023-05-11,Crypto,Risk Parity,Crypto Risk Parity,-0.020758967257544746,365
2023-05-12,Crypto,Risk Parity,Crypto Risk Parity,0.00629015613977147,365
2023-05-13,Crypto,Risk Parity,Crypto Risk Parity,-0.006240769469852781,365
2023-05-14,Crypto,Risk Parity,Crypto Risk Parity,0.009271387440961927,365
2023-05-15,Crypto,Risk Parity,Crypto Risk Parity,0.008584277954844554,365
2023-05-16,Crypto,Risk Parity,Crypto Risk Parity,0.007728580412645104,365
2023-05-17,Crypto,Risk Parity,Crypto Risk Parity,0.014674713759896521,365
2023-05-18,Crypto,Risk Parity,Crypto Risk Parity,-0.012014782248933695,365
2023-05-19,Crypto,Risk Parity,Crypto Risk Parity,0.003411099544985858,365
2023-05-20,Crypto,Risk Parity,Crypto Risk Parity,0.005536938757314535,365
2023-05-21,Crypto,Risk Parity,Crypto Risk Parity,-0.009807175959050084,365
2023-05-22,Crypto,Risk Parity,Crypto Risk Parity,0.008746075049174101,365
2023-05-23,Crypto,Risk Parity,Crypto Risk Parity,0.00885030205170137,365
2023-05-24,Crypto,Risk Parity,Crypto Risk Parity,-0.02941440004429457,365
2023-05-25,Crypto,Risk Parity,Crypto Risk Parity,0.0008304519311101195,365
2023-05-26,Crypto,Risk Parity,Crypto Risk Parity,0.012864400037675361,365
2023-05-27,Crypto,Risk Parity,Crypto Risk Parity,0.008739466929367688,365
2023-05-28,Crypto,Risk Parity,Crypto Risk Parity,0.028005861454756108,365
2023-05-29,Crypto,Risk Parity,Crypto Risk Parity,-0.006687105050268277,365
2023-05-30,Crypto,Risk Parity,Crypto Risk Parity,0.008951797068932111,365
2023-05-31,Crypto,Risk Parity,Crypto Risk Parity,-0.01128633448032594,365
2023-06-01,Crypto,Risk Parity,Crypto Risk Parity,-0.0072311670983212515,365
2023-06-02,Crypto,Risk Parity,Crypto Risk Parity,0.031066231832996068,365
2023-06-03,Crypto,Risk Parity,Crypto Risk Parity,-0.003652263240596412,365
2023-06-04,Crypto,Risk Parity,Crypto Risk Parity,0.0016837193005860673,365
2023-06-05,Crypto,Risk Parity,Crypto Risk Parity,-0.05468790877171747,365
2023-06-06,Crypto,Risk Parity,Crypto Risk Parity,0.03475549289318969,365
2023-06-07,Crypto,Risk Parity,Crypto Risk Parity,-0.03366050395743876,365
2023-06-08,Crypto,Risk Parity,Crypto Risk Parity,0.0070748996368077445,365
2023-06-09,Crypto,Risk Parity,Crypto Risk Parity,-0.012137170087250349,365
2023-06-10,Crypto,Risk Parity,Crypto Risk Parity,-0.07762783870994137,365
2023-06-11,Crypto,Risk Parity,Crypto Risk Parity,0.002017220604489744,365
2023-06-12,Crypto,Risk Parity,Crypto Risk Parity,0.0006000387196985516,365
2023-06-13,Crypto,Risk Parity,Crypto Risk Parity,0.002245526620037244,365
2023-06-14,Crypto,Risk Parity,Crypto Risk Parity,-0.042203064827147786,365
2023-06-15,Crypto,Risk Parity,Crypto Risk Parity,0.006147697059466055,365
2023-06-16,Crypto,Risk Parity,Crypto Risk Parity,0.012128233190080362,365
2023-06-17,Crypto,Risk Parity,Crypto Risk Parity,0.009570839857951131,365
2023-06-18,Crypto,Risk Parity,Crypto Risk Parity,-0.005685004916206211,365
2023-06-19,Crypto,Risk Parity,Crypto Risk Parity,0.007096004713562392,365
2023-06-20,Crypto,Risk Parity,Crypto Risk Parity,0.028341169309635122,365
2023-06-21,Crypto,Risk Parity,Crypto Risk Parity,0.06742884712170794,365
2023-06-22,Crypto,Risk Parity,Crypto Risk Parity,-0.0036053667265375385,365
2023-06-23,Crypto,Risk Parity,Crypto Risk Parity,0.0692707035066554,365
2023-06-24,Crypto,Risk Parity,Crypto Risk Parity,0.009736823617208254,365
2023-06-25,Crypto,Risk Parity,Crypto Risk Parity,-0.009300687522856172,365
2023-06-26,Crypto,Risk Parity,Crypto Risk Parity,0.004628408536581665,365
2023-06-27,Crypto,Risk Parity,Crypto Risk Parity,0.022152634464952987,365
2023-06-28,Crypto,Risk Parity,Crypto Risk Parity,-0.038095785609437695,365
2023-06-29,Crypto,Risk Parity,Crypto Risk Parity,0.02816224713232866,365
2023-06-30,Crypto,Risk Parity,Crypto Risk Parity,0.08742649701712038,365
2023-07-01,Crypto,Risk Parity,Crypto Risk Parity,-0.0014689976105029606,365
2023-07-02,Crypto,Risk Parity,Crypto Risk Parity,0.00517603167837829,365
2023-07-03,Crypto,Risk Parity,Crypto Risk Parity,-0.0033901983811082457,365
2023-07-04,Crypto,Risk Parity,Crypto Risk Parity,-0.018425785165058148,365
2023-07-05,Crypto,Risk Parity,Crypto Risk Parity,-0.014641224390998984,365
2023-07-06,Crypto,Risk Parity,Crypto Risk Parity,-0.02471077762738926,365
2023-07-07,Crypto,Risk Parity,Crypto Risk Parity,0.01764735254099905,365
2023-07-08,Crypto,Risk Parity,Crypto Risk Parity,0.0018955384197688729,365
2023-07-09,Crypto,Risk Parity,Crypto Risk Parity,-0.01348788456134224,365
2023-07-10,Crypto,Risk Parity,Crypto Risk Parity,0.012202839286215687,365
2023-07-11,Crypto,Risk Parity,Crypto Risk Parity,0.000569880704440297,365
2023-07-12,Crypto,Risk Parity,Crypto Risk Parity,-0.004394409827162353,365
2023-07-13,Crypto,Risk Parity,Crypto Risk Parity,0.18672172562976902,365
2023-07-14,Crypto,Risk Parity,Crypto Risk Parity,-0.059802052208128856,365
2023-07-15,Crypto,Risk Parity,Crypto Risk Parity,-0.009245462628804718,365
2023-07-16,Crypto,Risk Parity,Crypto Risk Parity,-0.0050429498512552596,365
2023-07-17,Crypto,Risk Parity,Crypto Risk Parity,-0.004319407786251547,365
2023-07-18,Crypto,Risk Parity,Crypto Risk Parity,0.0003311914925627585,365
2023-07-19,Crypto,Risk Parity,Crypto Risk Parity,0.02801763460401205,365
2023-07-20,Crypto,Risk Parity,Crypto Risk Parity,-0.0003876633262993629,365
2023-07-21,Crypto,Risk Parity,Crypto Risk Parity,-0.0015098006053609438,365
2023-07-22,Crypto,Risk Parity,Crypto Risk Parity,-0.011462797828114967,365
2023-07-23,Crypto,Risk Parity,Crypto Risk Parity,0.012597835473747845,365
2023-07-24,Crypto,Risk Parity,Crypto Risk Parity,-0.03822639253985521,365
2023-07-25,Crypto,Risk Parity,Crypto Risk Parity,0.0007197648423509894,365
2023-07-26,Crypto,Risk Parity,Crypto Risk Parity,0.014700231670131169,365
2023-07-27,Crypto,Risk Parity,Crypto Risk Parity,0.001803419380577482,365
2023-07-28,Crypto,Risk Parity,Crypto Risk Parity,0.007754186675565473,365
2023-07-29,Crypto,Risk Parity,Crypto Risk Parity,0.002831617904278727,365
2023-07-30,Crypto,Risk Parity,Crypto Risk Parity,-0.0029301336769096548,365
2023-07-31,Crypto,Risk Parity,Crypto Risk Parity,-0.016529078751619714,365
2023-08-01,Crypto,Risk Parity,Crypto Risk Parity,0.008585563095169927,365
2023-08-02,Crypto,Risk Parity,Crypto Risk Parity,-0.035945995828908076,365
2023-08-03,Crypto,Risk Parity,Crypto Risk Parity,-0.015984266446643195,365
2023-08-04,Crypto,Risk Parity,Crypto Risk Parity,-0.00703329058914474,365
2023-08-05,Crypto,Risk Parity,Crypto Risk Parity,0.0041674010380454915,365
2023-08-06,Crypto,Risk Parity,Crypto Risk Parity,-0.00520166347200629,365
2023-08-07,Crypto,Risk Parity,Crypto Risk Parity,0.006711556996284692,365
2023-08-08,Crypto,Risk Parity,Crypto Risk Parity,0.01483367573008229,365
2023-08-09,Crypto,Risk Parity,Crypto Risk Parity,-0.002470614008280261,365
2023-08-10,Crypto,Risk Parity,Crypto Risk Parity,-0.009615794960395966,365
2023-08-11,Crypto,Risk Parity,Crypto Risk Parity,-0.0023688174483377372,365
2023-08-12,Crypto,Risk Parity,Crypto Risk Parity,-1.9337619161039274e-05,365
2023-08-13,Crypto,Risk Parity,Crypto Risk Parity,-0.006097736394885845,365
2023-08-14,Crypto,Risk Parity,Crypto Risk Parity,0.0021689678591964557,365
2023-08-15,Crypto,Risk Parity,Crypto Risk Parity,-0.026688852755720086,365
2023-08-16,Crypto,Risk Parity,Crypto Risk Parity,-0.03694933066231861,365
2023-08-17,Crypto,Risk Parity,Crypto Risk Parity,-0.08607885236725044,365
2023-08-18,Crypto,Risk Parity,Crypto Risk Parity,0.004146126386172539,365
2023-08-19,Crypto,Risk Parity,Crypto Risk Parity,0.01363858522236721,365
2023-08-20,Crypto,Risk Parity,Crypto Risk Parity,0.016344340235007776,365
2023-08-21,Crypto,Risk Parity,Crypto Risk Parity,-0.009515994516277814,365
2023-08-22,Crypto,Risk Parity,Crypto Risk Parity,-0.013635232639638123,365
2023-08-23,Crypto,Risk Parity,Crypto Risk Parity,0.03041367091494521,365
2023-08-24,Crypto,Risk Parity,Crypto Risk Parity,-0.012040553213065993,365
2023-08-25,Crypto,Risk Parity,Crypto Risk Parity,-0.001184208586157646,365
2023-08-26,Crypto,Risk Parity,Crypto Risk Parity,-0.005117030955349332,365
2023-08-27,Crypto,Risk Parity,Crypto Risk Parity,0.0086579550873676,365
2023-08-28,Crypto,Risk Parity,Crypto Risk Parity,-0.005555858233654157,365
2023-08-29,Crypto,Risk Parity,Crypto Risk Parity,0.05429465708658855,365
2023-08-30,Crypto,Risk Parity,Crypto Risk Parity,-0.021794962405831505,365
2023-08-31,Crypto,Risk Parity,Crypto Risk Parity,-0.037550594805173254,365
2023-09-01,Crypto,Risk Parity,Crypto Risk Parity,-0.012353894574063275,365
2023-09-02,Crypto,Risk Parity,Crypto Risk Parity,0.0026020460768458897,365
2023-09-03,Crypto,Risk Parity,Crypto Risk Parity,0.005758109317768486,365
2023-09-04,Crypto,Risk Parity,Crypto Risk Parity,0.0026008741029007777,365
2023-09-05,Crypto,Risk Parity,Crypto Risk Parity,-0.001607164492517093,365
2023-09-06,Crypto,Risk Parity,Crypto Risk Parity,0.0016818222989423471,365
2023-09-07,Crypto,Risk Parity,Crypto Risk Parity,0.008099508039468696,365
2023-09-08,Crypto,Risk Parity,Crypto Risk Parity,-0.005456866923037705,365
2023-09-09,Crypto,Risk Parity,Crypto Risk Parity,0.0033656256143288024,365
2023-09-10,Crypto,Risk Parity,Crypto Risk Parity,-0.012871617283305143,365
2023-09-11,Crypto,Risk Parity,Crypto Risk Parity,-0.03241376479799292,365
2023-09-12,Crypto,Risk Parity,Crypto Risk Parity,0.02112217289195711,365
2023-09-13,Crypto,Risk Parity,Crypto Risk Parity,0.011115981657618948,365
2023-09-14,Crypto,Risk Parity,Crypto Risk Parity,0.015160935191603442,365
2023-09-15,Crypto,Risk Parity,Crypto Risk Parity,0.016455702672577753,365
2023-09-16,Crypto,Risk Parity,Crypto Risk Parity,-0.0038936731105472825,365
2023-09-17,Crypto,Risk Parity,Crypto Risk Parity,-0.015132082495228277,365
2023-09-18,Crypto,Risk Parity,Crypto Risk Parity,0.01875758716849509,365
2023-09-19,Crypto,Risk Parity,Crypto Risk Parity,0.01210596875621949,365
2023-09-20,Crypto,Risk Parity,Crypto Risk Parity,-0.010286267960233868,365
2023-09-21,Crypto,Risk Parity,Crypto Risk Parity,-0.019797161078433215,365
2023-09-22,Crypto,Risk Parity,Crypto Risk Parity,0.0012548677157687002,365
2023-09-23,Crypto,Risk Parity,Crypto Risk Parity,0.0024398798648253804,365
2023-09-24,Crypto,Risk Parity,Crypto Risk Parity,-0.01268419907312633,365
2023-09-25,Crypto,Risk Parity,Crypto Risk Parity,0.008431977620442652,365
2023-09-26,Crypto,Risk Parity,Crypto Risk Parity,-0.0028944473246956728,365
2023-09-27,Crypto,Risk Parity,Crypto Risk Parity,0.008891241419825939,365
2023-09-28,Crypto,Risk Parity,Crypto Risk Parity,0.024994794443065158,365
2023-09-29,Crypto,Risk Parity,Crypto Risk Parity,0.005384673345208695,365
2023-09-30,Crypto,Risk Parity,Crypto Risk Parity,0.0036615228960102707,365
2023-10-01,Crypto,Risk Parity,Crypto Risk Parity,0.0298927445922199,365
2023-10-02,Crypto,Risk Parity,Crypto Risk Parity,-0.02265860734288038,365
2023-10-03,Crypto,Risk Parity,Crypto Risk Parity,0.0008559368921882472,365
2023-10-04,Crypto,Risk Parity,Crypto Risk Parity,-0.005553682083119471,365
2023-10-05,Crypto,Risk Parity,Crypto Risk Parity,-0.01107062679330722,365
2023-10-06,Crypto,Risk Parity,Crypto Risk Parity,0.010044707961244766,365
2023-10-07,Crypto,Risk Parity,Crypto Risk Parity,-0.0037900502774761064,365
2023-10-08,Crypto,Risk Parity,Crypto Risk Parity,-0.004464633415956049,365
2023-10-09,Crypto,Risk Parity,Crypto Risk Parity,-0.02966603022413144,365
2023-10-10,Crypto,Risk Parity,Crypto Risk Parity,-0.007204452374752723,365
2023-10-11,Crypto,Risk Parity,Crypto Risk Parity,-0.009424422531091525,365
2023-10-12,Crypto,Risk Parity,Crypto Risk Parity,-0.0083478802844274,365
2023-10-13,Crypto,Risk Parity,Crypto Risk Parity,0.006841591232405296,365
2023-10-14,Crypto,Risk Parity,Crypto Risk Parity,0.0013173087029948426,365
2023-10-15,Crypto,Risk Parity,Crypto Risk Parity,0.006555951164992426,365
2023-10-16,Crypto,Risk Parity,Crypto Risk Parity,0.030787804349411085,365
2023-10-17,Crypto,Risk Parity,Crypto Risk Parity,-0.017737188954591115,365
2023-10-18,Crypto,Risk Parity,Crypto Risk Parity,-0.006467030176196395,365
2023-10-19,Crypto,Risk Parity,Crypto Risk Parity,0.01673854492486028,365
2023-10-20,Crypto,Risk Parity,Crypto Risk Parity,0.021870448950079984,365
2023-10-21,Crypto,Risk Parity,Crypto Risk Parity,0.017879349885067293,365
2023-10-22,Crypto,Risk Parity,Crypto Risk Parity,0.004502427547321326,365
2023-10-23,Crypto,Risk Parity,Crypto Risk Parity,0.059072076217937135,365
2023-10-24,Crypto,Risk Parity,Crypto Risk Parity,0.0014578169184777954,365
2023-10-25,Crypto,Risk Parity,Crypto Risk Parity,0.004542537616230534,365
2023-10-26,Crypto,Risk Parity,Crypto Risk Parity,-0.0009538248258256128,365
2023-10-27,Crypto,Risk Parity,Crypto Risk Parity,-0.010263544587248303,365
2023-10-28,Crypto,Risk Parity,Crypto Risk Parity,0.011246037782584883,365
2023-10-29,Crypto,Risk Parity,Crypto Risk Parity,0.01236944287087861,365
2023-10-30,Crypto,Risk Parity,Crypto Risk Parity,0.011383288501866639,365
2023-10-31,Crypto,Risk Parity,Crypto Risk Parity,0.008917120320652193,365
2023-11-01,Crypto,Risk Parity,Crypto Risk Parity,0.020793382153798744,365
2023-11-02,Crypto,Risk Parity,Crypto Risk Parity,-0.010640876303999928,365
2023-11-03,Crypto,Risk Parity,Crypto Risk Parity,0.004786625902644177,365
2023-11-04,Crypto,Risk Parity,Crypto Risk Parity,0.009210001735491007,365
2023-11-05,Crypto,Risk Parity,Crypto Risk Parity,0.020563210466216727,365
2023-11-06,Crypto,Risk Parity,Crypto Risk Parity,0.027375473499405025,365
2023-11-07,Crypto,Risk Parity,Crypto Risk Parity,-0.013665877433708902,365
2023-11-08,Crypto,Risk Parity,Crypto Risk Parity,0.008920912410578965,365
2023-11-09,Crypto,Risk Parity,Crypto Risk Parity,0.020282017175190747,365
2023-11-10,Crypto,Risk Parity,Crypto Risk Parity,0.016843119251304894,365
2023-11-11,Crypto,Risk Parity,Crypto Risk Parity,0.000490991240992943,365
2023-11-12,Crypto,Risk Parity,Crypto Risk Parity,-0.0008047600138653496,365
2023-11-13,Crypto,Risk Parity,Crypto Risk Parity,-0.015272389944254222,365
2023-11-14,Crypto,Risk Parity,Crypto Risk Parity,-0.03177881469224205,365
2023-11-15,Crypto,Risk Parity,Crypto Risk Parity,0.04269769507776452,365
2023-11-16,Crypto,Risk Parity,Crypto Risk Parity,-0.03385714545912431,365
2023-11-17,Crypto,Risk Parity,Crypto Risk Parity,-0.0005205411806087199,365
2023-11-18,Crypto,Risk Parity,Crypto Risk Parity,0.0009575177740995031,365
2023-11-19,Crypto,Risk Parity,Crypto Risk Parity,0.017542035843534354,365
2023-11-20,Crypto,Risk Parity,Crypto Risk Parity,-0.011674843591437287,365
2023-11-21,Crypto,Risk Parity,Crypto Risk Parity,-0.051861493249313356,365
2023-11-22,Crypto,Risk Parity,Crypto Risk Parity,0.04751485859486174,365
2023-11-23,Crypto,Risk Parity,Crypto Risk Parity,0.0030641582107658757,365
2023-11-24,Crypto,Risk Parity,Crypto Risk Parity,0.010971821190397354,365
2023-11-25,Crypto,Risk Parity,Crypto Risk Parity,0.014599782718373347,365
2023-11-26,Crypto,Risk Parity,Crypto Risk Parity,-0.010739328521199985,365
2023-11-27,Crypto,Risk Parity,Crypto Risk Parity,-0.023645732131426556,365
2023-11-28,Crypto,Risk Parity,Crypto Risk Parity,0.011122680824362833,365
2023-11-29,Crypto,Risk Parity,Crypto Risk Parity,-0.0014243095663894927,365
2023-11-30,Crypto,Risk Parity,Crypto Risk Parity,-0.003551745560541165,365
2023-12-01,Crypto,Risk Parity,Crypto Risk Parity,0.016653730533656715,365
2023-12-02,Crypto,Risk Parity,Crypto Risk Parity,0.01951292978860584,365
2023-12-03,Crypto,Risk Parity,Crypto Risk Parity,0.004797481830004341,365
2023-12-04,Crypto,Risk Parity,Crypto Risk Parity,0.025314264266637503,365
2023-12-05,Crypto,Risk Parity,Crypto Risk Parity,0.019776639871169302,365
2023-12-06,Crypto,Risk Parity,Crypto Risk Parity,0.0007343872733317603,365
2023-12-07,Crypto,Risk Parity,Crypto Risk Parity,0.021850754395038977,365
2023-12-08,Crypto,Risk Parity,Crypto Risk Parity,0.045430641326986196,365
2023-12-09,Crypto,Risk Parity,Crypto Risk Parity,0.005025775402313634,365
2023-12-10,Crypto,Risk Parity,Crypto Risk Parity,0.002450483943200249,365
2023-12-11,Crypto,Risk Parity,Crypto Risk Parity,-0.0645521498952296,365
2023-12-12,Crypto,Risk Parity,Crypto Risk Parity,0.005961853035583713,365
2023-12-13,Crypto,Risk Parity,Crypto Risk Parity,0.030510310931840222,365
2023-12-14,Crypto,Risk Parity,Crypto Risk Parity,0.005953773174029799,365
2023-12-15,Crypto,Risk Parity,Crypto Risk Parity,-0.03934899084933837,365
2023-12-16,Crypto,Risk Parity,Crypto Risk Parity,0.017546142283190794,365
2023-12-17,Crypto,Risk Parity,Crypto Risk Parity,-0.018894143748784755,365
2023-12-18,Crypto,Risk Parity,Crypto Risk Parity,0.004216151086152045,365
2023-12-19,Crypto,Risk Parity,Crypto Risk Parity,-0.013479129036868466,365
2023-12-20,Crypto,Risk Parity,Crypto Risk Parity,0.01956752353720571,365
2023-12-21,Crypto,Risk Parity,Crypto Risk Parity,0.026483685736418454,365
2023-12-22,Crypto,Risk Parity,Crypto Risk Parity,0.016687324479649174,365
2023-12-23,Crypto,Risk Parity,Crypto Risk Parity,-0.008337291659803037,365
2023-12-24,Crypto,Risk Parity,Crypto Risk Parity,-0.01737891693646953,365
2023-12-25,Crypto,Risk Parity,Crypto Risk Parity,0.028305747161060293,365
2023-12-26,Crypto,Risk Parity,Crypto Risk Parity,-0.022498090637357106,365
2023-12-27,Crypto,Risk Parity,Crypto Risk Parity,0.050218889216573165,365
2023-12-28,Crypto,Risk Parity,Crypto Risk Parity,-0.008619858947378442,365
2023-12-29,Crypto,Risk Parity,Crypto Risk Parity,-0.018036947410468296,365
2023-12-30,Crypto,Risk Parity,Crypto Risk Parity,0.006720717523320642,365
2023-12-31,Crypto,Risk Parity,Crypto Risk Parity,-0.010276499679135435,365
2021-01-04,Combined,Equal Weight,Combined Equal Weight,-0.003890754794180156,252
2021-01-05,Combined,Equal Weight,Combined Equal Weight,0.01812037653999204,252
2021-01-06,Combined,Equal Weight,Combined Equal Weight,0.04018247716107983,252
2021-01-07,Combined,Equal Weight,Combined Equal Weight,0.010143704534638191,252
2021-01-08,Combined,Equal Weight,Combined Equal Weight,0.001220860711885404,252
2021-01-11,Combined,Equal Weight,Combined Equal Weight,-0.021524225782496312,252
2021-01-12,Combined,Equal Weight,Combined Equal Weight,-0.000610989886097122,252
2021-01-13,Combined,Equal Weight,Combined Equal Weight,0.0138035678614654,252
2021-01-14,Combined,Equal Weight,Combined Equal Weight,0.005860779073975743,252
2021-01-15,Combined,Equal Weight,Combined Equal Weight,-0.01549532333694095,252
2021-01-19,Combined,Equal Weight,Combined Equal Weight,0.00763448071727424,252
2021-01-20,Combined,Equal Weight,Combined Equal Weight,0.00566190192199096,252
2021-01-21,Combined,Equal Weight,Combined Equal Weight,-0.027791277934350513,252
2021-01-22,Combined,Equal Weight,Combined Equal Weight,0.00775950772710815,252
2021-01-25,Combined,Equal Weight,Combined Equal Weight,-0.002077719675077335,252
2021-01-26,Combined,Equal Weight,Combined Equal Weight,-0.004617090510871493,252
2021-01-27,Combined,Equal Weight,Combined Equal Weight,-0.03390197079643124,252
2021-01-28,Combined,Equal Weight,Combined Equal Weight,0.02451134472452825,252
2021-01-29,Combined,Equal Weight,Combined Equal Weight,-0.007617075142822901,252
2021-02-01,Combined,Equal Weight,Combined Equal Weight,0.010204431715737178,252
2021-02-02,Combined,Equal Weight,Combined Equal Weight,0.0214035617840536,252
2021-02-03,Combined,Equal Weight,Combined Equal Weight,0.009427809957152509,252
2021-02-04,Combined,Equal Weight,Combined Equal Weight,0.004677017929212064,252
2021-02-05,Combined,Equal Weight,Combined Equal Weight,0.019298369448650807,252
2021-02-08,Combined,Equal Weight,Combined Equal Weight,0.02434997490930227,252
2021-02-09,Combined,Equal Weight,Combined Equal Weight,0.008633479616969733,252
2021-02-10,Combined,Equal Weight,Combined Equal Weight,0.008348949512855612,252
2021-02-11,Combined,Equal Weight,Combined Equal Weight,0.012119537999230363,252
2021-02-12,Combined,Equal Weight,Combined Equal Weight,0.012771234706878482,252
2021-02-16,Combined,Equal Weight,Combined Equal Weight,8.878331594455708e-05,252
2021-02-17,Combined,Equal Weight,Combined Equal Weight,0.009077872795865007,252
2021-02-18,Combined,Equal Weight,Combined Equal Weight,-0.0044465121074210336,252
2021-02-19,Combined,Equal Weight,Combined Equal Weight,0.009084852155601874,252
2021-02-22,Combined,Equal Weight,Combined Equal Weight,-0.008683328312674089,252
2021-02-23,Combined,Equal Weight,Combined Equal Weight,-0.026107713165073605,252
2021-02-24,Combined,Equal Weight,Combined Equal Weight,0.018758703010906323,252
2021-02-25,Combined,Equal Weight,Combined Equal Weight,-0.024130059591711498,252
2021-02-26,Combined,Equal Weight,Combined Equal Weight,-0.010366431104046597,252
2021-03-01,Combined,Equal Weight,Combined Equal Weight,0.027648109503017652,252
2021-03-02,Combined,Equal Weight,Combined Equal Weight,-0.004995095667853329,252
2021-03-03,Combined,Equal Weight,Combined Equal Weight,-0.0003332089387182878,252
2021-03-04,Combined,Equal Weight,Combined Equal Weight,-0.009153766461762134,252
2021-03-05,Combined,Equal Weight,Combined Equal Weight,0.013226334721981791,252
2021-03-08,Combined,Equal Weight,Combined Equal Weight,0.0044615570870611574,252
2021-03-09,Combined,Equal Weight,Combined Equal Weight,0.013254338704809361,252
2021-03-10,Combined,Equal Weight,Combined Equal Weight,0.0034800257662523444,252
2021-03-11,Combined,Equal Weight,Combined Equal Weight,0.004812708500153618,252
2021-03-12,Combined,Equal Weight,Combined Equal Weight,0.0025552918773153036,252
2021-03-15,Combined,Equal Weight,Combined Equal Weight,-0.0011713058424096996,252
2021-03-16,Combined,Equal Weight,Combined Equal Weight,0.007015489487125959,252
2021-03-17,Combined,Equal Weight,Combined Equal Weight,0.0069255963369633635,252
2021-03-18,Combined,Equal Weight,Combined Equal Weight,-0.015048507897716846,252
2021-03-19,Combined,Equal Weight,Combined Equal Weight,-0.00070636114816263,252
2021-03-22,Combined,Equal Weight,Combined Equal Weight,-0.00010487066879600696,252
2021-03-23,Combined,Equal Weight,Combined Equal Weight,-0.00556511518348784,252
2021-03-24,Combined,Equal Weight,Combined Equal Weight,-0.013883901971090516,252
2021-03-25,Combined,Equal Weight,Combined Equal Weight,0.00575361294981287,252
2021-03-26,Combined,Equal Weight,Combined Equal Weight,0.030944681028176862,252
2021-03-29,Combined,Equal Weight,Combined Equal Weight,0.007208518760961629,252
2021-03-30,Combined,Equal Weight,Combined Equal Weight,-0.0005418116981099118,252
2021-03-31,Combined,Equal Weight,Combined Equal Weight,0.010304119991946517,252
2021-04-01,Combined,Equal Weight,Combined Equal Weight,0.01467257875786394,252
2021-04-05,Combined,Equal Weight,Combined Equal Weight,0.023081966962157613,252
2021-04-06,Combined,Equal Weight,Combined Equal Weight,0.005966440099026122,252
2021-04-07,Combined,Equal Weight,Combined Equal Weight,-0.013625912450554615,252
2021-04-08,Combined,Equal Weight,Combined Equal Weight,0.010035511307399434,252
2021-04-09,Combined,Equal Weight,Combined Equal Weight,-0.0022646376081477183,252
2021-04-12,Combined,Equal Weight,Combined Equal Weight,-0.00014566428523633747,252
2021-04-13,Combined,Equal Weight,Combined Equal Weight,0.019726945162833902,252
2021-04-14,Combined,Equal Weight,Combined Equal Weight,0.007179858177289759,252
2021-04-15,Combined,Equal Weight,Combined Equal Weight,0.018026410097255228,252
2021-04-16,Combined,Equal Weight,Combined Equal Weight,0.010810640530123875,252
2021-04-19,Combined,Equal Weight,Combined Equal Weight,-0.013429808386374406,252
2021-04-20,Combined,Equal Weight,Combined Equal Weight,-0.0017194123355581932,252
2021-04-21,Combined,Equal Weight,Combined Equal Weight,0.0020527523406248713,252
2021-04-22,Combined,Equal Weight,Combined Equal Weight,-0.016198577187720494,252
2021-04-23,Combined,Equal Weight,Combined Equal Weight,0.004644271415590372,252
2021-04-26,Combined,Equal Weight,Combined Equal Weight,0.026003937241607527,252
2021-04-27,Combined,Equal Weight,Combined Equal Weight,0.00799500500657784,252
2021-04-28,Combined,Equal Weight,Combined Equal Weight,0.0006928192729146093,252
2021-04-29,Combined,Equal Weight,Combined Equal Weight,0.005640496360681096,252
2021-04-30,Combined,Equal Weight,Combined Equal Weight,0.007084977550949066,252
2021-05-03,Combined,Equal Weight,Combined Equal Weight,0.015444054543423343,252
2021-05-04,Combined,Equal Weight,Combined Equal Weight,-0.0056484990072109996,252
2021-05-05,Combined,Equal Weight,Combined Equal Weight,0.04372333086818183,252
2021-05-06,Combined,Equal Weight,Combined Equal Weight,0.022550097273660644,252
2021-05-07,Combined,Equal Weight,Combined Equal Weight,0.0018000016406711857,252
2021-05-10,Combined,Equal Weight,Combined Equal Weight,-0.014161891036241459,252
2021-05-11,Combined,Equal Weight,Combined Equal Weight,0.012826295389902972,252
2021-05-12,Combined,Equal Weight,Combined Equal Weight,-0.043128516631349395,252
2021-05-13,Combined,Equal Weight,Combined Equal Weight,0.01742943796387151,252
2021-05-14,Combined,Equal Weight,Combined Equal Weight,0.02061759877097845,252
2021-05-17,Combined,Equal Weight,Combined Equal Weight,-0.00844274429178517,252
2021-05-18,Combined,Equal Weight,Combined Equal Weight,-0.004358603510738576,252
2021-05-19,Combined,Equal Weight,Combined Equal Weight,-0.05502496853780313,252
2021-05-20,Combined,Equal Weight,Combined Equal Weight,0.0316634356068711,252
2021-05-21,Combined,Equal Weight,Combined Equal Weight,-0.021497824737603272,252
2021-05-24,Combined,Equal Weight,Combined Equal Weight,0.047287331314570705,252
2021-05-25,Combined,Equal Weight,Combined Equal Weight,-0.004097105160568199,252
2021-05-26,Combined,Equal Weight,Combined Equal Weight,0.014872081029443268,252
2021-05-27,Combined,Equal Weight,Combined Equal Weight,-0.003959701442402558,252
2021-05-28,Combined,Equal Weight,Combined Equal Weight,-0.011492925379301373,252
2021-06-01,Combined,Equal Weight,Combined Equal Weight,0.0019320991050394561,252
2021-06-02,Combined,Equal Weight,Combined Equal Weight,0.005887695082374623,252
2021-06-03,Combined,Equal Weight,Combined Equal Weight,0.006975701709594551,252
2021-06-04,Combined,Equal Weight,Combined Equal Weight,-0.006163965303206657,252
2021-06-07,Combined,Equal Weight,Combined Equal Weight,-0.015368342643534445,252
2021-06-08,Combined,Equal Weight,Combined Equal Weight,-0.002371154567070977,252
2021-06-09,Combined,Equal Weight,Combined Equal Weight,0.007302707257698666,252
2021-06-10,Combined,Equal Weight,Combined Equal Weight,-0.004799715458690143,252
2021-06-11,Combined,Equal Weight,Combined Equal Weight,-0.00592956646844019,252
2021-06-14,Combined,Equal Weight,Combined Equal Weight,0.0007492351693836748,252
2021-06-15,Combined,Equal Weight,Combined Equal Weight,0.0008401618357091992,252
2021-06-16,Combined,Equal Weight,Combined Equal Weight,-0.01824447264472362,252
2021-06-17,Combined,Equal Weight,Combined Equal Weight,-0.005570700136612286,252
2021-06-18,Combined,Equal Weight,Combined Equal Weight,-0.02218297042893264,252
2021-06-21,Combined,Equal Weight,Combined Equal Weight,-0.017547477815348336,252
2021-06-22,Combined,Equal Weight,Combined Equal Weight,-0.004652135019746893,252
2021-06-23,Combined,Equal Weight,Combined Equal Weight,0.0114251516164361,252
2021-06-24,Combined,Equal Weight,Combined Equal Weight,0.016931027913349446,252
2021-06-25,Combined,Equal Weight,Combined Equal Weight,-0.0069324377105603515,252
2021-06-28,Combined,Equal Weight,Combined Equal Weight,0.001742640027146001,252
2021-06-29,Combined,Equal Weight,Combined Equal Weight,0.012414481983307891,252
2021-06-30,Combined,Equal Weight,Combined Equal Weight,0.005368765226058121,252
2021-07-01,Combined,Equal Weight,Combined Equal Weight,-0.0033192767515803833,252
2021-07-02,Combined,Equal Weight,Combined Equal Weight,0.004263327713458632,252
2021-07-06,Combined,Equal Weight,Combined Equal Weight,-0.004212575069847086,252
2021-07-07,Combined,Equal Weight,Combined Equal Weight,-0.002181279266246695,252
2021-07-08,Combined,Equal Weight,Combined Equal Weight,-0.01410093136860779,252
2021-07-09,Combined,Equal Weight,Combined Equal Weight,0.015525252970304144,252
2021-07-12,Combined,Equal Weight,Combined Equal Weight,6.666012125694546e-06,252
2021-07-13,Combined,Equal Weight,Combined Equal Weight,-0.009426809800300114,252
2021-07-14,Combined,Equal Weight,Combined Equal Weight,-0.00025849365444601967,252
2021-07-15,Combined,Equal Weight,Combined Equal Weight,-0.006653536534465437,252
2021-07-16,Combined,Equal Weight,Combined Equal Weight,-0.011967131418521897,252
2021-07-19,Combined,Equal Weight,Combined Equal Weight,-0.022459570395439412,252
2021-07-20,Combined,Equal Weight,Combined Equal Weight,0.0028586259219501348,252
2021-07-21,Combined,Equal Weight,Combined Equal Weight,0.022601742030328036,252
2021-07-22,Combined,Equal Weight,Combined Equal Weight,0.004775657305063478,252
2021-07-23,Combined,Equal Weight,Combined Equal Weight,0.009348842887017785,252
2021-07-26,Combined,Equal Weight,Combined Equal Weight,0.008748477236540465,252
2021-07-27,Combined,Equal Weight,Combined Equal Weight,0.002717867987850974,252
2021-07-28,Combined,Equal Weight,Combined Equal Weight,0.00635380484284413,252
2021-07-29,Combined,Equal Weight,Combined Equal Weight,0.00834840788571078,252
2021-07-30,Combined,Equal Weight,Combined Equal Weight,0.00028231737218043683,252
2021-08-02,Combined,Equal Weight,Combined Equal Weight,-0.0004144954999887855,252
2021-08-03,Combined,Equal Weight,Combined Equal Weight,0.0028984554738739317,252
2021-08-04,Combined,Equal Weight,Combined Equal Weight,-0.0006855822474707834,252
2021-08-05,Combined,Equal Weight,Combined Equal Weight,0.006763876655075018,252
2021-08-06,Combined,Equal Weight,Combined Equal Weight,0.006557461830400194,252
2021-08-09,Combined,Equal Weight,Combined Equal Weight,0.006843418909327442,252
2021-08-10,Combined,Equal Weight,Combined Equal Weight,0.008391531950525912,252
2021-08-11,Combined,Equal Weight,Combined Equal Weight,0.017641084177718844,252
2021-08-12,Combined,Equal Weight,Combined Equal Weight,-0.0021356552001352376,252
2021-08-13,Combined,Equal Weight,Combined Equal Weight,0.017674559383084754,252
2021-08-16,Combined,Equal Weight,Combined Equal Weight,-0.008433254654068604,252
2021-08-17,Combined,Equal Weight,Combined Equal Weight,-0.015290825753124777,252
2021-08-18,Combined,Equal Weight,Combined Equal Weight,-0.008506412839214213,252
2021-08-19,Combined,Equal Weight,Combined Equal Weight,0.00647030888363628,252
2021-08-20,Combined,Equal Weight,Combined Equal Weight,0.01088140538275446,252
2021-08-23,Combined,Equal Weight,Combined Equal Weight,0.012042506748717808,252
2021-08-24,Combined,Equal Weight,Combined Equal Weight,-0.00947256705076925,252
2021-08-25,Combined,Equal Weight,Combined Equal Weight,0.003871308138151617,252
2021-08-26,Combined,Equal Weight,Combined Equal Weight,-0.016122481497608712,252
2021-08-27,Combined,Equal Weight,Combined Equal Weight,0.02151123226674198,252
2021-08-30,Combined,Equal Weight,Combined Equal Weight,-0.006425248361791524,252
2021-08-31,Combined,Equal Weight,Combined Equal Weight,0.005361457888820467,252
2021-09-01,Combined,Equal Weight,Combined Equal Weight,0.007531067699489176,252
2021-09-02,Combined,Equal Weight,Combined Equal Weight,0.0077355292823603075,252
2021-09-03,Combined,Equal Weight,Combined Equal Weight,0.0048668359169259205,252
2021-09-07,Combined,Equal Weight,Combined Equal Weight,-0.03628095981293478,252
2021-09-08,Combined,Equal Weight,Combined Equal Weight,-0.0015716560248669777,252
2021-09-09,Combined,Equal Weight,Combined Equal Weight,-0.004756211936891717,252
2021-09-10,Combined,Equal Weight,Combined Equal Weight,-0.010110524390361905,252
2021-09-13,Combined,Equal Weight,Combined Equal Weight,-0.0025804163067568195,252
2021-09-14,Combined,Equal Weight,Combined Equal Weight,-0.0014324195158687495,252
2021-09-15,Combined,Equal Weight,Combined Equal Weight,0.012875051537632583,252
2021-09-16,Combined,Equal Weight,Combined Equal Weight,-0.007803687345412979,252
2021-09-17,Combined,Equal Weight,Combined Equal Weight,-0.014286215712741263,252
2021-09-20,Combined,Equal Weight,Combined Equal Weight,-0.03329331545513272,252
2021-09-21,Combined,Equal Weight,Combined Equal Weight,-0.010663478479630055,252
2021-09-22,Combined,Equal Weight,Combined Equal Weight,0.02564758130751815,252
2021-09-23,Combined,Equal Weight,Combined Equal Weight,0.012260223908901547,252
2021-09-24,Combined,Equal Weight,Combined Equal Weight,-0.012367511550657524,252
2021-09-27,Combined,Equal Weight,Combined Equal Weight,-0.002438326066047432,252
2021-09-28,Combined,Equal Weight,Combined Equal Weight,-0.01479113248412489,252
2021-09-29,Combined,Equal Weight,Combined Equal Weight,0.00746668734471468,252
2021-09-30,Combined,Equal Weight,Combined Equal Weight,-0.0017850033793431162,252
2021-10-01,Combined,Equal Weight,Combined Equal Weight,0.024591481632230426,252
2021-10-04,Combined,Equal Weight,Combined Equal Weight,-0.004760865119006869,252
2021-10-05,Combined,Equal Weight,Combined Equal Weight,0.011263409404533149,252
2021-10-06,Combined,Equal Weight,Combined Equal Weight,0.0052996406598413755,252
2021-10-07,Combined,Equal Weight,Combined Equal Weight,0.0056381560180195425,252
2021-10-08,Combined,Equal Weight,Combined Equal Weight,-0.0023150848948262984,252
2021-10-11,Combined,Equal Weight,Combined Equal Weight,-0.004783810819609661,252
2021-10-12,Combined,Equal Weight,Combined Equal Weight,-0.004723113417267522,252
2021-10-13,Combined,Equal Weight,Combined Equal Weight,0.008046235807029636,252
2021-10-14,Combined,Equal Weight,Combined Equal Weight,0.012013720336223652,252
2021-10-15,Combined,Equal Weight,Combined Equal Weight,0.007506264442978244,252
2021-10-18,Combined,Equal Weight,Combined Equal Weight,-0.0006564281322926672,252
2021-10-19,Combined,Equal Weight,Combined Equal Weight,0.010334411223166513,252
2021-10-20,Combined,Equal Weight,Combined Equal Weight,0.015919467021704402,252
2021-10-21,Combined,Equal Weight,Combined Equal Weight,-0.005106919703657936,252
2021-10-22,Combined,Equal Weight,Combined Equal Weight,-0.0005606793506842656,252
2021-10-25,Combined,Equal Weight,Combined Equal Weight,0.00820131279086554,252
2021-10-26,Combined,Equal Weight,Combined Equal Weight,0.0020380461203450533,252
2021-10-27,Combined,Equal Weight,Combined Equal Weight,-0.02865986108789276,252
2021-10-28,Combined,Equal Weight,Combined Equal Weight,0.016269624424211405,252
2021-10-29,Combined,Equal Weight,Combined Equal Weight,0.00237802892844115,252
2021-11-01,Combined,Equal Weight,Combined Equal Weight,0.005496539455518862,252
2021-11-02,Combined,Equal Weight,Combined Equal Weight,0.009294275797061706,252
2021-11-03,Combined,Equal Weight,Combined Equal Weight,0.00696177932756476,252
2021-11-04,Combined,Equal Weight,Combined Equal Weight,-0.0004541795884501543,252
2021-11-05,Combined,Equal Weight,Combined Equal Weight,0.0018977906685878796,252
2021-11-08,Combined,Equal Weight,Combined Equal Weight,0.013160514517736175,252
2021-11-09,Combined,Equal Weight,Combined Equal Weight,0.009076821272139915,252
2021-11-10,Combined,Equal Weight,Combined Equal Weight,-0.014626270437855951,252
2021-11-11,Combined,Equal Weight,Combined Equal Weight,0.0028182639518571848,252
2021-11-12,Combined,Equal Weight,Combined Equal Weight,-0.0017091093745052726,252
2021-11-15,Combined,Equal Weight,Combined Equal Weight,-0.0031997942733268,252
2021-11-16,Combined,Equal Weight,Combined Equal Weight,-0.014269076752689024,252
2021-11-17,Combined,Equal Weight,Combined Equal Weight,-0.004503910391576133,252
2021-11-18,Combined,Equal Weight,Combined Equal Weight,-0.012178625840402222,252
2021-11-19,Combined,Equal Weight,Combined Equal Weight,0.0016083130038162285,252
2021-11-22,Combined,Equal Weight,Combined Equal Weight,-0.0043254668527288875,252
2021-11-23,Combined,Equal Weight,Combined Equal Weight,0.010080833081749263,252
2021-11-24,Combined,Equal Weight,Combined Equal Weight,-0.0028379924818224857,252
2021-11-26,Combined,Equal Weight,Combined Equal Weight,-0.02933847670788177,252
2021-11-29,Combined,Equal Weight,Combined Equal Weight,0.008916650891831268,252
2021-11-30,Combined,Equal Weight,Combined Equal Weight,-0.018449366912494745,252
2021-12-01,Combined,Equal Weight,Combined Equal Weight,-0.011750985011291236,252
2021-12-02,Combined,Equal Weight,Combined Equal Weight,0.018424546320772135,252
2021-12-03,Combined,Equal Weight,Combined Equal Weight,-0.00989665005268462,252
2021-12-06,Combined,Equal Weight,Combined Equal Weight,0.017967098671794034,252
2021-12-07,Combined,Equal Weight,Combined Equal Weight,0.011524713550818215,252
2021-12-08,Combined,Equal Weight,Combined Equal Weight,0.005738811185586795,252
2021-12-09,Combined,Equal Weight,Combined Equal Weight,-0.017306547344091625,252
2021-12-10,Combined,Equal Weight,Combined Equal Weight,-0.0017509506946767066,252
2021-12-13,Combined,Equal Weight,Combined Equal Weight,-0.018475000626454328,252
2021-12-14,Combined,Equal Weight,Combined Equal Weight,0.00037317725438743194,252
2021-12-15,Combined,Equal Weight,Combined Equal Weight,0.015336483030759827,252
2021-12-16,Combined,Equal Weight,Combined Equal Weight,-0.0014557751549373469,252
2021-12-17,Combined,Equal Weight,Combined Equal Weight,-0.014493090540587996,252
2021-12-20,Combined,Equal Weight,Combined Equal Weight,-0.006322349334487456,252
2021-12-21,Combined,Equal Weight,Combined Equal Weight,0.017718322151441344,252
2021-12-22,Combined,Equal Weight,Combined Equal Weight,0.005884459350951685,252
2021-12-23,Combined,Equal Weight,Combined Equal Weight,0.012980871774251777,252
2021-12-27,Combined,Equal Weight,Combined Equal Weight,0.011695336888605877,252
2021-12-28,Combined,Equal Weight,Combined Equal Weight,-0.009558348712256831,252
2021-12-29,Combined,Equal Weight,Combined Equal Weight,-0.004461703030257021,252
2021-12-30,Combined,Equal Weight,Combined Equal Weight,0.0015601369410051646,252
2021-12-31,Combined,Equal Weight,Combined Equal Weight,-0.0034643943065615673,252
2022-01-03,Combined,Equal Weight,Combined Equal Weight,0.0031231601620466984,252
2022-01-04,Combined,Equal Weight,Combined Equal Weight,0.004945424476565641,252
2022-01-05,Combined,Equal Weight,Combined Equal Weight,-0.01852054166494927,252
2022-01-06,Combined,Equal Weight,Combined Equal Weight,0.0003515469813984868,252
2022-01-07,Combined,Equal Weight,Combined Equal Weight,-0.005573185878732739,252
2022-01-10,Combined,Equal Weight,Combined Equal Weight,-0.010468008645634555,252
2022-01-11,Combined,Equal Weight,Combined Equal Weight,0.014117589837793544,252
2022-01-12,Combined,Equal Weight,Combined Equal Weight,0.011324891190994087,252
2022-01-13,Combined,Equal Weight,Combined Equal Weight,-0.009911573013603523,252
2022-01-14,Combined,Equal Weight,Combined Equal Weight,0.005830496410168116,252
2022-01-18,Combined,Equal Weight,Combined Equal Weight,-0.01153302363533437,252
2022-01-19,Combined,Equal Weight,Combined Equal Weight,-0.010489090579142497,252
2022-01-20,Combined,Equal Weight,Combined Equal Weight,-0.01697219514854896,252
2022-01-21,Combined,Equal Weight,Combined Equal Weight,-0.030061223982015495,252
2022-01-24,Combined,Equal Weight,Combined Equal Weight,-0.0028541466834678068,252
2022-01-25,Combined,Equal Weight,Combined Equal Weight,-0.0027430716109983658,252
2022-01-26,Combined,Equal Weight,Combined Equal Weight,-0.006530534848476082,252
2022-01-27,Combined,Equal Weight,Combined Equal Weight,-0.004293893754328957,252
2022-01-28,Combined,Equal Weight,Combined Equal Weight,0.018309617859772694,252
2022-01-31,Combined,Equal Weight,Combined Equal Weight,0.014107319571363013,252
2022-02-01,Combined,Equal Weight,Combined Equal Weight,0.012964162723813276,252
2022-02-02,Combined,Equal Weight,Combined Equal Weight,0.001781730123900455,252
2022-02-03,Combined,Equal Weight,Combined Equal Weight,-0.00535646553699757,252
2022-02-04,Combined,Equal Weight,Combined Equal Weight,0.013733646897065195,252
2022-02-07,Combined,Equal Weight,Combined Equal Weight,0.013688791888446364,252
2022-02-08,Combined,Equal Weight,Combined Equal Weight,0.002937165988081729,252
2022-02-09,Combined,Equal Weight,Combined Equal Weight,0.013799729865727304,252
2022-02-10,Combined,Equal Weight,Combined Equal Weight,-0.0184836291489719,252
2022-02-11,Combined,Equal Weight,Combined Equal Weight,-0.018485411795621763,252
2022-02-14,Combined,Equal Weight,Combined Equal Weight,-0.006096454332451163,252
2022-02-15,Combined,Equal Weight,Combined Equal Weight,0.017944771341906928,252
2022-02-16,Combined,Equal Weight,Combined Equal Weight,-0.0029439425950380242,252
2022-02-17,Combined,Equal Weight,Combined Equal Weight,-0.025669044392356868,252
2022-02-18,Combined,Equal Weight,Combined Equal Weight,-0.008308974284683527,252
2022-02-22,Combined,Equal Weight,Combined Equal Weight,0.0010145262277304033,252
2022-02-23,Combined,Equal Weight,Combined Equal Weight,-0.013019673685019417,252
2022-02-24,Combined,Equal Weight,Combined Equal Weight,0.005844886592826033,252
2022-02-25,Combined,Equal Weight,Combined Equal Weight,0.02829906828882836,252
2022-02-28,Combined,Equal Weight,Combined Equal Weight,0.014981012301147336,252
2022-03-01,Combined,Equal Weight,Combined Equal Weight,-0.010226922298809879,252
2022-03-02,Combined,Equal Weight,Combined Equal Weight,0.013323609703012582,252
2022-03-03,Combined,Equal Weight,Combined Equal Weight,-0.003943445898772509,252
2022-03-04,Combined,Equal Weight,Combined Equal Weight,-0.010092048189367153,252
2022-03-07,Combined,Equal Weight,Combined Equal Weight,-0.017769087077544526,252
2022-03-08,Combined,Equal Weight,Combined Equal Weight,-0.0005181088985887556,252
2022-03-09,Combined,Equal Weight,Combined Equal Weight,0.022753857325534487,252
2022-03-10,Combined,Equal Weight,Combined Equal Weight,-0.00828375011728297,252
2022-03-11,Combined,Equal Weight,Combined Equal Weight,-0.005725738540850366,252
2022-03-14,Combined,Equal Weight,Combined Equal Weight,-0.003629062472281809,252
2022-03-15,Combined,Equal Weight,Combined Equal Weight,0.008665417098065818,252
2022-03-16,Combined,Equal Weight,Combined Equal Weight,0.020116243438739852,252
2022-03-17,Combined,Equal Weight,Combined Equal Weight,0.011785017412108273,252
2022-03-18,Combined,Equal Weight,Combined Equal Weight,0.007895695606537634,252
2022-03-21,Combined,Equal Weight,Combined Equal Weight,0.007010971569600106,252
2022-03-22,Combined,Equal Weight,Combined Equal Weight,0.015103216163539688,252
2022-03-23,Combined,Equal Weight,Combined Equal Weight,-0.006049250070386994,252
2022-03-24,Combined,Equal Weight,Combined Equal Weight,0.013068632416285834,252
2022-03-25,Combined,Equal Weight,Combined Equal Weight,0.005595401879406858,252
2022-03-28,Combined,Equal Weight,Combined Equal Weight,0.0014474188611262042,252
2022-03-29,Combined,Equal Weight,Combined Equal Weight,0.012684810195777252,252
2022-03-30,Combined,Equal Weight,Combined Equal Weight,-0.0019830263042148024,252
2022-03-31,Combined,Equal Weight,Combined Equal Weight,-0.01730613365638242,252
2022-04-01,Combined,Equal Weight,Combined Equal Weight,0.007345515668125022,252
2022-04-04,Combined,Equal Weight,Combined Equal Weight,0.0008953739066797083,252
2022-04-05,Combined,Equal Weight,Combined Equal Weight,-0.013658704065118673,252
2022-04-06,Combined,Equal Weight,Combined Equal Weight,-0.01632867769671043,252
2022-04-07,Combined,Equal Weight,Combined Equal Weight,0.007364622930832038,252
2022-04-08,Combined,Equal Weight,Combined Equal Weight,-0.004348636173546208,252
2022-04-11,Combined,Equal Weight,Combined Equal Weight,-0.023264955744011714,252
2022-04-12,Combined,Equal Weight,Combined Equal Weight,0.004007312985704972,252
2022-04-13,Combined,Equal Weight,Combined Equal Weight,0.013787966587576852,252
2022-04-14,Combined,Equal Weight,Combined Equal Weight,-0.005741101907638509,252
2022-04-18,Combined,Equal Weight,Combined Equal Weight,0.004428319975481327,252
2022-04-19,Combined,Equal Weight,Combined Equal Weight,0.014011769138049199,252
2022-04-20,Combined,Equal Weight,Combined Equal Weight,-0.0007653785091205791,252
2022-04-21,Combined,Equal Weight,Combined Equal Weight,-0.01378429469162269,252
2022-04-22,Combined,Equal Weight,Combined Equal Weight,-0.0212141017157444,252
2022-04-25,Combined,Equal Weight,Combined Equal Weight,-0.00044088502730586267,252
2022-04-26,Combined,Equal Weight,Combined Equal Weight,-0.02854454353756599,252
2022-04-27,Combined,Equal Weight,Combined Equal Weight,0.0044478831711573215,252
2022-04-28,Combined,Equal Weight,Combined Equal Weight,0.016149437880903197,252
2022-04-29,Combined,Equal Weight,Combined Equal Weight,-0.035359140373519345,252
2022-05-02,Combined,Equal Weight,Combined Equal Weight,0.003043863419666624,252
2022-05-03,Combined,Equal Weight,Combined Equal Weight,0.003564029912301043,252
2022-05-04,Combined,Equal Weight,Combined Equal Weight,0.04177919186906608,252
2022-05-05,Combined,Equal Weight,Combined Equal Weight,-0.035674046210538164,252
2022-05-06,Combined,Equal Weight,Combined Equal Weight,-0.0014604223199472914,252
2022-05-09,Combined,Equal Weight,Combined Equal Weight,-0.05231015937226134,252
2022-05-10,Combined,Equal Weight,Combined Equal Weight,0.002289456630839911,252
2022-05-11,Combined,Equal Weight,Combined Equal Weight,-0.026863850658016598,252
2022-05-12,Combined,Equal Weight,Combined Equal Weight,-0.00628483657694093,252
2022-05-13,Combined,Equal Weight,Combined Equal Weight,0.029710343488453375,252
2022-05-16,Combined,Equal Weight,Combined Equal Weight,-0.00883745881756987,252
2022-05-17,Combined,Equal Weight,Combined Equal Weight,0.02352217655826353,252
2022-05-18,Combined,Equal Weight,Combined Equal Weight,-0.03656835295238526,252
2022-05-19,Combined,Equal Weight,Combined Equal Weight,0.0063987913113561935,252
2022-05-20,Combined,Equal Weight,Combined Equal Weight,-0.004721622706890219,252
2022-05-23,Combined,Equal Weight,Combined Equal Weight,0.010608109265878499,252
2022-05-24,Combined,Equal Weight,Combined Equal Weight,0.005686548913250514,252
2022-05-25,Combined,Equal Weight,Combined Equal Weight,0.005888223167806835,252
2022-05-26,Combined,Equal Weight,Combined Equal Weight,0.004244669034147538,252
2022-05-27,Combined,Equal Weight,Combined Equal Weight,0.011565068511086294,252
2022-05-31,Combined,Equal Weight,Combined Equal Weight,-0.004450962361167223,252
2022-06-01,Combined,Equal Weight,Combined Equal Weight,-0.016220122078898152,252
2022-06-02,Combined,Equal Weight,Combined Equal Weight,0.016240133807354812,252
2022-06-03,Combined,Equal Weight,Combined Equal Weight,-0.011271403291995526,252
2022-06-06,Combined,Equal Weight,Combined Equal Weight,0.004473021448710698,252
2022-06-07,Combined,Equal Weight,Combined Equal Weight,0.006515504781820812,252
2022-06-08,Combined,Equal Weight,Combined Equal Weight,-0.01300935230286354,252
2022-06-09,Combined,Equal Weight,Combined Equal Weight,-0.0206809849957796,252
2022-06-10,Combined,Equal Weight,Combined Equal Weight,-0.030169260382236572,252
2022-06-13,Combined,Equal Weight,Combined Equal Weight,-0.05473765216540984,252
2022-06-14,Combined,Equal Weight,Combined Equal Weight,-0.0034627853951064973,252
2022-06-15,Combined,Equal Weight,Combined Equal Weight,0.019983917419261744,252
2022-06-16,Combined,Equal Weight,Combined Equal Weight,-0.04189225555299425,252
2022-06-17,Combined,Equal Weight,Combined Equal Weight,0.002732871883782613,252
2022-06-21,Combined,Equal Weight,Combined Equal Weight,0.018731182956851,252
2022-06-22,Combined,Equal Weight,Combined Equal Weight,-0.008861850562642581,252
2022-06-23,Combined,Equal Weight,Combined Equal Weight,0.010001614049097596,252
2022-06-24,Combined,Equal Weight,Combined Equal Weight,0.030300955456340227,252
2022-06-27,Combined,Equal Weight,Combined Equal Weight,-0.0037082095460847994,252
2022-06-28,Combined,Equal Weight,Combined Equal Weight,-0.01511942493604518,252
2022-06-29,Combined,Equal Weight,Combined Equal Weight,-0.006696225000566498,252
2022-06-30,Combined,Equal Weight,Combined Equal Weight,-0.007535848717859895,252
2022-07-01,Combined,Equal Weight,Combined Equal Weight,0.00515536001289951,252
2022-07-05,Combined,Equal Weight,Combined Equal Weight,-0.008417589662965286,252
2022-07-06,Combined,Equal Weight,Combined Equal Weight,0.0027449040675721617,252
2022-07-07,Combined,Equal Weight,Combined Equal Weight,0.018122510900338784,252
2022-07-08,Combined,Equal Weight,Combined Equal Weight,-0.004392454474492608,252
2022-07-11,Combined,Equal Weight,Combined Equal Weight,-0.015641645535133204,252
2022-07-12,Combined,Equal Weight,Combined Equal Weight,-0.007135968983798226,252
2022-07-13,Combined,Equal Weight,Combined Equal Weight,0.004273844927175244,252
2022-07-14,Combined,Equal Weight,Combined Equal Weight,0.0003954618362371806,252
2022-07-15,Combined,Equal Weight,Combined Equal Weight,0.017723298169292707,252
2022-07-18,Combined,Equal Weight,Combined Equal Weight,0.015313114732142502,252
2022-07-19,Combined,Equal Weight,Combined Equal Weight,0.025868757750962732,252
2022-07-20,Combined,Equal Weight,Combined Equal Weight,-0.0038281574092857477,252
2022-07-21,Combined,Equal Weight,Combined Equal Weight,0.008552757200913889,252
2022-07-22,Combined,Equal Weight,Combined Equal Weight,-0.005418183269914843,252
2022-07-25,Combined,Equal Weight,Combined Equal Weight,-0.009139212362314903,252
2022-07-26,Combined,Equal Weight,Combined Equal Weight,-0.0033364259038047364,252
2022-07-27,Combined,Equal Weight,Combined Equal Weight,0.02792847365268602,252
2022-07-28,Combined,Equal Weight,Combined Equal Weight,0.021607122134156647,252
2022-07-29,Combined,Equal Weight,Combined Equal Weight,0.007116952121869636,252
2022-08-01,Combined,Equal Weight,Combined Equal Weight,-0.003463816514591549,252
2022-08-02,Combined,Equal Weight,Combined Equal Weight,-0.01125840552766689,252
2022-08-03,Combined,Equal Weight,Combined Equal Weight,0.0043077639733036166,252
2022-08-04,Combined,Equal Weight,Combined Equal Weight,-0.0011084059539739493,252
2022-08-05,Combined,Equal Weight,Combined Equal Weight,0.008947954951706028,252
2022-08-08,Combined,Equal Weight,Combined Equal Weight,0.0037225810330289637,252
2022-08-09,Combined,Equal Weight,Combined Equal Weight,-0.007945398147576594,252
2022-08-10,Combined,Equal Weight,Combined Equal Weight,0.022285586386157942,252
2022-08-11,Combined,Equal Weight,Combined Equal Weight,0.007112773058763378,252
2022-08-12,Combined,Equal Weight,Combined Equal Weight,0.014744085826509507,252
2022-08-15,Combined,Equal Weight,Combined Equal Weight,0.000823003402723443,252
2022-08-16,Combined,Equal Weight,Combined Equal Weight,0.002814440189481565,252
2022-08-17,Combined,Equal Weight,Combined Equal Weight,-0.00779858988911779,252
2022-08-18,Combined,Equal Weight,Combined Equal Weight,0.00043693173708676884,252
2022-08-19,Combined,Equal Weight,Combined Equal Weight,-0.025355329437994713,252
2022-08-22,Combined,Equal Weight,Combined Equal Weight,-0.01253747539978588,252
2022-08-23,Combined,Equal Weight,Combined Equal Weight,0.004000658103116928,252
2022-08-24,Combined,Equal Weight,Combined Equal Weight,0.0006884568862047301,252
2022-08-25,Combined,Equal Weight,Combined Equal Weight,0.013369768680934336,252
2022-08-26,Combined,Equal Weight,Combined Equal Weight,-0.03608088845540071,252
2022-08-29,Combined,Equal Weight,Combined Equal Weight,0.005030206035969886,252
2022-08-30,Combined,Equal Weight,Combined Equal Weight,-0.015619484591487912,252
2022-08-31,Combined,Equal Weight,Combined Equal Weight,-0.0055874896852431315,252
2022-09-01,Combined,Equal Weight,Combined Equal Weight,0.003488643667265684,252
2022-09-02,Combined,Equal Weight,Combined Equal Weight,-0.00711265066202726,252
2022-09-06,Combined,Equal Weight,Combined Equal Weight,-0.01516233427813982,252
2022-09-07,Combined,Equal Weight,Combined Equal Weight,0.02288835686256835,252
2022-09-08,Combined,Equal Weight,Combined Equal Weight,0.006030335202376024,252
2022-09-09,Combined,Equal Weight,Combined Equal Weight,0.021971926470323134,252
2022-09-12,Combined,Equal Weight,Combined Equal Weight,0.0058284113141797095,252
2022-09-13,Combined,Equal Weight,Combined Equal Weight,-0.0452262252013494,252
2022-09-14,Combined,Equal Weight,Combined Equal Weight,0.006167148570890119,252
2022-09-15,Combined,Equal Weight,Combined Equal Weight,-0.021520483858726538,252
2022-09-16,Combined,Equal Weight,Combined Equal Weight,-0.0038641686411954724,252
2022-09-19,Combined,Equal Weight,Combined Equal Weight,0.008872265784185427,252
2022-09-20,Combined,Equal Weight,Combined Equal Weight,-0.01295688271740614,252
2022-09-21,Combined,Equal Weight,Combined Equal Weight,-0.020650512877607573,252
2022-09-22,Combined,Equal Weight,Combined Equal Weight,0.0034980863449201502,252
2022-09-23,Combined,Equal Weight,Combined Equal Weight,-0.01666781993710254,252
2022-09-26,Combined,Equal Weight,Combined Equal Weight,-0.01293929840562053,252
2022-09-27,Combined,Equal Weight,Combined Equal Weight,-0.005605479284624966,252
2022-09-28,Combined,Equal Weight,Combined Equal Weight,0.017534552039938058,252
2022-09-29,Combined,Equal Weight,Combined Equal Weight,-0.012207247581198727,252
2022-09-30,Combined,Equal Weight,Combined Equal Weight,-0.013137197439580911,252
2022-10-03,Combined,Equal Weight,Combined Equal Weight,0.03044961830637254,252
2022-10-04,Combined,Equal Weight,Combined Equal Weight,0.028809583357177374,252
2022-10-05,Combined,Equal Weight,Combined Equal Weight,-0.0034065901150966207,252
2022-10-06,Combined,Equal Weight,Combined Equal Weight,-0.010554134887437122,252
2022-10-07,Combined,Equal Weight,Combined Equal Weight,-0.02028021844549765,252
2022-10-10,Combined,Equal Weight,Combined Equal Weight,-0.012045546445742966,252
2022-10-11,Combined,Equal Weight,Combined Equal Weight,-0.005794294732439903,252
2022-10-12,Combined,Equal Weight,Combined Equal Weight,-0.0043924079566163825,252
2022-10-13,Combined,Equal Weight,Combined Equal Weight,0.02191998810456886,252
2022-10-14,Combined,Equal Weight,Combined Equal Weight,-0.014943014408954007,252
2022-10-17,Combined,Equal Weight,Combined Equal Weight,0.01869166487915173,252
2022-10-18,Combined,Equal Weight,Combined Equal Weight,0.007318470900009659,252
2022-10-19,Combined,Equal Weight,Combined Equal Weight,-0.010522088707603136,252
2022-10-20,Combined,Equal Weight,Combined Equal Weight,-0.003903969660213535,252
2022-10-21,Combined,Equal Weight,Combined Equal Weight,0.022006824865926082,252
2022-10-24,Combined,Equal Weight,Combined Equal Weight,0.003431330492379288,252
2022-10-25,Combined,Equal Weight,Combined Equal Weight,0.02286686395287009,252
2022-10-26,Combined,Equal Weight,Combined Equal Weight,0.008034988239200652,252
2022-10-27,Combined,Equal Weight,Combined Equal Weight,-0.003632952115667946,252
2022-10-28,Combined,Equal Weight,Combined Equal Weight,0.023573826986520476,252
2022-10-31,Combined,Equal Weight,Combined Equal Weight,-0.006095718685837176,252
2022-11-01,Combined,Equal Weight,Combined Equal Weight,0.0011665474279613677,252
2022-11-02,Combined,Equal Weight,Combined Equal Weight,-0.01673441707622192,252
2022-11-03,Combined,Equal Weight,Combined Equal Weight,0.0006162937564336279,252
2022-11-04,Combined,Equal Weight,Combined Equal Weight,0.026903160842834107,252
2022-11-07,Combined,Equal Weight,Combined Equal Weight,0.006391610036462398,252
2022-11-08,Combined,Equal Weight,Combined Equal Weight,-0.01370132447681745,252
2022-11-09,Combined,Equal Weight,Combined Equal Weight,-0.04206236722983266,252
2022-11-10,Combined,Equal Weight,Combined Equal Weight,0.0675006791956451,252
2022-11-11,Combined,Equal Weight,Combined Equal Weight,0.00681525559719018,252
2022-11-14,Combined,Equal Weight,Combined Equal Weight,-0.0034026310492899134,252
2022-11-15,Combined,Equal Weight,Combined Equal Weight,0.010602315236801463,252
2022-11-16,Combined,Equal Weight,Combined Equal Weight,-0.011701976878377254,252
2022-11-17,Combined,Equal Weight,Combined Equal Weight,-0.0010528206157177625,252
2022-11-18,Combined,Equal Weight,Combined Equal Weight,0.004579782972334325,252
2022-11-21,Combined,Equal Weight,Combined Equal Weight,-0.0016089717037768827,252
2022-11-22,Combined,Equal Weight,Combined Equal Weight,0.01870032919624996,252
2022-11-23,Combined,Equal Weight,Combined Equal Weight,0.010489829245412904,252
2022-11-25,Combined,Equal Weight,Combined Equal Weight,-0.0004737967332436475,252
2022-11-28,Combined,Equal Weight,Combined Equal Weight,-0.018339494590531833,252
2022-11-29,Combined,Equal Weight,Combined Equal Weight,0.006229594226936346,252
2022-11-30,Combined,Equal Weight,Combined Equal Weight,0.0255155688875327,252
2022-12-01,Combined,Equal Weight,Combined Equal Weight,-0.003572930901665891,252
2022-12-02,Combined,Equal Weight,Combined Equal Weight,0.002700736387861955,252
2022-12-05,Combined,Equal Weight,Combined Equal Weight,-0.01466587036262013,252
2022-12-06,Combined,Equal Weight,Combined Equal Weight,-0.009217703200675512,252
2022-12-07,Combined,Equal Weight,Combined Equal Weight,-0.0042183683964107386,252
2022-12-08,Combined,Equal Weight,Combined Equal Weight,0.009516938329560375,252
2022-12-09,Combined,Equal Weight,Combined Equal Weight,-0.00942279328702782,252
2022-12-12,Combined,Equal Weight,Combined Equal Weight,0.013429631001319253,252
2022-12-13,Combined,Equal Weight,Combined Equal Weight,0.011126702718690611,252
2022-12-14,Combined,Equal Weight,Combined Equal Weight,-0.009161190736121408,252
2022-12-15,Combined,Equal Weight,Combined Equal Weight,-0.02188884409531008,252
2022-12-16,Combined,Equal Weight,Combined Equal Weight,-0.021319753226927,252
2022-12-19,Combined,Equal Weight,Combined Equal Weight,-0.010728852442311067,252
2022-12-20,Combined,Equal Weight,Combined Equal Weight,0.00870012313657669,252
2022-12-21,Combined,Equal Weight,Combined Equal Weight,0.014259856269343466,252
2022-12-22,Combined,Equal Weight,Combined Equal Weight,-0.00862135975038459,252
2022-12-23,Combined,Equal Weight,Combined Equal Weight,0.0062776444668217425,252
2022-12-27,Combined,Equal Weight,Combined Equal Weight,-0.0017391378059759648,252
2022-12-28,Combined,Equal Weight,Combined Equal Weight,-0.015186776727050934,252
2022-12-29,Combined,Equal Weight,Combined Equal Weight,0.011231947956177222,252
2022-12-30,Combined,Equal Weight,Combined Equal Weight,-0.001499488977580839,252
2023-01-03,Combined,Equal Weight,Combined Equal Weight,0.0014249108631881689,252
2023-01-04,Combined,Equal Weight,Combined Equal Weight,0.021530127426546655,252
2023-01-05,Combined,Equal Weight,Combined Equal Weight,-0.008150576794457376,252
2023-01-06,Combined,Equal Weight,Combined Equal Weight,0.023373257614875687,252
2023-01-09,Combined,Equal Weight,Combined Equal Weight,0.004700037490849591,252
2023-01-10,Combined,Equal Weight,Combined Equal Weight,0.007351108659663847,252
2023-01-11,Combined,Equal Weight,Combined Equal Weight,0.013105328625998685,252
2023-01-12,Combined,Equal Weight,Combined Equal Weight,0.010156315980829736,252
2023-01-13,Combined,Equal Weight,Combined Equal Weight,0.008511948595626751,252
2023-01-17,Combined,Equal Weight,Combined Equal Weight,-0.0041944376698762305,252
2023-01-18,Combined,Equal Weight,Combined Equal Weight,-0.02044387826217308,252
2023-01-19,Combined,Equal Weight,Combined Equal Weight,-0.002273349482211665,252
2023-01-20,Combined,Equal Weight,Combined Equal Weight,0.02351405930305076,252
2023-01-23,Combined,Equal Weight,Combined Equal Weight,0.013020643241290349,252
2023-01-24,Combined,Equal Weight,Combined Equal Weight,-0.009353205795021245,252
2023-01-25,Combined,Equal Weight,Combined Equal Weight,0.0066582357232981525,252
2023-01-26,Combined,Equal Weight,Combined Equal Weight,0.006728874633475804,252
2023-01-27,Combined,Equal Weight,Combined Equal Weight,0.0007719281474348107,252
2023-01-30,Combined,Equal Weight,Combined Equal Weight,-0.016294006955992344,252
2023-01-31,Combined,Equal Weight,Combined Equal Weight,0.013220029608013516,252
2023-02-01,Combined,Equal Weight,Combined Equal Weight,0.009731505056982965,252
2023-02-02,Combined,Equal Weight,Combined Equal Weight,-0.00055004851248671,252
2023-02-03,Combined,Equal Weight,Combined Equal Weight,-0.0083410692489316,252
2023-02-06,Combined,Equal Weight,Combined Equal Weight,-0.006746947547876078,252
2023-02-07,Combined,Equal Weight,Combined Equal Weight,0.015576413927813296,252
2023-02-08,Combined,Equal Weight,Combined Equal Weight,-0.010476762630954602,252
2023-02-09,Combined,Equal Weight,Combined Equal Weight,-0.017697535698175303,252
2023-02-10,Combined,Equal Weight,Combined Equal Weight,0.006180523038854832,252
2023-02-13,Combined,Equal Weight,Combined Equal Weight,0.006761791597266649,252
2023-02-14,Combined,Equal Weight,Combined Equal Weight,0.004442089540639554,252
2023-02-15,Combined,Equal Weight,Combined Equal Weight,0.011134968990990212,252
2023-02-16,Combined,Equal Weight,Combined Equal Weight,-0.018913937282732062,252
2023-02-17,Combined,Equal Weight,Combined Equal Weight,0.005827864390259857,252
2023-02-21,Combined,Equal Weight,Combined Equal Weight,-0.017782639383102136,252
2023-02-22,Combined,Equal Weight,Combined Equal Weight,-0.0058648178549140844,252
2023-02-23,Combined,Equal Weight,Combined Equal Weight,0.0026098348420776894,252
2023-02-24,Combined,Equal Weight,Combined Equal Weight,-0.013726279036938729,252
2023-02-27,Combined,Equal Weight,Combined Equal Weight,0.0007106336017079123,252
2023-02-28,Combined,Equal Weight,Combined Equal Weight,-0.0056966376187433726,252
2023-03-01,Combined,Equal Weight,Combined Equal Weight,0.0034743615811126615,252
2023-03-02,Combined,Equal Weight,Combined Equal Weight,0.00829123085185667,252
2023-03-03,Combined,Equal Weight,Combined Equal Weight,0.007100174740261894,252
2023-03-06,Combined,Equal Weight,Combined Equal Weight,-0.0021608539506573366,252
2023-03-07,Combined,Equal Weight,Combined Equal Weight,-0.015787497184841445,252
2023-03-08,Combined,Equal Weight,Combined Equal Weight,-0.0018752779680403214,252
2023-03-09,Combined,Equal Weight,Combined Equal Weight,-0.024536203840409703,252
2023-03-10,Combined,Equal Weight,Combined Equal Weight,-0.011593807963097254,252
2023-03-13,Combined,Equal Weight,Combined Equal Weight,0.004382789544936421,252
2023-03-14,Combined,Equal Weight,Combined Equal Weight,0.015481833902104154,252
2023-03-15,Combined,Equal Weight,Combined Equal Weight,-0.016728436592273462,252
2023-03-16,Combined,Equal Weight,Combined Equal Weight,0.014869035327806139,252
2023-03-17,Combined,Equal Weight,Combined Equal Weight,0.0007420631691404372,252
2023-03-20,Combined,Equal Weight,Combined Equal Weight,0.00375146243901129,252
2023-03-21,Combined,Equal Weight,Combined Equal Weight,0.019658805021547758,252
2023-03-22,Combined,Equal Weight,Combined Equal Weight,-0.02484603845247792,252
2023-03-23,Combined,Equal Weight,Combined Equal Weight,0.00924631221587632,252
2023-03-24,Combined,Equal Weight,Combined Equal Weight,0.0018179527117647087,252
2023-03-27,Combined,Equal Weight,Combined Equal Weight,0.00037268379532808275,252
2023-03-28,Combined,Equal Weight,Combined Equal Weight,0.006312994678021651,252
2023-03-29,Combined,Equal Weight,Combined Equal Weight,0.0177458448313086,252
2023-03-30,Combined,Equal Weight,Combined Equal Weight,0.003797618035491044,252
2023-03-31,Combined,Equal Weight,Combined Equal Weight,0.014129093881529387,252
2023-04-03,Combined,Equal Weight,Combined Equal Weight,0.0054735372172090855,252
2023-04-04,Combined,Equal Weight,Combined Equal Weight,-0.0027585180853188047,252
2023-04-05,Combined,Equal Weight,Combined Equal Weight,0.0038483831842119672,252
2023-04-06,Combined,Equal Weight,Combined Equal Weight,-0.0016324530409317145,252
2023-04-10,Combined,Equal Weight,Combined Equal Weight,0.0068584890585663754,252
2023-04-11,Combined,Equal Weight,Combined Equal Weight,0.0027781488234734173,252
2023-04-12,Combined,Equal Weight,Combined Equal Weight,-0.0026424747146835148,252
2023-04-13,Combined,Equal Weight,Combined Equal Weight,0.00970236675360043,252
2023-04-14,Combined,Equal Weight,Combined Equal Weight,-0.0022719367063586096,252
2023-04-17,Combined,Equal Weight,Combined Equal Weight,0.0001852270661380698,252
2023-04-18,Combined,Equal Weight,Combined Equal Weight,0.003680352751312332,252
2023-04-19,Combined,Equal Weight,Combined Equal Weight,-0.009925908423353686,252
2023-04-20,Combined,Equal Weight,Combined Equal Weight,-0.008568364002944076,252
2023-04-21,Combined,Equal Weight,Combined Equal Weight,-0.00688944540075023,252
2023-04-24,Combined,Equal Weight,Combined Equal Weight,0.0004305062900748465,252
2023-04-25,Combined,Equal Weight,Combined Equal Weight,-0.009650637567961995,252
2023-04-26,Combined,Equal Weight,Combined Equal Weight,-0.012523996324433191,252
2023-04-27,Combined,Equal Weight,Combined Equal Weight,0.014707035570013054,252
2023-04-28,Combined,Equal Weight,Combined Equal Weight,0.00852458587815826,252
2023-05-01,Combined,Equal Weight,Combined Equal Weight,-0.00570146063816566,252
2023-05-02,Combined,Equal Weight,Combined Equal Weight,-0.011728617620718739,252
2023-05-03,Combined,Equal Weight,Combined Equal Weight,-0.009008965374414552,252
2023-05-04,Combined,Equal Weight,Combined Equal Weight,-0.006213969164150284,252
2023-05-05,Combined,Equal Weight,Combined Equal Weight,0.018044649030289923,252
2023-05-08,Combined,Equal Weight,Combined Equal Weight,-0.006554959489218448,252
2023-05-09,Combined,Equal Weight,Combined Equal Weight,-0.0008714536635478389,252
2023-05-10,Combined,Equal Weight,Combined Equal Weight,-0.0017549888693666972,252
2023-05-11,Combined,Equal Weight,Combined Equal Weight,-0.010958382402106736,252
2023-05-12,Combined,Equal Weight,Combined Equal Weight,0.00040646252329820854,252
2023-05-15,Combined,Equal Weight,Combined Equal Weight,0.0051931715604700895,252
2023-05-16,Combined,Equal Weight,Combined Equal Weight,-0.011904080387034558,252
2023-05-17,Combined,Equal Weight,Combined Equal Weight,0.012751658329153513,252
2023-05-18,Combined,Equal Weight,Combined Equal Weight,0.00296687280357179,252
2023-05-19,Combined,Equal Weight,Combined Equal Weight,-0.0015144502784157738,252
2023-05-22,Combined,Equal Weight,Combined Equal Weight,0.001982677732827709,252
2023-05-23,Combined,Equal Weight,Combined Equal Weight,-0.004541268641508334,252
2023-05-24,Combined,Equal Weight,Combined Equal Weight,-0.012587796060454329,252
2023-05-25,Combined,Equal Weight,Combined Equal Weight,0.00017962156988919373,252
2023-05-26,Combined,Equal Weight,Combined Equal Weight,0.009530105655791193,252
2023-05-30,Combined,Equal Weight,Combined Equal Weight,7.57843337952943e-05,252
2023-05-31,Combined,Equal Weight,Combined Equal Weight,-0.00571396640174779,252
2023-06-01,Combined,Equal Weight,Combined Equal Weight,0.003122756880351519,252
2023-06-02,Combined,Equal Weight,Combined Equal Weight,0.02132852041270766,252
2023-06-05,Combined,Equal Weight,Combined Equal Weight,-0.014175361105293511,252
2023-06-06,Combined,Equal Weight,Combined Equal Weight,0.009414201121807915,252
2023-06-07,Combined,Equal Weight,Combined Equal Weight,0.0012151655515494283,252
2023-06-08,Combined,Equal Weight,Combined Equal Weight,0.004640053398329462,252
2023-06-09,Combined,Equal Weight,Combined Equal Weight,-0.0042536996541417856,252
2023-06-12,Combined,Equal Weight,Combined Equal Weight,0.004438536941679719,252
2023-06-13,Combined,Equal Weight,Combined Equal Weight,0.006482162867490408,252
2023-06-14,Combined,Equal Weight,Combined Equal Weight,-0.007089354769267446,252
2023-06-15,Combined,Equal Weight,Combined Equal Weight,0.00930111078204043,252
2023-06-16,Combined,Equal Weight,Combined Equal Weight,0.0023198408494336568,252
2023-06-20,Combined,Equal Weight,Combined Equal Weight,-0.005993356231431424,252
2023-06-21,Combined,Equal Weight,Combined Equal Weight,0.008886569154665694,252
2023-06-22,Combined,Equal Weight,Combined Equal Weight,-0.005267702939070901,252
2023-06-23,Combined,Equal Weight,Combined Equal Weight,0.0064006174300510876,252
2023-06-26,Combined,Equal Weight,Combined Equal Weight,0.006565141694990467,252
2023-06-27,Combined,Equal Weight,Combined Equal Weight,0.009790980390278444,252
2023-06-28,Combined,Equal Weight,Combined Equal Weight,-0.008080808140492966,252
2023-06-29,Combined,Equal Weight,Combined Equal Weight,0.010228184796819901,252
2023-06-30,Combined,Equal Weight,Combined Equal Weight,0.022603202991231905,252
2023-07-03,Combined,Equal Weight,Combined Equal Weight,0.003877257598172459,252
2023-07-05,Combined,Equal Weight,Combined Equal Weight,-0.006060561334685032,252
2023-07-06,Combined,Equal Weight,Combined Equal Weight,-0.014258838320504313,252
2023-07-07,Combined,Equal Weight,Combined Equal Weight,0.003562092659664423,252
2023-07-10,Combined,Equal Weight,Combined Equal Weight,0.006097554230657371,252
2023-07-11,Combined,Equal Weight,Combined Equal Weight,0.011893023138107533,252
2023-07-12,Combined,Equal Weight,Combined Equal Weight,0.00614355714412082,252
2023-07-13,Combined,Equal Weight,Combined Equal Weight,0.03726096308047561,252
2023-07-14,Combined,Equal Weight,Combined Equal Weight,-0.015765993628187005,252
2023-07-17,Combined,Equal Weight,Combined Equal Weight,-0.003649339895416244,252
2023-07-18,Combined,Equal Weight,Combined Equal Weight,0.005054130851559697,252
2023-07-19,Combined,Equal Weight,Combined Equal Weight,0.009944158028720694,252
2023-07-20,Combined,Equal Weight,Combined Equal Weight,0.00141459621265031,252
2023-07-21,Combined,Equal Weight,Combined Equal Weight,0.003490923216112245,252
2023-07-24,Combined,Equal Weight,Combined Equal Weight,-0.0019643631749951666,252
2023-07-25,Combined,Equal Weight,Combined Equal Weight,0.0029219394502740578,252
2023-07-26,Combined,Equal Weight,Combined Equal Weight,0.004385740905184215,252
2023-07-27,Combined,Equal Weight,Combined Equal Weight,-0.003487624126020717,252
2023-07-28,Combined,Equal Weight,Combined Equal Weight,0.004778237695945107,252
2023-07-31,Combined,Equal Weight,Combined Equal Weight,0.000723495473357098,252
2023-08-01,Combined,Equal Weight,Combined Equal Weight,-0.0016767673196569452,252
2023-08-02,Combined,Equal Weight,Combined Equal Weight,-0.017607225545439344,252
2023-08-03,Combined,Equal Weight,Combined Equal Weight,-0.00700557656514281,252
2023-08-04,Combined,Equal Weight,Combined Equal Weight,-0.003047998051579567,252
2023-08-07,Combined,Equal Weight,Combined Equal Weight,0.007853063301314753,252
2023-08-08,Combined,Equal Weight,Combined Equal Weight,-0.00041396196849816845,252
2023-08-09,Combined,Equal Weight,Combined Equal Weight,-0.0020039056710249004,252
2023-08-10,Combined,Equal Weight,Combined Equal Weight,-0.0009152087186206452,252
2023-08-11,Combined,Equal Weight,Combined Equal Weight,0.0009789535037611965,252
2023-08-14,Combined,Equal Weight,Combined Equal Weight,0.0017471645415393193,252
2023-08-15,Combined,Equal Weight,Combined Equal Weight,-0.01576839806135726,252
2023-08-16,Combined,Equal Weight,Combined Equal Weight,-0.013305220169425749,252
2023-08-17,Combined,Equal Weight,Combined Equal Weight,-0.018618058375637507,252
2023-08-18,Combined,Equal Weight,Combined Equal Weight,0.00247188524136914,252
2023-08-21,Combined,Equal Weight,Combined Equal Weight,-0.0020742084303499277,252
2023-08-22,Combined,Equal Weight,Combined Equal Weight,-0.006481701670536284,252
2023-08-23,Combined,Equal Weight,Combined Equal Weight,0.011351836612056932,252
2023-08-24,Combined,Equal Weight,Combined Equal Weight,-0.012212596412256195,252
2023-08-25,Combined,Equal Weight,Combined Equal Weight,0.003910768741890751,252
2023-08-28,Combined,Equal Weight,Combined Equal Weight,0.005986453806978165,252
2023-08-29,Combined,Equal Weight,Combined Equal Weight,0.019163789948962447,252
2023-08-30,Combined,Equal Weight,Combined Equal Weight,-0.0023872081640791644,252
2023-08-31,Combined,Equal Weight,Combined Equal Weight,-0.008881755663568981,252
2023-09-01,Combined,Equal Weight,Combined Equal Weight,0.001219440181121436,252
2023-09-05,Combined,Equal Weight,Combined Equal Weight,-0.007538113444384512,252
2023-09-06,Combined,Equal Weight,Combined Equal Weight,-0.0032371809520299437,252
2023-09-07,Combined,Equal Weight,Combined Equal Weight,0.0011196778357605059,252
2023-09-08,Combined,Equal Weight,Combined Equal Weight,0.0013551750133678688,252
2023-09-11,Combined,Equal Weight,Combined Equal Weight,-0.003140910705002179,252
2023-09-12,Combined,Equal Weight,Combined Equal Weight,0.005296249437674421,252
2023-09-13,Combined,Equal Weight,Combined Equal Weight,0.0010123337048559909,252
2023-09-14,Combined,Equal Weight,Combined Equal Weight,0.012813333441212051,252
2023-09-15,Combined,Equal Weight,Combined Equal Weight,-0.005808530218916478,252
2023-09-18,Combined,Equal Weight,Combined Equal Weight,0.00307322177542228,252
2023-09-19,Combined,Equal Weight,Combined Equal Weight,-0.00151198052084307,252
2023-09-20,Combined,Equal Weight,Combined Equal Weight,-0.006164775560719366,252
2023-09-21,Combined,Equal Weight,Combined Equal Weight,-0.01879012387273413,252
2023-09-22,Combined,Equal Weight,Combined Equal Weight,-0.002574682455493939,252
2023-09-25,Combined,Equal Weight,Combined Equal Weight,0.0031908486544524385,252
2023-09-26,Combined,Equal Weight,Combined Equal Weight,-0.01054875501796349,252
2023-09-27,Combined,Equal Weight,Combined Equal Weight,0.00037824047969263605,252
2023-09-28,Combined,Equal Weight,Combined Equal Weight,0.0075548927291206,252
2023-09-29,Combined,Equal Weight,Combined Equal Weight,1.85177271384802e-05,252
2023-10-02,Combined,Equal Weight,Combined Equal Weight,-0.015670879792627778,252
2023-10-03,Combined,Equal Weight,Combined Equal Weight,-0.0071551507392975675,252
2023-10-04,Combined,Equal Weight,Combined Equal Weight,0.00016981327522040085,252
2023-10-05,Combined,Equal Weight,Combined Equal Weight,-0.003383397491625157,252
2023-10-06,Combined,Equal Weight,Combined Equal Weight,0.010446034496043383,252
2023-10-09,Combined,Equal Weight,Combined Equal Weight,0.002148672978453955,252
2023-10-10,Combined,Equal Weight,Combined Equal Weight,0.005664866368411878,252
2023-10-11,Combined,Equal Weight,Combined Equal Weight,0.0013104718559174377,252
2023-10-12,Combined,Equal Weight,Combined Equal Weight,-0.008315333978963656,252
2023-10-13,Combined,Equal Weight,Combined Equal Weight,0.0021009296326924033,252
2023-10-16,Combined,Equal Weight,Combined Equal Weight,0.013352363471423602,252
2023-10-17,Combined,Equal Weight,Combined Equal Weight,-0.0008165491795922449,252
2023-10-18,Combined,Equal Weight,Combined Equal Weight,-0.013069182735187831,252
2023-10-19,Combined,Equal Weight,Combined Equal Weight,-0.004911795990365635,252
2023-10-20,Combined,Equal Weight,Combined Equal Weight,-0.00389143194146277,252
2023-10-23,Combined,Equal Weight,Combined Equal Weight,0.004044908075954013,252
2023-10-24,Combined,Equal Weight,Combined Equal Weight,0.009045168664367692,252
2023-10-25,Combined,Equal Weight,Combined Equal Weight,-0.00945307572218018,252
2023-10-26,Combined,Equal Weight,Combined Equal Weight,-0.0018253131376461285,252
2023-10-27,Combined,Equal Weight,Combined Equal Weight,-0.010215886757690747,252
2023-10-30,Combined,Equal Weight,Combined Equal Weight,0.010352945548555044,252
2023-10-31,Combined,Equal Weight,Combined Equal Weight,0.0064946647342655345,252
2023-11-01,Combined,Equal Weight,Combined Equal Weight,0.007473146689076639,252
2023-11-02,Combined,Equal Weight,Combined Equal Weight,0.019716930895427785,252
2023-11-03,Combined,Equal Weight,Combined Equal Weight,0.011609533501200538,252
2023-11-06,Combined,Equal Weight,Combined Equal Weight,0.0012650560466206792,252
2023-11-07,Combined,Equal Weight,Combined Equal Weight,-0.005656820637751129,252
2023-11-08,Combined,Equal Weight,Combined Equal Weight,0.0005373236373398132,252
2023-11-09,Combined,Equal Weight,Combined Equal Weight,-0.004262813716021545,252
2023-11-10,Combined,Equal Weight,Combined Equal Weight,0.011558798455876488,252
2023-11-13,Combined,Equal Weight,Combined Equal Weight,-0.0034629506400296497,252
2023-11-14,Combined,Equal Weight,Combined Equal Weight,0.015143199718425282,252
2023-11-15,Combined,Equal Weight,Combined Equal Weight,0.011433957330833112,252
2023-11-16,Combined,Equal Weight,Combined Equal Weight,-0.0049298375794798255,252
2023-11-17,Combined,Equal Weight,Combined Equal Weight,0.0024150821575656565,252
2023-11-20,Combined,Equal Weight,Combined Equal Weight,0.0016107362148039164,252
2023-11-21,Combined,Equal Weight,Combined Equal Weight,-0.010749734228255233,252
2023-11-22,Combined,Equal Weight,Combined Equal Weight,0.009313950446122765,252
2023-11-24,Combined,Equal Weight,Combined Equal Weight,0.003816234040107991,252
2023-11-27,Combined,Equal Weight,Combined Equal Weight,-0.0035952685544052006,252
2023-11-28,Combined,Equal Weight,Combined Equal Weight,0.0035147730414762253,252
2023-11-29,Combined,Equal Weight,Combined Equal Weight,0.0036377976713231897,252
2023-11-30,Combined,Equal Weight,Combined Equal Weight,0.004697903801838478,252
2023-12-01,Combined,Equal Weight,Combined Equal Weight,0.010431243938583393,252
2023-12-04,Combined,Equal Weight,Combined Equal Weight,0.002545670317093883,252
2023-12-05,Combined,Equal Weight,Combined Equal Weight,-0.0013196565186203012,252
2023-12-06,Combined,Equal Weight,Combined Equal Weight,-0.00037605267178299825,252
2023-12-07,Combined,Equal Weight,Combined Equal Weight,0.008122624623117195,252
2023-12-08,Combined,Equal Weight,Combined Equal Weight,0.010514856207447796,252
2023-12-11,Combined,Equal Weight,Combined Equal Weight,-0.005327950092337126,252
2023-12-12,Combined,Equal Weight,Combined Equal Weight,0.0017231795737992588,252
2023-12-13,Combined,Equal Weight,Combined Equal Weight,0.022446754372463178,252
2023-12-14,Combined,Equal Weight,Combined Equal Weight,0.01305790702241953,252
2023-12-15,Combined,Equal Weight,Combined Equal Weight,-0.009188801625396457,252
2023-12-18,Combined,Equal Weight,Combined Equal Weight,-0.0007028288814304653,252
2023-12-19,Combined,Equal Weight,Combined Equal Weight,0.004482053154236631,252
2023-12-20,Combined,Equal Weight,Combined Equal Weight,-0.009095040046854578,252
2023-12-21,Combined,Equal Weight,Combined Equal Weight,0.011473601741572397,252
2023-12-22,Combined,Equal Weight,Combined Equal Weight,0.004576504945732432,252
2023-12-26,Combined,Equal Weight,Combined Equal Weight,0.0016754512805441293,252
2023-12-27,Combined,Equal Weight,Combined Equal Weight,0.00997052419469339,252
2023-12-28,Combined,Equal Weight,Combined Equal Weight,-0.00038119645650203164,252
2023-12-29,Combined,Equal Weight,Combined Equal Weight,-0.005624265916081815,252
2021-01-04,Combined,Minimum Variance,Combined Minimum Variance,-0.005678633351377337,252
2021-01-05,Combined,Minimum Variance,Combined Minimum Variance,0.0017536181810224082,252
2021-01-06,Combined,Minimum Variance,Combined Minimum Variance,0.005656112745504676,252
2021-01-07,Combined,Minimum Variance,Combined Minimum Variance,0.007070079257606359,252
2021-01-08,Combined,Minimum Variance,Combined Minimum Variance,0.001421096878878049,252
2021-01-11,Combined,Minimum Variance,Combined Minimum Variance,-0.003329778111781232,252
2021-01-12,Combined,Minimum Variance,Combined Minimum Variance,-0.006299993449576893,252
2021-01-13,Combined,Minimum Variance,Combined Minimum Variance,-9.449956102512317e-06,252
2021-01-14,Combined,Minimum Variance,Combined Minimum Variance,0.00206897941158218,252
2021-01-15,Combined,Minimum Variance,Combined Minimum Variance,-0.001391320552935566,252
2021-01-19,Combined,Minimum Variance,Combined Minimum Variance,0.007564341474601093,252
2021-01-20,Combined,Minimum Variance,Combined Minimum Variance,0.014285546726817634,252
2021-01-21,Combined,Minimum Variance,Combined Minimum Variance,-0.008135577226840305,252
2021-01-22,Combined,Minimum Variance,Combined Minimum Variance,-0.0004287685635841946,252
2021-01-25,Combined,Minimum Variance,Combined Minimum Variance,0.0052151262068848335,252
2021-01-26,Combined,Minimum Variance,Combined Minimum Variance,-0.0017943381828097159,252
2021-01-27,Combined,Minimum Variance,Combined Minimum Variance,-0.022580538434974998,252
2021-01-28,Combined,Minimum Variance,Combined Minimum Variance,0.007036343776325972,252
2021-01-29,Combined,Minimum Variance,Combined Minimum Variance,-0.007292594813127293,252
2021-02-01,Combined,Minimum Variance,Combined Minimum Variance,0.0036020110348515925,252
2021-02-02,Combined,Minimum Variance,Combined Minimum Variance,0.008944973480742732,252
2021-02-03,Combined,Minimum Variance,Combined Minimum Variance,-0.008062104939702597,252
2021-02-04,Combined,Minimum Variance,Combined Minimum Variance,0.0021640643851911475,252
2021-02-05,Combined,Minimum Variance,Combined Minimum Variance,0.01341159726278984,252
2021-02-08,Combined,Minimum Variance,Combined Minimum Variance,0.004172688848582482,252
2021-02-09,Combined,Minimum Variance,Combined Minimum Variance,-0.0032301629802169263,252
2021-02-10,Combined,Minimum Variance,Combined Minimum Variance,-0.004233675935013604,252
2021-02-11,Combined,Minimum Variance,Combined Minimum Variance,-0.00352223430099192,252
2021-02-12,Combined,Minimum Variance,Combined Minimum Variance,0.004024892780473451,252
2021-02-16,Combined,Minimum Variance,Combined Minimum Variance,-0.010795734998660846,252
2021-02-17,Combined,Minimum Variance,Combined Minimum Variance,0.005079558069463833,252
2021-02-18,Combined,Minimum Variance,Combined Minimum Variance,-0.00242741878691827,252
2021-02-19,Combined,Minimum Variance,Combined Minimum Variance,-0.009036216824096454,252
2021-02-22,Combined,Minimum Variance,Combined Minimum Variance,-0.0024093127260442293,252
2021-02-23,Combined,Minimum Variance,Combined Minimum Variance,-0.005131366873737004,252
2021-02-24,Combined,Minimum Variance,Combined Minimum Variance,-0.0013542587108099895,252
2021-02-25,Combined,Minimum Variance,Combined Minimum Variance,-0.010134057934733013,252
2021-02-26,Combined,Minimum Variance,Combined Minimum Variance,-0.016008855295940153,252
2021-03-01,Combined,Minimum Variance,Combined Minimum Variance,0.012751051727693669,252
2021-03-02,Combined,Minimum Variance,Combined Minimum Variance,0.0042490899325184645,252
2021-03-03,Combined,Minimum Variance,Combined Minimum Variance,-0.012692397510113921,252
2021-03-04,Combined,Minimum Variance,Combined Minimum Variance,-0.005407935246237453,252
2021-03-05,Combined,Minimum Variance,Combined Minimum Variance,0.016438623665538242,252
2021-03-08,Combined,Minimum Variance,Combined Minimum Variance,-0.004203552278753622,252
2021-03-09,Combined,Minimum Variance,Combined Minimum Variance,0.007573343125754428,252
2021-03-10,Combined,Minimum Variance,Combined Minimum Variance,0.006479443924831204,252
2021-03-11,Combined,Minimum Variance,Combined Minimum Variance,0.0015779830845041992,252
2021-03-12,Combined,Minimum Variance,Combined Minimum Variance,0.0036795962743535167,252
2021-03-15,Combined,Minimum Variance,Combined Minimum Variance,0.012105956765990704,252
2021-03-16,Combined,Minimum Variance,Combined Minimum Variance,0.007245534477481635,252
2021-03-17,Combined,Minimum Variance,Combined Minimum Variance,-0.004909924239399057,252
2021-03-18,Combined,Minimum Variance,Combined Minimum Variance,-0.007118473403306741,252
2021-03-19,Combined,Minimum Variance,Combined Minimum Variance,-0.0005263148439817469,252
2021-03-22,Combined,Minimum Variance,Combined Minimum Variance,0.008602484712816941,252
2021-03-23,Combined,Minimum Variance,Combined Minimum Variance,-0.001545120068351504,252
2021-03-24,Combined,Minimum Variance,Combined Minimum Variance,-0.006093648618375574,252
2021-03-25,Combined,Minimum Variance,Combined Minimum Variance,0.0018812720380568116,252
2021-03-26,Combined,Minimum Variance,Combined Minimum Variance,0.01768740419297195,252
2021-03-29,Combined,Minimum Variance,Combined Minimum Variance,0.009866641427646818,252
2021-03-30,Combined,Minimum Variance,Combined Minimum Variance,-0.009119682862590295,252
2021-03-31,Combined,Minimum Variance,Combined Minimum Variance,-0.0005969604519187367,252
2021-04-01,Combined,Minimum Variance,Combined Minimum Variance,0.010668043080137945,252
2021-04-05,Combined,Minimum Variance,Combined Minimum Variance,0.010113812276606484,252
2021-04-06,Combined,Minimum Variance,Combined Minimum Variance,0.0006490099694174795,252
2021-04-07,Combined,Minimum Variance,Combined Minimum Variance,-0.0031486618469321894,252
2021-04-08,Combined,Minimum Variance,Combined Minimum Variance,-0.0021678778376712695,252
2021-04-09,Combined,Minimum Variance,Combined Minimum Variance,0.002732448247384997,252
2021-04-12,Combined,Minimum Variance,Combined Minimum Variance,0.0005696533823509098,252
2021-04-13,Combined,Minimum Variance,Combined Minimum Variance,0.004532339093917588,252
2021-04-14,Combined,Minimum Variance,Combined Minimum Variance,-0.003416252957459934,252
2021-04-15,Combined,Minimum Variance,Combined Minimum Variance,0.012679654672269886,252
2021-04-16,Combined,Minimum Variance,Combined Minimum Variance,0.004525692964671893,252
2021-04-19,Combined,Minimum Variance,Combined Minimum Variance,-0.0034214058694406256,252
2021-04-20,Combined,Minimum Variance,Combined Minimum Variance,0.004274509479004954,252
2021-04-21,Combined,Minimum Variance,Combined Minimum Variance,0.005726588569273529,252
2021-04-22,Combined,Minimum Variance,Combined Minimum Variance,-0.004566761244256644,252
2021-04-23,Combined,Minimum Variance,Combined Minimum Variance,0.0027365480874454707,252
2021-04-26,Combined,Minimum Variance,Combined Minimum Variance,-0.00479678375742856,252
2021-04-27,Combined,Minimum Variance,Combined Minimum Variance,-0.00118205828588944,252
2021-04-28,Combined,Minimum Variance,Combined Minimum Variance,-0.0026840596813403135,252
2021-04-29,Combined,Minimum Variance,Combined Minimum Variance,0.0029246272169737046,252
2021-04-30,Combined,Minimum Variance,Combined Minimum Variance,-0.0012027338085228657,252
2021-05-03,Combined,Minimum Variance,Combined Minimum Variance,0.011152686796549977,252
2021-05-04,Combined,Minimum Variance,Combined Minimum Variance,-0.005404812829779622,252
2021-05-05,Combined,Minimum Variance,Combined Minimum Variance,0.005993014497245545,252
2021-05-06,Combined,Minimum Variance,Combined Minimum Variance,0.009550511068488822,252
2021-05-07,Combined,Minimum Variance,Combined Minimum Variance,0.0045319315602724425,252
2021-05-10,Combined,Minimum Variance,Combined Minimum Variance,0.002442590551428575,252
2021-05-11,Combined,Minimum Variance,Combined Minimum Variance,-0.005060001585880107,252
2021-05-12,Combined,Minimum Variance,Combined Minimum Variance,-0.012673213327573188,252
2021-05-13,Combined,Minimum Variance,Combined Minimum Variance,0.011804664397420537,252
2021-05-14,Combined,Minimum Variance,Combined Minimum Variance,0.0063660606281211035,252
2021-05-17,Combined,Minimum Variance,Combined Minimum Variance,0.0027864603900786497,252
2021-05-18,Combined,Minimum Variance,Combined Minimum Variance,-0.0034536205932548603,252
2021-05-19,Combined,Minimum Variance,Combined Minimum Variance,-3.863937636551784e-05,252
2021-05-20,Combined,Minimum Variance,Combined Minimum Variance,0.0106751778952604,252
2021-05-21,Combined,Minimum Variance,Combined Minimum Variance,-0.003936441567512661,252
2021-05-24,Combined,Minimum Variance,Combined Minimum Variance,0.001495819152777483,252
2021-05-25,Combined,Minimum Variance,Combined Minimum Variance,-0.00577902716279556,252
2021-05-26,Combined,Minimum Variance,Combined Minimum Variance,0.0020593400187525527,252
2021-05-27,Combined,Minimum Variance,Combined Minimum Variance,-0.0031515657957243474,252
2021-05-28,Combined,Minimum Variance,Combined Minimum Variance,0.002095500246781766,252
2021-06-01,Combined,Minimum Variance,Combined Minimum Variance,-0.006377185516896784,252
2021-06-02,Combined,Minimum Variance,Combined Minimum Variance,-0.0015710373925668481,252
2021-06-03,Combined,Minimum Variance,Combined Minimum Variance,0.002195662650264286,252
2021-06-04,Combined,Minimum Variance,Combined Minimum Variance,0.008047394023858033,252
2021-06-07,Combined,Minimum Variance,Combined Minimum Variance,-0.0014055130484476918,252
2021-06-08,Combined,Minimum Variance,Combined Minimum Variance,-0.00601441300276605,252
2021-06-09,Combined,Minimum Variance,Combined Minimum Variance,0.0025441683262048295,252
2021-06-10,Combined,Minimum Variance,Combined Minimum Variance,0.008542797914678577,252
2021-06-11,Combined,Minimum Variance,Combined Minimum Variance,-0.0009965581021294011,252
2021-06-14,Combined,Minimum Variance,Combined Minimum Variance,-0.0003558384279478135,252
2021-06-15,Combined,Minimum Variance,Combined Minimum Variance,-0.006187137651525146,252
2021-06-16,Combined,Minimum Variance,Combined Minimum Variance,-0.010455721915620306,252
2021-06-17,Combined,Minimum Variance,Combined Minimum Variance,-0.006370316191531662,252
2021-06-18,Combined,Minimum Variance,Combined Minimum Variance,-0.010211840003940648,252
2021-06-21,Combined,Minimum Variance,Combined Minimum Variance,0.011296910435756667,252
2021-06-22,Combined,Minimum Variance,Combined Minimum Variance,-0.0005303484845077265,252
2021-06-23,Combined,Minimum Variance,Combined Minimum Variance,-0.007455036081352957,252
2021-06-24,Combined,Minimum Variance,Combined Minimum Variance,0.005157789948138522,252
2021-06-25,Combined,Minimum Variance,Combined Minimum Variance,0.007873236850616054,252
2021-06-28,Combined,Minimum Variance,Combined Minimum Variance,0.0037084487577165788,252
2021-06-29,Combined,Minimum Variance,Combined Minimum Variance,-0.00022550385428029817,252
2021-06-30,Combined,Minimum Variance,Combined Minimum Variance,0.005571867024496736,252
2021-07-01,Combined,Minimum Variance,Combined Minimum Variance,0.0028512326064383618,252
2021-07-02,Combined,Minimum Variance,Combined Minimum Variance,0.005032131893520227,252
2021-07-06,Combined,Minimum Variance,Combined Minimum Variance,-0.002571643513947265,252
2021-07-07,Combined,Minimum Variance,Combined Minimum Variance,0.003154387185529952,252
2021-07-08,Combined,Minimum Variance,Combined Minimum Variance,-0.0067212435518452926,252
2021-07-09,Combined,Minimum Variance,Combined Minimum Variance,0.0061082912291858605,252
2021-07-12,Combined,Minimum Variance,Combined Minimum Variance,0.0005556166019539337,252
2021-07-13,Combined,Minimum Variance,Combined Minimum Variance,0.000317959705159344,252
2021-07-14,Combined,Minimum Variance,Combined Minimum Variance,0.0029495755299879926,252
2021-07-15,Combined,Minimum Variance,Combined Minimum Variance,0.0011033432438447319,252
2021-07-16,Combined,Minimum Variance,Combined Minimum Variance,-0.0012227952082792194,252
2021-07-19,Combined,Minimum Variance,Combined Minimum Variance,-0.011171981696048713,252
2021-07-20,Combined,Minimum Variance,Combined Minimum Variance,0.0037706543554618987,252
2021-07-21,Combined,Minimum Variance,Combined Minimum Variance,-0.0011763426426345438,252
2021-07-22,Combined,Minimum Variance,Combined Minimum Variance,0.0008494610656670618,252
2021-07-23,Combined,Minimum Variance,Combined Minimum Variance,0.008760393247593944,252
2021-07-26,Combined,Minimum Variance,Combined Minimum Variance,0.00013683152294831377,252
2021-07-27,Combined,Minimum Variance,Combined Minimum Variance,-0.002555019188027164,252
2021-07-28,Combined,Minimum Variance,Combined Minimum Variance,0.002229511227941382,252
2021-07-29,Combined,Minimum Variance,Combined Minimum Variance,6.2921736191570515e-06,252
2021-07-30,Combined,Minimum Variance,Combined Minimum Variance,-0.0024811860273888436,252
2021-08-02,Combined,Minimum Variance,Combined Minimum Variance,-0.002428120347231777,252
2021-08-03,Combined,Minimum Variance,Combined Minimum Variance,0.0003354992175707365,252
2021-08-04,Combined,Minimum Variance,Combined Minimum Variance,-0.010598220039518878,252
2021-08-05,Combined,Minimum Variance,Combined Minimum Variance,0.0016577216457630214,252
2021-08-06,Combined,Minimum Variance,Combined Minimum Variance,-0.0036620777815625154,252
2021-08-09,Combined,Minimum Variance,Combined Minimum Variance,-0.0010492027999740028,252
2021-08-10,Combined,Minimum Variance,Combined Minimum Variance,0.003200382126768084,252
2021-08-11,Combined,Minimum Variance,Combined Minimum Variance,0.006065740991170547,252
2021-08-12,Combined,Minimum Variance,Combined Minimum Variance,0.0029283955955574353,252
2021-08-13,Combined,Minimum Variance,Combined Minimum Variance,0.003846101181392819,252
2021-08-16,Combined,Minimum Variance,Combined Minimum Variance,0.0066542838991674345,252
2021-08-17,Combined,Minimum Variance,Combined Minimum Variance,0.004194566187504814,252
2021-08-18,Combined,Minimum Variance,Combined Minimum Variance,-0.013447903259797184,252
2021-08-19,Combined,Minimum Variance,Combined Minimum Variance,0.0011841586322160719,252
2021-08-20,Combined,Minimum Variance,Combined Minimum Variance,0.0032515863106495203,252
2021-08-23,Combined,Minimum Variance,Combined Minimum Variance,0.003601774551902615,252
2021-08-24,Combined,Minimum Variance,Combined Minimum Variance,-0.003981093251471996,252
2021-08-25,Combined,Minimum Variance,Combined Minimum Variance,-0.005226765863448017,252
2021-08-26,Combined,Minimum Variance,Combined Minimum Variance,-0.004889342427794566,252
2021-08-27,Combined,Minimum Variance,Combined Minimum Variance,0.0037996101256381476,252
2021-08-30,Combined,Minimum Variance,Combined Minimum Variance,0.0029846675837111557,252
2021-08-31,Combined,Minimum Variance,Combined Minimum Variance,0.005166501380498507,252
2021-09-01,Combined,Minimum Variance,Combined Minimum Variance,-0.0027525779881609224,252
2021-09-02,Combined,Minimum Variance,Combined Minimum Variance,0.005188008564662574,252
2021-09-03,Combined,Minimum Variance,Combined Minimum Variance,0.00031779563177815226,252
2021-09-07,Combined,Minimum Variance,Combined Minimum Variance,-0.015565522935216548,252
2021-09-08,Combined,Minimum Variance,Combined Minimum Variance,0.002917069657654301,252
2021-09-09,Combined,Minimum Variance,Combined Minimum Variance,-0.012818360881388683,252
2021-09-10,Combined,Minimum Variance,Combined Minimum Variance,-0.002459592663284626,252
2021-09-13,Combined,Minimum Variance,Combined Minimum Variance,-0.00042582193644809545,252
2021-09-14,Combined,Minimum Variance,Combined Minimum Variance,-0.005762785823733816,252
2021-09-15,Combined,Minimum Variance,Combined Minimum Variance,0.002191446817634416,252
2021-09-16,Combined,Minimum Variance,Combined Minimum Variance,-0.007022287745772822,252
2021-09-17,Combined,Minimum Variance,Combined Minimum Variance,-0.00676274993844014,252
2021-09-20,Combined,Minimum Variance,Combined Minimum Variance,-0.012218874446749097,252
2021-09-21,Combined,Minimum Variance,Combined Minimum Variance,-0.00252031027139136,252
2021-09-22,Combined,Minimum Variance,Combined Minimum Variance,-0.0013765376903054015,252
2021-09-23,Combined,Minimum Variance,Combined Minimum Variance,0.004189819706611497,252
2021-09-24,Combined,Minimum Variance,Combined Minimum Variance,-0.0018070676720469685,252
2021-09-27,Combined,Minimum Variance,Combined Minimum Variance,-0.0033575855816646754,252
2021-09-28,Combined,Minimum Variance,Combined Minimum Variance,-0.003372284988392546,252
2021-09-29,Combined,Minimum Variance,Combined Minimum Variance,0.008754654922058033,252
2021-09-30,Combined,Minimum Variance,Combined Minimum Variance,-0.004379173084084357,252
2021-10-01,Combined,Minimum Variance,Combined Minimum Variance,0.006599423717631564,252
2021-10-04,Combined,Minimum Variance,Combined Minimum Variance,-0.0008111130638735961,252
2021-10-05,Combined,Minimum Variance,Combined Minimum Variance,0.0020249048604165463,252
2021-10-06,Combined,Minimum Variance,Combined Minimum Variance,0.0009022965122088008,252
2021-10-07,Combined,Minimum Variance,Combined Minimum Variance,0.008660887751353296,252
2021-10-08,Combined,Minimum Variance,Combined Minimum Variance,-0.0019003965453119594,252
2021-10-11,Combined,Minimum Variance,Combined Minimum Variance,-0.008416241656011776,252
2021-10-12,Combined,Minimum Variance,Combined Minimum Variance,-0.001629264298413431,252
2021-10-13,Combined,Minimum Variance,Combined Minimum Variance,0.004548743660281108,252
2021-10-14,Combined,Minimum Variance,Combined Minimum Variance,0.01159941071443194,252
2021-10-15,Combined,Minimum Variance,Combined Minimum Variance,-0.0014664547371145238,252
2021-10-18,Combined,Minimum Variance,Combined Minimum Variance,-0.006574808753655509,252
2021-10-19,Combined,Minimum Variance,Combined Minimum Variance,0.01153033137466016,252
2021-10-20,Combined,Minimum Variance,Combined Minimum Variance,0.010365100093266192,252
2021-10-21,Combined,Minimum Variance,Combined Minimum Variance,0.0054142189215642764,252
2021-10-22,Combined,Minimum Variance,Combined Minimum Variance,0.0038614098156054865,252
2021-10-25,Combined,Minimum Variance,Combined Minimum Variance,0.0030765674294223823,252
2021-10-26,Combined,Minimum Variance,Combined Minimum Variance,0.0034378841647477406,252
2021-10-27,Combined,Minimum Variance,Combined Minimum Variance,-0.009081740226831687,252
2021-10-28,Combined,Minimum Variance,Combined Minimum Variance,0.006629266503175537,252
2021-10-29,Combined,Minimum Variance,Combined Minimum Variance,-0.0012360230741380505,252
2021-11-01,Combined,Minimum Variance,Combined Minimum Variance,0.003708071679102381,252
2021-11-02,Combined,Minimum Variance,Combined Minimum Variance,0.003922778099779631,252
2021-11-03,Combined,Minimum Variance,Combined Minimum Variance,0.005806143142907198,252
2021-11-04,Combined,Minimum Variance,Combined Minimum Variance,0.0025763111386404008,252
2021-11-05,Combined,Minimum Variance,Combined Minimum Variance,-0.007064928405880344,252
2021-11-08,Combined,Minimum Variance,Combined Minimum Variance,-0.0042079378046286885,252
2021-11-09,Combined,Minimum Variance,Combined Minimum Variance,0.0026847212663058807,252
2021-11-10,Combined,Minimum Variance,Combined Minimum Variance,0.0040898057962644235,252
2021-11-11,Combined,Minimum Variance,Combined Minimum Variance,0.0011912514065847916,252
2021-11-12,Combined,Minimum Variance,Combined Minimum Variance,0.002060898296182433,252
2021-11-15,Combined,Minimum Variance,Combined Minimum Variance,-0.005571955177411418,252
2021-11-16,Combined,Minimum Variance,Combined Minimum Variance,-0.004287659185644869,252
2021-11-17,Combined,Minimum Variance,Combined Minimum Variance,-0.002863884535568749,252
2021-11-18,Combined,Minimum Variance,Combined Minimum Variance,-0.00439899366769199,252
2021-11-19,Combined,Minimum Variance,Combined Minimum Variance,-0.005965638853814474,252
2021-11-22,Combined,Minimum Variance,Combined Minimum Variance,-0.0033823419894155843,252
2021-11-23,Combined,Minimum Variance,Combined Minimum Variance,0.005887912161616144,252
2021-11-24,Combined,Minimum Variance,Combined Minimum Variance,-0.002746004480756988,252
2021-11-26,Combined,Minimum Variance,Combined Minimum Variance,-0.009959295291932308,252
2021-11-29,Combined,Minimum Variance,Combined Minimum Variance,7.218483842688502e-05,252
2021-11-30,Combined,Minimum Variance,Combined Minimum Variance,-0.019997799884774292,252
2021-12-01,Combined,Minimum Variance,Combined Minimum Variance,-0.011399288678489859,252
2021-12-02,Combined,Minimum Variance,Combined Minimum Variance,0.012300927154264528,252
2021-12-03,Combined,Minimum Variance,Combined Minimum Variance,0.010341835654986137,252
2021-12-06,Combined,Minimum Variance,Combined Minimum Variance,0.011461023480093693,252
2021-12-07,Combined,Minimum Variance,Combined Minimum Variance,0.003784326478108465,252
2021-12-08,Combined,Minimum Variance,Combined Minimum Variance,0.0017974141760420074,252
2021-12-09,Combined,Minimum Variance,Combined Minimum Variance,-0.002231585227853234,252
2021-12-10,Combined,Minimum Variance,Combined Minimum Variance,0.006306403779203204,252
2021-12-13,Combined,Minimum Variance,Combined Minimum Variance,0.0068880801172711194,252
2021-12-14,Combined,Minimum Variance,Combined Minimum Variance,-0.00022950561381784252,252
2021-12-15,Combined,Minimum Variance,Combined Minimum Variance,0.009416358786015907,252
2021-12-16,Combined,Minimum Variance,Combined Minimum Variance,0.014487836690752653,252
2021-12-17,Combined,Minimum Variance,Combined Minimum Variance,-0.007757768460992867,252
2021-12-20,Combined,Minimum Variance,Combined Minimum Variance,0.00047445360138261065,252
2021-12-21,Combined,Minimum Variance,Combined Minimum Variance,0.002712145617364128,252
2021-12-22,Combined,Minimum Variance,Combined Minimum Variance,0.004763226789529478,252
2021-12-23,Combined,Minimum Variance,Combined Minimum Variance,0.004055882662579897,252
2021-12-27,Combined,Minimum Variance,Combined Minimum Variance,0.00861883466947351,252
2021-12-28,Combined,Minimum Variance,Combined Minimum Variance,0.0033956500663829318,252
2021-12-29,Combined,Minimum Variance,Combined Minimum Variance,0.0033233287084860038,252
2021-12-30,Combined,Minimum Variance,Combined Minimum Variance,0.0017324325216743531,252
2021-12-31,Combined,Minimum Variance,Combined Minimum Variance,-0.002127213588560112,252
2022-01-03,Combined,Minimum Variance,Combined Minimum Variance,-0.0020822646524744646,252
2022-01-04,Combined,Minimum Variance,Combined Minimum Variance,-0.00033859635103242636,252
2022-01-05,Combined,Minimum Variance,Combined Minimum Variance,-0.005817946409177486,252
2022-01-06,Combined,Minimum Variance,Combined Minimum Variance,-0.007126099435126295,252
2022-01-07,Combined,Minimum Variance,Combined Minimum Variance,0.002456627718354372,252
2022-01-10,Combined,Minimum Variance,Combined Minimum Variance,-0.008560490442246214,252
2022-01-11,Combined,Minimum Variance,Combined Minimum Variance,0.004883205681490444,252
2022-01-12,Combined,Minimum Variance,Combined Minimum Variance,0.004786678349038956,252
2022-01-13,Combined,Minimum Variance,Combined Minimum Variance,-0.003362241611293772,252
2022-01-14,Combined,Minimum Variance,Combined Minimum Variance,-0.003314176981228131,252
2022-01-18,Combined,Minimum Variance,Combined Minimum Variance,-0.004410454270463974,252
2022-01-19,Combined,Minimum Variance,Combined Minimum Variance,0.005069879832271672,252
2022-01-20,Combined,Minimum Variance,Combined Minimum Variance,-0.009164666576303484,252
2022-01-21,Combined,Minimum Variance,Combined Minimum Variance,-0.00500256480334556,252
2022-01-24,Combined,Minimum Variance,Combined Minimum Variance,-0.0007019969102206999,252
2022-01-25,Combined,Minimum Variance,Combined Minimum Variance,-0.00777177296943043,252
2022-01-26,Combined,Minimum Variance,Combined Minimum Variance,-0.014571254945639454,252
2022-01-27,Combined,Minimum Variance,Combined Minimum Variance,-0.0008037788506564103,252
2022-01-28,Combined,Minimum Variance,Combined Minimum Variance,0.015586065919095931,252
2022-01-31,Combined,Minimum Variance,Combined Minimum Variance,0.010107121071310914,252
2022-02-01,Combined,Minimum Variance,Combined Minimum Variance,0.0016638476503961425,252
2022-02-02,Combined,Minimum Variance,Combined Minimum Variance,0.009561336749760936,252
2022-02-03,Combined,Minimum Variance,Combined Minimum Variance,-0.004172102985143978,252
2022-02-04,Combined,Minimum Variance,Combined Minimum Variance,-0.005034587134816492,252
2022-02-07,Combined,Minimum Variance,Combined Minimum Variance,0.0018473673625184076,252
2022-02-08,Combined,Minimum Variance,Combined Minimum Variance,0.0025341268752846527,252
2022-02-09,Combined,Minimum Variance,Combined Minimum Variance,0.0038600350305160887,252
2022-02-10,Combined,Minimum Variance,Combined Minimum Variance,-0.017266647736517537,252
2022-02-11,Combined,Minimum Variance,Combined Minimum Variance,-0.0030579807498473444,252
2022-02-14,Combined,Minimum Variance,Combined Minimum Variance,-0.005438397632003365,252
2022-02-15,Combined,Minimum Variance,Combined Minimum Variance,0.0038338622027043346,252
2022-02-16,Combined,Minimum Variance,Combined Minimum Variance,-0.001292579441679442,252
2022-02-17,Combined,Minimum Variance,Combined Minimum Variance,-0.004626036335960159,252
2022-02-18,Combined,Minimum Variance,Combined Minimum Variance,-0.00516326841878572,252
2022-02-22,Combined,Minimum Variance,Combined Minimum Variance,-0.004386157167229625,252
2022-02-23,Combined,Minimum Variance,Combined Minimum Variance,-0.00462226745589135,252
2022-02-24,Combined,Minimum Variance,Combined Minimum Variance,0.00014314594814002966,252
2022-02-25,Combined,Minimum Variance,Combined Minimum Variance,0.022911381987486074,252
2022-02-28,Combined,Minimum Variance,Combined Minimum Variance,-0.008120930776178885,252
2022-03-01,Combined,Minimum Variance,Combined Minimum Variance,-0.004662292996916978,252
2022-03-02,Combined,Minimum Variance,Combined Minimum Variance,0.013267716322260105,252
2022-03-03,Combined,Minimum Variance,Combined Minimum Variance,0.006581038932917861,252
2022-03-04,Combined,Minimum Variance,Combined Minimum Variance,0.0068440832835866845,252
2022-03-07,Combined,Minimum Variance,Combined Minimum Variance,-0.00802677236200843,252
2022-03-08,Combined,Minimum Variance,Combined Minimum Variance,-0.013352269048003271,252
2022-03-09,Combined,Minimum Variance,Combined Minimum Variance,0.0075673503999689785,252
2022-03-10,Combined,Minimum Variance,Combined Minimum Variance,-0.0010273857317596152,252
2022-03-11,Combined,Minimum Variance,Combined Minimum Variance,-0.007775267340323454,252
2022-03-14,Combined,Minimum Variance,Combined Minimum Variance,-0.006565793382533906,252
2022-03-15,Combined,Minimum Variance,Combined Minimum Variance,0.010851837042664894,252
2022-03-16,Combined,Minimum Variance,Combined Minimum Variance,0.008642005204590592,252
2022-03-17,Combined,Minimum Variance,Combined Minimum Variance,0.011824347272274922,252
2022-03-18,Combined,Minimum Variance,Combined Minimum Variance,0.0028032707908106427,252
2022-03-21,Combined,Minimum Variance,Combined Minimum Variance,0.0012312648273942602,252
2022-03-22,Combined,Minimum Variance,Combined Minimum Variance,0.004500012912553842,252
2022-03-23,Combined,Minimum Variance,Combined Minimum Variance,-0.008441338209098762,252
2022-03-24,Combined,Minimum Variance,Combined Minimum Variance,0.006650489184474158,252
2022-03-25,Combined,Minimum Variance,Combined Minimum Variance,0.008430576363750029,252
2022-03-28,Combined,Minimum Variance,Combined Minimum Variance,0.007504348302458841,252
2022-03-29,Combined,Minimum Variance,Combined Minimum Variance,0.012698683854592396,252
2022-03-30,Combined,Minimum Variance,Combined Minimum Variance,0.0007156770244487324,252
2022-03-31,Combined,Minimum Variance,Combined Minimum Variance,-0.009331021707533197,252
2022-04-01,Combined,Minimum Variance,Combined Minimum Variance,0.009318551652716117,252
2022-04-04,Combined,Minimum Variance,Combined Minimum Variance,0.0018287407143631055,252
2022-04-05,Combined,Minimum Variance,Combined Minimum Variance,-0.004623523086637079,252
2022-04-06,Combined,Minimum Variance,Combined Minimum Variance,0.008427680493789374,252
2022-04-07,Combined,Minimum Variance,Combined Minimum Variance,0.0020154593972450093,252
2022-04-08,Combined,Minimum Variance,Combined Minimum Variance,0.0032080501818454936,252
2022-04-11,Combined,Minimum Variance,Combined Minimum Variance,-0.009130747447614204,252
2022-04-12,Combined,Minimum Variance,Combined Minimum Variance,-0.002297918412632582,252
2022-04-13,Combined,Minimum Variance,Combined Minimum Variance,0.005587523731468784,252
2022-04-14,Combined,Minimum Variance,Combined Minimum Variance,-2.5918420907062108e-05,252
2022-04-18,Combined,Minimum Variance,Combined Minimum Variance,-0.006428685623862629,252
2022-04-19,Combined,Minimum Variance,Combined Minimum Variance,0.010741910529467161,252
2022-04-20,Combined,Minimum Variance,Combined Minimum Variance,0.0030754179310562685,252
2022-04-21,Combined,Minimum Variance,Combined Minimum Variance,-0.008698388672195136,252
2022-04-22,Combined,Minimum Variance,Combined Minimum Variance,-0.017237350752462903,252
2022-04-25,Combined,Minimum Variance,Combined Minimum Variance,-0.0010393423415446495,252
2022-04-26,Combined,Minimum Variance,Combined Minimum Variance,-0.016977360634862933,252
2022-04-27,Combined,Minimum Variance,Combined Minimum Variance,-0.00020455042885228063,252
2022-04-28,Combined,Minimum Variance,Combined Minimum Variance,0.01198551921008406,252
2022-04-29,Combined,Minimum Variance,Combined Minimum Variance,-0.0327834191292783,252
2022-05-02,Combined,Minimum Variance,Combined Minimum Variance,-0.0011964605735528574,252
2022-05-03,Combined,Minimum Variance,Combined Minimum Variance,0.0022536431381705445,252
2022-05-04,Combined,Minimum Variance,Combined Minimum Variance,0.02357880457877417,252
2022-05-05,Combined,Minimum Variance,Combined Minimum Variance,-0.017728139535504374,252
2022-05-06,Combined,Minimum Variance,Combined Minimum Variance,-0.007689843290895771,252
2022-05-09,Combined,Minimum Variance,Combined Minimum Variance,-0.020209740380521368,252
2022-05-10,Combined,Minimum Variance,Combined Minimum Variance,-0.007646334721006822,252
2022-05-11,Combined,Minimum Variance,Combined Minimum Variance,0.002486575917624803,252
2022-05-12,Combined,Minimum Variance,Combined Minimum Variance,0.0057118801694654615,252
2022-05-13,Combined,Minimum Variance,Combined Minimum Variance,0.012028673950790682,252
2022-05-16,Combined,Minimum Variance,Combined Minimum Variance,0.004241330436474509,252
2022-05-17,Combined,Minimum Variance,Combined Minimum Variance,0.008026616910104863,252
2022-05-18,Combined,Minimum Variance,Combined Minimum Variance,-0.022091476947034713,252
2022-05-19,Combined,Minimum Variance,Combined Minimum Variance,-0.0027860598037877807,252
2022-05-20,Combined,Minimum Variance,Combined Minimum Variance,0.005142024629924788,252
2022-05-23,Combined,Minimum Variance,Combined Minimum Variance,0.015086564664584756,252
2022-05-24,Combined,Minimum Variance,Combined Minimum Variance,0.010039759677640103,252
2022-05-25,Combined,Minimum Variance,Combined Minimum Variance,0.0039016314751393684,252
2022-05-26,Combined,Minimum Variance,Combined Minimum Variance,0.0048538777734951286,252
2022-05-27,Combined,Minimum Variance,Combined Minimum Variance,0.013313941206847006,252
2022-05-31,Combined,Minimum Variance,Combined Minimum Variance,-0.006958774283435676,252
2022-06-01,Combined,Minimum Variance,Combined Minimum Variance,-0.005767927498215121,252
2022-06-02,Combined,Minimum Variance,Combined Minimum Variance,0.008468145429492636,252
2022-06-03,Combined,Minimum Variance,Combined Minimum Variance,-0.006613283553563998,252
2022-06-06,Combined,Minimum Variance,Combined Minimum Variance,-0.0029076877909234764,252
2022-06-07,Combined,Minimum Variance,Combined Minimum Variance,0.007882019595848663,252
2022-06-08,Combined,Minimum Variance,Combined Minimum Variance,-0.011728785289689759,252
2022-06-09,Combined,Minimum Variance,Combined Minimum Variance,-0.02014070941517606,252
2022-06-10,Combined,Minimum Variance,Combined Minimum Variance,-0.010981023548551707,252
2022-06-13,Combined,Minimum Variance,Combined Minimum Variance,-0.030276033222286395,252
2022-06-14,Combined,Minimum Variance,Combined Minimum Variance,-0.012117690321750202,252
2022-06-15,Combined,Minimum Variance,Combined Minimum Variance,0.007593245363470399,252
2022-06-16,Combined,Minimum Variance,Combined Minimum Variance,-0.011557131266119704,252
2022-06-17,Combined,Minimum Variance,Combined Minimum Variance,-0.0003309947275501959,252
2022-06-21,Combined,Minimum Variance,Combined Minimum Variance,0.022338012326730564,252
2022-06-22,Combined,Minimum Variance,Combined Minimum Variance,0.00533684288510983,252
2022-06-23,Combined,Minimum Variance,Combined Minimum Variance,0.011553806617941788,252
2022-06-24,Combined,Minimum Variance,Combined Minimum Variance,0.017048219852540538,252
2022-06-27,Combined,Minimum Variance,Combined Minimum Variance,-0.004554605896307221,252
2022-06-28,Combined,Minimum Variance,Combined Minimum Variance,-0.01386668956727936,252
2022-06-29,Combined,Minimum Variance,Combined Minimum Variance,0.0017006632004273505,252
2022-06-30,Combined,Minimum Variance,Combined Minimum Variance,-0.006317190695463611,252
2022-07-01,Combined,Minimum Variance,Combined Minimum Variance,0.01508539435836811,252
2022-07-05,Combined,Minimum Variance,Combined Minimum Variance,-0.003597393129718041,252
2022-07-06,Combined,Minimum Variance,Combined Minimum Variance,0.0009425300141816831,252
2022-07-07,Combined,Minimum Variance,Combined Minimum Variance,0.0028822440220853626,252
2022-07-08,Combined,Minimum Variance,Combined Minimum Variance,-0.0024279011826733956,252
2022-07-11,Combined,Minimum Variance,Combined Minimum Variance,-0.0024817508937928522,252
2022-07-12,Combined,Minimum Variance,Combined Minimum Variance,-0.006318430826182166,252
2022-07-13,Combined,Minimum Variance,Combined Minimum Variance,-0.0024246117455135603,252
2022-07-14,Combined,Minimum Variance,Combined Minimum Variance,-0.0036579863025802363,252
2022-07-15,Combined,Minimum Variance,Combined Minimum Variance,0.011784049255224775,252
2022-07-18,Combined,Minimum Variance,Combined Minimum Variance,-0.012190442042887363,252
2022-07-19,Combined,Minimum Variance,Combined Minimum Variance,0.015251108961209427,252
2022-07-20,Combined,Minimum Variance,Combined Minimum Variance,-0.006619687426768547,252
2022-07-21,Combined,Minimum Variance,Combined Minimum Variance,0.002230732840275761,252
2022-07-22,Combined,Minimum Variance,Combined Minimum Variance,-0.001099135225114469,252
2022-07-25,Combined,Minimum Variance,Combined Minimum Variance,-0.005077076090864368,252
2022-07-26,Combined,Minimum Variance,Combined Minimum Variance,-0.00028025062942042416,252
2022-07-27,Combined,Minimum Variance,Combined Minimum Variance,0.003989422476978867,252
2022-07-28,Combined,Minimum Variance,Combined Minimum Variance,0.00925721417036033,252
2022-07-29,Combined,Minimum Variance,Combined Minimum Variance,0.001063674185676352,252
2022-08-01,Combined,Minimum Variance,Combined Minimum Variance,-0.004379949077859167,252
2022-08-02,Combined,Minimum Variance,Combined Minimum Variance,-0.007498869894673492,252
2022-08-03,Combined,Minimum Variance,Combined Minimum Variance,0.01025940870384239,252
2022-08-04,Combined,Minimum Variance,Combined Minimum Variance,-0.0016166221050374894,252
2022-08-05,Combined,Minimum Variance,Combined Minimum Variance,-0.0028340729286207072,252
2022-08-08,Combined,Minimum Variance,Combined Minimum Variance,0.002176047674233896,252
2022-08-09,Combined,Minimum Variance,Combined Minimum Variance,0.0012958408738966425,252
2022-08-10,Combined,Minimum Variance,Combined Minimum Variance,0.01142166239919253,252
2022-08-11,Combined,Minimum Variance,Combined Minimum Variance,-0.002576862066854462,252
2022-08-12,Combined,Minimum Variance,Combined Minimum Variance,0.015413236421758444,252
2022-08-15,Combined,Minimum Variance,Combined Minimum Variance,0.008827781127185765,252
2022-08-16,Combined,Minimum Variance,Combined Minimum Variance,0.009838134224747152,252
2022-08-17,Combined,Minimum Variance,Combined Minimum Variance,-0.007981539082118495,252
2022-08-18,Combined,Minimum Variance,Combined Minimum Variance,-0.002722066066784778,252
2022-08-19,Combined,Minimum Variance,Combined Minimum Variance,-0.0050623616649790384,252
2022-08-22,Combined,Minimum Variance,Combined Minimum Variance,-0.01441268819113321,252
2022-08-23,Combined,Minimum Variance,Combined Minimum Variance,-0.005427180134663988,252
2022-08-24,Combined,Minimum Variance,Combined Minimum Variance,-0.0004320809231778983,252
2022-08-25,Combined,Minimum Variance,Combined Minimum Variance,0.008817591618432666,252
2022-08-26,Combined,Minimum Variance,Combined Minimum Variance,-0.021293776078657695,252
2022-08-29,Combined,Minimum Variance,Combined Minimum Variance,-0.005931155628623403,252
2022-08-30,Combined,Minimum Variance,Combined Minimum Variance,-0.00886577070630896,252
2022-08-31,Combined,Minimum Variance,Combined Minimum Variance,-0.004514544229989996,252
2022-09-01,Combined,Minimum Variance,Combined Minimum Variance,0.009827482092911987,252
2022-09-02,Combined,Minimum Variance,Combined Minimum Variance,-0.01252036900562578,252
2022-09-06,Combined,Minimum Variance,Combined Minimum Variance,-0.001638244404614755,252
2022-09-07,Combined,Minimum Variance,Combined Minimum Variance,0.018626339548833134,252
2022-09-08,Combined,Minimum Variance,Combined Minimum Variance,0.001383606135613469,252
2022-09-09,Combined,Minimum Variance,Combined Minimum Variance,0.011761986049579619,252
2022-09-12,Combined,Minimum Variance,Combined Minimum Variance,0.009370718565206024,252
2022-09-13,Combined,Minimum Variance,Combined Minimum Variance,-0.032776524599025386,252
2022-09-14,Combined,Minimum Variance,Combined Minimum Variance,0.0031650549158821176,252
2022-09-15,Combined,Minimum Variance,Combined Minimum Variance,-0.015346231333729391,252
2022-09-16,Combined,Minimum Variance,Combined Minimum Variance,-0.002228919064316465,252
2022-09-19,Combined,Minimum Variance,Combined Minimum Variance,0.004762640901830836,252
2022-09-20,Combined,Minimum Variance,Combined Minimum Variance,-0.015790047009496915,252
2022-09-21,Combined,Minimum Variance,Combined Minimum Variance,-0.01595239886522458,252
2022-09-22,Combined,Minimum Variance,Combined Minimum Variance,-0.002823424159078805,252
2022-09-23,Combined,Minimum Variance,Combined Minimum Variance,-0.015047001983631073,252
2022-09-26,Combined,Minimum Variance,Combined Minimum Variance,-0.012592084576911385,252
2022-09-27,Combined,Minimum Variance,Combined Minimum Variance,-0.00638083687362955,252
2022-09-28,Combined,Minimum Variance,Combined Minimum Variance,0.019510398367724075,252
2022-09-29,Combined,Minimum Variance,Combined Minimum Variance,-0.019779141218993365,252
2022-09-30,Combined,Minimum Variance,Combined Minimum Variance,-0.016370619742991914,252
2022-10-03,Combined,Minimum Variance,Combined Minimum Variance,0.026410533563897023,252
2022-10-04,Combined,Minimum Variance,Combined Minimum Variance,0.02244298551906924,252
2022-10-05,Combined,Minimum Variance,Combined Minimum Variance,-0.007294414943484031,252
2022-10-06,Combined,Minimum Variance,Combined Minimum Variance,-0.013779931260561956,252
2022-10-07,Combined,Minimum Variance,Combined Minimum Variance,-0.02008435824174767,252
2022-10-10,Combined,Minimum Variance,Combined Minimum Variance,-0.00042323335709122553,252
2022-10-11,Combined,Minimum Variance,Combined Minimum Variance,0.003697127265836543,252
2022-10-12,Combined,Minimum Variance,Combined Minimum Variance,-0.009701936214559703,252
2022-10-13,Combined,Minimum Variance,Combined Minimum Variance,0.021962399051606043,252
2022-10-14,Combined,Minimum Variance,Combined Minimum Variance,-0.013191078647214876,252
2022-10-17,Combined,Minimum Variance,Combined Minimum Variance,0.01734953721021071,252
2022-10-18,Combined,Minimum Variance,Combined Minimum Variance,0.012820825854905942,252
2022-10-19,Combined,Minimum Variance,Combined Minimum Variance,-0.01203483578295342,252
2022-10-20,Combined,Minimum Variance,Combined Minimum Variance,-0.004463801962648143,252
2022-10-21,Combined,Minimum Variance,Combined Minimum Variance,0.017830744617825873,252
2022-10-24,Combined,Minimum Variance,Combined Minimum Variance,0.010924754757198655,252
2022-10-25,Combined,Minimum Variance,Combined Minimum Variance,0.01409804319012077,252
2022-10-26,Combined,Minimum Variance,Combined Minimum Variance,0.008876289469712868,252
2022-10-27,Combined,Minimum Variance,Combined Minimum Variance,-0.0004938947324832803,252
2022-10-28,Combined,Minimum Variance,Combined Minimum Variance,0.025559766536668034,252
2022-10-31,Combined,Minimum Variance,Combined Minimum Variance,-0.008653503073509228,252
2022-11-01,Combined,Minimum Variance,Combined Minimum Variance,-0.0012598191139165506,252
2022-11-02,Combined,Minimum Variance,Combined Minimum Variance,-0.01836137218459892,252
2022-11-03,Combined,Minimum Variance,Combined Minimum Variance,-0.006801363034846994,252
2022-11-04,Combined,Minimum Variance,Combined Minimum Variance,0.012963569921249855,252
2022-11-07,Combined,Minimum Variance,Combined Minimum Variance,0.0040467949009850845,252
2022-11-08,Combined,Minimum Variance,Combined Minimum Variance,0.005342798243859602,252
2022-11-09,Combined,Minimum Variance,Combined Minimum Variance,-0.012651386791044585,252
2022-11-10,Combined,Minimum Variance,Combined Minimum Variance,0.04012074098266163,252
2022-11-11,Combined,Minimum Variance,Combined Minimum Variance,0.002031527653142825,252
2022-11-14,Combined,Minimum Variance,Combined Minimum Variance,-0.008973340573686258,252
2022-11-15,Combined,Minimum Variance,Combined Minimum Variance,0.00827046834363262,252
2022-11-16,Combined,Minimum Variance,Combined Minimum Variance,-0.001454154942051273,252
2022-11-17,Combined,Minimum Variance,Combined Minimum Variance,-0.002970650469333036,252
2022-11-18,Combined,Minimum Variance,Combined Minimum Variance,0.008873594453522456,252
2022-11-21,Combined,Minimum Variance,Combined Minimum Variance,0.004218182903237039,252
2022-11-22,Combined,Minimum Variance,Combined Minimum Variance,0.010905439277846528,252
2022-11-23,Combined,Minimum Variance,Combined Minimum Variance,0.0050010366262945695,252
2022-11-25,Combined,Minimum Variance,Combined Minimum Variance,0.00219775082501083,252
2022-11-28,Combined,Minimum Variance,Combined Minimum Variance,-0.013813923610658571,252
2022-11-29,Combined,Minimum Variance,Combined Minimum Variance,0.002734017394176179,252
2022-11-30,Combined,Minimum Variance,Combined Minimum Variance,0.02234472103616719,252
2022-12-01,Combined,Minimum Variance,Combined Minimum Variance,0.002280071120213215,252
2022-12-02,Combined,Minimum Variance,Combined Minimum Variance,0.0024168222683646104,252
2022-12-05,Combined,Minimum Variance,Combined Minimum Variance,-0.01377031829946778,252
2022-12-06,Combined,Minimum Variance,Combined Minimum Variance,-0.007926835624313846,252
2022-12-07,Combined,Minimum Variance,Combined Minimum Variance,0.002070448306175554,252
2022-12-08,Combined,Minimum Variance,Combined Minimum Variance,0.006360270224909319,252
2022-12-09,Combined,Minimum Variance,Combined Minimum Variance,-0.009380655503578228,252
2022-12-12,Combined,Minimum Variance,Combined Minimum Variance,0.012954555501820526,252
2022-12-13,Combined,Minimum Variance,Combined Minimum Variance,0.005430355695207531,252
2022-12-14,Combined,Minimum Variance,Combined Minimum Variance,-0.004540044577672424,252
2022-12-15,Combined,Minimum Variance,Combined Minimum Variance,-0.01805917770423945,252
2022-12-16,Combined,Minimum Variance,Combined Minimum Variance,-0.00817443193887883,252
2022-12-19,Combined,Minimum Variance,Combined Minimum Variance,-0.0063726311659857765,252
2022-12-20,Combined,Minimum Variance,Combined Minimum Variance,0.0011020479663969593,252
2022-12-21,Combined,Minimum Variance,Combined Minimum Variance,0.012876120748038298,252
2022-12-22,Combined,Minimum Variance,Combined Minimum Variance,-0.004301628961492471,252
2022-12-23,Combined,Minimum Variance,Combined Minimum Variance,0.004629018180334441,252
2022-12-27,Combined,Minimum Variance,Combined Minimum Variance,0.0025391270034421554,252
2022-12-28,Combined,Minimum Variance,Combined Minimum Variance,-0.011627622742410913,252
2022-12-29,Combined,Minimum Variance,Combined Minimum Variance,0.010861372807383122,252
2022-12-30,Combined,Minimum Variance,Combined Minimum Variance,-0.0029252277916814147,252
2023-01-03,Combined,Minimum Variance,Combined Minimum Variance,0.0063138787640092025,252
2023-01-04,Combined,Minimum Variance,Combined Minimum Variance,0.014632867087169408,252
2023-01-05,Combined,Minimum Variance,Combined Minimum Variance,-0.0073420930829471995,252
2023-01-06,Combined,Minimum Variance,Combined Minimum Variance,0.019922275440628037,252
2023-01-09,Combined,Minimum Variance,Combined Minimum Variance,-0.006923445047038759,252
2023-01-10,Combined,Minimum Variance,Combined Minimum Variance,0.00478472884157232,252
2023-01-11,Combined,Minimum Variance,Combined Minimum Variance,0.0060950217387719914,252
2023-01-12,Combined,Minimum Variance,Combined Minimum Variance,-0.0010066721460271226,252
2023-01-13,Combined,Minimum Variance,Combined Minimum Variance,0.002284179838661617,252
2023-01-17,Combined,Minimum Variance,Combined Minimum Variance,-0.007877329938029917,252
2023-01-18,Combined,Minimum Variance,Combined Minimum Variance,-0.018246694848839593,252
2023-01-19,Combined,Minimum Variance,Combined Minimum Variance,-0.004580346571447644,252
2023-01-20,Combined,Minimum Variance,Combined Minimum Variance,0.01148702410709843,252
2023-01-23,Combined,Minimum Variance,Combined Minimum Variance,0.005221134148733657,252
2023-01-24,Combined,Minimum Variance,Combined Minimum Variance,-0.0014979399154098495,252
2023-01-25,Combined,Minimum Variance,Combined Minimum Variance,0.0009581625736340279,252
2023-01-26,Combined,Minimum Variance,Combined Minimum Variance,-0.00024224489813487517,252
2023-01-27,Combined,Minimum Variance,Combined Minimum Variance,-0.0007292504110218296,252
2023-01-30,Combined,Minimum Variance,Combined Minimum Variance,-0.005342350397799117,252
2023-01-31,Combined,Minimum Variance,Combined Minimum Variance,0.010526315521030201,252
2023-02-01,Combined,Minimum Variance,Combined Minimum Variance,-0.002182447367608889,252
2023-02-02,Combined,Minimum Variance,Combined Minimum Variance,-0.0031220652313227615,252
2023-02-03,Combined,Minimum Variance,Combined Minimum Variance,-0.013827478881579607,252
2023-02-06,Combined,Minimum Variance,Combined Minimum Variance,-0.00446418129341543,252
2023-02-07,Combined,Minimum Variance,Combined Minimum Variance,0.005597303939043119,252
2023-02-08,Combined,Minimum Variance,Combined Minimum Variance,-0.009855822187077734,252
2023-02-09,Combined,Minimum Variance,Combined Minimum Variance,-0.006874851925829594,252
2023-02-10,Combined,Minimum Variance,Combined Minimum Variance,0.009896424712831163,252
2023-02-13,Combined,Minimum Variance,Combined Minimum Variance,0.008628498511377211,252
2023-02-14,Combined,Minimum Variance,Combined Minimum Variance,-0.007756557548743842,252
2023-02-15,Combined,Minimum Variance,Combined Minimum Variance,0.002162441643697848,252
2023-02-16,Combined,Minimum Variance,Combined Minimum Variance,-0.011434005234213533,252
2023-02-17,Combined,Minimum Variance,Combined Minimum Variance,0.007536491369864675,252
2023-02-21,Combined,Minimum Variance,Combined Minimum Variance,-0.011647140663673202,252
2023-02-22,Combined,Minimum Variance,Combined Minimum Variance,-0.007240888974123091,252
2023-02-23,Combined,Minimum Variance,Combined Minimum Variance,-0.001201751747588951,252
2023-02-24,Combined,Minimum Variance,Combined Minimum Variance,-0.00898913942159215,252
2023-02-27,Combined,Minimum Variance,Combined Minimum Variance,0.0006410939586042327,252
2023-02-28,Combined,Minimum Variance,Combined Minimum Variance,-0.0047593764035850005,252
2023-03-01,Combined,Minimum Variance,Combined Minimum Variance,-0.004464848502725407,252
2023-03-02,Combined,Minimum Variance,Combined Minimum Variance,0.010477897341697632,252
2023-03-03,Combined,Minimum Variance,Combined Minimum Variance,0.010910224567962281,252
2023-03-06,Combined,Minimum Variance,Combined Minimum Variance,0.0010823243676116342,252
2023-03-07,Combined,Minimum Variance,Combined Minimum Variance,-0.014654756684949642,252
2023-03-08,Combined,Minimum Variance,Combined Minimum Variance,-0.0015814630322426592,252
2023-03-09,Combined,Minimum Variance,Combined Minimum Variance,-0.013302543830790539,252
2023-03-10,Combined,Minimum Variance,Combined Minimum Variance,-0.007758651931476203,252
2023-03-13,Combined,Minimum Variance,Combined Minimum Variance,0.010717862575403516,252
2023-03-14,Combined,Minimum Variance,Combined Minimum Variance,0.008933495075891074,252
2023-03-15,Combined,Minimum Variance,Combined Minimum Variance,0.005671563718922847,252
2023-03-16,Combined,Minimum Variance,Combined Minimum Variance,0.00550093073896989,252
2023-03-17,Combined,Minimum Variance,Combined Minimum Variance,-0.006276688113150786,252
2023-03-20,Combined,Minimum Variance,Combined Minimum Variance,0.010160910031473989,252
2023-03-21,Combined,Minimum Variance,Combined Minimum Variance,-0.0027690787321344836,252
2023-03-22,Combined,Minimum Variance,Combined Minimum Variance,-0.017214612176569676,252
2023-03-23,Combined,Minimum Variance,Combined Minimum Variance,0.0033002491266545665,252
2023-03-24,Combined,Minimum Variance,Combined Minimum Variance,0.015433971806179142,252
2023-03-27,Combined,Minimum Variance,Combined Minimum Variance,0.0016850124103262353,252
2023-03-28,Combined,Minimum Variance,Combined Minimum Variance,-0.00047585393104915264,252
2023-03-29,Combined,Minimum Variance,Combined Minimum Variance,0.010609377268616523,252
2023-03-30,Combined,Minimum Variance,Combined Minimum Variance,0.00428146638682133,252
2023-03-31,Combined,Minimum Variance,Combined Minimum Variance,0.012033756492464968,252
2023-04-03,Combined,Minimum Variance,Combined Minimum Variance,0.0043735824922387645,252
2023-04-04,Combined,Minimum Variance,Combined Minimum Variance,0.0036820285849241837,252
2023-04-05,Combined,Minimum Variance,Combined Minimum Variance,0.010807928299794241,252
2023-04-06,Combined,Minimum Variance,Combined Minimum Variance,0.0007171724995051926,252
2023-04-10,Combined,Minimum Variance,Combined Minimum Variance,-0.00032659082644533657,252
2023-04-11,Combined,Minimum Variance,Combined Minimum Variance,0.0007717594008330854,252
2023-04-12,Combined,Minimum Variance,Combined Minimum Variance,-0.0018376992839955588,252
2023-04-13,Combined,Minimum Variance,Combined Minimum Variance,0.00864846279840484,252
2023-04-14,Combined,Minimum Variance,Combined Minimum Variance,-0.007745509518375501,252
2023-04-17,Combined,Minimum Variance,Combined Minimum Variance,0.00398402430536117,252
2023-04-18,Combined,Minimum Variance,Combined Minimum Variance,-0.0015643723369412382,252
2023-04-19,Combined,Minimum Variance,Combined Minimum Variance,0.0025139725729987194,252
2023-04-20,Combined,Minimum Variance,Combined Minimum Variance,-0.00698498689204083,252
2023-04-21,Combined,Minimum Variance,Combined Minimum Variance,0.004607204317667627,252
2023-04-24,Combined,Minimum Variance,Combined Minimum Variance,0.0018910806091281345,252
2023-04-25,Combined,Minimum Variance,Combined Minimum Variance,-0.00648181489719936,252
2023-04-26,Combined,Minimum Variance,Combined Minimum Variance,-0.017666966254524383,252
2023-04-27,Combined,Minimum Variance,Combined Minimum Variance,0.011328896542473783,252
2023-04-28,Combined,Minimum Variance,Combined Minimum Variance,0.0024243343579028317,252
2023-05-01,Combined,Minimum Variance,Combined Minimum Variance,-0.0012857461635996765,252
2023-05-02,Combined,Minimum Variance,Combined Minimum Variance,-0.010566915386497771,252
2023-05-03,Combined,Minimum Variance,Combined Minimum Variance,-0.0075371432754212,252
2023-05-04,Combined,Minimum Variance,Combined Minimum Variance,-0.0001966612191397026,252
2023-05-05,Combined,Minimum Variance,Combined Minimum Variance,0.011131337955367596,252
2023-05-08,Combined,Minimum Variance,Combined Minimum Variance,-0.0015848641044080894,252
2023-05-09,Combined,Minimum Variance,Combined Minimum Variance,-0.0043770225226155745,252
2023-05-10,Combined,Minimum Variance,Combined Minimum Variance,0.0004646967667154894,252
2023-05-11,Combined,Minimum Variance,Combined Minimum Variance,-0.006094697517141489,252
2023-05-12,Combined,Minimum Variance,Combined Minimum Variance,0.0008800964692387961,252
2023-05-15,Combined,Minimum Variance,Combined Minimum Variance,-0.0023544787282381045,252
2023-05-16,Combined,Minimum Variance,Combined Minimum Variance,-0.0167396998742106,252
2023-05-17,Combined,Minimum Variance,Combined Minimum Variance,0.002735741132990498,252
2023-05-18,Combined,Minimum Variance,Combined Minimum Variance,0.002875640011158232,252
2023-05-19,Combined,Minimum Variance,Combined Minimum Variance,-0.0010569425491511913,252
2023-05-22,Combined,Minimum Variance,Combined Minimum Variance,-0.0019073927928810928,252
2023-05-23,Combined,Minimum Variance,Combined Minimum Variance,-0.007882689056127627,252
2023-05-24,Combined,Minimum Variance,Combined Minimum Variance,-0.008351165709782105,252
2023-05-25,Combined,Minimum Variance,Combined Minimum Variance,-0.011866077793875282,252
2023-05-26,Combined,Minimum Variance,Combined Minimum Variance,0.0020338995904733066,252
2023-05-30,Combined,Minimum Variance,Combined Minimum Variance,-0.004678102243153072,252
2023-05-31,Combined,Minimum Variance,Combined Minimum Variance,0.003818323859017654,252
2023-06-01,Combined,Minimum Variance,Combined Minimum Variance,0.00044141652625487754,252
2023-06-02,Combined,Minimum Variance,Combined Minimum Variance,0.013464621817633526,252
2023-06-05,Combined,Minimum Variance,Combined Minimum Variance,-0.0021001504499119513,252
2023-06-06,Combined,Minimum Variance,Combined Minimum Variance,-0.0036774599719708065,252
2023-06-07,Combined,Minimum Variance,Combined Minimum Variance,0.006500597327666039,252
2023-06-08,Combined,Minimum Variance,Combined Minimum Variance,0.006031257447651147,252
2023-06-09,Combined,Minimum Variance,Combined Minimum Variance,-0.0036628756873282164,252
2023-06-12,Combined,Minimum Variance,Combined Minimum Variance,0.0024309279138360297,252
2023-06-13,Combined,Minimum Variance,Combined Minimum Variance,0.0048517814844963114,252
2023-06-14,Combined,Minimum Variance,Combined Minimum Variance,0.0008278824576107463,252
2023-06-15,Combined,Minimum Variance,Combined Minimum Variance,0.01212188976535788,252
2023-06-16,Combined,Minimum Variance,Combined Minimum Variance,0.0027390273430349427,252
2023-06-20,Combined,Minimum Variance,Combined Minimum Variance,-0.009624386466832627,252
2023-06-21,Combined,Minimum Variance,Combined Minimum Variance,-0.0007472109225135224,252
2023-06-22,Combined,Minimum Variance,Combined Minimum Variance,5.5223013493017016e-05,252
2023-06-23,Combined,Minimum Variance,Combined Minimum Variance,-0.006777491454367195,252
2023-06-26,Combined,Minimum Variance,Combined Minimum Variance,0.0064349385157915304,252
2023-06-27,Combined,Minimum Variance,Combined Minimum Variance,0.0023548428226806304,252
2023-06-28,Combined,Minimum Variance,Combined Minimum Variance,-0.004121177058983105,252
2023-06-29,Combined,Minimum Variance,Combined Minimum Variance,0.0033879584383837494,252
2023-06-30,Combined,Minimum Variance,Combined Minimum Variance,0.009104085882778721,252
2023-07-03,Combined,Minimum Variance,Combined Minimum Variance,0.005303019102020762,252
2023-07-05,Combined,Minimum Variance,Combined Minimum Variance,-0.001283499377612878,252
2023-07-06,Combined,Minimum Variance,Combined Minimum Variance,-0.01007856210499497,252
2023-07-07,Combined,Minimum Variance,Combined Minimum Variance,-0.0075226915169540045,252
2023-07-10,Combined,Minimum Variance,Combined Minimum Variance,0.004134934894992804,252
2023-07-11,Combined,Minimum Variance,Combined Minimum Variance,0.012899132686019905,252
2023-07-12,Combined,Minimum Variance,Combined Minimum Variance,0.005024346928557068,252
2023-07-13,Combined,Minimum Variance,Combined Minimum Variance,0.0029357196747059437,252
2023-07-14,Combined,Minimum Variance,Combined Minimum Variance,-0.0010370550881156195,252
2023-07-17,Combined,Minimum Variance,Combined Minimum Variance,-0.008249923526495163,252
2023-07-18,Combined,Minimum Variance,Combined Minimum Variance,0.0018153063170902215,252
2023-07-19,Combined,Minimum Variance,Combined Minimum Variance,0.006872596475946633,252
2023-07-20,Combined,Minimum Variance,Combined Minimum Variance,0.005347087091708782,252
2023-07-21,Combined,Minimum Variance,Combined Minimum Variance,0.00793545498083637,252
2023-07-24,Combined,Minimum Variance,Combined Minimum Variance,0.0010171898917825796,252
2023-07-25,Combined,Minimum Variance,Combined Minimum Variance,4.407239790414279e-05,252
2023-07-26,Combined,Minimum Variance,Combined Minimum Variance,0.0019026815108863114,252
2023-07-27,Combined,Minimum Variance,Combined Minimum Variance,-0.006988470462093671,252
2023-07-28,Combined,Minimum Variance,Combined Minimum Variance,0.0018176608758236348,252
2023-07-31,Combined,Minimum Variance,Combined Minimum Variance,-0.0010940530185228536,252
2023-08-01,Combined,Minimum Variance,Combined Minimum Variance,-0.0066565708048822066,252
2023-08-02,Combined,Minimum Variance,Combined Minimum Variance,-0.00941617003596504,252
2023-08-03,Combined,Minimum Variance,Combined Minimum Variance,-0.008599379739221022,252
2023-08-04,Combined,Minimum Variance,Combined Minimum Variance,-0.0032580944084429817,252
2023-08-07,Combined,Minimum Variance,Combined Minimum Variance,0.008793788143027325,252
2023-08-08,Combined,Minimum Variance,Combined Minimum Variance,-0.0015692901395101316,252
2023-08-09,Combined,Minimum Variance,Combined Minimum Variance,0.0020794684149669854,252
2023-08-10,Combined,Minimum Variance,Combined Minimum Variance,0.0006116652030836003,252
2023-08-11,Combined,Minimum Variance,Combined Minimum Variance,0.004084056031148459,252
2023-08-14,Combined,Minimum Variance,Combined Minimum Variance,-0.0024378147886428498,252
2023-08-15,Combined,Minimum Variance,Combined Minimum Variance,-0.00936958065087038,252
2023-08-16,Combined,Minimum Variance,Combined Minimum Variance,-0.004987406597226728,252
2023-08-17,Combined,Minimum Variance,Combined Minimum Variance,-0.005906887243769577,252
2023-08-18,Combined,Minimum Variance,Combined Minimum Variance,0.00023024726825273255,252
2023-08-21,Combined,Minimum Variance,Combined Minimum Variance,-0.002459622372126555,252
2023-08-22,Combined,Minimum Variance,Combined Minimum Variance,-0.001572489626143529,252
2023-08-23,Combined,Minimum Variance,Combined Minimum Variance,0.008052191013529839,252
2023-08-24,Combined,Minimum Variance,Combined Minimum Variance,-0.009033162579656438,252
2023-08-25,Combined,Minimum Variance,Combined Minimum Variance,0.003615107266958695,252
2023-08-28,Combined,Minimum Variance,Combined Minimum Variance,0.004935686614801691,252
2023-08-29,Combined,Minimum Variance,Combined Minimum Variance,0.010173654816894208,252
2023-08-30,Combined,Minimum Variance,Combined Minimum Variance,0.000920159787197004,252
2023-08-31,Combined,Minimum Variance,Combined Minimum Variance,-0.005876293902088572,252
2023-09-01,Combined,Minimum Variance,Combined Minimum Variance,-0.0007113117955937022,252
2023-09-05,Combined,Minimum Variance,Combined Minimum Variance,-0.011921286972924145,252
2023-09-06,Combined,Minimum Variance,Combined Minimum Variance,-0.0035245550083287617,252
2023-09-07,Combined,Minimum Variance,Combined Minimum Variance,0.00620109597721911,252
2023-09-08,Combined,Minimum Variance,Combined Minimum Variance,0.0056374564155199135,252
2023-09-11,Combined,Minimum Variance,Combined Minimum Variance,0.0056899225369254425,252
2023-09-12,Combined,Minimum Variance,Combined Minimum Variance,-0.0027246531172185713,252
2023-09-13,Combined,Minimum Variance,Combined Minimum Variance,0.0015974635927137756,252
2023-09-14,Combined,Minimum Variance,Combined Minimum Variance,0.01210179288512351,252
2023-09-15,Combined,Minimum Variance,Combined Minimum Variance,-0.007020421239732267,252
2023-09-18,Combined,Minimum Variance,Combined Minimum Variance,-0.001107766815698854,252
2023-09-19,Combined,Minimum Variance,Combined Minimum Variance,-0.001575406048509195,252
2023-09-20,Combined,Minimum Variance,Combined Minimum Variance,0.0007277297270222933,252
2023-09-21,Combined,Minimum Variance,Combined Minimum Variance,-0.015222593076041416,252
2023-09-22,Combined,Minimum Variance,Combined Minimum Variance,-0.002204040385846818,252
2023-09-25,Combined,Minimum Variance,Combined Minimum Variance,-0.0012157460713611446,252
2023-09-26,Combined,Minimum Variance,Combined Minimum Variance,-0.010918650625689912,252
2023-09-27,Combined,Minimum Variance,Combined Minimum Variance,-0.008837805595215709,252
2023-09-28,Combined,Minimum Variance,Combined Minimum Variance,0.0014235025805789145,252
2023-09-29,Combined,Minimum Variance,Combined Minimum Variance,-0.001693098971014277,252
2023-10-02,Combined,Minimum Variance,Combined Minimum Variance,-0.0160489444383934,252
2023-10-03,Combined,Minimum Variance,Combined Minimum Variance,-0.007387818320879601,252
2023-10-04,Combined,Minimum Variance,Combined Minimum Variance,0.004796791197176778,252
2023-10-05,Combined,Minimum Variance,Combined Minimum Variance,-0.0027900406431009966,252
2023-10-06,Combined,Minimum Variance,Combined Minimum Variance,0.008970873080746953,252
2023-10-09,Combined,Minimum Variance,Combined Minimum Variance,0.007881120199328595,252
2023-10-10,Combined,Minimum Variance,Combined Minimum Variance,0.00961618688880356,252
2023-10-11,Combined,Minimum Variance,Combined Minimum Variance,0.006250945844652616,252
2023-10-12,Combined,Minimum Variance,Combined Minimum Variance,-0.00826719722738696,252
2023-10-13,Combined,Minimum Variance,Combined Minimum Variance,0.0042848723917935936,252
2023-10-16,Combined,Minimum Variance,Combined Minimum Variance,0.009459792776635726,252
2023-10-17,Combined,Minimum Variance,Combined Minimum Variance,0.0020576318669093927,252
2023-10-18,Combined,Minimum Variance,Combined Minimum Variance,-0.01181947489972905,252
2023-10-19,Combined,Minimum Variance,Combined Minimum Variance,-0.010199361304241856,252
2023-10-20,Combined,Minimum Variance,Combined Minimum Variance,-0.00470123641670826,252
2023-10-23,Combined,Minimum Variance,Combined Minimum Variance,-0.005693960746571776,252
2023-10-24,Combined,Minimum Variance,Combined Minimum Variance,0.012286826125573485,252
2023-10-25,Combined,Minimum Variance,Combined Minimum Variance,-0.008575014028263453,252
2023-10-26,Combined,Minimum Variance,Combined Minimum Variance,-0.001645196880088345,252
2023-10-27,Combined,Minimum Variance,Combined Minimum Variance,-0.012101970948295692,252
2023-10-30,Combined,Minimum Variance,Combined Minimum Variance,0.007938294209007572,252
2023-10-31,Combined,Minimum Variance,Combined Minimum Variance,0.004913869981192777,252
2023-11-01,Combined,Minimum Variance,Combined Minimum Variance,0.005429107547831932,252
2023-11-02,Combined,Minimum Variance,Combined Minimum Variance,0.02071396316450867,252
2023-11-03,Combined,Minimum Variance,Combined Minimum Variance,0.009727511708830093,252
2023-11-06,Combined,Minimum Variance,Combined Minimum Variance,-0.0050857501101246655,252
2023-11-07,Combined,Minimum Variance,Combined Minimum Variance,-0.0019514971701295378,252
2023-11-08,Combined,Minimum Variance,Combined Minimum Variance,-0.0032410691378406175,252
2023-11-09,Combined,Minimum Variance,Combined Minimum Variance,-0.01201408592266599,252
2023-11-10,Combined,Minimum Variance,Combined Minimum Variance,0.00653046351356972,252
2023-11-13,Combined,Minimum Variance,Combined Minimum Variance,-0.0018946405739613881,252
2023-11-14,Combined,Minimum Variance,Combined Minimum Variance,0.021831895525498097,252
2023-11-15,Combined,Minimum Variance,Combined Minimum Variance,0.005133809838581197,252
2023-11-16,Combined,Minimum Variance,Combined Minimum Variance,-0.0009705363762212345,252
2023-11-17,Combined,Minimum Variance,Combined Minimum Variance,-9.086467701080311e-05,252
2023-11-20,Combined,Minimum Variance,Combined Minimum Variance,0.004008332655626333,252
2023-11-21,Combined,Minimum Variance,Combined Minimum Variance,0.0007746850895797559,252
2023-11-22,Combined,Minimum Variance,Combined Minimum Variance,0.002141618380241045,252
2023-11-24,Combined,Minimum Variance,Combined Minimum Variance,0.0027733464865158826,252
2023-11-27,Combined,Minimum Variance,Combined Minimum Variance,0.0013373060516632218,252
2023-11-28,Combined,Minimum Variance,Combined Minimum Variance,0.004404451256158729,252
2023-11-29,Combined,Minimum Variance,Combined Minimum Variance,0.003076350967733639,252
2023-11-30,Combined,Minimum Variance,Combined Minimum Variance,0.007472629362948956,252
2023-12-01,Combined,Minimum Variance,Combined Minimum Variance,0.009933915385939497,252
2023-12-04,Combined,Minimum Variance,Combined Minimum Variance,0.001303133416909123,252
2023-12-05,Combined,Minimum Variance,Combined Minimum Variance,-0.002581508460056464,252
2023-12-06,Combined,Minimum Variance,Combined Minimum Variance,0.0027258406436901374,252
2023-12-07,Combined,Minimum Variance,Combined Minimum Variance,0.0001243022354027312,252
2023-12-08,Combined,Minimum Variance,Combined Minimum Variance,-0.00013773875387737637,252
2023-12-11,Combined,Minimum Variance,Combined Minimum Variance,0.0051748577254618604,252
2023-12-12,Combined,Minimum Variance,Combined Minimum Variance,0.001037332574805842,252
2023-12-13,Combined,Minimum Variance,Combined Minimum Variance,0.023408223447231688,252
2023-12-14,Combined,Minimum Variance,Combined Minimum Variance,0.005587480786842259,252
2023-12-15,Combined,Minimum Variance,Combined Minimum Variance,-0.006864650565396963,252
2023-12-18,Combined,Minimum Variance,Combined Minimum Variance,-0.0008971075328051968,252
2023-12-19,Combined,Minimum Variance,Combined Minimum Variance,0.005822422645589552,252
2023-12-20,Combined,Minimum Variance,Combined Minimum Variance,-0.014041604705875246,252
2023-12-21,Combined,Minimum Variance,Combined Minimum Variance,0.006736985904384277,252
2023-12-22,Combined,Minimum Variance,Combined Minimum Variance,0.004224262135510595,252
2023-12-26,Combined,Minimum Variance,Combined Minimum Variance,0.00338191317250564,252
2023-12-27,Combined,Minimum Variance,Combined Minimum Variance,0.002720056535708968,252
2023-12-28,Combined,Minimum Variance,Combined Minimum Variance,0.003132429062462722,252
2023-12-29,Combined,Minimum Variance,Combined Minimum Variance,-0.002087250051617826,252
2021-01-04,Combined,Tangency,Combined Tangency,-0.0032691745688060666,252
2021-01-05,Combined,Tangency,Combined Tangency,0.04883148412003551,252
2021-01-06,Combined,Tangency,Combined Tangency,0.08728899102292592,252
2021-01-07,Combined,Tangency,Combined Tangency,0.04179324654164919,252
2021-01-08,Combined,Tangency,Combined Tangency,0.015995646824207253,252
2021-01-11,Combined,Tangency,Combined Tangency,-0.04294197931831958,252
2021-01-12,Combined,Tangency,Combined Tangency,-0.02632801371854608,252
2021-01-13,Combined,Tangency,Combined Tangency,0.06187150016761386,252
2021-01-14,Combined,Tangency,Combined Tangency,0.026648862524341392,252
2021-01-15,Combined,Tangency,Combined Tangency,-0.045288095957783096,252
2021-01-19,Combined,Tangency,Combined Tangency,-0.009511499732926535,252
2021-01-20,Combined,Tangency,Combined Tangency,0.0010637618857723312,252
2021-01-21,Combined,Tangency,Combined Tangency,-0.08358931414100991,252
2021-01-22,Combined,Tangency,Combined Tangency,0.042227985945184135,252
2021-01-25,Combined,Tangency,Combined Tangency,0.0006825293327190435,252
2021-01-26,Combined,Tangency,Combined Tangency,-2.0057339504136838e-05,252
2021-01-27,Combined,Tangency,Combined Tangency,-0.054064785725839726,252
2021-01-28,Combined,Tangency,Combined Tangency,0.07438710112089858,252
2021-01-29,Combined,Tangency,Combined Tangency,0.012925615223525972,252
2021-02-01,Combined,Tangency,Combined Tangency,0.018631374127389636,252
2021-02-02,Combined,Tangency,Combined Tangency,0.04253579293355018,252
2021-02-03,Combined,Tangency,Combined Tangency,0.030583135162670864,252
2021-02-04,Combined,Tangency,Combined Tangency,-0.013747223933817694,252
2021-02-05,Combined,Tangency,Combined Tangency,0.0303829506597686,252
2021-02-08,Combined,Tangency,Combined Tangency,0.11916333767361449,252
2021-02-09,Combined,Tangency,Combined Tangency,0.00044903951876477125,252
2021-02-10,Combined,Tangency,Combined Tangency,-0.004086935560197564,252
2021-02-11,Combined,Tangency,Combined Tangency,0.056962607581762185,252
2021-02-12,Combined,Tangency,Combined Tangency,0.016616633871988057,252
2021-02-16,Combined,Tangency,Combined Tangency,0.016398895404313538,252
2021-02-17,Combined,Tangency,Combined Tangency,0.027728923920382596,252
2021-02-18,Combined,Tangency,Combined Tangency,-0.006284418193416881,252
2021-02-19,Combined,Tangency,Combined Tangency,0.04788563385603897,252
2021-02-22,Combined,Tangency,Combined Tangency,-0.04866007949064292,252
2021-02-23,Combined,Tangency,Combined Tangency,-0.08262935447786024,252
2021-02-24,Combined,Tangency,Combined Tangency,0.02407677646222828,252
2021-02-25,Combined,Tangency,Combined Tangency,-0.056992201278420376,252
2021-02-26,Combined,Tangency,Combined Tangency,0.004133679125322822,252
2021-03-01,Combined,Tangency,Combined Tangency,0.050880730877539616,252
2021-03-02,Combined,Tangency,Combined Tangency,-0.031800905941441096,252
2021-03-03,Combined,Tangency,Combined Tangency,0.010108514939179997,252
2021-03-04,Combined,Tangency,Combined Tangency,-0.04574832219809357,252
2021-03-05,Combined,Tangency,Combined Tangency,0.01523984149731833,252
2021-03-08,Combined,Tangency,Combined Tangency,-0.00794588141206591,252
2021-03-09,Combined,Tangency,Combined Tangency,0.05849161547478929,252
2021-03-10,Combined,Tangency,Combined Tangency,-0.005253226463427628,252
2021-03-11,Combined,Tangency,Combined Tangency,0.021466071759294082,252
2021-03-12,Combined,Tangency,Combined Tangency,-0.026090456298892888,252
2021-03-15,Combined,Tangency,Combined Tangency,-0.028532405142686075,252
2021-03-16,Combined,Tangency,Combined Tangency,0.05588896399347458,252
2021-03-17,Combined,Tangency,Combined Tangency,0.04335286604933064,252
2021-03-18,Combined,Tangency,Combined Tangency,-0.04167367494224146,252
2021-03-19,Combined,Tangency,Combined Tangency,0.017281763355891523,252
2021-03-22,Combined,Tangency,Combined Tangency,-0.03476763138679581,252
2021-03-23,Combined,Tangency,Combined Tangency,0.0027068769445125584,252
2021-03-24,Combined,Tangency,Combined Tangency,-0.03870877677021503,252
2021-03-25,Combined,Tangency,Combined Tangency,-0.005921770933603629,252
2021-03-26,Combined,Tangency,Combined Tangency,0.06388531895148503,252
2021-03-29,Combined,Tangency,Combined Tangency,0.020613050464444442,252
2021-03-30,Combined,Tangency,Combined Tangency,0.009945210716193548,252
2021-03-31,Combined,Tangency,Combined Tangency,0.005309105442176144,252
2021-04-01,Combined,Tangency,Combined Tangency,0.004285744638332904,252
2021-04-05,Combined,Tangency,Combined Tangency,0.01827304408272552,252
2021-04-06,Combined,Tangency,Combined Tangency,-0.0052818353195033295,252
2021-04-07,Combined,Tangency,Combined Tangency,-0.037990021703708736,252
2021-04-08,Combined,Tangency,Combined Tangency,0.034830935926065225,252
2021-04-09,Combined,Tangency,Combined Tangency,-0.0044945842878204995,252
2021-04-12,Combined,Tangency,Combined Tangency,0.01166120422217995,252
2021-04-13,Combined,Tangency,Combined Tangency,0.05484232452464151,252
2021-04-14,Combined,Tangency,Combined Tangency,-0.006002698722413125,252
2021-04-15,Combined,Tangency,Combined Tangency,0.023904672274044258,252
2021-04-16,Combined,Tangency,Combined Tangency,-0.021940845972607585,252
2021-04-19,Combined,Tangency,Combined Tangency,-0.025317272213784426,252
2021-04-20,Combined,Tangency,Combined Tangency,0.01977886942388872,252
2021-04-21,Combined,Tangency,Combined Tangency,-0.03373292692539694,252
2021-04-22,Combined,Tangency,Combined Tangency,-0.038956873299134345,252
2021-04-23,Combined,Tangency,Combined Tangency,-0.0021890008271752384,252
2021-04-26,Combined,Tangency,Combined Tangency,0.07991435722631521,252
2021-04-27,Combined,Tangency,Combined Tangency,0.038188027869148246,252
2021-04-28,Combined,Tangency,Combined Tangency,0.002508062764006057,252
2021-04-29,Combined,Tangency,Combined Tangency,-0.012654579293755948,252
2021-04-30,Combined,Tangency,Combined Tangency,0.04787926418531872,252
2021-05-03,Combined,Tangency,Combined Tangency,0.021241164150325544,252
2021-05-04,Combined,Tangency,Combined Tangency,-0.04095984631552572,252
2021-05-05,Combined,Tangency,Combined Tangency,0.06794234399572852,252
2021-05-06,Combined,Tangency,Combined Tangency,0.017673001724805886,252
2021-05-07,Combined,Tangency,Combined Tangency,0.010257657337567049,252
2021-05-10,Combined,Tangency,Combined Tangency,-0.0306009832165593,252
2021-05-11,Combined,Tangency,Combined Tangency,0.0211883536178472,252
2021-05-12,Combined,Tangency,Combined Tangency,-0.0879659910024555,252
2021-05-13,Combined,Tangency,Combined Tangency,0.053504121071677964,252
2021-05-14,Combined,Tangency,Combined Tangency,0.013905746016111038,252
2021-05-17,Combined,Tangency,Combined Tangency,-0.0448836817887689,252
2021-05-18,Combined,Tangency,Combined Tangency,-0.010136759690054507,252
2021-05-19,Combined,Tangency,Combined Tangency,-0.11164320784708778,252
2021-05-20,Combined,Tangency,Combined Tangency,0.08242157368229995,252
2021-05-21,Combined,Tangency,Combined Tangency,-0.06388817016111659,252
2021-05-24,Combined,Tangency,Combined Tangency,0.08668739177089821,252
2021-05-25,Combined,Tangency,Combined Tangency,-0.006301044449327764,252
2021-05-26,Combined,Tangency,Combined Tangency,0.038026187769230765,252
2021-05-27,Combined,Tangency,Combined Tangency,-0.025664983954546094,252
2021-05-28,Combined,Tangency,Combined Tangency,-0.03867276145832436,252
2021-06-01,Combined,Tangency,Combined Tangency,-0.007059978705730261,252
2021-06-02,Combined,Tangency,Combined Tangency,0.00597417970811933,252
2021-06-03,Combined,Tangency,Combined Tangency,0.014352856260098348,252
2021-06-04,Combined,Tangency,Combined Tangency,-0.024543493785326165,252
2021-06-07,Combined,Tangency,Combined Tangency,-0.026058132876304353,252
2021-06-08,Combined,Tangency,Combined Tangency,-0.009051195561740725,252
2021-06-09,Combined,Tangency,Combined Tangency,0.016809790623486195,252
2021-06-10,Combined,Tangency,Combined Tangency,-0.011620887830695047,252
2021-06-11,Combined,Tangency,Combined Tangency,-0.009415516816104972,252
2021-06-14,Combined,Tangency,Combined Tangency,0.0032435762284308903,252
2021-06-15,Combined,Tangency,Combined Tangency,0.0023002585229017036,252
2021-06-16,Combined,Tangency,Combined Tangency,-0.031059618960180006,252
2021-06-17,Combined,Tangency,Combined Tangency,-0.012966339929636772,252
2021-06-18,Combined,Tangency,Combined Tangency,-0.025487609020424365,252
2021-06-21,Combined,Tangency,Combined Tangency,-0.05747341693148525,252
2021-06-22,Combined,Tangency,Combined Tangency,-0.0013502408194377537,252
2021-06-23,Combined,Tangency,Combined Tangency,0.02792687666515266,252
2021-06-24,Combined,Tangency,Combined Tangency,0.025678663044251298,252
2021-06-25,Combined,Tangency,Combined Tangency,-0.03378196041877566,252
2021-06-28,Combined,Tangency,Combined Tangency,0.004595030704016758,252
2021-06-29,Combined,Tangency,Combined Tangency,0.039697020263103525,252
2021-06-30,Combined,Tangency,Combined Tangency,0.0036321037696613744,252
2021-07-01,Combined,Tangency,Combined Tangency,-0.012497138512885912,252
2021-07-02,Combined,Tangency,Combined Tangency,0.015152418075104682,252
2021-07-06,Combined,Tangency,Combined Tangency,0.009143969163053182,252
2021-07-07,Combined,Tangency,Combined Tangency,-0.007696333930494423,252
2021-07-08,Combined,Tangency,Combined Tangency,-0.026871129413993264,252
2021-07-09,Combined,Tangency,Combined Tangency,0.012993039530954768,252
2021-07-12,Combined,Tangency,Combined Tangency,-0.005718191756950047,252
2021-07-13,Combined,Tangency,Combined Tangency,-0.01765065097576678,252
2021-07-14,Combined,Tangency,Combined Tangency,-0.004775850959749585,252
2021-07-15,Combined,Tangency,Combined Tangency,-0.024455765184436432,252
2021-07-16,Combined,Tangency,Combined Tangency,-0.027992487772882768,252
2021-07-19,Combined,Tangency,Combined Tangency,-0.004696622303564749,252
2021-07-20,Combined,Tangency,Combined Tangency,-0.018648153715701832,252
2021-07-21,Combined,Tangency,Combined Tangency,0.04524254864290377,252
2021-07-22,Combined,Tangency,Combined Tangency,0.007737233468575124,252
2021-07-23,Combined,Tangency,Combined Tangency,0.010738024596580532,252
2021-07-26,Combined,Tangency,Combined Tangency,0.005838780082198429,252
2021-07-27,Combined,Tangency,Combined Tangency,-0.004022171586421675,252
2021-07-28,Combined,Tangency,Combined Tangency,0.0035240462544280067,252
2021-07-29,Combined,Tangency,Combined Tangency,0.0032006572517971955,252
2021-07-30,Combined,Tangency,Combined Tangency,0.010692312851567555,252
2021-08-02,Combined,Tangency,Combined Tangency,-0.0012781220447850698,252
2021-08-03,Combined,Tangency,Combined Tangency,0.0009769124398114472,252
2021-08-04,Combined,Tangency,Combined Tangency,0.013702029131456381,252
2021-08-05,Combined,Tangency,Combined Tangency,0.012232019812088135,252
2021-08-06,Combined,Tangency,Combined Tangency,0.006378689074234188,252
2021-08-09,Combined,Tangency,Combined Tangency,0.017600439601105126,252
2021-08-10,Combined,Tangency,Combined Tangency,0.009392478154574285,252
2021-08-11,Combined,Tangency,Combined Tangency,0.012151212311514201,252
2021-08-12,Combined,Tangency,Combined Tangency,0.00014311522845063184,252
2021-08-13,Combined,Tangency,Combined Tangency,0.04656407870548667,252
2021-08-16,Combined,Tangency,Combined Tangency,-0.013787870963999981,252
2021-08-17,Combined,Tangency,Combined Tangency,-0.02669890898643044,252
2021-08-18,Combined,Tangency,Combined Tangency,0.004520514980598538,252
2021-08-19,Combined,Tangency,Combined Tangency,0.04201070870670634,252
2021-08-20,Combined,Tangency,Combined Tangency,0.029916283500236306,252
2021-08-23,Combined,Tangency,Combined Tangency,0.02692984354915443,252
2021-08-24,Combined,Tangency,Combined Tangency,-0.0241994847091152,252
2021-08-25,Combined,Tangency,Combined Tangency,0.01022474821598488,252
2021-08-26,Combined,Tangency,Combined Tangency,-0.024142829218186737,252
2021-08-27,Combined,Tangency,Combined Tangency,0.04481746238243036,252
2021-08-30,Combined,Tangency,Combined Tangency,-0.01283888809282609,252
2021-08-31,Combined,Tangency,Combined Tangency,0.0035107974953396317,252
2021-09-01,Combined,Tangency,Combined Tangency,0.01814937189309144,252
2021-09-02,Combined,Tangency,Combined Tangency,0.008446930106059677,252
2021-09-03,Combined,Tangency,Combined Tangency,0.008332356007002219,252
2021-09-07,Combined,Tangency,Combined Tangency,-0.05109600037456808,252
2021-09-08,Combined,Tangency,Combined Tangency,-0.009345994838709144,252
2021-09-09,Combined,Tangency,Combined Tangency,-0.0030117162397878105,252
2021-09-10,Combined,Tangency,Combined Tangency,-0.011217263497515574,252
2021-09-13,Combined,Tangency,Combined Tangency,-0.02548284706030508,252
2021-09-14,Combined,Tangency,Combined Tangency,0.005151821297963157,252
2021-09-15,Combined,Tangency,Combined Tangency,0.01894409158768282,252
2021-09-16,Combined,Tangency,Combined Tangency,-0.01084632704066981,252
2021-09-17,Combined,Tangency,Combined Tangency,-0.020174336658289438,252
2021-09-20,Combined,Tangency,Combined Tangency,-0.05240921839564421,252
2021-09-21,Combined,Tangency,Combined Tangency,-0.01566277717972682,252
2021-09-22,Combined,Tangency,Combined Tangency,0.05010659591837889,252
2021-09-23,Combined,Tangency,Combined Tangency,0.018753120034775996,252
2021-09-24,Combined,Tangency,Combined Tangency,-0.018168260580815464,252
2021-09-27,Combined,Tangency,Combined Tangency,-0.01965821034020691,252
2021-09-28,Combined,Tangency,Combined Tangency,-0.02706914820219781,252
2021-09-29,Combined,Tangency,Combined Tangency,0.0012893267653890591,252
2021-09-30,Combined,Tangency,Combined Tangency,0.012699529641446081,252
2021-10-01,Combined,Tangency,Combined Tangency,0.03330578734155799,252
2021-10-04,Combined,Tangency,Combined Tangency,-0.022183609476013933,252
2021-10-05,Combined,Tangency,Combined Tangency,0.025759755615904198,252
2021-10-06,Combined,Tangency,Combined Tangency,0.018189795195887593,252
2021-10-07,Combined,Tangency,Combined Tangency,0.009059371083162474,252
2021-10-08,Combined,Tangency,Combined Tangency,-0.007155162385841017,252
2021-10-11,Combined,Tangency,Combined Tangency,0.0035481850054985232,252
2021-10-12,Combined,Tangency,Combined Tangency,-0.006873135772958003,252
2021-10-13,Combined,Tangency,Combined Tangency,0.020223928821757425,252
2021-10-14,Combined,Tangency,Combined Tangency,0.019268103308555152,252
2021-10-15,Combined,Tangency,Combined Tangency,0.018735003846812048,252
2021-10-18,Combined,Tangency,Combined Tangency,0.004793622614445471,252
2021-10-19,Combined,Tangency,Combined Tangency,0.005429416172394744,252
2021-10-20,Combined,Tangency,Combined Tangency,0.011344772386024424,252
2021-10-21,Combined,Tangency,Combined Tangency,-0.0033533803804784053,252
2021-10-22,Combined,Tangency,Combined Tangency,0.0022655134785357347,252
2021-10-25,Combined,Tangency,Combined Tangency,0.01595938274309509,252
2021-10-26,Combined,Tangency,Combined Tangency,0.023279035587538827,252
2021-10-27,Combined,Tangency,Combined Tangency,-0.03896229927065711,252
2021-10-28,Combined,Tangency,Combined Tangency,0.027005142929695216,252
2021-10-29,Combined,Tangency,Combined Tangency,0.016231783082001735,252
2021-11-01,Combined,Tangency,Combined Tangency,-0.0015626932139721265,252
2021-11-02,Combined,Tangency,Combined Tangency,0.017972595244240087,252
2021-11-03,Combined,Tangency,Combined Tangency,0.009049590519289354,252
2021-11-04,Combined,Tangency,Combined Tangency,0.02374996767048734,252
2021-11-05,Combined,Tangency,Combined Tangency,-0.007833058613054953,252
2021-11-08,Combined,Tangency,Combined Tangency,0.03492010785596456,252
2021-11-09,Combined,Tangency,Combined Tangency,0.007836661700338306,252
2021-11-10,Combined,Tangency,Combined Tangency,-0.027355533449576027,252
2021-11-11,Combined,Tangency,Combined Tangency,0.010521103706057707,252
2021-11-12,Combined,Tangency,Combined Tangency,-0.005626164399228298,252
2021-11-15,Combined,Tangency,Combined Tangency,-0.012560887896077616,252
2021-11-16,Combined,Tangency,Combined Tangency,-0.021819655860413973,252
2021-11-17,Combined,Tangency,Combined Tangency,-0.009874044233015269,252
2021-11-18,Combined,Tangency,Combined Tangency,0.005774748486815853,252
2021-11-19,Combined,Tangency,Combined Tangency,0.023605226584592052,252
2021-11-22,Combined,Tangency,Combined Tangency,-0.0232216091015398,252
2021-11-23,Combined,Tangency,Combined Tangency,0.002492187436079603,252
2021-11-24,Combined,Tangency,Combined Tangency,-0.002418493774638382,252
2021-11-26,Combined,Tangency,Combined Tangency,-0.042846291148671674,252
2021-11-29,Combined,Tangency,Combined Tangency,0.022782117754694547,252
2021-11-30,Combined,Tangency,Combined Tangency,-0.02123664418630168,252
2021-12-01,Combined,Tangency,Combined Tangency,-0.021061146113686872,252
2021-12-02,Combined,Tangency,Combined Tangency,0.02647465821492015,252
2021-12-03,Combined,Tangency,Combined Tangency,-0.044750161064054036,252
2021-12-06,Combined,Tangency,Combined Tangency,0.00290087958034123,252
2021-12-07,Combined,Tangency,Combined Tangency,0.03421643550830422,252
2021-12-08,Combined,Tangency,Combined Tangency,-0.003649364300028225,252
2021-12-09,Combined,Tangency,Combined Tangency,-0.04307959385253073,252
2021-12-10,Combined,Tangency,Combined Tangency,-0.015867368394746176,252
2021-12-13,Combined,Tangency,Combined Tangency,-0.057579535018446384,252
2021-12-14,Combined,Tangency,Combined Tangency,0.00027233986302398205,252
2021-12-15,Combined,Tangency,Combined Tangency,0.06165930849261831,252
2021-12-16,Combined,Tangency,Combined Tangency,-0.04209580502125006,252
2021-12-17,Combined,Tangency,Combined Tangency,-0.018162377120135614,252
2021-12-20,Combined,Tangency,Combined Tangency,-0.000962099261588241,252
2021-12-21,Combined,Tangency,Combined Tangency,0.03426520641094923,252
2021-12-22,Combined,Tangency,Combined Tangency,0.009983509965863056,252
2021-12-23,Combined,Tangency,Combined Tangency,0.02583642670933028,252
2021-12-27,Combined,Tangency,Combined Tangency,0.027763922746790484,252
2021-12-28,Combined,Tangency,Combined Tangency,-0.030854422300918224,252
2021-12-29,Combined,Tangency,Combined Tangency,-0.018182727680453394,252
2021-12-30,Combined,Tangency,Combined Tangency,0.00020144293966885672,252
2021-12-31,Combined,Tangency,Combined Tangency,-0.009451580120444576,252
2022-01-03,Combined,Tangency,Combined Tangency,-0.007965652371202524,252
2022-01-04,Combined,Tangency,Combined Tangency,-0.007409229360017569,252
2022-01-05,Combined,Tangency,Combined Tangency,-0.0329907450195778,252
2022-01-06,Combined,Tangency,Combined Tangency,0.007359888330791748,252
2022-01-07,Combined,Tangency,Combined Tangency,-0.028491448100770565,252
2022-01-10,Combined,Tangency,Combined Tangency,-0.003504138553254157,252
2022-01-11,Combined,Tangency,Combined Tangency,0.017045166765308182,252
2022-01-12,Combined,Tangency,Combined Tangency,0.022760244905310024,252
2022-01-13,Combined,Tangency,Combined Tangency,-0.029176961487254884,252
2022-01-14,Combined,Tangency,Combined Tangency,0.007468945002811482,252
2022-01-18,Combined,Tangency,Combined Tangency,-0.024036734051548513,252
2022-01-19,Combined,Tangency,Combined Tangency,-0.0215221067344416,252
2022-01-20,Combined,Tangency,Combined Tangency,-0.027997730574019417,252
2022-01-21,Combined,Tangency,Combined Tangency,-0.040518741544104134,252
2022-01-24,Combined,Tangency,Combined Tangency,-0.006225008695956331,252
2022-01-25,Combined,Tangency,Combined Tangency,-0.015434972956298202,252
2022-01-26,Combined,Tangency,Combined Tangency,0.003597384849007888,252
2022-01-27,Combined,Tangency,Combined Tangency,-0.017756403592546696,252
2022-01-28,Combined,Tangency,Combined Tangency,0.03016465775199672,252
2022-01-31,Combined,Tangency,Combined Tangency,0.02793001260369301,252
2022-02-01,Combined,Tangency,Combined Tangency,0.018710906349940996,252
2022-02-02,Combined,Tangency,Combined Tangency,0.007724370981518981,252
2022-02-03,Combined,Tangency,Combined Tangency,-0.010897193678824923,252
2022-02-04,Combined,Tangency,Combined Tangency,0.020394693565803274,252
2022-02-07,Combined,Tangency,Combined Tangency,0.017581629554753873,252
2022-02-08,Combined,Tangency,Combined Tangency,0.0035539570358893123,252
2022-02-09,Combined,Tangency,Combined Tangency,0.021306408659875556,252
2022-02-10,Combined,Tangency,Combined Tangency,-0.026679660969807183,252
2022-02-11,Combined,Tangency,Combined Tangency,-0.02660277047742721,252
2022-02-14,Combined,Tangency,Combined Tangency,0.005116680924913191,252
2022-02-15,Combined,Tangency,Combined Tangency,0.032875303922384934,252
2022-02-16,Combined,Tangency,Combined Tangency,-0.002162352314180351,252
2022-02-17,Combined,Tangency,Combined Tangency,-0.035609283835273516,252
2022-02-18,Combined,Tangency,Combined Tangency,-0.015162525158176853,252
2022-02-22,Combined,Tangency,Combined Tangency,0.0046502570187928315,252
2022-02-23,Combined,Tangency,Combined Tangency,-0.0074000361175487915,252
2022-02-24,Combined,Tangency,Combined Tangency,0.01231634529024715,252
2022-02-25,Combined,Tangency,Combined Tangency,0.027121352481910225,252
2022-02-28,Combined,Tangency,Combined Tangency,0.023215444473403665,252
2022-03-01,Combined,Tangency,Combined Tangency,0.0024246196832325784,252
2022-03-02,Combined,Tangency,Combined Tangency,0.014679802815370907,252
2022-03-03,Combined,Tangency,Combined Tangency,-0.004915255363876963,252
2022-03-04,Combined,Tangency,Combined Tangency,-0.014184689091963363,252
2022-03-07,Combined,Tangency,Combined Tangency,-0.018660976690323742,252
2022-03-08,Combined,Tangency,Combined Tangency,-0.004379155947511428,252
2022-03-09,Combined,Tangency,Combined Tangency,0.03292958180829586,252
2022-03-10,Combined,Tangency,Combined Tangency,-0.010426892326121718,252
2022-03-11,Combined,Tangency,Combined Tangency,-0.010766545757463827,252
2022-03-14,Combined,Tangency,Combined Tangency,-0.0034840155455590008,252
2022-03-15,Combined,Tangency,Combined Tangency,0.018375411927007413,252
2022-03-16,Combined,Tangency,Combined Tangency,0.024713704773489616,252
2022-03-17,Combined,Tangency,Combined Tangency,0.010653715997083434,252
2022-03-18,Combined,Tangency,Combined Tangency,0.01795266252441469,252
2022-03-21,Combined,Tangency,Combined Tangency,0.013195866726671824,252
2022-03-22,Combined,Tangency,Combined Tangency,0.010624242676191532,252
2022-03-23,Combined,Tangency,Combined Tangency,0.0073058429317715105,252
2022-03-24,Combined,Tangency,Combined Tangency,0.028227198186463354,252
2022-03-25,Combined,Tangency,Combined Tangency,0.0021125514288652504,252
2022-03-28,Combined,Tangency,Combined Tangency,0.006060249933938492,252
2022-03-29,Combined,Tangency,Combined Tangency,0.011484161249360702,252
2022-03-30,Combined,Tangency,Combined Tangency,-0.004178624816194606,252
2022-03-31,Combined,Tangency,Combined Tangency,-0.017862271591877244,252
2022-04-01,Combined,Tangency,Combined Tangency,0.011179902819553179,252
2022-04-04,Combined,Tangency,Combined Tangency,-0.0005356956091906493,252
2022-04-05,Combined,Tangency,Combined Tangency,-0.015300211865380161,252
2022-04-06,Combined,Tangency,Combined Tangency,-0.012708208846506914,252
2022-04-07,Combined,Tangency,Combined Tangency,0.015076796454761362,252
2022-04-08,Combined,Tangency,Combined Tangency,-0.00983100145674094,252
2022-04-11,Combined,Tangency,Combined Tangency,-0.03193914631647162,252
2022-04-12,Combined,Tangency,Combined Tangency,0.005331664068110956,252
2022-04-13,Combined,Tangency,Combined Tangency,0.007348900259467715,252
2022-04-14,Combined,Tangency,Combined Tangency,-0.005342840732736087,252
2022-04-18,Combined,Tangency,Combined Tangency,0.008279582388521098,252
2022-04-19,Combined,Tangency,Combined Tangency,-0.00012196131521557668,252
2022-04-20,Combined,Tangency,Combined Tangency,-0.0049033798078397094,252
2022-04-21,Combined,Tangency,Combined Tangency,-0.0239143405669646,252
2022-04-22,Combined,Tangency,Combined Tangency,-0.027825451104034622,252
2022-04-25,Combined,Tangency,Combined Tangency,0.0014667252425204372,252
2022-04-26,Combined,Tangency,Combined Tangency,-0.026351377650259324,252
2022-04-27,Combined,Tangency,Combined Tangency,0.004020358312543364,252
2022-04-28,Combined,Tangency,Combined Tangency,0.01854787810445031,252
2022-04-29,Combined,Tangency,Combined Tangency,-0.046308612315112484,252
2022-05-02,Combined,Tangency,Combined Tangency,-0.006895168198896044,252
2022-05-03,Combined,Tangency,Combined Tangency,-0.0016637880442087842,252
2022-05-04,Combined,Tangency,Combined Tangency,0.025302610855347504,252
2022-05-05,Combined,Tangency,Combined Tangency,-0.04174139654490672,252
2022-05-06,Combined,Tangency,Combined Tangency,-0.013940424051038671,252
2022-05-09,Combined,Tangency,Combined Tangency,-0.06581763466460801,252
2022-05-10,Combined,Tangency,Combined Tangency,0.007928171976543939,252
2022-05-11,Combined,Tangency,Combined Tangency,-0.030808672265925617,252
2022-05-12,Combined,Tangency,Combined Tangency,-0.014723922285908023,252
2022-05-13,Combined,Tangency,Combined Tangency,0.015226412294958011,252
2022-05-16,Combined,Tangency,Combined Tangency,-0.015265319459922827,252
2022-05-17,Combined,Tangency,Combined Tangency,0.014387295621471986,252
2022-05-18,Combined,Tangency,Combined Tangency,-0.04247325298564691,252
2022-05-19,Combined,Tangency,Combined Tangency,0.02143909738872592,252
2022-05-20,Combined,Tangency,Combined Tangency,-0.005542648790924552,252
2022-05-23,Combined,Tangency,Combined Tangency,0.0022055449330796776,252
2022-05-24,Combined,Tangency,Combined Tangency,0.006080255767641729,252
2022-05-25,Combined,Tangency,Combined Tangency,0.011156931427562035,252
2022-05-26,Combined,Tangency,Combined Tangency,-0.003173270805051166,252
2022-05-27,Combined,Tangency,Combined Tangency,0.007302763574285169,252
2022-05-31,Combined,Tangency,Combined Tangency,-0.012841311302642227,252
2022-06-01,Combined,Tangency,Combined Tangency,-0.015631468787668065,252
2022-06-02,Combined,Tangency,Combined Tangency,0.018304813534457957,252
2022-06-03,Combined,Tangency,Combined Tangency,-0.014428373908600182,252
2022-06-06,Combined,Tangency,Combined Tangency,0.003948435754030467,252
2022-06-07,Combined,Tangency,Combined Tangency,0.01276472101348063,252
2022-06-08,Combined,Tangency,Combined Tangency,-0.01619526992475785,252
2022-06-09,Combined,Tangency,Combined Tangency,-0.026240555821848848,252
2022-06-10,Combined,Tangency,Combined Tangency,-0.01656793413656875,252
2022-06-13,Combined,Tangency,Combined Tangency,-0.05992792977008755,252
2022-06-14,Combined,Tangency,Combined Tangency,-0.010877652456319161,252
2022-06-15,Combined,Tangency,Combined Tangency,0.020801527596809977,252
2022-06-16,Combined,Tangency,Combined Tangency,-0.020502724004632995,252
2022-06-17,Combined,Tangency,Combined Tangency,-0.0002825190224350626,252
2022-06-21,Combined,Tangency,Combined Tangency,0.0231901176523452,252
2022-06-22,Combined,Tangency,Combined Tangency,-0.003791776799590573,252
2022-06-23,Combined,Tangency,Combined Tangency,0.005101068739426736,252
2022-06-24,Combined,Tangency,Combined Tangency,0.026989243302497738,252
2022-06-27,Combined,Tangency,Combined Tangency,-0.0016023476445430954,252
2022-06-28,Combined,Tangency,Combined Tangency,-0.01556502807813898,252
2022-06-29,Combined,Tangency,Combined Tangency,-0.006306100310416831,252
2022-06-30,Combined,Tangency,Combined Tangency,-0.013799768805588225,252
2022-07-01,Combined,Tangency,Combined Tangency,0.0044764195672317144,252
2022-07-05,Combined,Tangency,Combined Tangency,-0.003253239960284889,252
2022-07-06,Combined,Tangency,Combined Tangency,-0.0023298835042911943,252
2022-07-07,Combined,Tangency,Combined Tangency,0.008101151532977365,252
2022-07-08,Combined,Tangency,Combined Tangency,-0.00037887113233203533,252
2022-07-11,Combined,Tangency,Combined Tangency,-0.012174916315847373,252
2022-07-12,Combined,Tangency,Combined Tangency,-0.012584143942313377,252
2022-07-13,Combined,Tangency,Combined Tangency,0.004842990891204464,252
2022-07-14,Combined,Tangency,Combined Tangency,-0.0065441289378388385,252
2022-07-15,Combined,Tangency,Combined Tangency,0.015580883449522858,252
2022-07-18,Combined,Tangency,Combined Tangency,-0.0015741334319777397,252
2022-07-19,Combined,Tangency,Combined Tangency,0.013631838906371131,252
2022-07-20,Combined,Tangency,Combined Tangency,-0.012775594391304611,252
2022-07-21,Combined,Tangency,Combined Tangency,0.0041801682421345725,252
2022-07-22,Combined,Tangency,Combined Tangency,-0.006781218439241755,252
2022-07-25,Combined,Tangency,Combined Tangency,-0.02087953666911687,252
2022-07-26,Combined,Tangency,Combined Tangency,0.0025931053855391133,252
2022-07-27,Combined,Tangency,Combined Tangency,0.016514999881590595,252
2022-07-28,Combined,Tangency,Combined Tangency,0.005280963864905458,252
2022-07-29,Combined,Tangency,Combined Tangency,-0.012093612000445965,252
2022-08-01,Combined,Tangency,Combined Tangency,-0.009523557060665563,252
2022-08-02,Combined,Tangency,Combined Tangency,-0.003696936381176697,252
2022-08-03,Combined,Tangency,Combined Tangency,0.004535048763424184,252
2022-08-04,Combined,Tangency,Combined Tangency,-0.0020603328117240654,252
2022-08-05,Combined,Tangency,Combined Tangency,0.010312837093541288,252
2022-08-08,Combined,Tangency,Combined Tangency,0.0031697913378610637,252
2022-08-09,Combined,Tangency,Combined Tangency,-0.003015912868944359,252
2022-08-10,Combined,Tangency,Combined Tangency,0.022351836075241185,252
2022-08-11,Combined,Tangency,Combined Tangency,0.010271055631905217,252
2022-08-12,Combined,Tangency,Combined Tangency,0.013337926749121976,252
2022-08-15,Combined,Tangency,Combined Tangency,0.0009663829830313605,252
2022-08-16,Combined,Tangency,Combined Tangency,-0.004008356822996243,252
2022-08-17,Combined,Tangency,Combined Tangency,-0.009046306500663298,252
2022-08-18,Combined,Tangency,Combined Tangency,0.0020628911575108623,252
2022-08-19,Combined,Tangency,Combined Tangency,-0.0263496041394241,252
2022-08-22,Combined,Tangency,Combined Tangency,-0.014732169838482023,252
2022-08-23,Combined,Tangency,Combined Tangency,-0.0001689648738505708,252
2022-08-24,Combined,Tangency,Combined Tangency,-0.00027950605675109753,252
2022-08-25,Combined,Tangency,Combined Tangency,0.02237742006765754,252
2022-08-26,Combined,Tangency,Combined Tangency,-0.037790033040982475,252
2022-08-29,Combined,Tangency,Combined Tangency,0.002245555282186987,252
2022-08-30,Combined,Tangency,Combined Tangency,-0.015728457692306172,252
2022-08-31,Combined,Tangency,Combined Tangency,-0.009051301773880895,252
2022-09-01,Combined,Tangency,Combined Tangency,0.007085848467192912,252
2022-09-02,Combined,Tangency,Combined Tangency,-0.009849513537930963,252
2022-09-06,Combined,Tangency,Combined Tangency,-0.005469437261713975,252
2022-09-07,Combined,Tangency,Combined Tangency,0.014463333651210167,252
2022-09-08,Combined,Tangency,Combined Tangency,0.004190587258178997,252
2022-09-09,Combined,Tangency,Combined Tangency,0.017673558918994723,252
2022-09-12,Combined,Tangency,Combined Tangency,0.0006752316287330973,252
2022-09-13,Combined,Tangency,Combined Tangency,-0.039037068022350616,252
2022-09-14,Combined,Tangency,Combined Tangency,-0.004714816171826492,252
2022-09-15,Combined,Tangency,Combined Tangency,-0.025864399234926297,252
2022-09-16,Combined,Tangency,Combined Tangency,-0.007655676676863963,252
2022-09-19,Combined,Tangency,Combined Tangency,0.0058328437428030325,252
2022-09-20,Combined,Tangency,Combined Tangency,-0.021585298270873823,252
2022-09-21,Combined,Tangency,Combined Tangency,-0.017985846949969797,252
2022-09-22,Combined,Tangency,Combined Tangency,-0.0017241902657587186,252
2022-09-23,Combined,Tangency,Combined Tangency,-0.010763829219451992,252
2022-09-26,Combined,Tangency,Combined Tangency,-0.011770541183936823,252
2022-09-27,Combined,Tangency,Combined Tangency,0.0027154659983577973,252
2022-09-28,Combined,Tangency,Combined Tangency,0.015535119624059608,252
2022-09-29,Combined,Tangency,Combined Tangency,-0.010149711181675007,252
2022-09-30,Combined,Tangency,Combined Tangency,-0.011432486413151595,252
2022-10-03,Combined,Tangency,Combined Tangency,0.026288406338587273,252
2022-10-04,Combined,Tangency,Combined Tangency,0.02491517265232497,252
2022-10-05,Combined,Tangency,Combined Tangency,0.0004355913584636339,252
2022-10-06,Combined,Tangency,Combined Tangency,-0.009352677581312172,252
2022-10-07,Combined,Tangency,Combined Tangency,-0.01552420980749378,252
2022-10-10,Combined,Tangency,Combined Tangency,-0.011449733488176956,252
2022-10-11,Combined,Tangency,Combined Tangency,0.005025102916501898,252
2022-10-12,Combined,Tangency,Combined Tangency,-0.004240995214806301,252
2022-10-13,Combined,Tangency,Combined Tangency,0.017415093416739403,252
2022-10-14,Combined,Tangency,Combined Tangency,-0.009133796307424788,252
2022-10-17,Combined,Tangency,Combined Tangency,0.021301194558256884,252
2022-10-18,Combined,Tangency,Combined Tangency,0.003941415035751028,252
2022-10-19,Combined,Tangency,Combined Tangency,-0.014651664340864541,252
2022-10-20,Combined,Tangency,Combined Tangency,0.0006747188711176106,252
2022-10-21,Combined,Tangency,Combined Tangency,0.023096916012992897,252
2022-10-24,Combined,Tangency,Combined Tangency,0.004439345951692886,252
2022-10-25,Combined,Tangency,Combined Tangency,0.01975922572561365,252
2022-10-26,Combined,Tangency,Combined Tangency,0.012921979213328392,252
2022-10-27,Combined,Tangency,Combined Tangency,-0.0034673993070071037,252
2022-10-28,Combined,Tangency,Combined Tangency,0.0007807539349896578,252
2022-10-31,Combined,Tangency,Combined Tangency,-0.0072414250564248415,252
2022-11-01,Combined,Tangency,Combined Tangency,0.004022729471818464,252
2022-11-02,Combined,Tangency,Combined Tangency,-0.03472196605863371,252
2022-11-03,Combined,Tangency,Combined Tangency,9.166885537184062e-05,252
2022-11-04,Combined,Tangency,Combined Tangency,0.021178926824785334,252
2022-11-07,Combined,Tangency,Combined Tangency,0.008570544062965485,252
2022-11-08,Combined,Tangency,Combined Tangency,-0.01168818382986536,252
2022-11-09,Combined,Tangency,Combined Tangency,-0.03911627915478527,252
2022-11-10,Combined,Tangency,Combined Tangency,0.057334260283430014,252
2022-11-11,Combined,Tangency,Combined Tangency,-0.0051350274296148276,252
2022-11-14,Combined,Tangency,Combined Tangency,0.005111139808892403,252
2022-11-15,Combined,Tangency,Combined Tangency,0.006870405277850478,252
2022-11-16,Combined,Tangency,Combined Tangency,-0.011000128329959795,252
2022-11-17,Combined,Tangency,Combined Tangency,-0.0009359822778926535,252
2022-11-18,Combined,Tangency,Combined Tangency,0.010132051998010065,252
2022-11-21,Combined,Tangency,Combined Tangency,0.012362489815320147,252
2022-11-22,Combined,Tangency,Combined Tangency,0.016368850788997535,252
2022-11-23,Combined,Tangency,Combined Tangency,0.004514279819482941,252
2022-11-25,Combined,Tangency,Combined Tangency,-0.00013860776002606623,252
2022-11-28,Combined,Tangency,Combined Tangency,-0.015541603148707615,252
2022-11-29,Combined,Tangency,Combined Tangency,0.0035652412122778297,252
2022-11-30,Combined,Tangency,Combined Tangency,0.025463567929563436,252
2022-12-01,Combined,Tangency,Combined Tangency,-0.001606179258770723,252
2022-12-02,Combined,Tangency,Combined Tangency,0.012100845014327108,252
2022-12-05,Combined,Tangency,Combined Tangency,-0.008284206793693934,252
2022-12-06,Combined,Tangency,Combined Tangency,-0.001816454440046856,252
2022-12-07,Combined,Tangency,Combined Tangency,-0.00230230129187018,252
2022-12-08,Combined,Tangency,Combined Tangency,0.014650384923298036,252
2022-12-09,Combined,Tangency,Combined Tangency,-0.01574093676811089,252
2022-12-12,Combined,Tangency,Combined Tangency,0.010349765274014917,252
2022-12-13,Combined,Tangency,Combined Tangency,0.0075285743743367965,252
2022-12-14,Combined,Tangency,Combined Tangency,-0.0033639521824025886,252
2022-12-15,Combined,Tangency,Combined Tangency,-0.029304079008333084,252
2022-12-16,Combined,Tangency,Combined Tangency,-0.02333353704132818,252
2022-12-19,Combined,Tangency,Combined Tangency,-0.0052058947688057525,252
2022-12-20,Combined,Tangency,Combined Tangency,0.002627418013137106,252
2022-12-21,Combined,Tangency,Combined Tangency,0.014580021444475297,252
2022-12-22,Combined,Tangency,Combined Tangency,-0.0036702613274822663,252
2022-12-23,Combined,Tangency,Combined Tangency,-0.002971047959742458,252
2022-12-27,Combined,Tangency,Combined Tangency,-0.00663725529607293,252
2022-12-28,Combined,Tangency,Combined Tangency,-0.011055275522063462,252
2022-12-29,Combined,Tangency,Combined Tangency,0.007896745789363517,252
2022-12-30,Combined,Tangency,Combined Tangency,-0.004752657542683113,252
2023-01-03,Combined,Tangency,Combined Tangency,-0.00177554596640352,252
2023-01-04,Combined,Tangency,Combined Tangency,0.022842485949365218,252
2023-01-05,Combined,Tangency,Combined Tangency,-0.005548218262091064,252
2023-01-06,Combined,Tangency,Combined Tangency,0.02671820530125393,252
2023-01-09,Combined,Tangency,Combined Tangency,-0.016183091678764867,252
2023-01-10,Combined,Tangency,Combined Tangency,0.008640115900271597,252
2023-01-11,Combined,Tangency,Combined Tangency,0.0007216406166450669,252
2023-01-12,Combined,Tangency,Combined Tangency,-0.00674741485061665,252
2023-01-13,Combined,Tangency,Combined Tangency,0.014276587586959415,252
2023-01-17,Combined,Tangency,Combined Tangency,-0.004768801703713716,252
2023-01-18,Combined,Tangency,Combined Tangency,-0.025382173259934908,252
2023-01-19,Combined,Tangency,Combined Tangency,-0.0014714338165579383,252
2023-01-20,Combined,Tangency,Combined Tangency,0.01870623471189985,252
2023-01-23,Combined,Tangency,Combined Tangency,0.0030239600824355727,252
2023-01-24,Combined,Tangency,Combined Tangency,-0.010183841498848779,252
2023-01-25,Combined,Tangency,Combined Tangency,0.008006882020815724,252
2023-01-26,Combined,Tangency,Combined Tangency,0.012692370436744555,252
2023-01-27,Combined,Tangency,Combined Tangency,-0.0026474411332178317,252
2023-01-30,Combined,Tangency,Combined Tangency,-0.01372491717686979,252
2023-01-31,Combined,Tangency,Combined Tangency,0.013045591100796228,252
2023-02-01,Combined,Tangency,Combined Tangency,0.018232177216466198,252
2023-02-02,Combined,Tangency,Combined Tangency,0.00036094876312780085,252
2023-02-03,Combined,Tangency,Combined Tangency,0.0009933705986388713,252
2023-02-06,Combined,Tangency,Combined Tangency,-0.011841122266840283,252
2023-02-07,Combined,Tangency,Combined Tangency,0.00884615249801075,252
2023-02-08,Combined,Tangency,Combined Tangency,-0.0036456306587288583,252
2023-02-09,Combined,Tangency,Combined Tangency,-0.004837369326439561,252
2023-02-10,Combined,Tangency,Combined Tangency,0.005115307150579301,252
2023-02-13,Combined,Tangency,Combined Tangency,0.013381918755069515,252
2023-02-14,Combined,Tangency,Combined Tangency,0.01016014082600345,252
2023-02-15,Combined,Tangency,Combined Tangency,0.0026841737719325164,252
2023-02-16,Combined,Tangency,Combined Tangency,-0.01638763758414923,252
2023-02-17,Combined,Tangency,Combined Tangency,0.006528130864103019,252
2023-02-21,Combined,Tangency,Combined Tangency,-0.012971647833965809,252
2023-02-22,Combined,Tangency,Combined Tangency,-0.006433323684517664,252
2023-02-23,Combined,Tangency,Combined Tangency,0.018047385209822846,252
2023-02-24,Combined,Tangency,Combined Tangency,-0.008645156006269033,252
2023-02-27,Combined,Tangency,Combined Tangency,0.006997041058037442,252
2023-02-28,Combined,Tangency,Combined Tangency,0.00011709353333772331,252
2023-03-01,Combined,Tangency,Combined Tangency,0.007458549518920189,252
2023-03-02,Combined,Tangency,Combined Tangency,0.00821291491076012,252
2023-03-03,Combined,Tangency,Combined Tangency,0.0066740243392350435,252
2023-03-06,Combined,Tangency,Combined Tangency,-0.007962107932011834,252
2023-03-07,Combined,Tangency,Combined Tangency,-0.016410241463996042,252
2023-03-08,Combined,Tangency,Combined Tangency,-0.0037134104345006563,252
2023-03-09,Combined,Tangency,Combined Tangency,-0.031947473983296046,252
2023-03-10,Combined,Tangency,Combined Tangency,-0.010281226771168247,252
2023-03-13,Combined,Tangency,Combined Tangency,0.008546138922376737,252
2023-03-14,Combined,Tangency,Combined Tangency,0.016326995077602963,252
2023-03-15,Combined,Tangency,Combined Tangency,-0.021481047252243653,252
2023-03-16,Combined,Tangency,Combined Tangency,0.014992835066176633,252
2023-03-17,Combined,Tangency,Combined Tangency,0.004303117463584878,252
2023-03-20,Combined,Tangency,Combined Tangency,0.007165249884146277,252
2023-03-21,Combined,Tangency,Combined Tangency,0.01659082838805022,252
2023-03-22,Combined,Tangency,Combined Tangency,-0.025497702609019273,252
2023-03-23,Combined,Tangency,Combined Tangency,0.019752924581193813,252
2023-03-24,Combined,Tangency,Combined Tangency,0.0016814034380489376,252
2023-03-27,Combined,Tangency,Combined Tangency,-0.005269738613853197,252
2023-03-28,Combined,Tangency,Combined Tangency,0.002653442282135782,252
2023-03-29,Combined,Tangency,Combined Tangency,0.007578461253879331,252
2023-03-30,Combined,Tangency,Combined Tangency,0.005382851142399111,252
2023-03-31,Combined,Tangency,Combined Tangency,0.014129425196255605,252
2023-04-03,Combined,Tangency,Combined Tangency,0.004137187680147771,252
2023-04-04,Combined,Tangency,Combined Tangency,-0.015001015058183655,252
2023-04-05,Combined,Tangency,Combined Tangency,-0.0004145863054100514,252
2023-04-06,Combined,Tangency,Combined Tangency,0.004008895408234513,252
2023-04-10,Combined,Tangency,Combined Tangency,0.008369784756423339,252
2023-04-11,Combined,Tangency,Combined Tangency,-0.0002721127532171863,252
2023-04-12,Combined,Tangency,Combined Tangency,-0.004383625967873217,252
2023-04-13,Combined,Tangency,Combined Tangency,0.006719125038586136,252
2023-04-14,Combined,Tangency,Combined Tangency,0.0005409484079734315,252
2023-04-17,Combined,Tangency,Combined Tangency,-7.979803446576256e-05,252
2023-04-18,Combined,Tangency,Combined Tangency,0.007771712618652079,252
2023-04-19,Combined,Tangency,Combined Tangency,-0.005870764507498363,252
2023-04-20,Combined,Tangency,Combined Tangency,0.0025851979060553146,252
2023-04-21,Combined,Tangency,Combined Tangency,-0.004746391973147221,252
2023-04-24,Combined,Tangency,Combined Tangency,0.004233439848927965,252
2023-04-25,Combined,Tangency,Combined Tangency,-0.010119707135788565,252
2023-04-26,Combined,Tangency,Combined Tangency,-0.008345616527275532,252
2023-04-27,Combined,Tangency,Combined Tangency,-0.024140178782259977,252
2023-04-28,Combined,Tangency,Combined Tangency,0.0105691899087883,252
2023-05-01,Combined,Tangency,Combined Tangency,0.01118544163606409,252
2023-05-02,Combined,Tangency,Combined Tangency,-0.012145488578767172,252
2023-05-03,Combined,Tangency,Combined Tangency,-0.00933578591342111,252
2023-05-04,Combined,Tangency,Combined Tangency,-0.015454108113603227,252
2023-05-05,Combined,Tangency,Combined Tangency,0.020937460765131175,252
2023-05-08,Combined,Tangency,Combined Tangency,-0.002102856685128931,252
2023-05-09,Combined,Tangency,Combined Tangency,-0.006504669786474453,252
2023-05-10,Combined,Tangency,Combined Tangency,-0.002203996606322769,252
2023-05-11,Combined,Tangency,Combined Tangency,-0.00664963790046703,252
2023-05-12,Combined,Tangency,Combined Tangency,0.0022113469804264916,252
2023-05-15,Combined,Tangency,Combined Tangency,0.0065162686650792785,252
2023-05-16,Combined,Tangency,Combined Tangency,-0.011089190068798091,252
2023-05-17,Combined,Tangency,Combined Tangency,0.012921305350308237,252
2023-05-18,Combined,Tangency,Combined Tangency,0.010381260556813742,252
2023-05-19,Combined,Tangency,Combined Tangency,0.0011205327687534624,252
2023-05-22,Combined,Tangency,Combined Tangency,0.001866106632203125,252
2023-05-23,Combined,Tangency,Combined Tangency,-0.010257671512059889,252
2023-05-24,Combined,Tangency,Combined Tangency,-0.012227529699055592,252
2023-05-25,Combined,Tangency,Combined Tangency,0.04741571735605735,252
2023-05-26,Combined,Tangency,Combined Tangency,0.005088546436989712,252
2023-05-30,Combined,Tangency,Combined Tangency,0.00021519167860811278,252
2023-05-31,Combined,Tangency,Combined Tangency,-0.012274428712376705,252
2023-06-01,Combined,Tangency,Combined Tangency,0.005978028600829763,252
2023-06-02,Combined,Tangency,Combined Tangency,0.021180830921104433,252
2023-06-05,Combined,Tangency,Combined Tangency,-0.008993601029781787,252
2023-06-06,Combined,Tangency,Combined Tangency,-0.0015184144287743835,252
2023-06-07,Combined,Tangency,Combined Tangency,-0.008022709366304528,252
2023-06-08,Combined,Tangency,Combined Tangency,0.013297087500996188,252
2023-06-09,Combined,Tangency,Combined Tangency,-0.0004505192900189837,252
2023-06-12,Combined,Tangency,Combined Tangency,0.007930540744061555,252
2023-06-13,Combined,Tangency,Combined Tangency,0.019912073440962623,252
2023-06-14,Combined,Tangency,Combined Tangency,0.0013631145536283807,252
2023-06-15,Combined,Tangency,Combined Tangency,-0.0019055559838342532,252
2023-06-16,Combined,Tangency,Combined Tangency,0.009271976469275467,252
2023-06-20,Combined,Tangency,Combined Tangency,0.008200631853939275,252
2023-06-21,Combined,Tangency,Combined Tangency,0.0004907395194135905,252
2023-06-22,Combined,Tangency,Combined Tangency,0.0007550642035157434,252
2023-06-23,Combined,Tangency,Combined Tangency,-0.006667016778918118,252
2023-06-26,Combined,Tangency,Combined Tangency,-0.015675370754195776,252
2023-06-27,Combined,Tangency,Combined Tangency,0.01078273109901238,252
2023-06-28,Combined,Tangency,Combined Tangency,-0.010915175810605882,252
2023-06-29,Combined,Tangency,Combined Tangency,0.004073742586082327,252
2023-06-30,Combined,Tangency,Combined Tangency,0.02367641197286161,252
2023-07-03,Combined,Tangency,Combined Tangency,0.004050147258629386,252
2023-07-05,Combined,Tangency,Combined Tangency,-0.0033528677667892443,252
2023-07-06,Combined,Tangency,Combined Tangency,-0.006798755001668728,252
2023-07-07,Combined,Tangency,Combined Tangency,0.004434838129086851,252
2023-07-10,Combined,Tangency,Combined Tangency,-4.1826425292936145e-05,252
2023-07-11,Combined,Tangency,Combined Tangency,0.008945126108526416,252
2023-07-12,Combined,Tangency,Combined Tangency,0.012440222051936232,252
2023-07-13,Combined,Tangency,Combined Tangency,0.02673448210103862,252
2023-07-14,Combined,Tangency,Combined Tangency,-0.007637548523037724,252
2023-07-17,Combined,Tangency,Combined Tangency,0.006219399444023901,252
2023-07-18,Combined,Tangency,Combined Tangency,0.014794332045912953,252
2023-07-19,Combined,Tangency,Combined Tangency,-0.005775264348757508,252
2023-07-20,Combined,Tangency,Combined Tangency,-0.0037278952720049066,252
2023-07-21,Combined,Tangency,Combined Tangency,-0.008679809688359056,252
2023-07-24,Combined,Tangency,Combined Tangency,0.0005262666235960428,252
2023-07-25,Combined,Tangency,Combined Tangency,0.013453453675414697,252
2023-07-26,Combined,Tangency,Combined Tangency,-0.0047736287778842494,252
2023-07-27,Combined,Tangency,Combined Tangency,0.015271317562535079,252
2023-07-28,Combined,Tangency,Combined Tangency,0.012976658162377119,252
2023-07-31,Combined,Tangency,Combined Tangency,-0.0007074426834005082,252
2023-08-01,Combined,Tangency,Combined Tangency,-0.0017246886836009914,252
2023-08-02,Combined,Tangency,Combined Tangency,-0.021283388560207894,252
2023-08-03,Combined,Tangency,Combined Tangency,0.0019320595002865477,252
2023-08-04,Combined,Tangency,Combined Tangency,-0.008583024737691632,252
2023-08-07,Combined,Tangency,Combined Tangency,0.013048815083964138,252
2023-08-08,Combined,Tangency,Combined Tangency,-0.004051109694684709,252
2023-08-09,Combined,Tangency,Combined Tangency,-0.013523918593673379,252
2023-08-10,Combined,Tangency,Combined Tangency,-0.00397476354040514,252
2023-08-11,Combined,Tangency,Combined Tangency,-0.010056152042407038,252
2023-08-14,Combined,Tangency,Combined Tangency,0.03013597642088097,252
2023-08-15,Combined,Tangency,Combined Tangency,-0.005914211103782494,252
2023-08-16,Combined,Tangency,Combined Tangency,-0.009069837777387159,252
2023-08-17,Combined,Tangency,Combined Tangency,-0.01664913367639341,252
2023-08-18,Combined,Tangency,Combined Tangency,0.0010206282388839803,252
2023-08-21,Combined,Tangency,Combined Tangency,0.025079554213236405,252
2023-08-22,Combined,Tangency,Combined Tangency,-0.014034153000202701,252
2023-08-23,Combined,Tangency,Combined Tangency,0.010134216586280206,252
2023-08-24,Combined,Tangency,Combined Tangency,-0.0051415389310087165,252
2023-08-25,Combined,Tangency,Combined Tangency,-0.006549624794829601,252
2023-08-28,Combined,Tangency,Combined Tangency,0.008379195961732146,252
2023-08-29,Combined,Tangency,Combined Tangency,0.024208303624142027,252
2023-08-30,Combined,Tangency,Combined Tangency,-0.0003120260457267733,252
2023-08-31,Combined,Tangency,Combined Tangency,-0.003610469449639153,252
2023-09-01,Combined,Tangency,Combined Tangency,-0.004026996340217936,252
2023-09-05,Combined,Tangency,Combined Tangency,-0.007151407159977615,252
2023-09-06,Combined,Tangency,Combined Tangency,-0.012500913870837092,252
2023-09-07,Combined,Tangency,Combined Tangency,0.002487762033258428,252
2023-09-08,Combined,Tangency,Combined Tangency,-0.009616363361260845,252
2023-09-11,Combined,Tangency,Combined Tangency,-0.008335267595614922,252
2023-09-12,Combined,Tangency,Combined Tangency,0.0017150364246356128,252
2023-09-13,Combined,Tangency,Combined Tangency,0.007683049023942307,252
2023-09-14,Combined,Tangency,Combined Tangency,0.013898744755683418,252
2023-09-15,Combined,Tangency,Combined Tangency,-0.026200916528081444,252
2023-09-18,Combined,Tangency,Combined Tangency,0.00516095963292863,252
2023-09-19,Combined,Tangency,Combined Tangency,0.0009624532948881809,252
2023-09-20,Combined,Tangency,Combined Tangency,-0.013605506943006164,252
2023-09-21,Combined,Tangency,Combined Tangency,-0.017878186711327567,252
2023-09-22,Combined,Tangency,Combined Tangency,0.006070751699192779,252
2023-09-25,Combined,Tangency,Combined Tangency,0.013065937754928461,252
2023-09-26,Combined,Tangency,Combined Tangency,-0.008755649070229535,252
2023-09-27,Combined,Tangency,Combined Tangency,0.008742163272860365,252
2023-09-28,Combined,Tangency,Combined Tangency,0.009168007943824049,252
2023-09-29,Combined,Tangency,Combined Tangency,-0.003022218268502381,252
2023-10-02,Combined,Tangency,Combined Tangency,0.0008526777745105402,252
2023-10-03,Combined,Tangency,Combined Tangency,-0.006570178868917521,252
2023-10-04,Combined,Tangency,Combined Tangency,0.0012634033916058497,252
2023-10-05,Combined,Tangency,Combined Tangency,0.000580550676189861,252
2023-10-06,Combined,Tangency,Combined Tangency,0.009370029006521242,252
2023-10-09,Combined,Tangency,Combined Tangency,-0.00437792402831198,252
2023-10-10,Combined,Tangency,Combined Tangency,0.0026119116439595404,252
2023-10-11,Combined,Tangency,Combined Tangency,0.0044506835633573915,252
2023-10-12,Combined,Tangency,Combined Tangency,-0.006350657008902723,252
2023-10-13,Combined,Tangency,Combined Tangency,-0.008484702514456075,252
2023-10-16,Combined,Tangency,Combined Tangency,0.00800442400562936,252
2023-10-17,Combined,Tangency,Combined Tangency,-0.010365988814009658,252
2023-10-18,Combined,Tangency,Combined Tangency,-0.015342420118217756,252
2023-10-19,Combined,Tangency,Combined Tangency,-0.008697356376084884,252
2023-10-20,Combined,Tangency,Combined Tangency,-0.005019189379402694,252
2023-10-23,Combined,Tangency,Combined Tangency,0.011935152045732155,252
2023-10-24,Combined,Tangency,Combined Tangency,0.015379597372734255,252
2023-10-25,Combined,Tangency,Combined Tangency,-0.017616140219193752,252
2023-10-26,Combined,Tangency,Combined Tangency,-0.008208011903964722,252
2023-10-27,Combined,Tangency,Combined Tangency,-0.015700872328169666,252
2023-10-30,Combined,Tangency,Combined Tangency,0.015395472063566645,252
2023-10-31,Combined,Tangency,Combined Tangency,-0.0026585573747570515,252
2023-11-01,Combined,Tangency,Combined Tangency,0.019840319934155005,252
2023-11-02,Combined,Tangency,Combined Tangency,0.012233578495857432,252
2023-11-03,Combined,Tangency,Combined Tangency,0.005857659055592165,252
2023-11-06,Combined,Tangency,Combined Tangency,0.007260089039054209,252
2023-11-07,Combined,Tangency,Combined Tangency,-0.0002470665381771515,252
2023-11-08,Combined,Tangency,Combined Tangency,0.006135670376524849,252
2023-11-09,Combined,Tangency,Combined Tangency,-0.00673652539990549,252
2023-11-10,Combined,Tangency,Combined Tangency,0.018539709706092762,252
2023-11-13,Combined,Tangency,Combined Tangency,0.0006266894771869569,252
2023-11-14,Combined,Tangency,Combined Tangency,-0.0006822925277923308,252
2023-11-15,Combined,Tangency,Combined Tangency,0.0023480303572597115,252
2023-11-16,Combined,Tangency,Combined Tangency,-0.002666525654785319,252
2023-11-17,Combined,Tangency,Combined Tangency,0.0029192257615395143,252
2023-11-20,Combined,Tangency,Combined Tangency,0.005096861437859407,252
2023-11-21,Combined,Tangency,Combined Tangency,-0.010778809153697172,252
2023-11-22,Combined,Tangency,Combined Tangency,0.0007358929727314856,252
2023-11-24,Combined,Tangency,Combined Tangency,-0.0029070905271062924,252
2023-11-27,Combined,Tangency,Combined Tangency,0.0017305398364284325,252
2023-11-28,Combined,Tangency,Combined Tangency,-0.003075528442367904,252
2023-11-29,Combined,Tangency,Combined Tangency,0.0058732772120156295,252
2023-11-30,Combined,Tangency,Combined Tangency,0.005388762784164212,252
2023-12-01,Combined,Tangency,Combined Tangency,0.004881136419295427,252
2023-12-04,Combined,Tangency,Combined Tangency,-0.006058613723332015,252
2023-12-05,Combined,Tangency,Combined Tangency,0.010337684561352247,252
2023-12-06,Combined,Tangency,Combined Tangency,-0.006736972311201592,252
2023-12-07,Combined,Tangency,Combined Tangency,0.013005390425489262,252
2023-12-08,Combined,Tangency,Combined Tangency,0.011797986900173248,252
2023-12-11,Combined,Tangency,Combined Tangency,-0.008126358641280912,252
2023-12-12,Combined,Tangency,Combined Tangency,0.010749532243843915,252
2023-12-13,Combined,Tangency,Combined Tangency,0.01203134448304021,252
2023-12-14,Combined,Tangency,Combined Tangency,0.00914823062252717,252
2023-12-15,Combined,Tangency,Combined Tangency,-0.0019709005121145606,252
2023-12-18,Combined,Tangency,Combined Tangency,0.009412585274258823,252
2023-12-19,Combined,Tangency,Combined Tangency,-0.00010658454699757684,252
2023-12-20,Combined,Tangency,Combined Tangency,-0.011418688799838804,252
2023-12-21,Combined,Tangency,Combined Tangency,0.011039621507407468,252
2023-12-22,Combined,Tangency,Combined Tangency,0.0071186071354605454,252
2023-12-26,Combined,Tangency,Combined Tangency,-0.0022313950473826076,252
2023-12-27,Combined,Tangency,Combined Tangency,0.0062227936614338225,252
2023-12-28,Combined,Tangency,Combined Tangency,-0.0032045771652122784,252
2023-12-29,Combined,Tangency,Combined Tangency,-0.001982072893678625,252
2021-01-04,Combined,Risk Parity,Combined Risk Parity,-0.00552557014052811,252
2021-01-05,Combined,Risk Parity,Combined Risk Parity,0.012962564646529482,252
2021-01-06,Combined,Risk Parity,Combined Risk Parity,0.029039408629771366,252
2021-01-07,Combined,Risk Parity,Combined Risk Parity,0.009484167083520486,252
2021-01-08,Combined,Risk Parity,Combined Risk Parity,0.0018026989153278852,252
2021-01-11,Combined,Risk Parity,Combined Risk Parity,-0.016086605773194946,252
2021-01-12,Combined,Risk Parity,Combined Risk Parity,-0.00266901837838585,252
2021-01-13,Combined,Risk Parity,Combined Risk Parity,0.010023511785189584,252
2021-01-14,Combined,Risk Parity,Combined Risk Parity,0.004154903285876548,252
2021-01-15,Combined,Risk Parity,Combined Risk Parity,-0.011065652951662687,252
2021-01-19,Combined,Risk Parity,Combined Risk Parity,0.007222837471089899,252
2021-01-20,Combined,Risk Parity,Combined Risk Parity,0.007974270750503363,252
2021-01-21,Combined,Risk Parity,Combined Risk Parity,-0.020867018742067978,252
2021-01-22,Combined,Risk Parity,Combined Risk Parity,0.004938679037529138,252
2021-01-25,Combined,Risk Parity,Combined Risk Parity,0.0003254570260006042,252
2021-01-26,Combined,Risk Parity,Combined Risk Parity,-0.003557702311927295,252
2021-01-27,Combined,Risk Parity,Combined Risk Parity,-0.030912623733930153,252
2021-01-28,Combined,Risk Parity,Combined Risk Parity,0.019252691394544365,252
2021-01-29,Combined,Risk Parity,Combined Risk Parity,-0.0075195245216494785,252
2021-02-01,Combined,Risk Parity,Combined Risk Parity,0.008628546021288331,252
2021-02-02,Combined,Risk Parity,Combined Risk Parity,0.01816325411195795,252
2021-02-03,Combined,Risk Parity,Combined Risk Parity,0.0038921314904443137,252
2021-02-04,Combined,Risk Parity,Combined Risk Parity,0.00453719632585695,252
2021-02-05,Combined,Risk Parity,Combined Risk Parity,0.016230865099541643,252
2021-02-08,Combined,Risk Parity,Combined Risk Parity,0.018361891569660324,252
2021-02-09,Combined,Risk Parity,Combined Risk Parity,0.005195423394875446,252
2021-02-10,Combined,Risk Parity,Combined Risk Parity,0.0042675936390489345,252
2021-02-11,Combined,Risk Parity,Combined Risk Parity,0.008001601578792338,252
2021-02-12,Combined,Risk Parity,Combined Risk Parity,0.009229138894348702,252
2021-02-16,Combined,Risk Parity,Combined Risk Parity,-0.0027653789304799047,252
2021-02-17,Combined,Risk Parity,Combined Risk Parity,0.007225780123928973,252
2021-02-18,Combined,Risk Parity,Combined Risk Parity,-0.0035141208023010124,252
2021-02-19,Combined,Risk Parity,Combined Risk Parity,0.004091992206526933,252
2021-02-22,Combined,Risk Parity,Combined Risk Parity,-0.006931516946906392,252
2021-02-23,Combined,Risk Parity,Combined Risk Parity,-0.018522687399848983,252
2021-02-24,Combined,Risk Parity,Combined Risk Parity,0.012881373465234696,252
2021-02-25,Combined,Risk Parity,Combined Risk Parity,-0.02033928254936402,252
2021-02-26,Combined,Risk Parity,Combined Risk Parity,-0.011939727941920563,252
2021-03-01,Combined,Risk Parity,Combined Risk Parity,0.02337616903864211,252
2021-03-02,Combined,Risk Parity,Combined Risk Parity,-0.003089879393343351,252
2021-03-03,Combined,Risk Parity,Combined Risk Parity,-0.004619366261962084,252
2021-03-04,Combined,Risk Parity,Combined Risk Parity,-0.00866187804113181,252
2021-03-05,Combined,Risk Parity,Combined Risk Parity,0.01422299159287734,252
2021-03-08,Combined,Risk Parity,Combined Risk Parity,0.002484036197057967,252
2021-03-09,Combined,Risk Parity,Combined Risk Parity,0.01208459859636037,252
2021-03-10,Combined,Risk Parity,Combined Risk Parity,0.004419238013708081,252
2021-03-11,Combined,Risk Parity,Combined Risk Parity,0.0044999516248852905,252
2021-03-12,Combined,Risk Parity,Combined Risk Parity,0.003492644906717186,252
2021-03-15,Combined,Risk Parity,Combined Risk Parity,0.0030223651444928304,252
2021-03-16,Combined,Risk Parity,Combined Risk Parity,0.006583153186983605,252
2021-03-17,Combined,Risk Parity,Combined Risk Parity,0.003292151178051444,252
2021-03-18,Combined,Risk Parity,Combined Risk Parity,-0.012593354518949832,252
2021-03-19,Combined,Risk Parity,Combined Risk Parity,-0.0014367413978924005,252
2021-03-22,Combined,Risk Parity,Combined Risk Parity,0.003023236296383229,252
2021-03-23,Combined,Risk Parity,Combined Risk Parity,-0.004281506200977835,252
2021-03-24,Combined,Risk Parity,Combined Risk Parity,-0.011259025729469217,252
2021-03-25,Combined,Risk Parity,Combined Risk Parity,0.005093845732727348,252
2021-03-26,Combined,Risk Parity,Combined Risk Parity,0.026983699081776873,252
2021-03-29,Combined,Risk Parity,Combined Risk Parity,0.007224656832859421,252
2021-03-30,Combined,Risk Parity,Combined Risk Parity,-0.003043889575331322,252
2021-03-31,Combined,Risk Parity,Combined Risk Parity,0.007382666185531705,252
2021-04-01,Combined,Risk Parity,Combined Risk Parity,0.013298991337844238,252
2021-04-05,Combined,Risk Parity,Combined Risk Parity,0.018362032477139578,252
2021-04-06,Combined,Risk Parity,Combined Risk Parity,0.0040375726061978225,252
2021-04-07,Combined,Risk Parity,Combined Risk Parity,-0.00948303179607095,252
2021-04-08,Combined,Risk Parity,Combined Risk Parity,0.006088006610820609,252
2021-04-09,Combined,Risk Parity,Combined Risk Parity,-0.0004926357098157182,252
2021-04-12,Combined,Risk Parity,Combined Risk Parity,2.7796023914306305e-05,252
2021-04-13,Combined,Risk Parity,Combined Risk Parity,0.01437384212324907,252
2021-04-14,Combined,Risk Parity,Combined Risk Parity,0.0036685668616289685,252
2021-04-15,Combined,Risk Parity,Combined Risk Parity,0.016605695078507423,252
2021-04-16,Combined,Risk Parity,Combined Risk Parity,0.008728873961082328,252
2021-04-19,Combined,Risk Parity,Combined Risk Parity,-0.010053313260572615,252
2021-04-20,Combined,Risk Parity,Combined Risk Parity,-0.0006794729538396396,252
2021-04-21,Combined,Risk Parity,Combined Risk Parity,0.003425750411274909,252
2021-04-22,Combined,Risk Parity,Combined Risk Parity,-0.01276429661876303,252
2021-04-23,Combined,Risk Parity,Combined Risk Parity,0.004607022343583655,252
2021-04-26,Combined,Risk Parity,Combined Risk Parity,0.015886758154530337,252
2021-04-27,Combined,Risk Parity,Combined Risk Parity,0.004729829479752062,252
2021-04-28,Combined,Risk Parity,Combined Risk Parity,-0.0005454070610818501,252
2021-04-29,Combined,Risk Parity,Combined Risk Parity,0.0055831459469040615,252
2021-04-30,Combined,Risk Parity,Combined Risk Parity,0.004016951154087591,252
2021-05-03,Combined,Risk Parity,Combined Risk Parity,0.01263449111996689,252
2021-05-04,Combined,Risk Parity,Combined Risk Parity,-0.005129932161648575,252
2021-05-05,Combined,Risk Parity,Combined Risk Parity,0.028579589426025398,252
2021-05-06,Combined,Risk Parity,Combined Risk Parity,0.017272470042117686,252
2021-05-07,Combined,Risk Parity,Combined Risk Parity,0.0035350585269334506,252
2021-05-10,Combined,Risk Parity,Combined Risk Parity,-0.009157896032190293,252
2021-05-11,Combined,Risk Parity,Combined Risk Parity,0.005940421330025287,252
2021-05-12,Combined,Risk Parity,Combined Risk Parity,-0.032974517994294475,252
2021-05-13,Combined,Risk Parity,Combined Risk Parity,0.014921421412189993,252
2021-05-14,Combined,Risk Parity,Combined Risk Parity,0.016027126032712495,252
2021-05-17,Combined,Risk Parity,Combined Risk Parity,-0.004715773367371056,252
2021-05-18,Combined,Risk Parity,Combined Risk Parity,-0.0044638354819349635,252
2021-05-19,Combined,Risk Parity,Combined Risk Parity,-0.03491037745950293,252
2021-05-20,Combined,Risk Parity,Combined Risk Parity,0.023765044732007173,252
2021-05-21,Combined,Risk Parity,Combined Risk Parity,-0.014051527502131683,252
2021-05-24,Combined,Risk Parity,Combined Risk Parity,0.030940649417743864,252
2021-05-25,Combined,Risk Parity,Combined Risk Parity,-0.004342298573428773,252
2021-05-26,Combined,Risk Parity,Combined Risk Parity,0.010007754839388674,252
2021-05-27,Combined,Risk Parity,Combined Risk Parity,-0.003013411935451444,252
2021-05-28,Combined,Risk Parity,Combined Risk Parity,-0.006195997263540204,252
2021-06-01,Combined,Risk Parity,Combined Risk Parity,0.00015643904695677896,252
2021-06-02,Combined,Risk Parity,Combined Risk Parity,0.003875383435412352,252
2021-06-03,Combined,Risk Parity,Combined Risk Parity,0.004682132075194421,252
2021-06-04,Combined,Risk Parity,Combined Risk Parity,-0.00016450540670428344,252
2021-06-07,Combined,Risk Parity,Combined Risk Parity,-0.009166525959081585,252
2021-06-08,Combined,Risk Parity,Combined Risk Parity,-0.003313901887654566,252
2021-06-09,Combined,Risk Parity,Combined Risk Parity,0.004641119709131549,252
2021-06-10,Combined,Risk Parity,Combined Risk Parity,0.0004104988161987273,252
2021-06-11,Combined,Risk Parity,Combined Risk Parity,-0.003554519542745246,252
2021-06-14,Combined,Risk Parity,Combined Risk Parity,0.0004744349522661659,252
2021-06-15,Combined,Risk Parity,Combined Risk Parity,-0.001526837816520843,252
2021-06-16,Combined,Risk Parity,Combined Risk Parity,-0.014592920334248433,252
2021-06-17,Combined,Risk Parity,Combined Risk Parity,-0.005234006126544755,252
2021-06-18,Combined,Risk Parity,Combined Risk Parity,-0.0179884392355777,252
2021-06-21,Combined,Risk Parity,Combined Risk Parity,-0.0040690516173521145,252
2021-06-22,Combined,Risk Parity,Combined Risk Parity,-0.0023798065065166016,252
2021-06-23,Combined,Risk Parity,Combined Risk Parity,0.0037493854404268352,252
2021-06-24,Combined,Risk Parity,Combined Risk Parity,0.012129030003836331,252
2021-06-25,Combined,Risk Parity,Combined Risk Parity,-0.0005716378694860884,252
2021-06-28,Combined,Risk Parity,Combined Risk Parity,0.002043258052207084,252
2021-06-29,Combined,Risk Parity,Combined Risk Parity,0.006671753908973843,252
2021-06-30,Combined,Risk Parity,Combined Risk Parity,0.004703571338751661,252
2021-07-01,Combined,Risk Parity,Combined Risk Parity,-4.7102510621955963e-05,252
2021-07-02,Combined,Risk Parity,Combined Risk Parity,0.0046346847072494665,252
2021-07-06,Combined,Risk Parity,Combined Risk Parity,-0.004101713825097478,252
2021-07-07,Combined,Risk Parity,Combined Risk Parity,-0.00017567601626154955,252
2021-07-08,Combined,Risk Parity,Combined Risk Parity,-0.010877800751594302,252
2021-07-09,Combined,Risk Parity,Combined Risk Parity,0.012414661163030163,252
2021-07-12,Combined,Risk Parity,Combined Risk Parity,0.0011800278050703228,252
2021-07-13,Combined,Risk Parity,Combined Risk Parity,-0.005977933768746905,252
2021-07-14,Combined,Risk Parity,Combined Risk Parity,0.0008122125979031994,252
2021-07-15,Combined,Risk Parity,Combined Risk Parity,-0.0034620265530763052,252
2021-07-16,Combined,Risk Parity,Combined Risk Parity,-0.008418356791527143,252
2021-07-19,Combined,Risk Parity,Combined Risk Parity,-0.018211330317625486,252
2021-07-20,Combined,Risk Parity,Combined Risk Parity,0.004630564399326564,252
2021-07-21,Combined,Risk Parity,Combined Risk Parity,0.013770262833672251,252
2021-07-22,Combined,Risk Parity,Combined Risk Parity,0.0025630158701631807,252
2021-07-23,Combined,Risk Parity,Combined Risk Parity,0.008608466871864744,252
2021-07-26,Combined,Risk Parity,Combined Risk Parity,0.005818687634256265,252
2021-07-27,Combined,Risk Parity,Combined Risk Parity,0.001032236175245016,252
2021-07-28,Combined,Risk Parity,Combined Risk Parity,0.004231306246057216,252
2021-07-29,Combined,Risk Parity,Combined Risk Parity,0.006127003420463654,252
2021-07-30,Combined,Risk Parity,Combined Risk Parity,-0.0012471088528923234,252
2021-08-02,Combined,Risk Parity,Combined Risk Parity,-0.001192588219327725,252
2021-08-03,Combined,Risk Parity,Combined Risk Parity,0.002903174851795517,252
2021-08-04,Combined,Risk Parity,Combined Risk Parity,-0.0037705493555648924,252
2021-08-05,Combined,Risk Parity,Combined Risk Parity,0.005111523424345023,252
2021-08-06,Combined,Risk Parity,Combined Risk Parity,0.0034304287878954404,252
2021-08-09,Combined,Risk Parity,Combined Risk Parity,0.0031003049784111905,252
2021-08-10,Combined,Risk Parity,Combined Risk Parity,0.006027580804661701,252
2021-08-11,Combined,Risk Parity,Combined Risk Parity,0.012740927662572551,252
2021-08-12,Combined,Risk Parity,Combined Risk Parity,-3.8332578498109074e-05,252
2021-08-13,Combined,Risk Parity,Combined Risk Parity,0.011315143642960658,252
2021-08-16,Combined,Risk Parity,Combined Risk Parity,-0.002972597918505909,252
2021-08-17,Combined,Risk Parity,Combined Risk Parity,-0.008305802306940464,252
2021-08-18,Combined,Risk Parity,Combined Risk Parity,-0.010434512537311931,252
2021-08-19,Combined,Risk Parity,Combined Risk Parity,0.0033851910505812866,252
2021-08-20,Combined,Risk Parity,Combined Risk Parity,0.008168830891005025,252
2021-08-23,Combined,Risk Parity,Combined Risk Parity,0.0089240797966199,252
2021-08-24,Combined,Risk Parity,Combined Risk Parity,-0.0060568693980476256,252
2021-08-25,Combined,Risk Parity,Combined Risk Parity,0.0009480686404093198,252
2021-08-26,Combined,Risk Parity,Combined Risk Parity,-0.011262095785321523,252
2021-08-27,Combined,Risk Parity,Combined Risk Parity,0.014689023061544107,252
2021-08-30,Combined,Risk Parity,Combined Risk Parity,-0.002582517268338951,252
2021-08-31,Combined,Risk Parity,Combined Risk Parity,0.003964810629699839,252
2021-09-01,Combined,Risk Parity,Combined Risk Parity,0.0038246221599445352,252
2021-09-02,Combined,Risk Parity,Combined Risk Parity,0.006505822069550453,252
2021-09-03,Combined,Risk Parity,Combined Risk Parity,0.0019894930822531433,252
2021-09-07,Combined,Risk Parity,Combined Risk Parity,-0.025252564745870874,252
2021-09-08,Combined,Risk Parity,Combined Risk Parity,3.0140068463005633e-05,252
2021-09-09,Combined,Risk Parity,Combined Risk Parity,-0.007004606536705903,252
2021-09-10,Combined,Risk Parity,Combined Risk Parity,-0.007093099939731803,252
2021-09-13,Combined,Risk Parity,Combined Risk Parity,-0.0009284359870649674,252
2021-09-14,Combined,Risk Parity,Combined Risk Parity,-0.003912270556047583,252
2021-09-15,Combined,Risk Parity,Combined Risk Parity,0.008873259250848732,252
2021-09-16,Combined,Risk Parity,Combined Risk Parity,-0.006686954491824092,252
2021-09-17,Combined,Risk Parity,Combined Risk Parity,-0.012274104531310134,252
2021-09-20,Combined,Risk Parity,Combined Risk Parity,-0.024322177185355526,252
2021-09-21,Combined,Risk Parity,Combined Risk Parity,-0.006832851415195169,252
2021-09-22,Combined,Risk Parity,Combined Risk Parity,0.015099138567292933,252
2021-09-23,Combined,Risk Parity,Combined Risk Parity,0.00956320823518354,252
2021-09-24,Combined,Risk Parity,Combined Risk Parity,-0.007934502185620744,252
2021-09-27,Combined,Risk Parity,Combined Risk Parity,-0.00237709662538291,252
2021-09-28,Combined,Risk Parity,Combined Risk Parity,-0.011849410210677635,252
2021-09-29,Combined,Risk Parity,Combined Risk Parity,0.0068653173416536135,252
2021-09-30,Combined,Risk Parity,Combined Risk Parity,-0.004177749687919166,252
2021-10-01,Combined,Risk Parity,Combined Risk Parity,0.01717174243783964,252
2021-10-04,Combined,Risk Parity,Combined Risk Parity,-0.00343151868826612,252
2021-10-05,Combined,Risk Parity,Combined Risk Parity,0.007589479452194012,252
2021-10-06,Combined,Risk Parity,Combined Risk Parity,0.00389924460122064,252
2021-10-07,Combined,Risk Parity,Combined Risk Parity,0.0066577095380259506,252
2021-10-08,Combined,Risk Parity,Combined Risk Parity,-0.0023164247870505962,252
2021-10-11,Combined,Risk Parity,Combined Risk Parity,-0.006542037654831748,252
2021-10-12,Combined,Risk Parity,Combined Risk Parity,-0.0027584903273106297,252
2021-10-13,Combined,Risk Parity,Combined Risk Parity,0.006386586741823373,252
2021-10-14,Combined,Risk Parity,Combined Risk Parity,0.012337715892421261,252
2021-10-15,Combined,Risk Parity,Combined Risk Parity,0.005006885906072437,252
2021-10-18,Combined,Risk Parity,Combined Risk Parity,-0.0018220815605712126,252
2021-10-19,Combined,Risk Parity,Combined Risk Parity,0.010800671557897825,252
2021-10-20,Combined,Risk Parity,Combined Risk Parity,0.012961921731699697,252
2021-10-21,Combined,Risk Parity,Combined Risk Parity,-0.0010056996852021516,252
2021-10-22,Combined,Risk Parity,Combined Risk Parity,0.0005389525396875344,252
2021-10-25,Combined,Risk Parity,Combined Risk Parity,0.006467280874517428,252
2021-10-26,Combined,Risk Parity,Combined Risk Parity,0.003055107011883794,252
2021-10-27,Combined,Risk Parity,Combined Risk Parity,-0.020682986572011806,252
2021-10-28,Combined,Risk Parity,Combined Risk Parity,0.011802512132257872,252
2021-10-29,Combined,Risk Parity,Combined Risk Parity,0.00011012729662358092,252
2021-11-01,Combined,Risk Parity,Combined Risk Parity,0.005286397272967943,252
2021-11-02,Combined,Risk Parity,Combined Risk Parity,0.007224182301302889,252
2021-11-03,Combined,Risk Parity,Combined Risk Parity,0.006292903926711361,252
2021-11-04,Combined,Risk Parity,Combined Risk Parity,0.0017913328934596533,252
2021-11-05,Combined,Risk Parity,Combined Risk Parity,0.0004267290247667494,252
2021-11-08,Combined,Risk Parity,Combined Risk Parity,0.0069886744293017776,252
2021-11-09,Combined,Risk Parity,Combined Risk Parity,0.005118867216852985,252
2021-11-10,Combined,Risk Parity,Combined Risk Parity,-0.008096030696877943,252
2021-11-11,Combined,Risk Parity,Combined Risk Parity,0.001986789084704743,252
2021-11-12,Combined,Risk Parity,Combined Risk Parity,7.50721301615288e-05,252
2021-11-15,Combined,Risk Parity,Combined Risk Parity,-0.0033464899157481273,252
2021-11-16,Combined,Risk Parity,Combined Risk Parity,-0.008213169620333003,252
2021-11-17,Combined,Risk Parity,Combined Risk Parity,-0.004276210382151644,252
2021-11-18,Combined,Risk Parity,Combined Risk Parity,-0.00776632431059556,252
2021-11-19,Combined,Risk Parity,Combined Risk Parity,-0.0018332525266364704,252
2021-11-22,Combined,Risk Parity,Combined Risk Parity,-0.002990954385089374,252
2021-11-23,Combined,Risk Parity,Combined Risk Parity,0.008092778094782404,252
2021-11-24,Combined,Risk Parity,Combined Risk Parity,-0.0015290544002215783,252
2021-11-26,Combined,Risk Parity,Combined Risk Parity,-0.022512513974665978,252
2021-11-29,Combined,Risk Parity,Combined Risk Parity,0.00675450352561425,252
2021-11-30,Combined,Risk Parity,Combined Risk Parity,-0.0198429434411431,252
2021-12-01,Combined,Risk Parity,Combined Risk Parity,-0.011784543429321498,252
2021-12-02,Combined,Risk Parity,Combined Risk Parity,0.017320119240419263,252
2021-12-03,Combined,Risk Parity,Combined Risk Parity,-0.0030028782942269905,252
2021-12-06,Combined,Risk Parity,Combined Risk Parity,0.015093275028104971,252
2021-12-07,Combined,Risk Parity,Combined Risk Parity,0.01065571422154685,252
2021-12-08,Combined,Risk Parity,Combined Risk Parity,0.003224818874968268,252
2021-12-09,Combined,Risk Parity,Combined Risk Parity,-0.011141761275636397,252
2021-12-10,Combined,Risk Parity,Combined Risk Parity,0.002006269877334599,252
2021-12-13,Combined,Risk Parity,Combined Risk Parity,-0.00877541886566236,252
2021-12-14,Combined,Risk Parity,Combined Risk Parity,-0.0005701363736342305,252
2021-12-15,Combined,Risk Parity,Combined Risk Parity,0.012686039122397751,252
2021-12-16,Combined,Risk Parity,Combined Risk Parity,0.00359532984199151,252
2021-12-17,Combined,Risk Parity,Combined Risk Parity,-0.012396483116911645,252
2021-12-20,Combined,Risk Parity,Combined Risk Parity,-0.004939645566229842,252
2021-12-21,Combined,Risk Parity,Combined Risk Parity,0.012960894373306556,252
2021-12-22,Combined,Risk Parity,Combined Risk Parity,0.005597260194724515,252
2021-12-23,Combined,Risk Parity,Combined Risk Parity,0.008859010652728014,252
2021-12-27,Combined,Risk Parity,Combined Risk Parity,0.011279982515368492,252
2021-12-28,Combined,Risk Parity,Combined Risk Parity,-0.0037696002641740656,252
2021-12-29,Combined,Risk Parity,Combined Risk Parity,-0.0012737993920388844,252
2021-12-30,Combined,Risk Parity,Combined Risk Parity,0.0009518830299528292,252
2021-12-31,Combined,Risk Parity,Combined Risk Parity,-0.002558633655921623,252
2022-01-03,Combined,Risk Parity,Combined Risk Parity,0.002366406041749037,252
2022-01-04,Combined,Risk Parity,Combined Risk Parity,0.0035920260624235506,252
2022-01-05,Combined,Risk Parity,Combined Risk Parity,-0.013352412160845312,252
2022-01-06,Combined,Risk Parity,Combined Risk Parity,-0.0019353712207467232,252
2022-01-07,Combined,Risk Parity,Combined Risk Parity,-0.002326342004742347,252
2022-01-10,Combined,Risk Parity,Combined Risk Parity,-0.008817081426776965,252
2022-01-11,Combined,Risk Parity,Combined Risk Parity,0.010361983528796359,252
2022-01-12,Combined,Risk Parity,Combined Risk Parity,0.0077459593636294575,252
2022-01-13,Combined,Risk Parity,Combined Risk Parity,-0.007281119816246632,252
2022-01-14,Combined,Risk Parity,Combined Risk Parity,0.002283325042412993,252
2022-01-18,Combined,Risk Parity,Combined Risk Parity,-0.009783049398896232,252
2022-01-19,Combined,Risk Parity,Combined Risk Parity,-0.005478997053071183,252
2022-01-20,Combined,Risk Parity,Combined Risk Parity,-0.01387765317682269,252
2022-01-21,Combined,Risk Parity,Combined Risk Parity,-0.019530739697733165,252
2022-01-24,Combined,Risk Parity,Combined Risk Parity,-0.001137668163765463,252
2022-01-25,Combined,Risk Parity,Combined Risk Parity,-0.004911903355697276,252
2022-01-26,Combined,Risk Parity,Combined Risk Parity,-0.009076221967877076,252
2022-01-27,Combined,Risk Parity,Combined Risk Parity,-0.003508245454866751,252
2022-01-28,Combined,Risk Parity,Combined Risk Parity,0.017588211680682145,252
2022-01-31,Combined,Risk Parity,Combined Risk Parity,0.01336856316086593,252
2022-02-01,Combined,Risk Parity,Combined Risk Parity,0.009169262628754815,252
2022-02-02,Combined,Risk Parity,Combined Risk Parity,0.005846043968281525,252
2022-02-03,Combined,Risk Parity,Combined Risk Parity,-0.006442693048819019,252
2022-02-04,Combined,Risk Parity,Combined Risk Parity,0.005550469280209944,252
2022-02-07,Combined,Risk Parity,Combined Risk Parity,0.007630106031247722,252
2022-02-08,Combined,Risk Parity,Combined Risk Parity,0.0033424611282002214,252
2022-02-09,Combined,Risk Parity,Combined Risk Parity,0.011181625274115257,252
2022-02-10,Combined,Risk Parity,Combined Risk Parity,-0.018452954625506036,252
2022-02-11,Combined,Risk Parity,Combined Risk Parity,-0.013146742868972553,252
2022-02-14,Combined,Risk Parity,Combined Risk Parity,-0.005683812149900166,252
2022-02-15,Combined,Risk Parity,Combined Risk Parity,0.012752294049454473,252
2022-02-16,Combined,Risk Parity,Combined Risk Parity,-0.0019913946680477157,252
2022-02-17,Combined,Risk Parity,Combined Risk Parity,-0.018037974373083795,252
2022-02-18,Combined,Risk Parity,Combined Risk Parity,-0.0075004220198332285,252
2022-02-22,Combined,Risk Parity,Combined Risk Parity,-0.0017724231924554188,252
2022-02-23,Combined,Risk Parity,Combined Risk Parity,-0.010988182040013622,252
2022-02-24,Combined,Risk Parity,Combined Risk Parity,0.005360526207465906,252
2022-02-25,Combined,Risk Parity,Combined Risk Parity,0.026234582295054158,252
2022-02-28,Combined,Risk Parity,Combined Risk Parity,0.004740131211517066,252
2022-03-01,Combined,Risk Parity,Combined Risk Parity,-0.009202291560248752,252
2022-03-02,Combined,Risk Parity,Combined Risk Parity,0.014662425155730423,252
2022-03-03,Combined,Risk Parity,Combined Risk Parity,-0.0002607525923358675,252
2022-03-04,Combined,Risk Parity,Combined Risk Parity,-0.00329719454414642,252
2022-03-07,Combined,Risk Parity,Combined Risk Parity,-0.01510701727735125,252
2022-03-08,Combined,Risk Parity,Combined Risk Parity,-0.004999148843116432,252
2022-03-09,Combined,Risk Parity,Combined Risk Parity,0.016915862545718013,252
2022-03-10,Combined,Risk Parity,Combined Risk Parity,-0.004828574463096091,252
2022-03-11,Combined,Risk Parity,Combined Risk Parity,-0.0068129474965912705,252
2022-03-14,Combined,Risk Parity,Combined Risk Parity,-0.00566931128642354,252
2022-03-15,Combined,Risk Parity,Combined Risk Parity,0.00963126320413269,252
2022-03-16,Combined,Risk Parity,Combined Risk Parity,0.016162275695739612,252
2022-03-17,Combined,Risk Parity,Combined Risk Parity,0.01194424004312967,252
2022-03-18,Combined,Risk Parity,Combined Risk Parity,0.006044969538219912,252
2022-03-21,Combined,Risk Parity,Combined Risk Parity,0.004497815971877497,252
2022-03-22,Combined,Risk Parity,Combined Risk Parity,0.010025044299051914,252
2022-03-23,Combined,Risk Parity,Combined Risk Parity,-0.007468245028774966,252
2022-03-24,Combined,Risk Parity,Combined Risk Parity,0.011066270700822103,252
2022-03-25,Combined,Risk Parity,Combined Risk Parity,0.007093125494823903,252
2022-03-28,Combined,Risk Parity,Combined Risk Parity,0.0031549727731801764,252
2022-03-29,Combined,Risk Parity,Combined Risk Parity,0.012666660779502504,252
2022-03-30,Combined,Risk Parity,Combined Risk Parity,-0.00189127493118316,252
2022-03-31,Combined,Risk Parity,Combined Risk Parity,-0.014561170344001595,252
2022-04-01,Combined,Risk Parity,Combined Risk Parity,0.007758812866568726,252
2022-04-04,Combined,Risk Parity,Combined Risk Parity,0.0014666392742356796,252
2022-04-05,Combined,Risk Parity,Combined Risk Parity,-0.010407176004490683,252
2022-04-06,Combined,Risk Parity,Combined Risk Parity,-0.006233606144435273,252
2022-04-07,Combined,Risk Parity,Combined Risk Parity,0.004586441738971605,252
2022-04-08,Combined,Risk Parity,Combined Risk Parity,-0.0007997030468288274,252
2022-04-11,Combined,Risk Parity,Combined Risk Parity,-0.01681032778610091,252
2022-04-12,Combined,Risk Parity,Combined Risk Parity,0.0011781963471489852,252
2022-04-13,Combined,Risk Parity,Combined Risk Parity,0.010552998811677875,252
2022-04-14,Combined,Risk Parity,Combined Risk Parity,-0.003496942007957061,252
2022-04-18,Combined,Risk Parity,Combined Risk Parity,0.0007800596021435107,252
2022-04-19,Combined,Risk Parity,Combined Risk Parity,0.012674617155447014,252
2022-04-20,Combined,Risk Parity,Combined Risk Parity,0.0008472845690068631,252
2022-04-21,Combined,Risk Parity,Combined Risk Parity,-0.011957397803619495,252
2022-04-22,Combined,Risk Parity,Combined Risk Parity,-0.020582401258037133,252
2022-04-25,Combined,Risk Parity,Combined Risk Parity,-0.0008379845733877245,252
2022-04-26,Combined,Risk Parity,Combined Risk Parity,-0.023714837662225704,252
2022-04-27,Combined,Risk Parity,Combined Risk Parity,0.002317280196268416,252
2022-04-28,Combined,Risk Parity,Combined Risk Parity,0.015536755323890485,252
2022-04-29,Combined,Risk Parity,Combined Risk Parity,-0.03448653776993875,252
2022-05-02,Combined,Risk Parity,Combined Risk Parity,0.001940303820259707,252
2022-05-03,Combined,Risk Parity,Combined Risk Parity,0.0036970327793745044,252
2022-05-04,Combined,Risk Parity,Combined Risk Parity,0.034166688213151566,252
2022-05-05,Combined,Risk Parity,Combined Risk Parity,-0.028734864374222163,252
2022-05-06,Combined,Risk Parity,Combined Risk Parity,-0.003767145404323054,252
2022-05-09,Combined,Risk Parity,Combined Risk Parity,-0.03928959921176436,252
2022-05-10,Combined,Risk Parity,Combined Risk Parity,-0.0019472761827494462,252
2022-05-11,Combined,Risk Parity,Combined Risk Parity,-0.01354551410238365,252
2022-05-12,Combined,Risk Parity,Combined Risk Parity,-0.0011499577210487713,252
2022-05-13,Combined,Risk Parity,Combined Risk Parity,0.022784691258094316,252
2022-05-16,Combined,Risk Parity,Combined Risk Parity,-0.0033422112334926383,252
2022-05-17,Combined,Risk Parity,Combined Risk Parity,0.017935270066761533,252
2022-05-18,Combined,Risk Parity,Combined Risk Parity,-0.030511063634160795,252
2022-05-19,Combined,Risk Parity,Combined Risk Parity,0.0023449782962292817,252
2022-05-20,Combined,Risk Parity,Combined Risk Parity,-0.0006439980899748125,252
2022-05-23,Combined,Risk Parity,Combined Risk Parity,0.013356596036723203,252
2022-05-24,Combined,Risk Parity,Combined Risk Parity,0.005945261284555979,252
2022-05-25,Combined,Risk Parity,Combined Risk Parity,0.005933408785315242,252
2022-05-26,Combined,Risk Parity,Combined Risk Parity,0.0065876817685529285,252
2022-05-27,Combined,Risk Parity,Combined Risk Parity,0.01358754753686259,252
2022-05-31,Combined,Risk Parity,Combined Risk Parity,-0.005760128120275429,252
2022-06-01,Combined,Risk Parity,Combined Risk Parity,-0.011056373914559393,252
2022-06-02,Combined,Risk Parity,Combined Risk Parity,0.013957007661686848,252
2022-06-03,Combined,Risk Parity,Combined Risk Parity,-0.009652739746330198,252
2022-06-06,Combined,Risk Parity,Combined Risk Parity,0.0014884954520243564,252
2022-06-07,Combined,Risk Parity,Combined Risk Parity,0.007596212313432409,252
2022-06-08,Combined,Risk Parity,Combined Risk Parity,-0.012880571103552455,252
2022-06-09,Combined,Risk Parity,Combined Risk Parity,-0.020986273970584137,252
2022-06-10,Combined,Risk Parity,Combined Risk Parity,-0.024042414861069304,252
2022-06-13,Combined,Risk Parity,Combined Risk Parity,-0.04525348971255065,252
2022-06-14,Combined,Risk Parity,Combined Risk Parity,-0.006905815326466217,252
2022-06-15,Combined,Risk Parity,Combined Risk Parity,0.014754581077333701,252
2022-06-16,Combined,Risk Parity,Combined Risk Parity,-0.03083179641758612,252
2022-06-17,Combined,Risk Parity,Combined Risk Parity,0.00024348683930587993,252
2022-06-21,Combined,Risk Parity,Combined Risk Parity,0.020232054856174405,252
2022-06-22,Combined,Risk Parity,Combined Risk Parity,-0.0035967035096157803,252
2022-06-23,Combined,Risk Parity,Combined Risk Parity,0.009166479778848198,252
2022-06-24,Combined,Risk Parity,Combined Risk Parity,0.026397967901664512,252
2022-06-27,Combined,Risk Parity,Combined Risk Parity,-0.00384785941320198,252
2022-06-28,Combined,Risk Parity,Combined Risk Parity,-0.013722266516225651,252
2022-06-29,Combined,Risk Parity,Combined Risk Parity,-0.004013570393857452,252
2022-06-30,Combined,Risk Parity,Combined Risk Parity,-0.007181571686917701,252
2022-07-01,Combined,Risk Parity,Combined Risk Parity,0.009080479140420398,252
2022-07-05,Combined,Risk Parity,Combined Risk Parity,-0.0063914421365808905,252
2022-07-06,Combined,Risk Parity,Combined Risk Parity,0.0017712606339774046,252
2022-07-07,Combined,Risk Parity,Combined Risk Parity,0.013011560572918456,252
2022-07-08,Combined,Risk Parity,Combined Risk Parity,-0.0035163018508140415,252
2022-07-11,Combined,Risk Parity,Combined Risk Parity,-0.010044107564050334,252
2022-07-12,Combined,Risk Parity,Combined Risk Parity,-0.006264152597950003,252
2022-07-13,Combined,Risk Parity,Combined Risk Parity,0.0007211561006573206,252
2022-07-14,Combined,Risk Parity,Combined Risk Parity,-0.0018044949426139054,252
2022-07-15,Combined,Risk Parity,Combined Risk Parity,0.01630508514773689,252
2022-07-18,Combined,Risk Parity,Combined Risk Parity,0.003436856113178608,252
2022-07-19,Combined,Risk Parity,Combined Risk Parity,0.023276251400538534,252
2022-07-20,Combined,Risk Parity,Combined Risk Parity,-0.003153319291847975,252
2022-07-21,Combined,Risk Parity,Combined Risk Parity,0.006356553459231067,252
2022-07-22,Combined,Risk Parity,Combined Risk Parity,-0.004159837020630654,252
2022-07-25,Combined,Risk Parity,Combined Risk Parity,-0.005592915728633014,252
2022-07-26,Combined,Risk Parity,Combined Risk Parity,-0.0028287713049492303,252
2022-07-27,Combined,Risk Parity,Combined Risk Parity,0.01766223017537302,252
2022-07-28,Combined,Risk Parity,Combined Risk Parity,0.015904026581204482,252
2022-07-29,Combined,Risk Parity,Combined Risk Parity,0.005808181805456083,252
2022-08-01,Combined,Risk Parity,Combined Risk Parity,-0.0032964810016373877,252
2022-08-02,Combined,Risk Parity,Combined Risk Parity,-0.009948511135135719,252
2022-08-03,Combined,Risk Parity,Combined Risk Parity,0.006661016129888631,252
2022-08-04,Combined,Risk Parity,Combined Risk Parity,-0.0010951041675957016,252
2022-08-05,Combined,Risk Parity,Combined Risk Parity,0.003929006964535719,252
2022-08-08,Combined,Risk Parity,Combined Risk Parity,0.0024496490900678997,252
2022-08-09,Combined,Risk Parity,Combined Risk Parity,-0.003799554095369205,252
2022-08-10,Combined,Risk Parity,Combined Risk Parity,0.018036888891035305,252
2022-08-11,Combined,Risk Parity,Combined Risk Parity,0.003995836620741109,252
2022-08-12,Combined,Risk Parity,Combined Risk Parity,0.014955972001802134,252
2022-08-15,Combined,Risk Parity,Combined Risk Parity,0.004004846694762445,252
2022-08-16,Combined,Risk Parity,Combined Risk Parity,0.004558303769261818,252
2022-08-17,Combined,Risk Parity,Combined Risk Parity,-0.007861269865909458,252
2022-08-18,Combined,Risk Parity,Combined Risk Parity,0.00024660734299324717,252
2022-08-19,Combined,Risk Parity,Combined Risk Parity,-0.016484351036757914,252
2022-08-22,Combined,Risk Parity,Combined Risk Parity,-0.014743301332501268,252
2022-08-23,Combined,Risk Parity,Combined Risk Parity,0.0005831442742020802,252
2022-08-24,Combined,Risk Parity,Combined Risk Parity,0.0007504301789108108,252
2022-08-25,Combined,Risk Parity,Combined Risk Parity,0.01222782173820534,252
2022-08-26,Combined,Risk Parity,Combined Risk Parity,-0.030245880442927333,252
2022-08-29,Combined,Risk Parity,Combined Risk Parity,5.941401540710003e-06,252
2022-08-30,Combined,Risk Parity,Combined Risk Parity,-0.013142046756383816,252
2022-08-31,Combined,Risk Parity,Combined Risk Parity,-0.005622029569529148,252
2022-09-01,Combined,Risk Parity,Combined Risk Parity,0.00472155215115373,252
2022-09-02,Combined,Risk Parity,Combined Risk Parity,-0.009135674165103061,252
2022-09-06,Combined,Risk Parity,Combined Risk Parity,-0.008649494020953089,252
2022-09-07,Combined,Risk Parity,Combined Risk Parity,0.020135481224954874,252
2022-09-08,Combined,Risk Parity,Combined Risk Parity,0.004800345790225344,252
2022-09-09,Combined,Risk Parity,Combined Risk Parity,0.017494099803016114,252
2022-09-12,Combined,Risk Parity,Combined Risk Parity,0.007660418106437466,252
2022-09-13,Combined,Risk Parity,Combined Risk Parity,-0.040330582246314355,252
2022-09-14,Combined,Risk Parity,Combined Risk Parity,0.004278207627920762,252
2022-09-15,Combined,Risk Parity,Combined Risk Parity,-0.0182705027588177,252
2022-09-16,Combined,Risk Parity,Combined Risk Parity,-0.003785226064892246,252
2022-09-19,Combined,Risk Parity,Combined Risk Parity,0.007071934300257412,252
2022-09-20,Combined,Risk Parity,Combined Risk Parity,-0.014527213915962112,252
2022-09-21,Combined,Risk Parity,Combined Risk Parity,-0.018261223348391,252
2022-09-22,Combined,Risk Parity,Combined Risk Parity,-0.0007333885031512244,252
2022-09-23,Combined,Risk Parity,Combined Risk Parity,-0.017266160750604977,252
2022-09-26,Combined,Risk Parity,Combined Risk Parity,-0.013293628786505793,252
2022-09-27,Combined,Risk Parity,Combined Risk Parity,-0.005371586971213046,252
2022-09-28,Combined,Risk Parity,Combined Risk Parity,0.018866947700873517,252
2022-09-29,Combined,Risk Parity,Combined Risk Parity,-0.015810662061072848,252
2022-09-30,Combined,Risk Parity,Combined Risk Parity,-0.014254747865071252,252
2022-10-03,Combined,Risk Parity,Combined Risk Parity,0.02956158153791985,252
2022-10-04,Combined,Risk Parity,Combined Risk Parity,0.02719865917156631,252
2022-10-05,Combined,Risk Parity,Combined Risk Parity,-0.004577749045534041,252
2022-10-06,Combined,Risk Parity,Combined Risk Parity,-0.011634433286020646,252
2022-10-07,Combined,Risk Parity,Combined Risk Parity,-0.020898680390766516,252
2022-10-10,Combined,Risk Parity,Combined Risk Parity,-0.00705602486849369,252
2022-10-11,Combined,Risk Parity,Combined Risk Parity,-0.0023868406120282387,252
2022-10-12,Combined,Risk Parity,Combined Risk Parity,-0.006031249104458886,252
2022-10-13,Combined,Risk Parity,Combined Risk Parity,0.02351052693754482,252
2022-10-14,Combined,Risk Parity,Combined Risk Parity,-0.01502811242508573,252
2022-10-17,Combined,Risk Parity,Combined Risk Parity,0.018402730738065694,252
2022-10-18,Combined,Risk Parity,Combined Risk Parity,0.009900541558064174,252
2022-10-19,Combined,Risk Parity,Combined Risk Parity,-0.01049229396053632,252
2022-10-20,Combined,Risk Parity,Combined Risk Parity,-0.003986659728635462,252
2022-10-21,Combined,Risk Parity,Combined Risk Parity,0.02127152668076425,252
2022-10-24,Combined,Risk Parity,Combined Risk Parity,0.006544281460889263,252
2022-10-25,Combined,Risk Parity,Combined Risk Parity,0.018851877105272932,252
2022-10-26,Combined,Risk Parity,Combined Risk Parity,0.008009760714895911,252
2022-10-27,Combined,Risk Parity,Combined Risk Parity,-0.0022463695129772065,252
2022-10-28,Combined,Risk Parity,Combined Risk Parity,0.024374914143472343,252
2022-10-31,Combined,Risk Parity,Combined Risk Parity,-0.007217459856145514,252
2022-11-01,Combined,Risk Parity,Combined Risk Parity,0.0007213016548738244,252
2022-11-02,Combined,Risk Parity,Combined Risk Parity,-0.017279219196107014,252
2022-11-03,Combined,Risk Parity,Combined Risk Parity,-0.0024772224251621,252
2022-11-04,Combined,Risk Parity,Combined Risk Parity,0.02149683295981775,252
2022-11-07,Combined,Risk Parity,Combined Risk Parity,0.0059177582363790756,252
2022-11-08,Combined,Risk Parity,Combined Risk Parity,-0.0037913701273282804,252
2022-11-09,Combined,Risk Parity,Combined Risk Parity,-0.029237778271794718,252
2022-11-10,Combined,Risk Parity,Combined Risk Parity,0.05564818969942665,252
2022-11-11,Combined,Risk Parity,Combined Risk Parity,0.006046722587150595,252
2022-11-14,Combined,Risk Parity,Combined Risk Parity,-0.005940650246433828,252
2022-11-15,Combined,Risk Parity,Combined Risk Parity,0.009770819816299353,252
2022-11-16,Combined,Risk Parity,Combined Risk Parity,-0.008389429382509783,252
2022-11-17,Combined,Risk Parity,Combined Risk Parity,-0.0017274743671227835,252
2022-11-18,Combined,Risk Parity,Combined Risk Parity,0.005979482585090209,252
2022-11-21,Combined,Risk Parity,Combined Risk Parity,0.0006594166054555316,252
2022-11-22,Combined,Risk Parity,Combined Risk Parity,0.015604954891618148,252
2022-11-23,Combined,Risk Parity,Combined Risk Parity,0.00739954593424264,252
2022-11-25,Combined,Risk Parity,Combined Risk Parity,0.0004959014838062938,252
2022-11-28,Combined,Risk Parity,Combined Risk Parity,-0.016941662134503488,252
2022-11-29,Combined,Risk Parity,Combined Risk Parity,0.0049048389855745255,252
2022-11-30,Combined,Risk Parity,Combined Risk Parity,0.024235840914795453,252
2022-12-01,Combined,Risk Parity,Combined Risk Parity,-0.0011516317888519581,252
2022-12-02,Combined,Risk Parity,Combined Risk Parity,0.0023710403080581524,252
2022-12-05,Combined,Risk Parity,Combined Risk Parity,-0.014968114780392979,252
2022-12-06,Combined,Risk Parity,Combined Risk Parity,-0.009328431859185757,252
2022-12-07,Combined,Risk Parity,Combined Risk Parity,-0.0017749424073384402,252
2022-12-08,Combined,Risk Parity,Combined Risk Parity,0.008086249781114782,252
2022-12-09,Combined,Risk Parity,Combined Risk Parity,-0.009770370331450687,252
2022-12-12,Combined,Risk Parity,Combined Risk Parity,0.013755107922055978,252
2022-12-13,Combined,Risk Parity,Combined Risk Parity,0.009066423790540184,252
2022-12-14,Combined,Risk Parity,Combined Risk Parity,-0.007655473718522953,252
2022-12-15,Combined,Risk Parity,Combined Risk Parity,-0.0208390482032048,252
2022-12-16,Combined,Risk Parity,Combined Risk Parity,-0.014980606417802765,252
2022-12-19,Combined,Risk Parity,Combined Risk Parity,-0.008515154180565847,252
2022-12-20,Combined,Risk Parity,Combined Risk Parity,0.005445859485014067,252
2022-12-21,Combined,Risk Parity,Combined Risk Parity,0.014395776492876357,252
2022-12-22,Combined,Risk Parity,Combined Risk Parity,-0.007777583770587456,252
2022-12-23,Combined,Risk Parity,Combined Risk Parity,0.005990088239868359,252
2022-12-27,Combined,Risk Parity,Combined Risk Parity,9.192516581066781e-06,252
2022-12-28,Combined,Risk Parity,Combined Risk Parity,-0.013586430443739018,252
2022-12-29,Combined,Risk Parity,Combined Risk Parity,0.011568274621028806,252
2022-12-30,Combined,Risk Parity,Combined Risk Parity,-0.0019902756751649306,252
2023-01-03,Combined,Risk Parity,Combined Risk Parity,0.0031203241503157592,252
2023-01-04,Combined,Risk Parity,Combined Risk Parity,0.018792627294683038,252
2023-01-05,Combined,Risk Parity,Combined Risk Parity,-0.007620193230456863,252
2023-01-06,Combined,Risk Parity,Combined Risk Parity,0.022189037384112785,252
2023-01-09,Combined,Risk Parity,Combined Risk Parity,0.000252280652988711,252
2023-01-10,Combined,Risk Parity,Combined Risk Parity,0.006845787681116647,252
2023-01-11,Combined,Risk Parity,Combined Risk Parity,0.010633382183906559,252
2023-01-12,Combined,Risk Parity,Combined Risk Parity,0.006311375468990227,252
2023-01-13,Combined,Risk Parity,Combined Risk Parity,0.005808887689325384,252
2023-01-17,Combined,Risk Parity,Combined Risk Parity,-0.005351502928635561,252
2023-01-18,Combined,Risk Parity,Combined Risk Parity,-0.01881556947468033,252
2023-01-19,Combined,Risk Parity,Combined Risk Parity,-0.003942039387799188,252
2023-01-20,Combined,Risk Parity,Combined Risk Parity,0.018305646083177553,252
2023-01-23,Combined,Risk Parity,Combined Risk Parity,0.010565289572354631,252
2023-01-24,Combined,Risk Parity,Combined Risk Parity,-0.005650563370089366,252
2023-01-25,Combined,Risk Parity,Combined Risk Parity,0.004078260524307076,252
2023-01-26,Combined,Risk Parity,Combined Risk Parity,0.0051215981795571025,252
2023-01-27,Combined,Risk Parity,Combined Risk Parity,-0.0001900405422919819,252
2023-01-30,Combined,Risk Parity,Combined Risk Parity,-0.011741134966637324,252
2023-01-31,Combined,Risk Parity,Combined Risk Parity,0.012080815674945476,252
2023-02-01,Combined,Risk Parity,Combined Risk Parity,0.005629010353688289,252
2023-02-02,Combined,Risk Parity,Combined Risk Parity,-0.0012669823685257232,252
2023-02-03,Combined,Risk Parity,Combined Risk Parity,-0.010618646218856456,252
2023-02-06,Combined,Risk Parity,Combined Risk Parity,-0.0056510369725141785,252
2023-02-07,Combined,Risk Parity,Combined Risk Parity,0.011638227018493773,252
2023-02-08,Combined,Risk Parity,Combined Risk Parity,-0.010039458287598483,252
2023-02-09,Combined,Risk Parity,Combined Risk Parity,-0.012923393082543415,252
2023-02-10,Combined,Risk Parity,Combined Risk Parity,0.0075248308447162775,252
2023-02-13,Combined,Risk Parity,Combined Risk Parity,0.007798278131498805,252
2023-02-14,Combined,Risk Parity,Combined Risk Parity,-0.00031516556531937856,252
2023-02-15,Combined,Risk Parity,Combined Risk Parity,0.006510267203900978,252
2023-02-16,Combined,Risk Parity,Combined Risk Parity,-0.015763881225290727,252
2023-02-17,Combined,Risk Parity,Combined Risk Parity,0.004564407474545266,252
2023-02-21,Combined,Risk Parity,Combined Risk Parity,-0.015900811649316747,252
2023-02-22,Combined,Risk Parity,Combined Risk Parity,-0.0061924120810598945,252
2023-02-23,Combined,Risk Parity,Combined Risk Parity,0.001906976513662333,252
2023-02-24,Combined,Risk Parity,Combined Risk Parity,-0.011411988861579448,252
2023-02-27,Combined,Risk Parity,Combined Risk Parity,0.000885292945295537,252
2023-02-28,Combined,Risk Parity,Combined Risk Parity,-0.005090300514509258,252
2023-03-01,Combined,Risk Parity,Combined Risk Parity,0.0002556376996961963,252
2023-03-02,Combined,Risk Parity,Combined Risk Parity,0.009510420428378904,252
2023-03-03,Combined,Risk Parity,Combined Risk Parity,0.00925305438618097,252
2023-03-06,Combined,Risk Parity,Combined Risk Parity,-0.0011238073324037296,252
2023-03-07,Combined,Risk Parity,Combined Risk Parity,-0.015854262830464646,252
2023-03-08,Combined,Risk Parity,Combined Risk Parity,-0.0007601878652991927,252
2023-03-09,Combined,Risk Parity,Combined Risk Parity,-0.019940453406445614,252
2023-03-10,Combined,Risk Parity,Combined Risk Parity,-0.010876878482956613,252
2023-03-13,Combined,Risk Parity,Combined Risk Parity,0.004377722116124782,252
2023-03-14,Combined,Risk Parity,Combined Risk Parity,0.013409266094058734,252
2023-03-15,Combined,Risk Parity,Combined Risk Parity,-0.008877548069883518,252
2023-03-16,Combined,Risk Parity,Combined Risk Parity,0.012012597731053197,252
2023-03-17,Combined,Risk Parity,Combined Risk Parity,-0.004182728917814772,252
2023-03-20,Combined,Risk Parity,Combined Risk Parity,0.007302339907303835,252
2023-03-21,Combined,Risk Parity,Combined Risk Parity,0.010992027819207236,252
2023-03-22,Combined,Risk Parity,Combined Risk Parity,-0.02180633182424007,252
2023-03-23,Combined,Risk Parity,Combined Risk Parity,0.006250860092622784,252
2023-03-24,Combined,Risk Parity,Combined Risk Parity,0.0069333432935303994,252
2023-03-27,Combined,Risk Parity,Combined Risk Parity,0.0015195957739170354,252
2023-03-28,Combined,Risk Parity,Combined Risk Parity,0.003303355995689842,252
2023-03-29,Combined,Risk Parity,Combined Risk Parity,0.01534272177001597,252
2023-03-30,Combined,Risk Parity,Combined Risk Parity,0.004167144895933094,252
2023-03-31,Combined,Risk Parity,Combined Risk Parity,0.013188023596824704,252
2023-04-03,Combined,Risk Parity,Combined Risk Parity,0.005362573990269913,252
2023-04-04,Combined,Risk Parity,Combined Risk Parity,-0.001429265768745672,252
2023-04-05,Combined,Risk Parity,Combined Risk Parity,0.006002749105577255,252
2023-04-06,Combined,Risk Parity,Combined Risk Parity,-0.0005449218253616955,252
2023-04-10,Combined,Risk Parity,Combined Risk Parity,0.004021413457056292,252
2023-04-11,Combined,Risk Parity,Combined Risk Parity,0.0020528439285713716,252
2023-04-12,Combined,Risk Parity,Combined Risk Parity,-0.002321008129085208,252
2023-04-13,Combined,Risk Parity,Combined Risk Parity,0.00882150300308053,252
2023-04-14,Combined,Risk Parity,Combined Risk Parity,-0.004532370263144764,252
2023-04-17,Combined,Risk Parity,Combined Risk Parity,0.0022641440825473254,252
2023-04-18,Combined,Risk Parity,Combined Risk Parity,0.001505155245232491,252
2023-04-19,Combined,Risk Parity,Combined Risk Parity,-0.0038971625066239897,252
2023-04-20,Combined,Risk Parity,Combined Risk Parity,-0.007513711821300643,252
2023-04-21,Combined,Risk Parity,Combined Risk Parity,-0.0023698916061397355,252
2023-04-24,Combined,Risk Parity,Combined Risk Parity,0.0011561073653438513,252
2023-04-25,Combined,Risk Parity,Combined Risk Parity,-0.009764572693577356,252
2023-04-26,Combined,Risk Parity,Combined Risk Parity,-0.014050177471217331,252
2023-04-27,Combined,Risk Parity,Combined Risk Parity,0.013531819531804542,252
2023-04-28,Combined,Risk Parity,Combined Risk Parity,0.006949418808497532,252
2023-05-01,Combined,Risk Parity,Combined Risk Parity,-0.004142158736868459,252
2023-05-02,Combined,Risk Parity,Combined Risk Parity,-0.01238556929567192,252
2023-05-03,Combined,Risk Parity,Combined Risk Parity,-0.009273968092455774,252
2023-05-04,Combined,Risk Parity,Combined Risk Parity,-0.0043523594144413225,252
2023-05-05,Combined,Risk Parity,Combined Risk Parity,0.01596054041361258,252
2023-05-08,Combined,Risk Parity,Combined Risk Parity,-0.0039948717323203525,252
2023-05-09,Combined,Risk Parity,Combined Risk Parity,-0.002621280639861821,252
2023-05-10,Combined,Risk Parity,Combined Risk Parity,-0.0011551894033081651,252
2023-05-11,Combined,Risk Parity,Combined Risk Parity,-0.009368444682399408,252
2023-05-12,Combined,Risk Parity,Combined Risk Parity,0.00025200607640583444,252
2023-05-15,Combined,Risk Parity,Combined Risk Parity,0.0031283661579189293,252
2023-05-16,Combined,Risk Parity,Combined Risk Parity,-0.014227662986461763,252
2023-05-17,Combined,Risk Parity,Combined Risk Parity,0.009807723543570004,252
2023-05-18,Combined,Risk Parity,Combined Risk Parity,0.0033433402000877135,252
2023-05-19,Combined,Risk Parity,Combined Risk Parity,-0.0014948763542907179,252
2023-05-22,Combined,Risk Parity,Combined Risk Parity,0.0005819373885227732,252
2023-05-23,Combined,Risk Parity,Combined Risk Parity,-0.005978449526488258,252
2023-05-24,Combined,Risk Parity,Combined Risk Parity,-0.010704496329049186,252
2023-05-25,Combined,Risk Parity,Combined Risk Parity,-0.003608153708341267,252
2023-05-26,Combined,Risk Parity,Combined Risk Parity,0.007290924764370553,252
2023-05-30,Combined,Risk Parity,Combined Risk Parity,-0.0015948774635887659,252
2023-05-31,Combined,Risk Parity,Combined Risk Parity,-0.0026619549474827015,252
2023-06-01,Combined,Risk Parity,Combined Risk Parity,0.00266154716937289,252
2023-06-02,Combined,Risk Parity,Combined Risk Parity,0.01886700342328254,252
2023-06-05,Combined,Risk Parity,Combined Risk Parity,-0.00896520816624166,252
2023-06-06,Combined,Risk Parity,Combined Risk Parity,0.004754273551920113,252
2023-06-07,Combined,Risk Parity,Combined Risk Parity,0.004132432527864881,252
2023-06-08,Combined,Risk Parity,Combined Risk Parity,0.004932718806874836,252
2023-06-09,Combined,Risk Parity,Combined Risk Parity,-0.0038092358998403912,252
2023-06-12,Combined,Risk Parity,Combined Risk Parity,0.003942723894448106,252
2023-06-13,Combined,Risk Parity,Combined Risk Parity,0.006344232860244709,252
2023-06-14,Combined,Risk Parity,Combined Risk Parity,-0.003428007289245824,252
2023-06-15,Combined,Risk Parity,Combined Risk Parity,0.0102298100047082,252
2023-06-16,Combined,Risk Parity,Combined Risk Parity,0.002164510417910953,252
2023-06-20,Combined,Risk Parity,Combined Risk Parity,-0.008352214864230567,252
2023-06-21,Combined,Risk Parity,Combined Risk Parity,0.0035388887408098505,252
2023-06-22,Combined,Risk Parity,Combined Risk Parity,-0.003658596649025952,252
2023-06-23,Combined,Risk Parity,Combined Risk Parity,-0.00034890972470221187,252
2023-06-26,Combined,Risk Parity,Combined Risk Parity,0.006427903814926135,252
2023-06-27,Combined,Risk Parity,Combined Risk Parity,0.007024077017872741,252
2023-06-28,Combined,Risk Parity,Combined Risk Parity,-0.0056013877923369575,252
2023-06-29,Combined,Risk Parity,Combined Risk Parity,0.007467375990964915,252
2023-06-30,Combined,Risk Parity,Combined Risk Parity,0.015560528384122854,252
2023-07-03,Combined,Risk Parity,Combined Risk Parity,0.004690865664020483,252
2023-07-05,Combined,Risk Parity,Combined Risk Parity,-0.0043873995591815545,252
2023-07-06,Combined,Risk Parity,Combined Risk Parity,-0.01262119005144948,252
2023-07-07,Combined,Risk Parity,Combined Risk Parity,-0.00031826114560204113,252
2023-07-10,Combined,Risk Parity,Combined Risk Parity,0.005419801838790216,252
2023-07-11,Combined,Risk Parity,Combined Risk Parity,0.012475707148053374,252
2023-07-12,Combined,Risk Parity,Combined Risk Parity,0.006318583404973361,252
2023-07-13,Combined,Risk Parity,Combined Risk Parity,0.020704050438897025,252
2023-07-14,Combined,Risk Parity,Combined Risk Parity,-0.0095236173121962,252
2023-07-17,Combined,Risk Parity,Combined Risk Parity,-0.004791793542095738,252
2023-07-18,Combined,Risk Parity,Combined Risk Parity,0.0043977992480088825,252
2023-07-19,Combined,Risk Parity,Combined Risk Parity,0.00820942584283338,252
2023-07-20,Combined,Risk Parity,Combined Risk Parity,0.0025267956880835637,252
2023-07-21,Combined,Risk Parity,Combined Risk Parity,0.0050899420582833565,252
2023-07-24,Combined,Risk Parity,Combined Risk Parity,0.0002442816045747145,252
2023-07-25,Combined,Risk Parity,Combined Risk Parity,0.0021816936152217413,252
2023-07-26,Combined,Risk Parity,Combined Risk Parity,0.0030317646488617865,252
2023-07-27,Combined,Risk Parity,Combined Risk Parity,-0.004739036002350911,252
2023-07-28,Combined,Risk Parity,Combined Risk Parity,0.003923554159263098,252
2023-07-31,Combined,Risk Parity,Combined Risk Parity,0.0010232471270997109,252
2023-08-01,Combined,Risk Parity,Combined Risk Parity,-0.0034978418605374215,252
2023-08-02,Combined,Risk Parity,Combined Risk Parity,-0.014356610093145048,252
2023-08-03,Combined,Risk Parity,Combined Risk Parity,-0.006884740237316153,252
2023-08-04,Combined,Risk Parity,Combined Risk Parity,-0.002770480760433268,252
2023-08-07,Combined,Risk Parity,Combined Risk Parity,0.008157219389207172,252
2023-08-08,Combined,Risk Parity,Combined Risk Parity,-0.001437301225007702,252
2023-08-09,Combined,Risk Parity,Combined Risk Parity,-0.0009327615074755435,252
2023-08-10,Combined,Risk Parity,Combined Risk Parity,-2.3012935453811268e-05,252
2023-08-11,Combined,Risk Parity,Combined Risk Parity,0.0020156697887155676,252
2023-08-14,Combined,Risk Parity,Combined Risk Parity,0.000512708843458271,252
2023-08-15,Combined,Risk Parity,Combined Risk Parity,-0.013383803852882875,252
2023-08-16,Combined,Risk Parity,Combined Risk Parity,-0.009875457050476363,252
2023-08-17,Combined,Risk Parity,Combined Risk Parity,-0.0120911197124261,252
2023-08-18,Combined,Risk Parity,Combined Risk Parity,0.001560257270295756,252
2023-08-21,Combined,Risk Parity,Combined Risk Parity,-0.0019290780890732593,252
2023-08-22,Combined,Risk Parity,Combined Risk Parity,-0.004749181281016018,252
2023-08-23,Combined,Risk Parity,Combined Risk Parity,0.009637215956664301,252
2023-08-24,Combined,Risk Parity,Combined Risk Parity,-0.011262029650503784,252
2023-08-25,Combined,Risk Parity,Combined Risk Parity,0.004055236992265181,252
2023-08-28,Combined,Risk Parity,Combined Risk Parity,0.006176392452114412,252
2023-08-29,Combined,Risk Parity,Combined Risk Parity,0.015118566030025158,252
2023-08-30,Combined,Risk Parity,Combined Risk Parity,-0.0006406700938433656,252
2023-08-31,Combined,Risk Parity,Combined Risk Parity,-0.006698622357387345,252
2023-09-01,Combined,Risk Parity,Combined Risk Parity,0.001294159872413862,252
2023-09-05,Combined,Risk Parity,Combined Risk Parity,-0.009173256503386528,252
2023-09-06,Combined,Risk Parity,Combined Risk Parity,-0.003433657117612947,252
2023-09-07,Combined,Risk Parity,Combined Risk Parity,0.002403057657132022,252
2023-09-08,Combined,Risk Parity,Combined Risk Parity,0.003007437734487524,252
2023-09-11,Combined,Risk Parity,Combined Risk Parity,0.0007259730742363575,252
2023-09-12,Combined,Risk Parity,Combined Risk Parity,0.002480726562798528,252
2023-09-13,Combined,Risk Parity,Combined Risk Parity,0.0007721787562964392,252
2023-09-14,Combined,Risk Parity,Combined Risk Parity,0.012579981393376452,252
2023-09-15,Combined,Risk Parity,Combined Risk Parity,-0.0071099996256417325,252
2023-09-18,Combined,Risk Parity,Combined Risk Parity,0.001220633723835502,252
2023-09-19,Combined,Risk Parity,Combined Risk Parity,-0.002030388652686933,252
2023-09-20,Combined,Risk Parity,Combined Risk Parity,-0.0037965450817120084,252
2023-09-21,Combined,Risk Parity,Combined Risk Parity,-0.01754298511578263,252
2023-09-22,Combined,Risk Parity,Combined Risk Parity,-0.002619106220693799,252
2023-09-25,Combined,Risk Parity,Combined Risk Parity,0.0017376454392382659,252
2023-09-26,Combined,Risk Parity,Combined Risk Parity,-0.010848492169621596,252
2023-09-27,Combined,Risk Parity,Combined Risk Parity,-0.0027857153619878787,252
2023-09-28,Combined,Risk Parity,Combined Risk Parity,0.0050985778960210915,252
2023-09-29,Combined,Risk Parity,Combined Risk Parity,-0.0008033449583127635,252
2023-10-02,Combined,Risk Parity,Combined Risk Parity,-0.015391894821561954,252
2023-10-03,Combined,Risk Parity,Combined Risk Parity,-0.007472659362580085,252
2023-10-04,Combined,Risk Parity,Combined Risk Parity,0.0020505204455176,252
2023-10-05,Combined,Risk Parity,Combined Risk Parity,-0.002798381474267294,252
2023-10-06,Combined,Risk Parity,Combined Risk Parity,0.009894872505910509,252
2023-10-09,Combined,Risk Parity,Combined Risk Parity,0.005022443017689036,252
2023-10-10,Combined,Risk Parity,Combined Risk Parity,0.007321309435607255,252
2023-10-11,Combined,Risk Parity,Combined Risk Parity,0.0031840739757513494,252
2023-10-12,Combined,Risk Parity,Combined Risk Parity,-0.008135139273802114,252
2023-10-13,Combined,Risk Parity,Combined Risk Parity,0.0026037642416898857,252
2023-10-16,Combined,Risk Parity,Combined Risk Parity,0.011607647729868926,252
2023-10-17,Combined,Risk Parity,Combined Risk Parity,0.0010301765725984552,252
2023-10-18,Combined,Risk Parity,Combined Risk Parity,-0.012916923118750768,252
2023-10-19,Combined,Risk Parity,Combined Risk Parity,-0.007376473210736964,252
2023-10-20,Combined,Risk Parity,Combined Risk Parity,-0.00513537118107479,252
2023-10-23,Combined,Risk Parity,Combined Risk Parity,-0.0007918091964503654,252
2023-10-24,Combined,Risk Parity,Combined Risk Parity,0.010374167036618675,252
2023-10-25,Combined,Risk Parity,Combined Risk Parity,-0.00969040507231227,252
2023-10-26,Combined,Risk Parity,Combined Risk Parity,-0.001639550020224614,252
2023-10-27,Combined,Risk Parity,Combined Risk Parity,-0.010747995887668688,252
2023-10-30,Combined,Risk Parity,Combined Risk Parity,0.009525663746168428,252
2023-10-31,Combined,Risk Parity,Combined Risk Parity,0.005699605640824531,252
2023-11-01,Combined,Risk Parity,Combined Risk Parity,0.0063392006693899425,252
2023-11-02,Combined,Risk Parity,Combined Risk Parity,0.021017203902490865,252
2023-11-03,Combined,Risk Parity,Combined Risk Parity,0.011145035911791355,252
2023-11-06,Combined,Risk Parity,Combined Risk Parity,-0.00175078966644368,252
2023-11-07,Combined,Risk Parity,Combined Risk Parity,-0.0041539448127822795,252
2023-11-08,Combined,Risk Parity,Combined Risk Parity,-0.001187635748790713,252
2023-11-09,Combined,Risk Parity,Combined Risk Parity,-0.007682482330419734,252
2023-11-10,Combined,Risk Parity,Combined Risk Parity,0.00998596656313068,252
2023-11-13,Combined,Risk Parity,Combined Risk Parity,-0.002595747712110057,252
2023-11-14,Combined,Risk Parity,Combined Risk Parity,0.01874551707236781,252
2023-11-15,Combined,Risk Parity,Combined Risk Parity,0.008449199898081213,252
2023-11-16,Combined,Risk Parity,Combined Risk Parity,-0.0030043405281840094,252
2023-11-17,Combined,Risk Parity,Combined Risk Parity,0.0019014649019199008,252
2023-11-20,Combined,Risk Parity,Combined Risk Parity,0.002782766637243832,252
2023-11-21,Combined,Risk Parity,Combined Risk Parity,-0.005719160234174514,252
2023-11-22,Combined,Risk Parity,Combined Risk Parity,0.005756650294074896,252
2023-11-24,Combined,Risk Parity,Combined Risk Parity,0.003296971364321801,252
2023-11-27,Combined,Risk Parity,Combined Risk Parity,-0.0013319042815331322,252
2023-11-28,Combined,Risk Parity,Combined Risk Parity,0.0035591534532134214,252
2023-11-29,Combined,Risk Parity,Combined Risk Parity,0.0036930981558025025,252
2023-11-30,Combined,Risk Parity,Combined Risk Parity,0.005999062086457652,252
2023-12-01,Combined,Risk Parity,Combined Risk Parity,0.010025632802439436,252
2023-12-04,Combined,Risk Parity,Combined Risk Parity,0.0014950443014868275,252
2023-12-05,Combined,Risk Parity,Combined Risk Parity,-0.0021718434257501826,252
2023-12-06,Combined,Risk Parity,Combined Risk Parity,0.00037030116821635465,252
2023-12-07,Combined,Risk Parity,Combined Risk Parity,0.004666713381163391,252
2023-12-08,Combined,Risk Parity,Combined Risk Parity,0.005689776995836012,252
2023-12-11,Combined,Risk Parity,Combined Risk Parity,0.00019647179859374865,252
2023-12-12,Combined,Risk Parity,Combined Risk Parity,0.001357731393529947,252
2023-12-13,Combined,Risk Parity,Combined Risk Parity,0.022540325106456302,252
2023-12-14,Combined,Risk Parity,Combined Risk Parity,0.010766870007519939,252
2023-12-15,Combined,Risk Parity,Combined Risk Parity,-0.007445823034807091,252
2023-12-18,Combined,Risk Parity,Combined Risk Parity,-0.0007880123542324634,252
2023-12-19,Combined,Risk Parity,Combined Risk Parity,0.005528306837319299,252
2023-12-20,Combined,Risk Parity,Combined Risk Parity,-0.011561969686458248,252
2023-12-21,Combined,Risk Parity,Combined Risk Parity,0.009333155124061748,252
2023-12-22,Combined,Risk Parity,Combined Risk Parity,0.004263615663681414,252
2023-12-26,Combined,Risk Parity,Combined Risk Parity,0.0028944037276402326,252
2023-12-27,Combined,Risk Parity,Combined Risk Parity,0.006097946445410795,252
2023-12-28,Combined,Risk Parity,Combined Risk Parity,0.0009815809115930449,252
2023-12-29,Combined,Risk Parity,Combined Risk Parity,-0.003971948001555336,252
