rebalance_date,training_end_date,universe,method,fund,ticker,weight,sector,signal_date,finance_vader_coverage_adjusted_signal_lag1,coverage_ratio,lambda_tilt,tilt_multiplier,raw_sentiment_weight,sentiment_weight
2021-01-04,2020-12-31,Equity,Equal Weight + Sentiment Tilt,Equity Equal Weight + Sentiment Tilt,ABBV,0.02,Healthcare,2020-12-31,0.512289789530215,0.6,0.15,1.079873028941188,0.02159746057882376,0.020797060178150202
2021-01-04,2020-12-31,Equity,Equal Weight + Sentiment Tilt,Equity Equal Weight + Sentiment Tilt,ABT,0.02,Healthcare,2020-12-31,0.512289789530215,0.6,0.15,1.079873028941188,0.02159746057882376,0.020797060178150202
2021-01-04,2020-12-31,Equity,Equal Weight + Sentiment Tilt,Equity Equal Weight + Sentiment Tilt,ADBE,0.02,Tech,2020-12-31,0.4967434254325954,0.6,0.15,1.0773577479485232,0.021547154958970464,0.020748618881101886
2021-01-04,2020-12-31,Equity,Equal Weight + Sentiment Tilt,Equity Equal Weight + Sentiment Tilt,AEP,0.02,Utilities,2020-12-31,-0.2213737541315716,0.2,0.15,0.9673392061153833,0.019346784122307666,0.01862979363600841
2021-01-04,2020-12-31,Equity,Equal Weight + Sentiment Tilt,Equity Equal Weight + Sentiment Tilt,AMD,0.02,Tech,2020-12-31,0.4967434254325954,0.6,0.15,1.0773577479485232,0.021547154958970464,0.020748618881101886
2021-01-04,2020-12-31,Equity,Equal Weight + Sentiment Tilt,Equity Equal Weight + Sentiment Tilt,AMGN,0.02,Healthcare,2020-12-31,0.512289789530215,0.6,0.15,1.079873028941188,0.02159746057882376,0.020797060178150202
2021-01-04,2020-12-31,Equity,Equal Weight + Sentiment Tilt,Equity Equal Weight + Sentiment Tilt,AMT,0.02,RealEstate,2020-12-31,-0.6545526795740739,0.2,0.15,0.9064830910782433,0.018129661821564867,0.017457777803853797
2021-01-04,2020-12-31,Equity,Equal Weight + Sentiment Tilt,Equity Equal Weight + Sentiment Tilt,BA,0.02,Industrials,2020-12-31,-0.6944245468445625,0.8,0.15,0.9010777951100916,0.018021555902201832,0.017353678282412292
2021-01-04,2020-12-31,Equity,Equal Weight + Sentiment Tilt,Equity Equal Weight + Sentiment Tilt,CAT,0.02,Industrials,2020-12-31,-0.6944245468445625,0.8,0.15,0.9010777951100916,0.018021555902201832,0.017353678282412292
2021-01-04,2020-12-31,Equity,Equal Weight + Sentiment Tilt,Equity Equal Weight + Sentiment Tilt,CCI,0.02,RealEstate,2020-12-31,-0.6545526795740739,0.2,0.15,0.9064830910782433,0.018129661821564867,0.017457777803853797
2021-01-04,2020-12-31,Equity,Equal Weight + Sentiment Tilt,Equity Equal Weight + Sentiment Tilt,CMCSA,0.02,Comm,2020-12-31,0.17690082834960463,0.6,0.15,1.026890315382912,0.02053780630765824,0.019776676621248563
2021-01-04,2020-12-31,Equity,Equal Weight + Sentiment Tilt,Equity Equal Weight + Sentiment Tilt,COP,0.02,Energy,2020-12-31,-0.22843375174027358,0.8,0.15,0.9663153364775635,0.01932630672955127,0.018610075134016378
2021-01-04,2020-12-31,Equity,Equal Weight + Sentiment Tilt,Equity Equal Weight + Sentiment Tilt,CVX,0.02,Energy,2020-12-31,-0.22843375174027358,0.8,0.15,0.9663153364775635,0.01932630672955127,0.018610075134016378
2021-01-04,2020-12-31,Equity,Equal Weight + Sentiment Tilt,Equity Equal Weight + Sentiment Tilt,D,0.02,Utilities,2020-12-31,-0.2213737541315716,0.2,0.15,0.9673392061153833,0.019346784122307666,0.01862979363600841
2021-01-04,2020-12-31,Equity,Equal Weight + Sentiment Tilt,Equity Equal Weight + Sentiment Tilt,DD,0.02,Materials,2020-12-31,0.24218752468951768,0.2,0.15,1.0369960588434,0.020739921176868,0.019971301127334046
2021-01-04,2020-12-31,Equity,Equal Weight + Sentiment Tilt,Equity Equal Weight + Sentiment Tilt,DIS,0.02,Consumer,2020-12-31,2.5894258150511806,1.0,0.15,1.474639970583728,0.029492799411674563,0.028399798297958686
2021-01-04,2020-12-31,Equity,Equal Weight + Sentiment Tilt,Equity Equal Weight + Sentiment Tilt,DOW,0.02,Materials,2020-12-31,0.24218752468951768,0.2,0.15,1.0369960588434,0.020739921176868,0.019971301127334046
2021-01-04,2020-12-31,Equity,Equal Weight + Sentiment Tilt,Equity Equal Weight + Sentiment Tilt,DUK,0.02,Utilities,2020-12-31,-0.2213737541315716,0.2,0.15,0.9673392061153833,0.019346784122307666,0.01862979363600841
2021-01-04,2020-12-31,Equity,Equal Weight + Sentiment Tilt,Equity Equal Weight + Sentiment Tilt,EA,0.02,Comm,2020-12-31,0.17690082834960463,0.6,0.15,1.026890315382912,0.02053780630765824,0.019776676621248563
2021-01-04,2020-12-31,Equity,Equal Weight + Sentiment Tilt,Equity Equal Weight + Sentiment Tilt,GE,0.02,Industrials,2020-12-31,-0.6944245468445625,0.8,0.15,0.9010777951100916,0.018021555902201832,0.017353678282412292
2021-01-04,2020-12-31,Equity,Equal Weight + Sentiment Tilt,Equity Equal Weight + Sentiment Tilt,GILD,0.02,Healthcare,2020-12-31,0.512289789530215,0.6,0.15,1.079873028941188,0.02159746057882376,0.020797060178150202
2021-01-04,2020-12-31,Equity,Equal Weight + Sentiment Tilt,Equity Equal Weight + Sentiment Tilt,GS,0.02,Financials,2020-12-31,-0.35678068063336255,0.8,0.15,0.9478897299649667,0.018957794599299332,0.018255220037915756
2021-01-04,2020-12-31,Equity,Equal Weight + Sentiment Tilt,Equity Equal Weight + Sentiment Tilt,INTC,0.02,Tech,2020-12-31,0.4967434254325954,0.6,0.15,1.0773577479485232,0.021547154958970464,0.020748618881101886
2021-01-04,2020-12-31,Equity,Equal Weight + Sentiment Tilt,Equity Equal Weight + Sentiment Tilt,KO,0.02,Consumer,2020-12-31,2.5894258150511806,1.0,0.15,1.474639970583728,0.029492799411674563,0.028399798297958686
2021-01-04,2020-12-31,Equity,Equal Weight + Sentiment Tilt,Equity Equal Weight + Sentiment Tilt,MMM,0.02,Industrials,2020-12-31,-0.6944245468445625,0.8,0.15,0.9010777951100916,0.018021555902201832,0.017353678282412292
2021-01-04,2020-12-31,Equity,Equal Weight + Sentiment Tilt,Equity Equal Weight + Sentiment Tilt,MRK,0.02,Healthcare,2020-12-31,0.512289789530215,0.6,0.15,1.079873028941188,0.02159746057882376,0.020797060178150202
2021-01-04,2020-12-31,Equity,Equal Weight + Sentiment Tilt,Equity Equal Weight + Sentiment Tilt,MS,0.02,Financials,2020-12-31,-0.35678068063336255,0.8,0.15,0.9478897299649667,0.018957794599299332,0.018255220037915756
2021-01-04,2020-12-31,Equity,Equal Weight + Sentiment Tilt,Equity Equal Weight + Sentiment Tilt,NEE,0.02,Utilities,2020-12-31,-0.2213737541315716,0.2,0.15,0.9673392061153833,0.019346784122307666,0.01862979363600841
2021-01-04,2020-12-31,Equity,Equal Weight + Sentiment Tilt,Equity Equal Weight + Sentiment Tilt,NEM,0.02,Materials,2020-12-31,0.24218752468951768,0.2,0.15,1.0369960588434,0.020739921176868,0.019971301127334046
2021-01-04,2020-12-31,Equity,Equal Weight + Sentiment Tilt,Equity Equal Weight + Sentiment Tilt,NKE,0.02,Consumer,2020-12-31,2.5894258150511806,1.0,0.15,1.474639970583728,0.029492799411674563,0.028399798297958686
2021-01-04,2020-12-31,Equity,Equal Weight + Sentiment Tilt,Equity Equal Weight + Sentiment Tilt,NUE,0.02,Materials,2020-12-31,0.24218752468951768,0.2,0.15,1.0369960588434,0.020739921176868,0.019971301127334046
2021-01-04,2020-12-31,Equity,Equal Weight + Sentiment Tilt,Equity Equal Weight + Sentiment Tilt,NVDA,0.02,Tech,2020-12-31,0.4967434254325954,0.6,0.15,1.0773577479485232,0.021547154958970464,0.020748618881101886
2021-01-04,2020-12-31,Equity,Equal Weight + Sentiment Tilt,Equity Equal Weight + Sentiment Tilt,O,0.02,RealEstate,2020-12-31,-0.6545526795740739,0.2,0.15,0.9064830910782433,0.018129661821564867,0.017457777803853797
2021-01-04,2020-12-31,Equity,Equal Weight + Sentiment Tilt,Equity Equal Weight + Sentiment Tilt,OXY,0.02,Energy,2020-12-31,-0.22843375174027358,0.8,0.15,0.9663153364775635,0.01932630672955127,0.018610075134016378
2021-01-04,2020-12-31,Equity,Equal Weight + Sentiment Tilt,Equity Equal Weight + Sentiment Tilt,PLD,0.02,RealEstate,2020-12-31,-0.6545526795740739,0.2,0.15,0.9064830910782433,0.018129661821564867,0.017457777803853797
2021-01-04,2020-12-31,Equity,Equal Weight + Sentiment Tilt,Equity Equal Weight + Sentiment Tilt,PSA,0.02,RealEstate,2020-12-31,-0.6545526795740739,0.2,0.15,0.9064830910782433,0.018129661821564867,0.017457777803853797
2021-01-04,2020-12-31,Equity,Equal Weight + Sentiment Tilt,Equity Equal Weight + Sentiment Tilt,QCOM,0.02,Tech,2020-12-31,0.4967434254325954,0.6,0.15,1.0773577479485232,0.021547154958970464,0.020748618881101886
2021-01-04,2020-12-31,Equity,Equal Weight + Sentiment Tilt,Equity Equal Weight + Sentiment Tilt,SBUX,0.02,Consumer,2020-12-31,2.5894258150511806,1.0,0.15,1.474639970583728,0.029492799411674563,0.028399798297958686
2021-01-04,2020-12-31,Equity,Equal Weight + Sentiment Tilt,Equity Equal Weight + Sentiment Tilt,SHW,0.02,Materials,2020-12-31,0.24218752468951768,0.2,0.15,1.0369960588434,0.020739921176868,0.019971301127334046
2021-01-04,2020-12-31,Equity,Equal Weight + Sentiment Tilt,Equity Equal Weight + Sentiment Tilt,SLB,0.02,Energy,2020-12-31,-0.22843375174027358,0.8,0.15,0.9663153364775635,0.01932630672955127,0.018610075134016378
2021-01-04,2020-12-31,Equity,Equal Weight + Sentiment Tilt,Equity Equal Weight + Sentiment Tilt,SO,0.02,Utilities,2020-12-31,-0.2213737541315716,0.2,0.15,0.9673392061153833,0.019346784122307666,0.01862979363600841
2021-01-04,2020-12-31,Equity,Equal Weight + Sentiment Tilt,Equity Equal Weight + Sentiment Tilt,T,0.02,Comm,2020-12-31,0.17690082834960463,0.6,0.15,1.026890315382912,0.02053780630765824,0.019776676621248563
2021-01-04,2020-12-31,Equity,Equal Weight + Sentiment Tilt,Equity Equal Weight + Sentiment Tilt,TMUS,0.02,Comm,2020-12-31,0.17690082834960463,0.6,0.15,1.026890315382912,0.02053780630765824,0.019776676621248563
2021-01-04,2020-12-31,Equity,Equal Weight + Sentiment Tilt,Equity Equal Weight + Sentiment Tilt,TTWO,0.02,Comm,2020-12-31,0.17690082834960463,0.6,0.15,1.026890315382912,0.02053780630765824,0.019776676621248563
2021-01-04,2020-12-31,Equity,Equal Weight + Sentiment Tilt,Equity Equal Weight + Sentiment Tilt,UPS,0.02,Industrials,2020-12-31,-0.6944245468445625,0.8,0.15,0.9010777951100916,0.018021555902201832,0.017353678282412292
2021-01-04,2020-12-31,Equity,Equal Weight + Sentiment Tilt,Equity Equal Weight + Sentiment Tilt,USB,0.02,Financials,2020-12-31,-0.35678068063336255,0.8,0.15,0.9478897299649667,0.018957794599299332,0.018255220037915756
2021-01-04,2020-12-31,Equity,Equal Weight + Sentiment Tilt,Equity Equal Weight + Sentiment Tilt,V,0.02,Financials,2020-12-31,-0.35678068063336255,0.8,0.15,0.9478897299649667,0.018957794599299332,0.018255220037915756
2021-01-04,2020-12-31,Equity,Equal Weight + Sentiment Tilt,Equity Equal Weight + Sentiment Tilt,WFC,0.02,Financials,2020-12-31,-0.35678068063336255,0.8,0.15,0.9478897299649667,0.018957794599299332,0.018255220037915756
2021-01-04,2020-12-31,Equity,Equal Weight + Sentiment Tilt,Equity Equal Weight + Sentiment Tilt,WMT,0.02,Consumer,2020-12-31,2.5894258150511806,1.0,0.15,1.474639970583728,0.029492799411674563,0.028399798297958686
2021-01-04,2020-12-31,Equity,Equal Weight + Sentiment Tilt,Equity Equal Weight + Sentiment Tilt,XOM,0.02,Energy,2020-12-31,-0.22843375174027358,0.8,0.15,0.9663153364775635,0.01932630672955127,0.018610075134016378
2021-02-01,2021-01-29,Equity,Equal Weight + Sentiment Tilt,Equity Equal Weight + Sentiment Tilt,ABBV,0.02,Healthcare,2021-01-29,0.5652471654863743,0.8,0.15,1.088485276102124,0.02176970552204248,0.021438335110530168
2021-02-01,2021-01-29,Equity,Equal Weight + Sentiment Tilt,Equity Equal Weight + Sentiment Tilt,ABT,0.02,Healthcare,2021-01-29,0.5652471654863743,0.8,0.15,1.088485276102124,0.02176970552204248,0.021438335110530168
2021-02-01,2021-01-29,Equity,Equal Weight + Sentiment Tilt,Equity Equal Weight + Sentiment Tilt,ADBE,0.02,Tech,2021-01-29,-1.336099403054833,0.8,0.15,0.8183911235888452,0.016367822471776906,0.016118677527554238
2021-02-01,2021-01-29,Equity,Equal Weight + Sentiment Tilt,Equity Equal Weight + Sentiment Tilt,AEP,0.02,Utilities,2021-01-29,0.3547297352251421,0.6,0.15,1.0546505293844723,0.021093010587689448,0.02077194057636573
2021-02-01,2021-01-29,Equity,Equal Weight + Sentiment Tilt,Equity Equal Weight + Sentiment Tilt,AMD,0.02,Tech,2021-01-29,-1.336099403054833,0.8,0.15,0.8183911235888452,0.016367822471776906,0.016118677527554238
2021-02-01,2021-01-29,Equity,Equal Weight + Sentiment Tilt,Equity Equal Weight + Sentiment Tilt,AMGN,0.02,Healthcare,2021-01-29,0.5652471654863743,0.8,0.15,1.088485276102124,0.02176970552204248,0.021438335110530168
2021-02-01,2021-01-29,Equity,Equal Weight + Sentiment Tilt,Equity Equal Weight + Sentiment Tilt,AMT,0.02,RealEstate,2021-01-29,-0.2668784441404885,0.4,0.15,0.9607589186030484,0.019215178372060968,0.018922692028688744
2021-02-01,2021-01-29,Equity,Equal Weight + Sentiment Tilt,Equity Equal Weight + Sentiment Tilt,BA,0.02,Industrials,2021-01-29,0.07931359141498073,0.8,0.15,1.0119680899642356,0.020239361799284712,0.019931285714314947
2021-02-01,2021-01-29,Equity,Equal Weight + Sentiment Tilt,Equity Equal Weight + Sentiment Tilt,CAT,0.02,Industrials,2021-01-29,0.07931359141498073,0.8,0.15,1.0119680899642356,0.020239361799284712,0.019931285714314947
2021-02-01,2021-01-29,Equity,Equal Weight + Sentiment Tilt,Equity Equal Weight + Sentiment Tilt,CCI,0.02,RealEstate,2021-01-29,-0.2668784441404885,0.4,0.15,0.9607589186030484,0.019215178372060968,0.018922692028688744
2021-02-01,2021-01-29,Equity,Equal Weight + Sentiment Tilt,Equity Equal Weight + Sentiment Tilt,CMCSA,0.02,Comm,2021-01-29,0.9020596114102345,1.0,0.15,1.144890434130158,0.02289780868260316,0.02254926670172052
2021-02-01,2021-01-29,Equity,Equal Weight + Sentiment Tilt,Equity Equal Weight + Sentiment Tilt,COP,0.02,Energy,2021-01-29,0.027832831630152113,0.6,0.15,1.004183651883657,0.020083673037673142,0.019777966789491053
2021-02-01,2021-01-29,Equity,Equal Weight + Sentiment Tilt,Equity Equal Weight + Sentiment Tilt,CVX,0.02,Energy,2021-01-29,0.027832831630152113,0.6,0.15,1.004183651883657,0.020083673037673142,0.019777966789491053
2021-02-01,2021-01-29,Equity,Equal Weight + Sentiment Tilt,Equity Equal Weight + Sentiment Tilt,D,0.02,Utilities,2021-01-29,0.3547297352251421,0.6,0.15,1.0546505293844723,0.021093010587689448,0.02077194057636573
2021-02-01,2021-01-29,Equity,Equal Weight + Sentiment Tilt,Equity Equal Weight + Sentiment Tilt,DD,0.02,Materials,2021-01-29,0.1927847946897442,0.4,0.15,1.0293398960840945,0.02058679792168189,0.02027343329246717
2021-02-01,2021-01-29,Equity,Equal Weight + Sentiment Tilt,Equity Equal Weight + Sentiment Tilt,DIS,0.02,Consumer,2021-01-29,0.5105552494261659,0.8,0.15,1.0795921030271707,0.021591842060543414,0.02126317902090484
2021-02-01,2021-01-29,Equity,Equal Weight + Sentiment Tilt,Equity Equal Weight + Sentiment Tilt,DOW,0.02,Materials,2021-01-29,0.1927847946897442,0.4,0.15,1.0293398960840945,0.02058679792168189,0.02027343329246717
2021-02-01,2021-01-29,Equity,Equal Weight + Sentiment Tilt,Equity Equal Weight + Sentiment Tilt,DUK,0.02,Utilities,2021-01-29,0.3547297352251421,0.6,0.15,1.0546505293844723,0.021093010587689448,0.02077194057636573
2021-02-01,2021-01-29,Equity,Equal Weight + Sentiment Tilt,Equity Equal Weight + Sentiment Tilt,EA,0.02,Comm,2021-01-29,0.9020596114102345,1.0,0.15,1.144890434130158,0.02289780868260316,0.02254926670172052
2021-02-01,2021-01-29,Equity,Equal Weight + Sentiment Tilt,Equity Equal Weight + Sentiment Tilt,GE,0.02,Industrials,2021-01-29,0.07931359141498073,0.8,0.15,1.0119680899642356,0.020239361799284712,0.019931285714314947
2021-02-01,2021-01-29,Equity,Equal Weight + Sentiment Tilt,Equity Equal Weight + Sentiment Tilt,GILD,0.02,Healthcare,2021-01-29,0.5652471654863743,0.8,0.15,1.088485276102124,0.02176970552204248,0.021438335110530168
2021-02-01,2021-01-29,Equity,Equal Weight + Sentiment Tilt,Equity Equal Weight + Sentiment Tilt,GS,0.02,Financials,2021-01-29,-0.25613064106766914,0.8,0.15,0.9623090749740939,0.019246181499481877,0.01895322323796261
2021-02-01,2021-01-29,Equity,Equal Weight + Sentiment Tilt,Equity Equal Weight + Sentiment Tilt,INTC,0.02,Tech,2021-01-29,-1.336099403054833,0.8,0.15,0.8183911235888452,0.016367822471776906,0.016118677527554238
2021-02-01,2021-01-29,Equity,Equal Weight + Sentiment Tilt,Equity Equal Weight + Sentiment Tilt,KO,0.02,Consumer,2021-01-29,0.5105552494261659,0.8,0.15,1.0795921030271707,0.021591842060543414,0.02126317902090484
2021-02-01,2021-01-29,Equity,Equal Weight + Sentiment Tilt,Equity Equal Weight + Sentiment Tilt,MMM,0.02,Industrials,2021-01-29,0.07931359141498073,0.8,0.15,1.0119680899642356,0.020239361799284712,0.019931285714314947
2021-02-01,2021-01-29,Equity,Equal Weight + Sentiment Tilt,Equity Equal Weight + Sentiment Tilt,MRK,0.02,Healthcare,2021-01-29,0.5652471654863743,0.8,0.15,1.088485276102124,0.02176970552204248,0.021438335110530168
2021-02-01,2021-01-29,Equity,Equal Weight + Sentiment Tilt,Equity Equal Weight + Sentiment Tilt,MS,0.02,Financials,2021-01-29,-0.25613064106766914,0.8,0.15,0.9623090749740939,0.019246181499481877,0.01895322323796261
2021-02-01,2021-01-29,Equity,Equal Weight + Sentiment Tilt,Equity Equal Weight + Sentiment Tilt,NEE,0.02,Utilities,2021-01-29,0.3547297352251421,0.6,0.15,1.0546505293844723,0.021093010587689448,0.02077194057636573
2021-02-01,2021-01-29,Equity,Equal Weight + Sentiment Tilt,Equity Equal Weight + Sentiment Tilt,NEM,0.02,Materials,2021-01-29,0.1927847946897442,0.4,0.15,1.0293398960840945,0.02058679792168189,0.02027343329246717
2021-02-01,2021-01-29,Equity,Equal Weight + Sentiment Tilt,Equity Equal Weight + Sentiment Tilt,NKE,0.02,Consumer,2021-01-29,0.5105552494261659,0.8,0.15,1.0795921030271707,0.021591842060543414,0.02126317902090484
2021-02-01,2021-01-29,Equity,Equal Weight + Sentiment Tilt,Equity Equal Weight + Sentiment Tilt,NUE,0.02,Materials,2021-01-29,0.1927847946897442,0.4,0.15,1.0293398960840945,0.02058679792168189,0.02027343329246717
2021-02-01,2021-01-29,Equity,Equal Weight + Sentiment Tilt,Equity Equal Weight + Sentiment Tilt,NVDA,0.02,Tech,2021-01-29,-1.336099403054833,0.8,0.15,0.8183911235888452,0.016367822471776906,0.016118677527554238
2021-02-01,2021-01-29,Equity,Equal Weight + Sentiment Tilt,Equity Equal Weight + Sentiment Tilt,O,0.02,RealEstate,2021-01-29,-0.2668784441404885,0.4,0.15,0.9607589186030484,0.019215178372060968,0.018922692028688744
2021-02-01,2021-01-29,Equity,Equal Weight + Sentiment Tilt,Equity Equal Weight + Sentiment Tilt,OXY,0.02,Energy,2021-01-29,0.027832831630152113,0.6,0.15,1.004183651883657,0.020083673037673142,0.019777966789491053
2021-02-01,2021-01-29,Equity,Equal Weight + Sentiment Tilt,Equity Equal Weight + Sentiment Tilt,PLD,0.02,RealEstate,2021-01-29,-0.2668784441404885,0.4,0.15,0.9607589186030484,0.019215178372060968,0.018922692028688744
2021-02-01,2021-01-29,Equity,Equal Weight + Sentiment Tilt,Equity Equal Weight + Sentiment Tilt,PSA,0.02,RealEstate,2021-01-29,-0.2668784441404885,0.4,0.15,0.9607589186030484,0.019215178372060968,0.018922692028688744
2021-02-01,2021-01-29,Equity,Equal Weight + Sentiment Tilt,Equity Equal Weight + Sentiment Tilt,QCOM,0.02,Tech,2021-01-29,-1.336099403054833,0.8,0.15,0.8183911235888452,0.016367822471776906,0.016118677527554238
2021-02-01,2021-01-29,Equity,Equal Weight + Sentiment Tilt,Equity Equal Weight + Sentiment Tilt,SBUX,0.02,Consumer,2021-01-29,0.5105552494261659,0.8,0.15,1.0795921030271707,0.021591842060543414,0.02126317902090484
2021-02-01,2021-01-29,Equity,Equal Weight + Sentiment Tilt,Equity Equal Weight + Sentiment Tilt,SHW,0.02,Materials,2021-01-29,0.1927847946897442,0.4,0.15,1.0293398960840945,0.02058679792168189,0.02027343329246717
2021-02-01,2021-01-29,Equity,Equal Weight + Sentiment Tilt,Equity Equal Weight + Sentiment Tilt,SLB,0.02,Energy,2021-01-29,0.027832831630152113,0.6,0.15,1.004183651883657,0.020083673037673142,0.019777966789491053
2021-02-01,2021-01-29,Equity,Equal Weight + Sentiment Tilt,Equity Equal Weight + Sentiment Tilt,SO,0.02,Utilities,2021-01-29,0.3547297352251421,0.6,0.15,1.0546505293844723,0.021093010587689448,0.02077194057636573
2021-02-01,2021-01-29,Equity,Equal Weight + Sentiment Tilt,Equity Equal Weight + Sentiment Tilt,T,0.02,Comm,2021-01-29,0.9020596114102345,1.0,0.15,1.144890434130158,0.02289780868260316,0.02254926670172052
2021-02-01,2021-01-29,Equity,Equal Weight + Sentiment Tilt,Equity Equal Weight + Sentiment Tilt,TMUS,0.02,Comm,2021-01-29,0.9020596114102345,1.0,0.15,1.144890434130158,0.02289780868260316,0.02254926670172052
2021-02-01,2021-01-29,Equity,Equal Weight + Sentiment Tilt,Equity Equal Weight + Sentiment Tilt,TTWO,0.02,Comm,2021-01-29,0.9020596114102345,1.0,0.15,1.144890434130158,0.02289780868260316,0.02254926670172052
2021-02-01,2021-01-29,Equity,Equal Weight + Sentiment Tilt,Equity Equal Weight + Sentiment Tilt,UPS,0.02,Industrials,2021-01-29,0.07931359141498073,0.8,0.15,1.0119680899642356,0.020239361799284712,0.019931285714314947
2021-02-01,2021-01-29,Equity,Equal Weight + Sentiment Tilt,Equity Equal Weight + Sentiment Tilt,USB,0.02,Financials,2021-01-29,-0.25613064106766914,0.8,0.15,0.9623090749740939,0.019246181499481877,0.01895322323796261
2021-02-01,2021-01-29,Equity,Equal Weight + Sentiment Tilt,Equity Equal Weight + Sentiment Tilt,V,0.02,Financials,2021-01-29,-0.25613064106766914,0.8,0.15,0.9623090749740939,0.019246181499481877,0.01895322323796261
2021-02-01,2021-01-29,Equity,Equal Weight + Sentiment Tilt,Equity Equal Weight + Sentiment Tilt,WFC,0.02,Financials,2021-01-29,-0.25613064106766914,0.8,0.15,0.9623090749740939,0.019246181499481877,0.01895322323796261
2021-02-01,2021-01-29,Equity,Equal Weight + Sentiment Tilt,Equity Equal Weight + Sentiment Tilt,WMT,0.02,Consumer,2021-01-29,0.5105552494261659,0.8,0.15,1.0795921030271707,0.021591842060543414,0.02126317902090484
2021-02-01,2021-01-29,Equity,Equal Weight + Sentiment Tilt,Equity Equal Weight + Sentiment Tilt,XOM,0.02,Energy,2021-01-29,0.027832831630152113,0.6,0.15,1.004183651883657,0.020083673037673142,0.019777966789491053
2021-03-01,2021-02-26,Equity,Equal Weight + Sentiment Tilt,Equity Equal Weight + Sentiment Tilt,ABBV,0.02,Healthcare,2021-02-26,0.8893975316832364,0.6,0.15,1.1427179937608691,0.022854359875217382,0.022984521324896867
2021-03-01,2021-02-26,Equity,Equal Weight + Sentiment Tilt,Equity Equal Weight + Sentiment Tilt,ABT,0.02,Healthcare,2021-02-26,0.8893975316832364,0.6,0.15,1.1427179937608691,0.022854359875217382,0.022984521324896867
2021-03-01,2021-02-26,Equity,Equal Weight + Sentiment Tilt,Equity Equal Weight + Sentiment Tilt,ADBE,0.02,Tech,2021-02-26,-0.7956458917936966,0.6,0.15,0.8874998880538737,0.017749997761077475,0.01785108855745085
2021-03-01,2021-02-26,Equity,Equal Weight + Sentiment Tilt,Equity Equal Weight + Sentiment Tilt,AEP,0.02,Utilities,2021-02-26,-0.6745877804010826,0.6,0.15,0.9037629584661859,0.018075259169323718,0.018178202412961128
2021-03-01,2021-02-26,Equity,Equal Weight + Sentiment Tilt,Equity Equal Weight + Sentiment Tilt,AMD,0.02,Tech,2021-02-26,-0.7956458917936966,0.6,0.15,0.8874998880538737,0.017749997761077475,0.01785108855745085
2021-03-01,2021-02-26,Equity,Equal Weight + Sentiment Tilt,Equity Equal Weight + Sentiment Tilt,AMGN,0.02,Healthcare,2021-02-26,0.8893975316832364,0.6,0.15,1.1427179937608691,0.022854359875217382,0.022984521324896867
2021-03-01,2021-02-26,Equity,Equal Weight + Sentiment Tilt,Equity Equal Weight + Sentiment Tilt,AMT,0.02,RealEstate,2021-02-26,-0.2295607338785406,0.4,0.15,0.966151997265359,0.01932303994530718,0.019433089620958917
2021-03-01,2021-02-26,Equity,Equal Weight + Sentiment Tilt,Equity Equal Weight + Sentiment Tilt,BA,0.02,Industrials,2021-02-26,0.3006754132894272,0.6,0.15,1.04613384044483,0.0209226768088966,0.021041836827356553
2021-03-01,2021-02-26,Equity,Equal Weight + Sentiment Tilt,Equity Equal Weight + Sentiment Tilt,CAT,0.02,Industrials,2021-02-26,0.3006754132894272,0.6,0.15,1.04613384044483,0.0209226768088966,0.021041836827356553
2021-03-01,2021-02-26,Equity,Equal Weight + Sentiment Tilt,Equity Equal Weight + Sentiment Tilt,CCI,0.02,RealEstate,2021-02-26,-0.2295607338785406,0.4,0.15,0.966151997265359,0.01932303994530718,0.019433089620958917
2021-03-01,2021-02-26,Equity,Equal Weight + Sentiment Tilt,Equity Equal Weight + Sentiment Tilt,CMCSA,0.02,Comm,2021-02-26,-0.6122689549066502,0.6,0.15,0.9122507849272243,0.018245015698544486,0.01834892574921813
2021-03-01,2021-02-26,Equity,Equal Weight + Sentiment Tilt,Equity Equal Weight + Sentiment Tilt,COP,0.02,Energy,2021-02-26,0.2350061615373114,0.6,0.15,1.0358796034838178,0.020717592069676355,0.020835584077870006
2021-03-01,2021-02-26,Equity,Equal Weight + Sentiment Tilt,Equity Equal Weight + Sentiment Tilt,CVX,0.02,Energy,2021-02-26,0.2350061615373114,0.6,0.15,1.0358796034838178,0.020717592069676355,0.020835584077870006
2021-03-01,2021-02-26,Equity,Equal Weight + Sentiment Tilt,Equity Equal Weight + Sentiment Tilt,D,0.02,Utilities,2021-02-26,-0.6745877804010826,0.6,0.15,0.9037629584661859,0.018075259169323718,0.018178202412961128
2021-03-01,2021-02-26,Equity,Equal Weight + Sentiment Tilt,Equity Equal Weight + Sentiment Tilt,DD,0.02,Materials,2021-02-26,-0.42764798242741064,0.6,0.15,0.9378669378286837,0.018757338756573674,0.018864166618654043
2021-03-01,2021-02-26,Equity,Equal Weight + Sentiment Tilt,Equity Equal Weight + Sentiment Tilt,DIS,0.02,Consumer,2021-02-26,0.23595030490328955,1.0,0.15,1.036026316700783,0.020720526334015662,0.020838535053598395
2021-03-01,2021-02-26,Equity,Equal Weight + Sentiment Tilt,Equity Equal Weight + Sentiment Tilt,DOW,0.02,Materials,2021-02-26,-0.42764798242741064,0.6,0.15,0.9378669378286837,0.018757338756573674,0.018864166618654043
2021-03-01,2021-02-26,Equity,Equal Weight + Sentiment Tilt,Equity Equal Weight + Sentiment Tilt,DUK,0.02,Utilities,2021-02-26,-0.6745877804010826,0.6,0.15,0.9037629584661859,0.018075259169323718,0.018178202412961128
2021-03-01,2021-02-26,Equity,Equal Weight + Sentiment Tilt,Equity Equal Weight + Sentiment Tilt,EA,0.02,Comm,2021-02-26,-0.6122689549066502,0.6,0.15,0.9122507849272243,0.018245015698544486,0.01834892574921813
2021-03-01,2021-02-26,Equity,Equal Weight + Sentiment Tilt,Equity Equal Weight + Sentiment Tilt,GE,0.02,Industrials,2021-02-26,0.3006754132894272,0.6,0.15,1.04613384044483,0.0209226768088966,0.021041836827356553
2021-03-01,2021-02-26,Equity,Equal Weight + Sentiment Tilt,Equity Equal Weight + Sentiment Tilt,GILD,0.02,Healthcare,2021-02-26,0.8893975316832364,0.6,0.15,1.1427179937608691,0.022854359875217382,0.022984521324896867
2021-03-01,2021-02-26,Equity,Equal Weight + Sentiment Tilt,Equity Equal Weight + Sentiment Tilt,GS,0.02,Financials,2021-02-26,0.48263157490194075,0.8,0.15,1.0750796332042045,0.02150159266408409,0.021624049757035083
2021-03-01,2021-02-26,Equity,Equal Weight + Sentiment Tilt,Equity Equal Weight + Sentiment Tilt,INTC,0.02,Tech,2021-02-26,-0.7956458917936966,0.6,0.15,0.8874998880538737,0.017749997761077475,0.01785108855745085
2021-03-01,2021-02-26,Equity,Equal Weight + Sentiment Tilt,Equity Equal Weight + Sentiment Tilt,KO,0.02,Consumer,2021-02-26,0.23595030490328955,1.0,0.15,1.036026316700783,0.020720526334015662,0.020838535053598395
2021-03-01,2021-02-26,Equity,Equal Weight + Sentiment Tilt,Equity Equal Weight + Sentiment Tilt,MMM,0.02,Industrials,2021-02-26,0.3006754132894272,0.6,0.15,1.04613384044483,0.0209226768088966,0.021041836827356553
2021-03-01,2021-02-26,Equity,Equal Weight + Sentiment Tilt,Equity Equal Weight + Sentiment Tilt,MRK,0.02,Healthcare,2021-02-26,0.8893975316832364,0.6,0.15,1.1427179937608691,0.022854359875217382,0.022984521324896867
2021-03-01,2021-02-26,Equity,Equal Weight + Sentiment Tilt,Equity Equal Weight + Sentiment Tilt,MS,0.02,Financials,2021-02-26,0.48263157490194075,0.8,0.15,1.0750796332042045,0.02150159266408409,0.021624049757035083
2021-03-01,2021-02-26,Equity,Equal Weight + Sentiment Tilt,Equity Equal Weight + Sentiment Tilt,NEE,0.02,Utilities,2021-02-26,-0.6745877804010826,0.6,0.15,0.9037629584661859,0.018075259169323718,0.018178202412961128
2021-03-01,2021-02-26,Equity,Equal Weight + Sentiment Tilt,Equity Equal Weight + Sentiment Tilt,NEM,0.02,Materials,2021-02-26,-0.42764798242741064,0.6,0.15,0.9378669378286837,0.018757338756573674,0.018864166618654043
2021-03-01,2021-02-26,Equity,Equal Weight + Sentiment Tilt,Equity Equal Weight + Sentiment Tilt,NKE,0.02,Consumer,2021-02-26,0.23595030490328955,1.0,0.15,1.036026316700783,0.020720526334015662,0.020838535053598395
2021-03-01,2021-02-26,Equity,Equal Weight + Sentiment Tilt,Equity Equal Weight + Sentiment Tilt,NUE,0.02,Materials,2021-02-26,-0.42764798242741064,0.6,0.15,0.9378669378286837,0.018757338756573674,0.018864166618654043
2021-03-01,2021-02-26,Equity,Equal Weight + Sentiment Tilt,Equity Equal Weight + Sentiment Tilt,NVDA,0.02,Tech,2021-02-26,-0.7956458917936966,0.6,0.15,0.8874998880538737,0.017749997761077475,0.01785108855745085
2021-03-01,2021-02-26,Equity,Equal Weight + Sentiment Tilt,Equity Equal Weight + Sentiment Tilt,O,0.02,RealEstate,2021-02-26,-0.2295607338785406,0.4,0.15,0.966151997265359,0.01932303994530718,0.019433089620958917
2021-03-01,2021-02-26,Equity,Equal Weight + Sentiment Tilt,Equity Equal Weight + Sentiment Tilt,OXY,0.02,Energy,2021-02-26,0.2350061615373114,0.6,0.15,1.0358796034838178,0.020717592069676355,0.020835584077870006
2021-03-01,2021-02-26,Equity,Equal Weight + Sentiment Tilt,Equity Equal Weight + Sentiment Tilt,PLD,0.02,RealEstate,2021-02-26,-0.2295607338785406,0.4,0.15,0.966151997265359,0.01932303994530718,0.019433089620958917
2021-03-01,2021-02-26,Equity,Equal Weight + Sentiment Tilt,Equity Equal Weight + Sentiment Tilt,PSA,0.02,RealEstate,2021-02-26,-0.2295607338785406,0.4,0.15,0.966151997265359,0.01932303994530718,0.019433089620958917
2021-03-01,2021-02-26,Equity,Equal Weight + Sentiment Tilt,Equity Equal Weight + Sentiment Tilt,QCOM,0.02,Tech,2021-02-26,-0.7956458917936966,0.6,0.15,0.8874998880538737,0.017749997761077475,0.01785108855745085
2021-03-01,2021-02-26,Equity,Equal Weight + Sentiment Tilt,Equity Equal Weight + Sentiment Tilt,SBUX,0.02,Consumer,2021-02-26,0.23595030490328955,1.0,0.15,1.036026316700783,0.020720526334015662,0.020838535053598395
2021-03-01,2021-02-26,Equity,Equal Weight + Sentiment Tilt,Equity Equal Weight + Sentiment Tilt,SHW,0.02,Materials,2021-02-26,-0.42764798242741064,0.6,0.15,0.9378669378286837,0.018757338756573674,0.018864166618654043
2021-03-01,2021-02-26,Equity,Equal Weight + Sentiment Tilt,Equity Equal Weight + Sentiment Tilt,SLB,0.02,Energy,2021-02-26,0.2350061615373114,0.6,0.15,1.0358796034838178,0.020717592069676355,0.020835584077870006
2021-03-01,2021-02-26,Equity,Equal Weight + Sentiment Tilt,Equity Equal Weight + Sentiment Tilt,SO,0.02,Utilities,2021-02-26,-0.6745877804010826,0.6,0.15,0.9037629584661859,0.018075259169323718,0.018178202412961128
2021-03-01,2021-02-26,Equity,Equal Weight + Sentiment Tilt,Equity Equal Weight + Sentiment Tilt,T,0.02,Comm,2021-02-26,-0.6122689549066502,0.6,0.15,0.9122507849272243,0.018245015698544486,0.01834892574921813
2021-03-01,2021-02-26,Equity,Equal Weight + Sentiment Tilt,Equity Equal Weight + Sentiment Tilt,TMUS,0.02,Comm,2021-02-26,-0.6122689549066502,0.6,0.15,0.9122507849272243,0.018245015698544486,0.01834892574921813
2021-03-01,2021-02-26,Equity,Equal Weight + Sentiment Tilt,Equity Equal Weight + Sentiment Tilt,TTWO,0.02,Comm,2021-02-26,-0.6122689549066502,0.6,0.15,0.9122507849272243,0.018245015698544486,0.01834892574921813
2021-03-01,2021-02-26,Equity,Equal Weight + Sentiment Tilt,Equity Equal Weight + Sentiment Tilt,UPS,0.02,Industrials,2021-02-26,0.3006754132894272,0.6,0.15,1.04613384044483,0.0209226768088966,0.021041836827356553
2021-03-01,2021-02-26,Equity,Equal Weight + Sentiment Tilt,Equity Equal Weight + Sentiment Tilt,USB,0.02,Financials,2021-02-26,0.48263157490194075,0.8,0.15,1.0750796332042045,0.02150159266408409,0.021624049757035083
2021-03-01,2021-02-26,Equity,Equal Weight + Sentiment Tilt,Equity Equal Weight + Sentiment Tilt,V,0.02,Financials,2021-02-26,0.48263157490194075,0.8,0.15,1.0750796332042045,0.02150159266408409,0.021624049757035083
2021-03-01,2021-02-26,Equity,Equal Weight + Sentiment Tilt,Equity Equal Weight + Sentiment Tilt,WFC,0.02,Financials,2021-02-26,0.48263157490194075,0.8,0.15,1.0750796332042045,0.02150159266408409,0.021624049757035083
2021-03-01,2021-02-26,Equity,Equal Weight + Sentiment Tilt,Equity Equal Weight + Sentiment Tilt,WMT,0.02,Consumer,2021-02-26,0.23595030490328955,1.0,0.15,1.036026316700783,0.020720526334015662,0.020838535053598395
2021-03-01,2021-02-26,Equity,Equal Weight + Sentiment Tilt,Equity Equal Weight + Sentiment Tilt,XOM,0.02,Energy,2021-02-26,0.2350061615373114,0.6,0.15,1.0358796034838178,0.020717592069676355,0.020835584077870006
2021-04-01,2021-03-31,Equity,Equal Weight + Sentiment Tilt,Equity Equal Weight + Sentiment Tilt,ABBV,0.02,Healthcare,2021-03-31,-1.124119432001105,1.0,0.15,0.8448316393915456,0.016896632787830913,0.01665424986759294
2021-04-01,2021-03-31,Equity,Equal Weight + Sentiment Tilt,Equity Equal Weight + Sentiment Tilt,ABT,0.02,Healthcare,2021-03-31,-1.124119432001105,1.0,0.15,0.8448316393915456,0.016896632787830913,0.01665424986759294
2021-04-01,2021-03-31,Equity,Equal Weight + Sentiment Tilt,Equity Equal Weight + Sentiment Tilt,ADBE,0.02,Tech,2021-03-31,0.9999225232632446,0.6,0.15,1.1618207405378747,0.023236414810757493,0.022903087446162783
2021-04-01,2021-03-31,Equity,Equal Weight + Sentiment Tilt,Equity Equal Weight + Sentiment Tilt,AEP,0.02,Utilities,2021-03-31,-0.22023313563428026,0.4,0.15,0.9675047250232717,0.019350094500465435,0.019072516566992125
2021-04-01,2021-03-31,Equity,Equal Weight + Sentiment Tilt,Equity Equal Weight + Sentiment Tilt,AMD,0.02,Tech,2021-03-31,0.9999225232632446,0.6,0.15,1.1618207405378747,0.023236414810757493,0.022903087446162783
2021-04-01,2021-03-31,Equity,Equal Weight + Sentiment Tilt,Equity Equal Weight + Sentiment Tilt,AMGN,0.02,Healthcare,2021-03-31,-1.124119432001105,1.0,0.15,0.8448316393915456,0.016896632787830913,0.01665424986759294
2021-04-01,2021-03-31,Equity,Equal Weight + Sentiment Tilt,Equity Equal Weight + Sentiment Tilt,AMT,0.02,RealEstate,2021-03-31,0.01667358242791579,0.2,0.15,1.0025041675671769,0.020050083351343537,0.01976246404785643
2021-04-01,2021-03-31,Equity,Equal Weight + Sentiment Tilt,Equity Equal Weight + Sentiment Tilt,BA,0.02,Industrials,2021-03-31,0.7698534231311361,0.6,0.15,1.1224098363790769,0.022448196727581537,0.02212617638511269
2021-04-01,2021-03-31,Equity,Equal Weight + Sentiment Tilt,Equity Equal Weight + Sentiment Tilt,CAT,0.02,Industrials,2021-03-31,0.7698534231311361,0.6,0.15,1.1224098363790769,0.022448196727581537,0.02212617638511269
2021-04-01,2021-03-31,Equity,Equal Weight + Sentiment Tilt,Equity Equal Weight + Sentiment Tilt,CCI,0.02,RealEstate,2021-03-31,0.01667358242791579,0.2,0.15,1.0025041675671769,0.020050083351343537,0.01976246404785643
2021-04-01,2021-03-31,Equity,Equal Weight + Sentiment Tilt,Equity Equal Weight + Sentiment Tilt,CMCSA,0.02,Comm,2021-03-31,0.41317042748093313,0.6,0.15,1.0639363461917801,0.021278726923835603,0.020973482675735466
2021-04-01,2021-03-31,Equity,Equal Weight + Sentiment Tilt,Equity Equal Weight + Sentiment Tilt,COP,0.02,Energy,2021-03-31,1.3960618238108553,0.8,0.15,1.2329495089309832,0.024658990178619666,0.024305255909510267
2021-04-01,2021-03-31,Equity,Equal Weight + Sentiment Tilt,Equity Equal Weight + Sentiment Tilt,CVX,0.02,Energy,2021-03-31,1.3960618238108553,0.8,0.15,1.2329495089309832,0.024658990178619666,0.024305255909510267
2021-04-01,2021-03-31,Equity,Equal Weight + Sentiment Tilt,Equity Equal Weight + Sentiment Tilt,D,0.02,Utilities,2021-03-31,-0.22023313563428026,0.4,0.15,0.9675047250232717,0.019350094500465435,0.019072516566992125
2021-04-01,2021-03-31,Equity,Equal Weight + Sentiment Tilt,Equity Equal Weight + Sentiment Tilt,DD,0.02,Materials,2021-03-31,-1.1613813524362906,0.4,0.15,0.8401228037704124,0.01680245607540825,0.01656142412413919
2021-04-01,2021-03-31,Equity,Equal Weight + Sentiment Tilt,Equity Equal Weight + Sentiment Tilt,DIS,0.02,Consumer,2021-03-31,0.011281935062530533,1.0,0.15,1.0016937229906255,0.02003387445981251,0.01974648767356789
2021-04-01,2021-03-31,Equity,Equal Weight + Sentiment Tilt,Equity Equal Weight + Sentiment Tilt,DOW,0.02,Materials,2021-03-31,-1.1613813524362906,0.4,0.15,0.8401228037704124,0.01680245607540825,0.01656142412413919
2021-04-01,2021-03-31,Equity,Equal Weight + Sentiment Tilt,Equity Equal Weight + Sentiment Tilt,DUK,0.02,Utilities,2021-03-31,-0.22023313563428026,0.4,0.15,0.9675047250232717,0.019350094500465435,0.019072516566992125
2021-04-01,2021-03-31,Equity,Equal Weight + Sentiment Tilt,Equity Equal Weight + Sentiment Tilt,EA,0.02,Comm,2021-03-31,0.41317042748093313,0.6,0.15,1.0639363461917801,0.021278726923835603,0.020973482675735466
2021-04-01,2021-03-31,Equity,Equal Weight + Sentiment Tilt,Equity Equal Weight + Sentiment Tilt,GE,0.02,Industrials,2021-03-31,0.7698534231311361,0.6,0.15,1.1224098363790769,0.022448196727581537,0.02212617638511269
2021-04-01,2021-03-31,Equity,Equal Weight + Sentiment Tilt,Equity Equal Weight + Sentiment Tilt,GILD,0.02,Healthcare,2021-03-31,-1.124119432001105,1.0,0.15,0.8448316393915456,0.016896632787830913,0.01665424986759294
2021-04-01,2021-03-31,Equity,Equal Weight + Sentiment Tilt,Equity Equal Weight + Sentiment Tilt,GS,0.02,Financials,2021-03-31,-0.6451339176373975,1.0,0.15,0.9077646884597872,0.018155293769195745,0.017894855303330216
2021-04-01,2021-03-31,Equity,Equal Weight + Sentiment Tilt,Equity Equal Weight + Sentiment Tilt,INTC,0.02,Tech,2021-03-31,0.9999225232632446,0.6,0.15,1.1618207405378747,0.023236414810757493,0.022903087446162783
2021-04-01,2021-03-31,Equity,Equal Weight + Sentiment Tilt,Equity Equal Weight + Sentiment Tilt,KO,0.02,Consumer,2021-03-31,0.011281935062530533,1.0,0.15,1.0016937229906255,0.02003387445981251,0.01974648767356789
2021-04-01,2021-03-31,Equity,Equal Weight + Sentiment Tilt,Equity Equal Weight + Sentiment Tilt,MMM,0.02,Industrials,2021-03-31,0.7698534231311361,0.6,0.15,1.1224098363790769,0.022448196727581537,0.02212617638511269
2021-04-01,2021-03-31,Equity,Equal Weight + Sentiment Tilt,Equity Equal Weight + Sentiment Tilt,MRK,0.02,Healthcare,2021-03-31,-1.124119432001105,1.0,0.15,0.8448316393915456,0.016896632787830913,0.01665424986759294
2021-04-01,2021-03-31,Equity,Equal Weight + Sentiment Tilt,Equity Equal Weight + Sentiment Tilt,MS,0.02,Financials,2021-03-31,-0.6451339176373975,1.0,0.15,0.9077646884597872,0.018155293769195745,0.017894855303330216
2021-04-01,2021-03-31,Equity,Equal Weight + Sentiment Tilt,Equity Equal Weight + Sentiment Tilt,NEE,0.02,Utilities,2021-03-31,-0.22023313563428026,0.4,0.15,0.9675047250232717,0.019350094500465435,0.019072516566992125
2021-04-01,2021-03-31,Equity,Equal Weight + Sentiment Tilt,Equity Equal Weight + Sentiment Tilt,NEM,0.02,Materials,2021-03-31,-1.1613813524362906,0.4,0.15,0.8401228037704124,0.01680245607540825,0.01656142412413919
2021-04-01,2021-03-31,Equity,Equal Weight + Sentiment Tilt,Equity Equal Weight + Sentiment Tilt,NKE,0.02,Consumer,2021-03-31,0.011281935062530533,1.0,0.15,1.0016937229906255,0.02003387445981251,0.01974648767356789
2021-04-01,2021-03-31,Equity,Equal Weight + Sentiment Tilt,Equity Equal Weight + Sentiment Tilt,NUE,0.02,Materials,2021-03-31,-1.1613813524362906,0.4,0.15,0.8401228037704124,0.01680245607540825,0.01656142412413919
2021-04-01,2021-03-31,Equity,Equal Weight + Sentiment Tilt,Equity Equal Weight + Sentiment Tilt,NVDA,0.02,Tech,2021-03-31,0.9999225232632446,0.6,0.15,1.1618207405378747,0.023236414810757493,0.022903087446162783
2021-04-01,2021-03-31,Equity,Equal Weight + Sentiment Tilt,Equity Equal Weight + Sentiment Tilt,O,0.02,RealEstate,2021-03-31,0.01667358242791579,0.2,0.15,1.0025041675671769,0.020050083351343537,0.01976246404785643
2021-04-01,2021-03-31,Equity,Equal Weight + Sentiment Tilt,Equity Equal Weight + Sentiment Tilt,OXY,0.02,Energy,2021-03-31,1.3960618238108553,0.8,0.15,1.2329495089309832,0.024658990178619666,0.024305255909510267
2021-04-01,2021-03-31,Equity,Equal Weight + Sentiment Tilt,Equity Equal Weight + Sentiment Tilt,PLD,0.02,RealEstate,2021-03-31,0.01667358242791579,0.2,0.15,1.0025041675671769,0.020050083351343537,0.01976246404785643
2021-04-01,2021-03-31,Equity,Equal Weight + Sentiment Tilt,Equity Equal Weight + Sentiment Tilt,PSA,0.02,RealEstate,2021-03-31,0.01667358242791579,0.2,0.15,1.0025041675671769,0.020050083351343537,0.01976246404785643
2021-04-01,2021-03-31,Equity,Equal Weight + Sentiment Tilt,Equity Equal Weight + Sentiment Tilt,QCOM,0.02,Tech,2021-03-31,0.9999225232632446,0.6,0.15,1.1618207405378747,0.023236414810757493,0.022903087446162783
2021-04-01,2021-03-31,Equity,Equal Weight + Sentiment Tilt,Equity Equal Weight + Sentiment Tilt,SBUX,0.02,Consumer,2021-03-31,0.011281935062530533,1.0,0.15,1.0016937229906255,0.02003387445981251,0.01974648767356789
2021-04-01,2021-03-31,Equity,Equal Weight + Sentiment Tilt,Equity Equal Weight + Sentiment Tilt,SHW,0.02,Materials,2021-03-31,-1.1613813524362906,0.4,0.15,0.8401228037704124,0.01680245607540825,0.01656142412413919
2021-04-01,2021-03-31,Equity,Equal Weight + Sentiment Tilt,Equity Equal Weight + Sentiment Tilt,SLB,0.02,Energy,2021-03-31,1.3960618238108553,0.8,0.15,1.2329495089309832,0.024658990178619666,0.024305255909510267
2021-04-01,2021-03-31,Equity,Equal Weight + Sentiment Tilt,Equity Equal Weight + Sentiment Tilt,SO,0.02,Utilities,2021-03-31,-0.22023313563428026,0.4,0.15,0.9675047250232717,0.019350094500465435,0.019072516566992125
2021-04-01,2021-03-31,Equity,Equal Weight + Sentiment Tilt,Equity Equal Weight + Sentiment Tilt,T,0.02,Comm,2021-03-31,0.41317042748093313,0.6,0.15,1.0639363461917801,0.021278726923835603,0.020973482675735466
2021-04-01,2021-03-31,Equity,Equal Weight + Sentiment Tilt,Equity Equal Weight + Sentiment Tilt,TMUS,0.02,Comm,2021-03-31,0.41317042748093313,0.6,0.15,1.0639363461917801,0.021278726923835603,0.020973482675735466
2021-04-01,2021-03-31,Equity,Equal Weight + Sentiment Tilt,Equity Equal Weight + Sentiment Tilt,TTWO,0.02,Comm,2021-03-31,0.41317042748093313,0.6,0.15,1.0639363461917801,0.021278726923835603,0.020973482675735466
2021-04-01,2021-03-31,Equity,Equal Weight + Sentiment Tilt,Equity Equal Weight + Sentiment Tilt,UPS,0.02,Industrials,2021-03-31,0.7698534231311361,0.6,0.15,1.1224098363790769,0.022448196727581537,0.02212617638511269
2021-04-01,2021-03-31,Equity,Equal Weight + Sentiment Tilt,Equity Equal Weight + Sentiment Tilt,USB,0.02,Financials,2021-03-31,-0.6451339176373975,1.0,0.15,0.9077646884597872,0.018155293769195745,0.017894855303330216
2021-04-01,2021-03-31,Equity,Equal Weight + Sentiment Tilt,Equity Equal Weight + Sentiment Tilt,V,0.02,Financials,2021-03-31,-0.6451339176373975,1.0,0.15,0.9077646884597872,0.018155293769195745,0.017894855303330216
2021-04-01,2021-03-31,Equity,Equal Weight + Sentiment Tilt,Equity Equal Weight + Sentiment Tilt,WFC,0.02,Financials,2021-03-31,-0.6451339176373975,1.0,0.15,0.9077646884597872,0.018155293769195745,0.017894855303330216
2021-04-01,2021-03-31,Equity,Equal Weight + Sentiment Tilt,Equity Equal Weight + Sentiment Tilt,WMT,0.02,Consumer,2021-03-31,0.011281935062530533,1.0,0.15,1.0016937229906255,0.02003387445981251,0.01974648767356789
2021-04-01,2021-03-31,Equity,Equal Weight + Sentiment Tilt,Equity Equal Weight + Sentiment Tilt,XOM,0.02,Energy,2021-03-31,1.3960618238108553,0.8,0.15,1.2329495089309832,0.024658990178619666,0.024305255909510267
2021-05-03,2021-04-30,Equity,Equal Weight + Sentiment Tilt,Equity Equal Weight + Sentiment Tilt,ABBV,0.02,Healthcare,2021-04-30,0.4175283122743519,1.0,0.15,1.064632050355537,0.021292641007110744,0.020634533913787174
2021-05-03,2021-04-30,Equity,Equal Weight + Sentiment Tilt,Equity Equal Weight + Sentiment Tilt,ABT,0.02,Healthcare,2021-04-30,0.4175283122743519,1.0,0.15,1.064632050355537,0.021292641007110744,0.020634533913787174
2021-05-03,2021-04-30,Equity,Equal Weight + Sentiment Tilt,Equity Equal Weight + Sentiment Tilt,ADBE,0.02,Tech,2021-04-30,0.045955260723183684,0.4,0.15,1.0069171025119559,0.02013834205023912,0.019515911711672253
2021-05-03,2021-04-30,Equity,Equal Weight + Sentiment Tilt,Equity Equal Weight + Sentiment Tilt,AEP,0.02,Utilities,2021-04-30,0.06789028672734805,1.0,0.15,1.0102355717455231,0.020204711434910462,0.019580229769652034
2021-05-03,2021-04-30,Equity,Equal Weight + Sentiment Tilt,Equity Equal Weight + Sentiment Tilt,AMD,0.02,Tech,2021-04-30,0.045955260723183684,0.4,0.15,1.0069171025119559,0.02013834205023912,0.019515911711672253
2021-05-03,2021-04-30,Equity,Equal Weight + Sentiment Tilt,Equity Equal Weight + Sentiment Tilt,AMGN,0.02,Healthcare,2021-04-30,0.4175283122743519,1.0,0.15,1.064632050355537,0.021292641007110744,0.020634533913787174
2021-05-03,2021-04-30,Equity,Equal Weight + Sentiment Tilt,Equity Equal Weight + Sentiment Tilt,AMT,0.02,RealEstate,2021-04-30,0.11994526655848428,0.6,0.15,1.0181546172895497,0.020363092345790996,0.019733715486889715
2021-05-03,2021-04-30,Equity,Equal Weight + Sentiment Tilt,Equity Equal Weight + Sentiment Tilt,BA,0.02,Industrials,2021-04-30,-0.8234789643934515,0.8,0.15,0.8838023346725664,0.01767604669345133,0.017129720302704675
2021-05-03,2021-04-30,Equity,Equal Weight + Sentiment Tilt,Equity Equal Weight + Sentiment Tilt,CAT,0.02,Industrials,2021-04-30,-0.8234789643934515,0.8,0.15,0.8838023346725664,0.01767604669345133,0.017129720302704675
2021-05-03,2021-04-30,Equity,Equal Weight + Sentiment Tilt,Equity Equal Weight + Sentiment Tilt,CCI,0.02,RealEstate,2021-04-30,0.11994526655848428,0.6,0.15,1.0181546172895497,0.020363092345790996,0.019733715486889715
2021-05-03,2021-04-30,Equity,Equal Weight + Sentiment Tilt,Equity Equal Weight + Sentiment Tilt,CMCSA,0.02,Comm,2021-04-30,0.6572859259463752,0.6,0.15,1.103616913385573,0.02207233826771146,0.021390132505853775
2021-05-03,2021-04-30,Equity,Equal Weight + Sentiment Tilt,Equity Equal Weight + Sentiment Tilt,COP,0.02,Energy,2021-04-30,0.4638648611287086,1.0,0.15,1.072057532053945,0.0214411506410789,0.02077845345282494
2021-05-03,2021-04-30,Equity,Equal Weight + Sentiment Tilt,Equity Equal Weight + Sentiment Tilt,CVX,0.02,Energy,2021-04-30,0.4638648611287086,1.0,0.15,1.072057532053945,0.0214411506410789,0.02077845345282494
2021-05-03,2021-04-30,Equity,Equal Weight + Sentiment Tilt,Equity Equal Weight + Sentiment Tilt,D,0.02,Utilities,2021-04-30,0.06789028672734805,1.0,0.15,1.0102355717455231,0.020204711434910462,0.019580229769652034
2021-05-03,2021-04-30,Equity,Equal Weight + Sentiment Tilt,Equity Equal Weight + Sentiment Tilt,DD,0.02,Materials,2021-04-30,-0.16859697271981797,0.2,0.15,0.9750275559138011,0.019500551118276022,0.0188978334464583
2021-05-03,2021-04-30,Equity,Equal Weight + Sentiment Tilt,Equity Equal Weight + Sentiment Tilt,DIS,0.02,Consumer,2021-04-30,0.24075181213981534,0.8,0.15,1.0367727586505286,0.020735455173010574,0.020094569426235713
2021-05-03,2021-04-30,Equity,Equal Weight + Sentiment Tilt,Equity Equal Weight + Sentiment Tilt,DOW,0.02,Materials,2021-04-30,-0.16859697271981797,0.2,0.15,0.9750275559138011,0.019500551118276022,0.0188978334464583
2021-05-03,2021-04-30,Equity,Equal Weight + Sentiment Tilt,Equity Equal Weight + Sentiment Tilt,DUK,0.02,Utilities,2021-04-30,0.06789028672734805,1.0,0.15,1.0102355717455231,0.020204711434910462,0.019580229769652034
2021-05-03,2021-04-30,Equity,Equal Weight + Sentiment Tilt,Equity Equal Weight + Sentiment Tilt,EA,0.02,Comm,2021-04-30,0.6572859259463752,0.6,0.15,1.103616913385573,0.02207233826771146,0.021390132505853775
2021-05-03,2021-04-30,Equity,Equal Weight + Sentiment Tilt,Equity Equal Weight + Sentiment Tilt,GE,0.02,Industrials,2021-04-30,-0.8234789643934515,0.8,0.15,0.8838023346725664,0.01767604669345133,0.017129720302704675
2021-05-03,2021-04-30,Equity,Equal Weight + Sentiment Tilt,Equity Equal Weight + Sentiment Tilt,GILD,0.02,Healthcare,2021-04-30,0.4175283122743519,1.0,0.15,1.064632050355537,0.021292641007110744,0.020634533913787174
2021-05-03,2021-04-30,Equity,Equal Weight + Sentiment Tilt,Equity Equal Weight + Sentiment Tilt,GS,0.02,Financials,2021-04-30,0.9185062612842346,0.6,0.15,1.1477183627594463,0.022954367255188925,0.022244899983921387
2021-05-03,2021-04-30,Equity,Equal Weight + Sentiment Tilt,Equity Equal Weight + Sentiment Tilt,INTC,0.02,Tech,2021-04-30,0.045955260723183684,0.4,0.15,1.0069171025119559,0.02013834205023912,0.019515911711672253
2021-05-03,2021-04-30,Equity,Equal Weight + Sentiment Tilt,Equity Equal Weight + Sentiment Tilt,KO,0.02,Consumer,2021-04-30,0.24075181213981534,0.8,0.15,1.0367727586505286,0.020735455173010574,0.020094569426235713
2021-05-03,2021-04-30,Equity,Equal Weight + Sentiment Tilt,Equity Equal Weight + Sentiment Tilt,MMM,0.02,Industrials,2021-04-30,-0.8234789643934515,0.8,0.15,0.8838023346725664,0.01767604669345133,0.017129720302704675
2021-05-03,2021-04-30,Equity,Equal Weight + Sentiment Tilt,Equity Equal Weight + Sentiment Tilt,MRK,0.02,Healthcare,2021-04-30,0.4175283122743519,1.0,0.15,1.064632050355537,0.021292641007110744,0.020634533913787174
2021-05-03,2021-04-30,Equity,Equal Weight + Sentiment Tilt,Equity Equal Weight + Sentiment Tilt,MS,0.02,Financials,2021-04-30,0.9185062612842346,0.6,0.15,1.1477183627594463,0.022954367255188925,0.022244899983921387
2021-05-03,2021-04-30,Equity,Equal Weight + Sentiment Tilt,Equity Equal Weight + Sentiment Tilt,NEE,0.02,Utilities,2021-04-30,0.06789028672734805,1.0,0.15,1.0102355717455231,0.020204711434910462,0.019580229769652034
2021-05-03,2021-04-30,Equity,Equal Weight + Sentiment Tilt,Equity Equal Weight + Sentiment Tilt,NEM,0.02,Materials,2021-04-30,-0.16859697271981797,0.2,0.15,0.9750275559138011,0.019500551118276022,0.0188978334464583
2021-05-03,2021-04-30,Equity,Equal Weight + Sentiment Tilt,Equity Equal Weight + Sentiment Tilt,NKE,0.02,Consumer,2021-04-30,0.24075181213981534,0.8,0.15,1.0367727586505286,0.020735455173010574,0.020094569426235713
2021-05-03,2021-04-30,Equity,Equal Weight + Sentiment Tilt,Equity Equal Weight + Sentiment Tilt,NUE,0.02,Materials,2021-04-30,-0.16859697271981797,0.2,0.15,0.9750275559138011,0.019500551118276022,0.0188978334464583
2021-05-03,2021-04-30,Equity,Equal Weight + Sentiment Tilt,Equity Equal Weight + Sentiment Tilt,NVDA,0.02,Tech,2021-04-30,0.045955260723183684,0.4,0.15,1.0069171025119559,0.02013834205023912,0.019515911711672253
2021-05-03,2021-04-30,Equity,Equal Weight + Sentiment Tilt,Equity Equal Weight + Sentiment Tilt,O,0.02,RealEstate,2021-04-30,0.11994526655848428,0.6,0.15,1.0181546172895497,0.020363092345790996,0.019733715486889715
2021-05-03,2021-04-30,Equity,Equal Weight + Sentiment Tilt,Equity Equal Weight + Sentiment Tilt,OXY,0.02,Energy,2021-04-30,0.4638648611287086,1.0,0.15,1.072057532053945,0.0214411506410789,0.02077845345282494
2021-05-03,2021-04-30,Equity,Equal Weight + Sentiment Tilt,Equity Equal Weight + Sentiment Tilt,PLD,0.02,RealEstate,2021-04-30,0.11994526655848428,0.6,0.15,1.0181546172895497,0.020363092345790996,0.019733715486889715
2021-05-03,2021-04-30,Equity,Equal Weight + Sentiment Tilt,Equity Equal Weight + Sentiment Tilt,PSA,0.02,RealEstate,2021-04-30,0.11994526655848428,0.6,0.15,1.0181546172895497,0.020363092345790996,0.019733715486889715
2021-05-03,2021-04-30,Equity,Equal Weight + Sentiment Tilt,Equity Equal Weight + Sentiment Tilt,QCOM,0.02,Tech,2021-04-30,0.045955260723183684,0.4,0.15,1.0069171025119559,0.02013834205023912,0.019515911711672253
2021-05-03,2021-04-30,Equity,Equal Weight + Sentiment Tilt,Equity Equal Weight + Sentiment Tilt,SBUX,0.02,Consumer,2021-04-30,0.24075181213981534,0.8,0.15,1.0367727586505286,0.020735455173010574,0.020094569426235713
2021-05-03,2021-04-30,Equity,Equal Weight + Sentiment Tilt,Equity Equal Weight + Sentiment Tilt,SHW,0.02,Materials,2021-04-30,-0.16859697271981797,0.2,0.15,0.9750275559138011,0.019500551118276022,0.0188978334464583
2021-05-03,2021-04-30,Equity,Equal Weight + Sentiment Tilt,Equity Equal Weight + Sentiment Tilt,SLB,0.02,Energy,2021-04-30,0.4638648611287086,1.0,0.15,1.072057532053945,0.0214411506410789,0.02077845345282494
2021-05-03,2021-04-30,Equity,Equal Weight + Sentiment Tilt,Equity Equal Weight + Sentiment Tilt,SO,0.02,Utilities,2021-04-30,0.06789028672734805,1.0,0.15,1.0102355717455231,0.020204711434910462,0.019580229769652034
2021-05-03,2021-04-30,Equity,Equal Weight + Sentiment Tilt,Equity Equal Weight + Sentiment Tilt,T,0.02,Comm,2021-04-30,0.6572859259463752,0.6,0.15,1.103616913385573,0.02207233826771146,0.021390132505853775
2021-05-03,2021-04-30,Equity,Equal Weight + Sentiment Tilt,Equity Equal Weight + Sentiment Tilt,TMUS,0.02,Comm,2021-04-30,0.6572859259463752,0.6,0.15,1.103616913385573,0.02207233826771146,0.021390132505853775
2021-05-03,2021-04-30,Equity,Equal Weight + Sentiment Tilt,Equity Equal Weight + Sentiment Tilt,TTWO,0.02,Comm,2021-04-30,0.6572859259463752,0.6,0.15,1.103616913385573,0.02207233826771146,0.021390132505853775
2021-05-03,2021-04-30,Equity,Equal Weight + Sentiment Tilt,Equity Equal Weight + Sentiment Tilt,UPS,0.02,Industrials,2021-04-30,-0.8234789643934515,0.8,0.15,0.8838023346725664,0.01767604669345133,0.017129720302704675
2021-05-03,2021-04-30,Equity,Equal Weight + Sentiment Tilt,Equity Equal Weight + Sentiment Tilt,USB,0.02,Financials,2021-04-30,0.9185062612842346,0.6,0.15,1.1477183627594463,0.022954367255188925,0.022244899983921387
2021-05-03,2021-04-30,Equity,Equal Weight + Sentiment Tilt,Equity Equal Weight + Sentiment Tilt,V,0.02,Financials,2021-04-30,0.9185062612842346,0.6,0.15,1.1477183627594463,0.022954367255188925,0.022244899983921387
2021-05-03,2021-04-30,Equity,Equal Weight + Sentiment Tilt,Equity Equal Weight + Sentiment Tilt,WFC,0.02,Financials,2021-04-30,0.9185062612842346,0.6,0.15,1.1477183627594463,0.022954367255188925,0.022244899983921387
2021-05-03,2021-04-30,Equity,Equal Weight + Sentiment Tilt,Equity Equal Weight + Sentiment Tilt,WMT,0.02,Consumer,2021-04-30,0.24075181213981534,0.8,0.15,1.0367727586505286,0.020735455173010574,0.020094569426235713
2021-05-03,2021-04-30,Equity,Equal Weight + Sentiment Tilt,Equity Equal Weight + Sentiment Tilt,XOM,0.02,Energy,2021-04-30,0.4638648611287086,1.0,0.15,1.072057532053945,0.0214411506410789,0.02077845345282494
2021-06-01,2021-05-28,Equity,Equal Weight + Sentiment Tilt,Equity Equal Weight + Sentiment Tilt,ABBV,0.02,Healthcare,2021-05-28,0.18778096749514925,0.4,0.15,1.0285675901120976,0.02057135180224195,0.019669485301431054
2021-06-01,2021-05-28,Equity,Equal Weight + Sentiment Tilt,Equity Equal Weight + Sentiment Tilt,ABT,0.02,Healthcare,2021-05-28,0.18778096749514925,0.4,0.15,1.0285675901120976,0.02057135180224195,0.019669485301431054
2021-06-01,2021-05-28,Equity,Equal Weight + Sentiment Tilt,Equity Equal Weight + Sentiment Tilt,ADBE,0.02,Tech,2021-05-28,0.584662907915046,0.8,0.15,1.0916599592341714,0.02183319918468343,0.020876012163651016
2021-06-01,2021-05-28,Equity,Equal Weight + Sentiment Tilt,Equity Equal Weight + Sentiment Tilt,AEP,0.02,Utilities,2021-05-28,0.3477513510206343,0.2,0.15,1.0535471434846961,0.021070942869693923,0.02014717384870979
2021-06-01,2021-05-28,Equity,Equal Weight + Sentiment Tilt,Equity Equal Weight + Sentiment Tilt,AMD,0.02,Tech,2021-05-28,0.584662907915046,0.8,0.15,1.0916599592341714,0.02183319918468343,0.020876012163651016
2021-06-01,2021-05-28,Equity,Equal Weight + Sentiment Tilt,Equity Equal Weight + Sentiment Tilt,AMGN,0.02,Healthcare,2021-05-28,0.18778096749514925,0.4,0.15,1.0285675901120976,0.02057135180224195,0.019669485301431054
2021-06-01,2021-05-28,Equity,Equal Weight + Sentiment Tilt,Equity Equal Weight + Sentiment Tilt,AMT,0.02,RealEstate,2021-05-28,-0.193385118477147,0.4,0.15,0.9714089187547142,0.019428178375094286,0.018576429621939103
2021-06-01,2021-05-28,Equity,Equal Weight + Sentiment Tilt,Equity Equal Weight + Sentiment Tilt,BA,0.02,Industrials,2021-05-28,-0.054377297743404586,0.8,0.15,0.9918765800977618,0.019837531601955238,0.018967836436437183
2021-06-01,2021-05-28,Equity,Equal Weight + Sentiment Tilt,Equity Equal Weight + Sentiment Tilt,CAT,0.02,Industrials,2021-05-28,-0.054377297743404586,0.8,0.15,0.9918765800977618,0.019837531601955238,0.018967836436437183
2021-06-01,2021-05-28,Equity,Equal Weight + Sentiment Tilt,Equity Equal Weight + Sentiment Tilt,CCI,0.02,RealEstate,2021-05-28,-0.193385118477147,0.4,0.15,0.9714089187547142,0.019428178375094286,0.018576429621939103
2021-06-01,2021-05-28,Equity,Equal Weight + Sentiment Tilt,Equity Equal Weight + Sentiment Tilt,CMCSA,0.02,Comm,2021-05-28,0.368440251897108,1.0,0.15,1.0568217317921562,0.021136434635843124,0.020209794397131702
2021-06-01,2021-05-28,Equity,Equal Weight + Sentiment Tilt,Equity Equal Weight + Sentiment Tilt,COP,0.02,Energy,2021-05-28,0.08163390955142706,0.8,0.15,1.0123203644517431,0.020246407289034863,0.01935878664692596
2021-06-01,2021-05-28,Equity,Equal Weight + Sentiment Tilt,Equity Equal Weight + Sentiment Tilt,CVX,0.02,Energy,2021-05-28,0.08163390955142706,0.8,0.15,1.0123203644517431,0.020246407289034863,0.01935878664692596
2021-06-01,2021-05-28,Equity,Equal Weight + Sentiment Tilt,Equity Equal Weight + Sentiment Tilt,D,0.02,Utilities,2021-05-28,0.3477513510206343,0.2,0.15,1.0535471434846961,0.021070942869693923,0.02014717384870979
2021-06-01,2021-05-28,Equity,Equal Weight + Sentiment Tilt,Equity Equal Weight + Sentiment Tilt,DD,0.02,Materials,2021-05-28,0.4202627913316273,0.6,0.15,1.0650688220319489,0.021301376440638977,0.02036750500537039
2021-06-01,2021-05-28,Equity,Equal Weight + Sentiment Tilt,Equity Equal Weight + Sentiment Tilt,DIS,0.02,Consumer,2021-05-28,1.6228861059274702,1.0,0.15,1.2756207410870406,0.02551241482174081,0.02439392768955284
2021-06-01,2021-05-28,Equity,Equal Weight + Sentiment Tilt,Equity Equal Weight + Sentiment Tilt,DOW,0.02,Materials,2021-05-28,0.4202627913316273,0.6,0.15,1.0650688220319489,0.021301376440638977,0.02036750500537039
2021-06-01,2021-05-28,Equity,Equal Weight + Sentiment Tilt,Equity Equal Weight + Sentiment Tilt,DUK,0.02,Utilities,2021-05-28,0.3477513510206343,0.2,0.15,1.0535471434846961,0.021070942869693923,0.02014717384870979
2021-06-01,2021-05-28,Equity,Equal Weight + Sentiment Tilt,Equity Equal Weight + Sentiment Tilt,EA,0.02,Comm,2021-05-28,0.368440251897108,1.0,0.15,1.0568217317921562,0.021136434635843124,0.020209794397131702
2021-06-01,2021-05-28,Equity,Equal Weight + Sentiment Tilt,Equity Equal Weight + Sentiment Tilt,GE,0.02,Industrials,2021-05-28,-0.054377297743404586,0.8,0.15,0.9918765800977618,0.019837531601955238,0.018967836436437183
2021-06-01,2021-05-28,Equity,Equal Weight + Sentiment Tilt,Equity Equal Weight + Sentiment Tilt,GILD,0.02,Healthcare,2021-05-28,0.18778096749514925,0.4,0.15,1.0285675901120976,0.02057135180224195,0.019669485301431054
2021-06-01,2021-05-28,Equity,Equal Weight + Sentiment Tilt,Equity Equal Weight + Sentiment Tilt,GS,0.02,Financials,2021-05-28,-0.6168903607542287,1.0,0.15,0.9116186218968956,0.018232372437937912,0.017433048888850968
2021-06-01,2021-05-28,Equity,Equal Weight + Sentiment Tilt,Equity Equal Weight + Sentiment Tilt,INTC,0.02,Tech,2021-05-28,0.584662907915046,0.8,0.15,1.0916599592341714,0.02183319918468343,0.020876012163651016
2021-06-01,2021-05-28,Equity,Equal Weight + Sentiment Tilt,Equity Equal Weight + Sentiment Tilt,KO,0.02,Consumer,2021-05-28,1.6228861059274702,1.0,0.15,1.2756207410870406,0.02551241482174081,0.02439392768955284
2021-06-01,2021-05-28,Equity,Equal Weight + Sentiment Tilt,Equity Equal Weight + Sentiment Tilt,MMM,0.02,Industrials,2021-05-28,-0.054377297743404586,0.8,0.15,0.9918765800977618,0.019837531601955238,0.018967836436437183
2021-06-01,2021-05-28,Equity,Equal Weight + Sentiment Tilt,Equity Equal Weight + Sentiment Tilt,MRK,0.02,Healthcare,2021-05-28,0.18778096749514925,0.4,0.15,1.0285675901120976,0.02057135180224195,0.019669485301431054
2021-06-01,2021-05-28,Equity,Equal Weight + Sentiment Tilt,Equity Equal Weight + Sentiment Tilt,MS,0.02,Financials,2021-05-28,-0.6168903607542287,1.0,0.15,0.9116186218968956,0.018232372437937912,0.017433048888850968
2021-06-01,2021-05-28,Equity,Equal Weight + Sentiment Tilt,Equity Equal Weight + Sentiment Tilt,NEE,0.02,Utilities,2021-05-28,0.3477513510206343,0.2,0.15,1.0535471434846961,0.021070942869693923,0.02014717384870979
2021-06-01,2021-05-28,Equity,Equal Weight + Sentiment Tilt,Equity Equal Weight + Sentiment Tilt,NEM,0.02,Materials,2021-05-28,0.4202627913316273,0.6,0.15,1.0650688220319489,0.021301376440638977,0.02036750500537039
2021-06-01,2021-05-28,Equity,Equal Weight + Sentiment Tilt,Equity Equal Weight + Sentiment Tilt,NKE,0.02,Consumer,2021-05-28,1.6228861059274702,1.0,0.15,1.2756207410870406,0.02551241482174081,0.02439392768955284
2021-06-01,2021-05-28,Equity,Equal Weight + Sentiment Tilt,Equity Equal Weight + Sentiment Tilt,NUE,0.02,Materials,2021-05-28,0.4202627913316273,0.6,0.15,1.0650688220319489,0.021301376440638977,0.02036750500537039
2021-06-01,2021-05-28,Equity,Equal Weight + Sentiment Tilt,Equity Equal Weight + Sentiment Tilt,NVDA,0.02,Tech,2021-05-28,0.584662907915046,0.8,0.15,1.0916599592341714,0.02183319918468343,0.020876012163651016
2021-06-01,2021-05-28,Equity,Equal Weight + Sentiment Tilt,Equity Equal Weight + Sentiment Tilt,O,0.02,RealEstate,2021-05-28,-0.193385118477147,0.4,0.15,0.9714089187547142,0.019428178375094286,0.018576429621939103
2021-06-01,2021-05-28,Equity,Equal Weight + Sentiment Tilt,Equity Equal Weight + Sentiment Tilt,OXY,0.02,Energy,2021-05-28,0.08163390955142706,0.8,0.15,1.0123203644517431,0.020246407289034863,0.01935878664692596
2021-06-01,2021-05-28,Equity,Equal Weight + Sentiment Tilt,Equity Equal Weight + Sentiment Tilt,PLD,0.02,RealEstate,2021-05-28,-0.193385118477147,0.4,0.15,0.9714089187547142,0.019428178375094286,0.018576429621939103
2021-06-01,2021-05-28,Equity,Equal Weight + Sentiment Tilt,Equity Equal Weight + Sentiment Tilt,PSA,0.02,RealEstate,2021-05-28,-0.193385118477147,0.4,0.15,0.9714089187547142,0.019428178375094286,0.018576429621939103
2021-06-01,2021-05-28,Equity,Equal Weight + Sentiment Tilt,Equity Equal Weight + Sentiment Tilt,QCOM,0.02,Tech,2021-05-28,0.584662907915046,0.8,0.15,1.0916599592341714,0.02183319918468343,0.020876012163651016
2021-06-01,2021-05-28,Equity,Equal Weight + Sentiment Tilt,Equity Equal Weight + Sentiment Tilt,SBUX,0.02,Consumer,2021-05-28,1.6228861059274702,1.0,0.15,1.2756207410870406,0.02551241482174081,0.02439392768955284
2021-06-01,2021-05-28,Equity,Equal Weight + Sentiment Tilt,Equity Equal Weight + Sentiment Tilt,SHW,0.02,Materials,2021-05-28,0.4202627913316273,0.6,0.15,1.0650688220319489,0.021301376440638977,0.02036750500537039
2021-06-01,2021-05-28,Equity,Equal Weight + Sentiment Tilt,Equity Equal Weight + Sentiment Tilt,SLB,0.02,Energy,2021-05-28,0.08163390955142706,0.8,0.15,1.0123203644517431,0.020246407289034863,0.01935878664692596
2021-06-01,2021-05-28,Equity,Equal Weight + Sentiment Tilt,Equity Equal Weight + Sentiment Tilt,SO,0.02,Utilities,2021-05-28,0.3477513510206343,0.2,0.15,1.0535471434846961,0.021070942869693923,0.02014717384870979
2021-06-01,2021-05-28,Equity,Equal Weight + Sentiment Tilt,Equity Equal Weight + Sentiment Tilt,T,0.02,Comm,2021-05-28,0.368440251897108,1.0,0.15,1.0568217317921562,0.021136434635843124,0.020209794397131702
2021-06-01,2021-05-28,Equity,Equal Weight + Sentiment Tilt,Equity Equal Weight + Sentiment Tilt,TMUS,0.02,Comm,2021-05-28,0.368440251897108,1.0,0.15,1.0568217317921562,0.021136434635843124,0.020209794397131702
2021-06-01,2021-05-28,Equity,Equal Weight + Sentiment Tilt,Equity Equal Weight + Sentiment Tilt,TTWO,0.02,Comm,2021-05-28,0.368440251897108,1.0,0.15,1.0568217317921562,0.021136434635843124,0.020209794397131702
2021-06-01,2021-05-28,Equity,Equal Weight + Sentiment Tilt,Equity Equal Weight + Sentiment Tilt,UPS,0.02,Industrials,2021-05-28,-0.054377297743404586,0.8,0.15,0.9918765800977618,0.019837531601955238,0.018967836436437183
2021-06-01,2021-05-28,Equity,Equal Weight + Sentiment Tilt,Equity Equal Weight + Sentiment Tilt,USB,0.02,Financials,2021-05-28,-0.6168903607542287,1.0,0.15,0.9116186218968956,0.018232372437937912,0.017433048888850968
2021-06-01,2021-05-28,Equity,Equal Weight + Sentiment Tilt,Equity Equal Weight + Sentiment Tilt,V,0.02,Financials,2021-05-28,-0.6168903607542287,1.0,0.15,0.9116186218968956,0.018232372437937912,0.017433048888850968
2021-06-01,2021-05-28,Equity,Equal Weight + Sentiment Tilt,Equity Equal Weight + Sentiment Tilt,WFC,0.02,Financials,2021-05-28,-0.6168903607542287,1.0,0.15,0.9116186218968956,0.018232372437937912,0.017433048888850968
2021-06-01,2021-05-28,Equity,Equal Weight + Sentiment Tilt,Equity Equal Weight + Sentiment Tilt,WMT,0.02,Consumer,2021-05-28,1.6228861059274702,1.0,0.15,1.2756207410870406,0.02551241482174081,0.02439392768955284
2021-06-01,2021-05-28,Equity,Equal Weight + Sentiment Tilt,Equity Equal Weight + Sentiment Tilt,XOM,0.02,Energy,2021-05-28,0.08163390955142706,0.8,0.15,1.0123203644517431,0.020246407289034863,0.01935878664692596
2021-07-01,2021-06-30,Equity,Equal Weight + Sentiment Tilt,Equity Equal Weight + Sentiment Tilt,ABBV,0.02,Healthcare,2021-06-30,-0.4975087622394215,0.6,0.15,0.9280902355529158,0.018561804711058318,0.0173806756819883
2021-07-01,2021-06-30,Equity,Equal Weight + Sentiment Tilt,Equity Equal Weight + Sentiment Tilt,ABT,0.02,Healthcare,2021-06-30,-0.4975087622394215,0.6,0.15,0.9280902355529158,0.018561804711058318,0.0173806756819883
2021-07-01,2021-06-30,Equity,Equal Weight + Sentiment Tilt,Equity Equal Weight + Sentiment Tilt,ADBE,0.02,Tech,2021-06-30,1.2172954613362525,0.6,0.15,1.200327359531437,0.02400654719062874,0.022478957055080215
2021-07-01,2021-06-30,Equity,Equal Weight + Sentiment Tilt,Equity Equal Weight + Sentiment Tilt,AEP,0.02,Utilities,2021-06-30,0.28009996750142585,0.2,0.15,1.0429101172013069,0.020858202344026137,0.01953094841229673
2021-07-01,2021-06-30,Equity,Equal Weight + Sentiment Tilt,Equity Equal Weight + Sentiment Tilt,AMD,0.02,Tech,2021-06-30,1.2172954613362525,0.6,0.15,1.200327359531437,0.02400654719062874,0.022478957055080215
2021-07-01,2021-06-30,Equity,Equal Weight + Sentiment Tilt,Equity Equal Weight + Sentiment Tilt,AMGN,0.02,Healthcare,2021-06-30,-0.4975087622394215,0.6,0.15,0.9280902355529158,0.018561804711058318,0.0173806756819883
2021-07-01,2021-06-30,Equity,Equal Weight + Sentiment Tilt,Equity Equal Weight + Sentiment Tilt,AMT,0.02,RealEstate,2021-06-30,-0.13583671762963934,0.2,0.15,0.9798306703101463,0.019596613406202924,0.018349637192099158
2021-07-01,2021-06-30,Equity,Equal Weight + Sentiment Tilt,Equity Equal Weight + Sentiment Tilt,BA,0.02,Industrials,2021-06-30,0.8097559969474016,0.6,0.15,1.1291480378336387,0.022582960756672776,0.021145956600704882
2021-07-01,2021-06-30,Equity,Equal Weight + Sentiment Tilt,Equity Equal Weight + Sentiment Tilt,CAT,0.02,Industrials,2021-06-30,0.8097559969474016,0.6,0.15,1.1291480378336387,0.022582960756672776,0.021145956600704882
2021-07-01,2021-06-30,Equity,Equal Weight + Sentiment Tilt,Equity Equal Weight + Sentiment Tilt,CCI,0.02,RealEstate,2021-06-30,-0.13583671762963934,0.2,0.15,0.9798306703101463,0.019596613406202924,0.018349637192099158
2021-07-01,2021-06-30,Equity,Equal Weight + Sentiment Tilt,Equity Equal Weight + Sentiment Tilt,CMCSA,0.02,Comm,2021-06-30,0.37458342524327604,0.6,0.15,1.0577960164773537,0.021155920329547075,0.019809721938448075
2021-07-01,2021-06-30,Equity,Equal Weight + Sentiment Tilt,Equity Equal Weight + Sentiment Tilt,COP,0.02,Energy,2021-06-30,3.1551948768385656,0.8,0.15,1.5683121854901687,0.03136624370980338,0.029370339671632873
2021-07-01,2021-06-30,Equity,Equal Weight + Sentiment Tilt,Equity Equal Weight + Sentiment Tilt,CVX,0.02,Energy,2021-06-30,3.1551948768385656,0.8,0.15,1.5683121854901687,0.03136624370980338,0.029370339671632873
2021-07-01,2021-06-30,Equity,Equal Weight + Sentiment Tilt,Equity Equal Weight + Sentiment Tilt,D,0.02,Utilities,2021-06-30,0.28009996750142585,0.2,0.15,1.0429101172013069,0.020858202344026137,0.01953094841229673
2021-07-01,2021-06-30,Equity,Equal Weight + Sentiment Tilt,Equity Equal Weight + Sentiment Tilt,DD,0.02,Materials,2021-06-29,-0.28504147701935806,0.2,0.15,0.9581449366838163,0.019162898733676326,0.017943520751427116
2021-07-01,2021-06-30,Equity,Equal Weight + Sentiment Tilt,Equity Equal Weight + Sentiment Tilt,DIS,0.02,Consumer,2021-06-30,-1.4690754135094939,1.0,0.15,0.8022288906459971,0.016044577812919944,0.015023625545130894
2021-07-01,2021-06-30,Equity,Equal Weight + Sentiment Tilt,Equity Equal Weight + Sentiment Tilt,DOW,0.02,Materials,2021-06-29,-0.28504147701935806,0.2,0.15,0.9581449366838163,0.019162898733676326,0.017943520751427116
2021-07-01,2021-06-30,Equity,Equal Weight + Sentiment Tilt,Equity Equal Weight + Sentiment Tilt,DUK,0.02,Utilities,2021-06-30,0.28009996750142585,0.2,0.15,1.0429101172013069,0.020858202344026137,0.01953094841229673
2021-07-01,2021-06-30,Equity,Equal Weight + Sentiment Tilt,Equity Equal Weight + Sentiment Tilt,EA,0.02,Comm,2021-06-30,0.37458342524327604,0.6,0.15,1.0577960164773537,0.021155920329547075,0.019809721938448075
2021-07-01,2021-06-30,Equity,Equal Weight + Sentiment Tilt,Equity Equal Weight + Sentiment Tilt,GE,0.02,Industrials,2021-06-30,0.8097559969474016,0.6,0.15,1.1291480378336387,0.022582960756672776,0.021145956600704882
2021-07-01,2021-06-30,Equity,Equal Weight + Sentiment Tilt,Equity Equal Weight + Sentiment Tilt,GILD,0.02,Healthcare,2021-06-30,-0.4975087622394215,0.6,0.15,0.9280902355529158,0.018561804711058318,0.0173806756819883
2021-07-01,2021-06-30,Equity,Equal Weight + Sentiment Tilt,Equity Equal Weight + Sentiment Tilt,GS,0.02,Financials,2021-06-30,0.08463420934136165,1.0,0.15,1.0127760566715687,0.020255521133431372,0.018966617151191762
2021-07-01,2021-06-30,Equity,Equal Weight + Sentiment Tilt,Equity Equal Weight + Sentiment Tilt,INTC,0.02,Tech,2021-06-30,1.2172954613362525,0.6,0.15,1.200327359531437,0.02400654719062874,0.022478957055080215
2021-07-01,2021-06-30,Equity,Equal Weight + Sentiment Tilt,Equity Equal Weight + Sentiment Tilt,KO,0.02,Consumer,2021-06-30,-1.4690754135094939,1.0,0.15,0.8022288906459971,0.016044577812919944,0.015023625545130894
2021-07-01,2021-06-30,Equity,Equal Weight + Sentiment Tilt,Equity Equal Weight + Sentiment Tilt,MMM,0.02,Industrials,2021-06-30,0.8097559969474016,0.6,0.15,1.1291480378336387,0.022582960756672776,0.021145956600704882
2021-07-01,2021-06-30,Equity,Equal Weight + Sentiment Tilt,Equity Equal Weight + Sentiment Tilt,MRK,0.02,Healthcare,2021-06-30,-0.4975087622394215,0.6,0.15,0.9280902355529158,0.018561804711058318,0.0173806756819883
2021-07-01,2021-06-30,Equity,Equal Weight + Sentiment Tilt,Equity Equal Weight + Sentiment Tilt,MS,0.02,Financials,2021-06-30,0.08463420934136165,1.0,0.15,1.0127760566715687,0.020255521133431372,0.018966617151191762
2021-07-01,2021-06-30,Equity,Equal Weight + Sentiment Tilt,Equity Equal Weight + Sentiment Tilt,NEE,0.02,Utilities,2021-06-30,0.28009996750142585,0.2,0.15,1.0429101172013069,0.020858202344026137,0.01953094841229673
2021-07-01,2021-06-30,Equity,Equal Weight + Sentiment Tilt,Equity Equal Weight + Sentiment Tilt,NEM,0.02,Materials,2021-06-29,-0.28504147701935806,0.2,0.15,0.9581449366838163,0.019162898733676326,0.017943520751427116
2021-07-01,2021-06-30,Equity,Equal Weight + Sentiment Tilt,Equity Equal Weight + Sentiment Tilt,NKE,0.02,Consumer,2021-06-30,-1.4690754135094939,1.0,0.15,0.8022288906459971,0.016044577812919944,0.015023625545130894
2021-07-01,2021-06-30,Equity,Equal Weight + Sentiment Tilt,Equity Equal Weight + Sentiment Tilt,NUE,0.02,Materials,2021-06-29,-0.28504147701935806,0.2,0.15,0.9581449366838163,0.019162898733676326,0.017943520751427116
2021-07-01,2021-06-30,Equity,Equal Weight + Sentiment Tilt,Equity Equal Weight + Sentiment Tilt,NVDA,0.02,Tech,2021-06-30,1.2172954613362525,0.6,0.15,1.200327359531437,0.02400654719062874,0.022478957055080215
2021-07-01,2021-06-30,Equity,Equal Weight + Sentiment Tilt,Equity Equal Weight + Sentiment Tilt,O,0.02,RealEstate,2021-06-30,-0.13583671762963934,0.2,0.15,0.9798306703101463,0.019596613406202924,0.018349637192099158
2021-07-01,2021-06-30,Equity,Equal Weight + Sentiment Tilt,Equity Equal Weight + Sentiment Tilt,OXY,0.02,Energy,2021-06-30,3.1551948768385656,0.8,0.15,1.5683121854901687,0.03136624370980338,0.029370339671632873
2021-07-01,2021-06-30,Equity,Equal Weight + Sentiment Tilt,Equity Equal Weight + Sentiment Tilt,PLD,0.02,RealEstate,2021-06-30,-0.13583671762963934,0.2,0.15,0.9798306703101463,0.019596613406202924,0.018349637192099158
2021-07-01,2021-06-30,Equity,Equal Weight + Sentiment Tilt,Equity Equal Weight + Sentiment Tilt,PSA,0.02,RealEstate,2021-06-30,-0.13583671762963934,0.2,0.15,0.9798306703101463,0.019596613406202924,0.018349637192099158
2021-07-01,2021-06-30,Equity,Equal Weight + Sentiment Tilt,Equity Equal Weight + Sentiment Tilt,QCOM,0.02,Tech,2021-06-30,1.2172954613362525,0.6,0.15,1.200327359531437,0.02400654719062874,0.022478957055080215
2021-07-01,2021-06-30,Equity,Equal Weight + Sentiment Tilt,Equity Equal Weight + Sentiment Tilt,SBUX,0.02,Consumer,2021-06-30,-1.4690754135094939,1.0,0.15,0.8022288906459971,0.016044577812919944,0.015023625545130894
2021-07-01,2021-06-30,Equity,Equal Weight + Sentiment Tilt,Equity Equal Weight + Sentiment Tilt,SHW,0.02,Materials,2021-06-29,-0.28504147701935806,0.2,0.15,0.9581449366838163,0.019162898733676326,0.017943520751427116
2021-07-01,2021-06-30,Equity,Equal Weight + Sentiment Tilt,Equity Equal Weight + Sentiment Tilt,SLB,0.02,Energy,2021-06-30,3.1551948768385656,0.8,0.15,1.5683121854901687,0.03136624370980338,0.029370339671632873
2021-07-01,2021-06-30,Equity,Equal Weight + Sentiment Tilt,Equity Equal Weight + Sentiment Tilt,SO,0.02,Utilities,2021-06-30,0.28009996750142585,0.2,0.15,1.0429101172013069,0.020858202344026137,0.01953094841229673
2021-07-01,2021-06-30,Equity,Equal Weight + Sentiment Tilt,Equity Equal Weight + Sentiment Tilt,T,0.02,Comm,2021-06-30,0.37458342524327604,0.6,0.15,1.0577960164773537,0.021155920329547075,0.019809721938448075
2021-07-01,2021-06-30,Equity,Equal Weight + Sentiment Tilt,Equity Equal Weight + Sentiment Tilt,TMUS,0.02,Comm,2021-06-30,0.37458342524327604,0.6,0.15,1.0577960164773537,0.021155920329547075,0.019809721938448075
2021-07-01,2021-06-30,Equity,Equal Weight + Sentiment Tilt,Equity Equal Weight + Sentiment Tilt,TTWO,0.02,Comm,2021-06-30,0.37458342524327604,0.6,0.15,1.0577960164773537,0.021155920329547075,0.019809721938448075
2021-07-01,2021-06-30,Equity,Equal Weight + Sentiment Tilt,Equity Equal Weight + Sentiment Tilt,UPS,0.02,Industrials,2021-06-30,0.8097559969474016,0.6,0.15,1.1291480378336387,0.022582960756672776,0.021145956600704882
2021-07-01,2021-06-30,Equity,Equal Weight + Sentiment Tilt,Equity Equal Weight + Sentiment Tilt,USB,0.02,Financials,2021-06-30,0.08463420934136165,1.0,0.15,1.0127760566715687,0.020255521133431372,0.018966617151191762
2021-07-01,2021-06-30,Equity,Equal Weight + Sentiment Tilt,Equity Equal Weight + Sentiment Tilt,V,0.02,Financials,2021-06-30,0.08463420934136165,1.0,0.15,1.0127760566715687,0.020255521133431372,0.018966617151191762
2021-07-01,2021-06-30,Equity,Equal Weight + Sentiment Tilt,Equity Equal Weight + Sentiment Tilt,WFC,0.02,Financials,2021-06-30,0.08463420934136165,1.0,0.15,1.0127760566715687,0.020255521133431372,0.018966617151191762
2021-07-01,2021-06-30,Equity,Equal Weight + Sentiment Tilt,Equity Equal Weight + Sentiment Tilt,WMT,0.02,Consumer,2021-06-30,-1.4690754135094939,1.0,0.15,0.8022288906459971,0.016044577812919944,0.015023625545130894
2021-07-01,2021-06-30,Equity,Equal Weight + Sentiment Tilt,Equity Equal Weight + Sentiment Tilt,XOM,0.02,Energy,2021-06-30,3.1551948768385656,0.8,0.15,1.5683121854901687,0.03136624370980338,0.029370339671632873
2021-08-02,2021-07-30,Equity,Equal Weight + Sentiment Tilt,Equity Equal Weight + Sentiment Tilt,ABBV,0.02,Healthcare,2021-07-30,-0.16693279318971388,0.6,0.15,0.9752709794300454,0.019505419588600907,0.01840785144195957
2021-08-02,2021-07-30,Equity,Equal Weight + Sentiment Tilt,Equity Equal Weight + Sentiment Tilt,ABT,0.02,Healthcare,2021-07-30,-0.16693279318971388,0.6,0.15,0.9752709794300454,0.019505419588600907,0.01840785144195957
2021-08-02,2021-07-30,Equity,Equal Weight + Sentiment Tilt,Equity Equal Weight + Sentiment Tilt,ADBE,0.02,Tech,2021-07-30,0.11765087792693574,0.4,0.15,1.0178042712234,0.020356085424468,0.019210650390337126
2021-08-02,2021-07-30,Equity,Equal Weight + Sentiment Tilt,Equity Equal Weight + Sentiment Tilt,AEP,0.02,Utilities,2021-07-30,0.14631954662569416,0.4,0.15,1.0221905596604528,0.020443811193209056,0.019293439838227844
2021-08-02,2021-07-30,Equity,Equal Weight + Sentiment Tilt,Equity Equal Weight + Sentiment Tilt,AMD,0.02,Tech,2021-07-30,0.11765087792693574,0.4,0.15,1.0178042712234,0.020356085424468,0.019210650390337126
2021-08-02,2021-07-30,Equity,Equal Weight + Sentiment Tilt,Equity Equal Weight + Sentiment Tilt,AMGN,0.02,Healthcare,2021-07-30,-0.16693279318971388,0.6,0.15,0.9752709794300454,0.019505419588600907,0.01840785144195957
2021-08-02,2021-07-30,Equity,Equal Weight + Sentiment Tilt,Equity Equal Weight + Sentiment Tilt,AMT,0.02,RealEstate,2021-07-30,-0.5786616790992599,0.4,0.15,0.9168611353227938,0.018337222706455877,0.017305388889754175
2021-08-02,2021-07-30,Equity,Equal Weight + Sentiment Tilt,Equity Equal Weight + Sentiment Tilt,BA,0.02,Industrials,2021-07-30,0.4968800552052079,0.6,0.15,1.0773798280464009,0.021547596560928018,0.02033511530593496
2021-08-02,2021-07-30,Equity,Equal Weight + Sentiment Tilt,Equity Equal Weight + Sentiment Tilt,CAT,0.02,Industrials,2021-07-30,0.4968800552052079,0.6,0.15,1.0773798280464009,0.021547596560928018,0.02033511530593496
2021-08-02,2021-07-30,Equity,Equal Weight + Sentiment Tilt,Equity Equal Weight + Sentiment Tilt,CCI,0.02,RealEstate,2021-07-30,-0.5786616790992599,0.4,0.15,0.9168611353227938,0.018337222706455877,0.017305388889754175
2021-08-02,2021-07-30,Equity,Equal Weight + Sentiment Tilt,Equity Equal Weight + Sentiment Tilt,CMCSA,0.02,Comm,2021-07-30,0.5651846759446095,0.6,0.15,1.0884750733080233,0.021769501466160465,0.020544533642782643
2021-08-02,2021-07-30,Equity,Equal Weight + Sentiment Tilt,Equity Equal Weight + Sentiment Tilt,COP,0.02,Energy,2021-07-30,-0.046862958162378024,0.4,0.15,0.9929952050256965,0.01985990410051393,0.018742389143347134
2021-08-02,2021-07-30,Equity,Equal Weight + Sentiment Tilt,Equity Equal Weight + Sentiment Tilt,CVX,0.02,Energy,2021-07-30,-0.046862958162378024,0.4,0.15,0.9929952050256965,0.01985990410051393,0.018742389143347134
2021-08-02,2021-07-30,Equity,Equal Weight + Sentiment Tilt,Equity Equal Weight + Sentiment Tilt,D,0.02,Utilities,2021-07-30,0.14631954662569416,0.4,0.15,1.0221905596604528,0.020443811193209056,0.019293439838227844
2021-08-02,2021-07-30,Equity,Equal Weight + Sentiment Tilt,Equity Equal Weight + Sentiment Tilt,DD,0.02,Materials,2021-07-30,0.6924014548695384,0.2,0.15,1.1094453638401847,0.022188907276803695,0.02094033952745723
2021-08-02,2021-07-30,Equity,Equal Weight + Sentiment Tilt,Equity Equal Weight + Sentiment Tilt,DIS,0.02,Consumer,2021-07-30,1.1003072733127472,1.0,0.15,1.1794474793687422,0.023588949587374845,0.02226160158738814
2021-08-02,2021-07-30,Equity,Equal Weight + Sentiment Tilt,Equity Equal Weight + Sentiment Tilt,DOW,0.02,Materials,2021-07-30,0.6924014548695384,0.2,0.15,1.1094453638401847,0.022188907276803695,0.02094033952745723
2021-08-02,2021-07-30,Equity,Equal Weight + Sentiment Tilt,Equity Equal Weight + Sentiment Tilt,DUK,0.02,Utilities,2021-07-30,0.14631954662569416,0.4,0.15,1.0221905596604528,0.020443811193209056,0.019293439838227844
2021-08-02,2021-07-30,Equity,Equal Weight + Sentiment Tilt,Equity Equal Weight + Sentiment Tilt,EA,0.02,Comm,2021-07-30,0.5651846759446095,0.6,0.15,1.0884750733080233,0.021769501466160465,0.020544533642782643
2021-08-02,2021-07-30,Equity,Equal Weight + Sentiment Tilt,Equity Equal Weight + Sentiment Tilt,GE,0.02,Industrials,2021-07-30,0.4968800552052079,0.6,0.15,1.0773798280464009,0.021547596560928018,0.02033511530593496
2021-08-02,2021-07-30,Equity,Equal Weight + Sentiment Tilt,Equity Equal Weight + Sentiment Tilt,GILD,0.02,Healthcare,2021-07-30,-0.16693279318971388,0.6,0.15,0.9752709794300454,0.019505419588600907,0.01840785144195957
2021-08-02,2021-07-30,Equity,Equal Weight + Sentiment Tilt,Equity Equal Weight + Sentiment Tilt,GS,0.02,Financials,2021-07-30,1.3058621522246334,0.4,0.15,1.2163801071724178,0.024327602143448358,0.022958690232811132
2021-08-02,2021-07-30,Equity,Equal Weight + Sentiment Tilt,Equity Equal Weight + Sentiment Tilt,INTC,0.02,Tech,2021-07-30,0.11765087792693574,0.4,0.15,1.0178042712234,0.020356085424468,0.019210650390337126
2021-08-02,2021-07-30,Equity,Equal Weight + Sentiment Tilt,Equity Equal Weight + Sentiment Tilt,KO,0.02,Consumer,2021-07-30,1.1003072733127472,1.0,0.15,1.1794474793687422,0.023588949587374845,0.02226160158738814
2021-08-02,2021-07-30,Equity,Equal Weight + Sentiment Tilt,Equity Equal Weight + Sentiment Tilt,MMM,0.02,Industrials,2021-07-30,0.4968800552052079,0.6,0.15,1.0773798280464009,0.021547596560928018,0.02033511530593496
2021-08-02,2021-07-30,Equity,Equal Weight + Sentiment Tilt,Equity Equal Weight + Sentiment Tilt,MRK,0.02,Healthcare,2021-07-30,-0.16693279318971388,0.6,0.15,0.9752709794300454,0.019505419588600907,0.01840785144195957
2021-08-02,2021-07-30,Equity,Equal Weight + Sentiment Tilt,Equity Equal Weight + Sentiment Tilt,MS,0.02,Financials,2021-07-30,1.3058621522246334,0.4,0.15,1.2163801071724178,0.024327602143448358,0.022958690232811132
2021-08-02,2021-07-30,Equity,Equal Weight + Sentiment Tilt,Equity Equal Weight + Sentiment Tilt,NEE,0.02,Utilities,2021-07-30,0.14631954662569416,0.4,0.15,1.0221905596604528,0.020443811193209056,0.019293439838227844
2021-08-02,2021-07-30,Equity,Equal Weight + Sentiment Tilt,Equity Equal Weight + Sentiment Tilt,NEM,0.02,Materials,2021-07-30,0.6924014548695384,0.2,0.15,1.1094453638401847,0.022188907276803695,0.02094033952745723
2021-08-02,2021-07-30,Equity,Equal Weight + Sentiment Tilt,Equity Equal Weight + Sentiment Tilt,NKE,0.02,Consumer,2021-07-30,1.1003072733127472,1.0,0.15,1.1794474793687422,0.023588949587374845,0.02226160158738814
2021-08-02,2021-07-30,Equity,Equal Weight + Sentiment Tilt,Equity Equal Weight + Sentiment Tilt,NUE,0.02,Materials,2021-07-30,0.6924014548695384,0.2,0.15,1.1094453638401847,0.022188907276803695,0.02094033952745723
2021-08-02,2021-07-30,Equity,Equal Weight + Sentiment Tilt,Equity Equal Weight + Sentiment Tilt,NVDA,0.02,Tech,2021-07-30,0.11765087792693574,0.4,0.15,1.0178042712234,0.020356085424468,0.019210650390337126
2021-08-02,2021-07-30,Equity,Equal Weight + Sentiment Tilt,Equity Equal Weight + Sentiment Tilt,O,0.02,RealEstate,2021-07-30,-0.5786616790992599,0.4,0.15,0.9168611353227938,0.018337222706455877,0.017305388889754175
2021-08-02,2021-07-30,Equity,Equal Weight + Sentiment Tilt,Equity Equal Weight + Sentiment Tilt,OXY,0.02,Energy,2021-07-30,-0.046862958162378024,0.4,0.15,0.9929952050256965,0.01985990410051393,0.018742389143347134
2021-08-02,2021-07-30,Equity,Equal Weight + Sentiment Tilt,Equity Equal Weight + Sentiment Tilt,PLD,0.02,RealEstate,2021-07-30,-0.5786616790992599,0.4,0.15,0.9168611353227938,0.018337222706455877,0.017305388889754175
2021-08-02,2021-07-30,Equity,Equal Weight + Sentiment Tilt,Equity Equal Weight + Sentiment Tilt,PSA,0.02,RealEstate,2021-07-30,-0.5786616790992599,0.4,0.15,0.9168611353227938,0.018337222706455877,0.017305388889754175
2021-08-02,2021-07-30,Equity,Equal Weight + Sentiment Tilt,Equity Equal Weight + Sentiment Tilt,QCOM,0.02,Tech,2021-07-30,0.11765087792693574,0.4,0.15,1.0178042712234,0.020356085424468,0.019210650390337126
2021-08-02,2021-07-30,Equity,Equal Weight + Sentiment Tilt,Equity Equal Weight + Sentiment Tilt,SBUX,0.02,Consumer,2021-07-30,1.1003072733127472,1.0,0.15,1.1794474793687422,0.023588949587374845,0.02226160158738814
2021-08-02,2021-07-30,Equity,Equal Weight + Sentiment Tilt,Equity Equal Weight + Sentiment Tilt,SHW,0.02,Materials,2021-07-30,0.6924014548695384,0.2,0.15,1.1094453638401847,0.022188907276803695,0.02094033952745723
2021-08-02,2021-07-30,Equity,Equal Weight + Sentiment Tilt,Equity Equal Weight + Sentiment Tilt,SLB,0.02,Energy,2021-07-30,-0.046862958162378024,0.4,0.15,0.9929952050256965,0.01985990410051393,0.018742389143347134
2021-08-02,2021-07-30,Equity,Equal Weight + Sentiment Tilt,Equity Equal Weight + Sentiment Tilt,SO,0.02,Utilities,2021-07-30,0.14631954662569416,0.4,0.15,1.0221905596604528,0.020443811193209056,0.019293439838227844
2021-08-02,2021-07-30,Equity,Equal Weight + Sentiment Tilt,Equity Equal Weight + Sentiment Tilt,T,0.02,Comm,2021-07-30,0.5651846759446095,0.6,0.15,1.0884750733080233,0.021769501466160465,0.020544533642782643
2021-08-02,2021-07-30,Equity,Equal Weight + Sentiment Tilt,Equity Equal Weight + Sentiment Tilt,TMUS,0.02,Comm,2021-07-30,0.5651846759446095,0.6,0.15,1.0884750733080233,0.021769501466160465,0.020544533642782643
2021-08-02,2021-07-30,Equity,Equal Weight + Sentiment Tilt,Equity Equal Weight + Sentiment Tilt,TTWO,0.02,Comm,2021-07-30,0.5651846759446095,0.6,0.15,1.0884750733080233,0.021769501466160465,0.020544533642782643
2021-08-02,2021-07-30,Equity,Equal Weight + Sentiment Tilt,Equity Equal Weight + Sentiment Tilt,UPS,0.02,Industrials,2021-07-30,0.4968800552052079,0.6,0.15,1.0773798280464009,0.021547596560928018,0.02033511530593496
2021-08-02,2021-07-30,Equity,Equal Weight + Sentiment Tilt,Equity Equal Weight + Sentiment Tilt,USB,0.02,Financials,2021-07-30,1.3058621522246334,0.4,0.15,1.2163801071724178,0.024327602143448358,0.022958690232811132
2021-08-02,2021-07-30,Equity,Equal Weight + Sentiment Tilt,Equity Equal Weight + Sentiment Tilt,V,0.02,Financials,2021-07-30,1.3058621522246334,0.4,0.15,1.2163801071724178,0.024327602143448358,0.022958690232811132
2021-08-02,2021-07-30,Equity,Equal Weight + Sentiment Tilt,Equity Equal Weight + Sentiment Tilt,WFC,0.02,Financials,2021-07-30,1.3058621522246334,0.4,0.15,1.2163801071724178,0.024327602143448358,0.022958690232811132
2021-08-02,2021-07-30,Equity,Equal Weight + Sentiment Tilt,Equity Equal Weight + Sentiment Tilt,WMT,0.02,Consumer,2021-07-30,1.1003072733127472,1.0,0.15,1.1794474793687422,0.023588949587374845,0.02226160158738814
2021-08-02,2021-07-30,Equity,Equal Weight + Sentiment Tilt,Equity Equal Weight + Sentiment Tilt,XOM,0.02,Energy,2021-07-30,-0.046862958162378024,0.4,0.15,0.9929952050256965,0.01985990410051393,0.018742389143347134
2021-09-01,2021-08-31,Equity,Equal Weight + Sentiment Tilt,Equity Equal Weight + Sentiment Tilt,ABBV,0.02,Healthcare,2021-08-31,0.6700606329729174,1.0,0.15,1.1057336982465524,0.02211467396493105,0.021584288414252997
2021-09-01,2021-08-31,Equity,Equal Weight + Sentiment Tilt,Equity Equal Weight + Sentiment Tilt,ABT,0.02,Healthcare,2021-08-31,0.6700606329729174,1.0,0.15,1.1057336982465524,0.02211467396493105,0.021584288414252997
2021-09-01,2021-08-31,Equity,Equal Weight + Sentiment Tilt,Equity Equal Weight + Sentiment Tilt,ADBE,0.02,Tech,2021-08-31,1.2727141895551644,0.6,0.15,1.2103470400355494,0.024206940800710987,0.023626375532275378
2021-09-01,2021-08-31,Equity,Equal Weight + Sentiment Tilt,Equity Equal Weight + Sentiment Tilt,AEP,0.02,Utilities,2021-08-31,0.5279514601808399,0.4,0.15,1.0824129035325782,0.021648258070651565,0.02112905876903713
2021-09-01,2021-08-31,Equity,Equal Weight + Sentiment Tilt,Equity Equal Weight + Sentiment Tilt,AMD,0.02,Tech,2021-08-31,1.2727141895551644,0.6,0.15,1.2103470400355494,0.024206940800710987,0.023626375532275378
2021-09-01,2021-08-31,Equity,Equal Weight + Sentiment Tilt,Equity Equal Weight + Sentiment Tilt,AMGN,0.02,Healthcare,2021-08-31,0.6700606329729174,1.0,0.15,1.1057336982465524,0.02211467396493105,0.021584288414252997
2021-09-01,2021-08-31,Equity,Equal Weight + Sentiment Tilt,Equity Equal Weight + Sentiment Tilt,AMT,0.02,RealEstate,2021-08-31,-0.17554075635565344,0.4,0.15,0.9740125275577751,0.019480250551155504,0.01901304748805336
2021-09-01,2021-08-31,Equity,Equal Weight + Sentiment Tilt,Equity Equal Weight + Sentiment Tilt,BA,0.02,Industrials,2021-08-31,-0.20718076077379674,0.4,0.15,0.9694008157066185,0.01938801631413237,0.01892302534362867
2021-09-01,2021-08-31,Equity,Equal Weight + Sentiment Tilt,Equity Equal Weight + Sentiment Tilt,CAT,0.02,Industrials,2021-08-31,-0.20718076077379674,0.4,0.15,0.9694008157066185,0.01938801631413237,0.01892302534362867
2021-09-01,2021-08-31,Equity,Equal Weight + Sentiment Tilt,Equity Equal Weight + Sentiment Tilt,CCI,0.02,RealEstate,2021-08-31,-0.17554075635565344,0.4,0.15,0.9740125275577751,0.019480250551155504,0.01901304748805336
2021-09-01,2021-08-31,Equity,Equal Weight + Sentiment Tilt,Equity Equal Weight + Sentiment Tilt,CMCSA,0.02,Comm,2021-08-31,0.12411412679908751,0.4,0.15,1.018791498044231,0.02037582996088462,0.019887147839164728
2021-09-01,2021-08-31,Equity,Equal Weight + Sentiment Tilt,Equity Equal Weight + Sentiment Tilt,COP,0.02,Energy,2021-08-31,-1.6480137910835968,1.0,0.15,0.7809828654227738,0.015619657308455477,0.015245044480968854
2021-09-01,2021-08-31,Equity,Equal Weight + Sentiment Tilt,Equity Equal Weight + Sentiment Tilt,CVX,0.02,Energy,2021-08-31,-1.6480137910835968,1.0,0.15,0.7809828654227738,0.015619657308455477,0.015245044480968854
2021-09-01,2021-08-31,Equity,Equal Weight + Sentiment Tilt,Equity Equal Weight + Sentiment Tilt,D,0.02,Utilities,2021-08-31,0.5279514601808399,0.4,0.15,1.0824129035325782,0.021648258070651565,0.02112905876903713
2021-09-01,2021-08-31,Equity,Equal Weight + Sentiment Tilt,Equity Equal Weight + Sentiment Tilt,DD,0.02,Materials,2021-08-31,0.11423741178024659,0.4,0.15,1.017283268553089,0.02034566537106178,0.019857706699418953
2021-09-01,2021-08-31,Equity,Equal Weight + Sentiment Tilt,Equity Equal Weight + Sentiment Tilt,DIS,0.02,Consumer,2021-08-31,0.5847805794604028,1.0,0.15,1.0916792280013858,0.02183358456002772,0.021309940495072937
2021-09-01,2021-08-31,Equity,Equal Weight + Sentiment Tilt,Equity Equal Weight + Sentiment Tilt,DOW,0.02,Materials,2021-08-31,0.11423741178024659,0.4,0.15,1.017283268553089,0.02034566537106178,0.019857706699418953
2021-09-01,2021-08-31,Equity,Equal Weight + Sentiment Tilt,Equity Equal Weight + Sentiment Tilt,DUK,0.02,Utilities,2021-08-31,0.5279514601808399,0.4,0.15,1.0824129035325782,0.021648258070651565,0.02112905876903713
2021-09-01,2021-08-31,Equity,Equal Weight + Sentiment Tilt,Equity Equal Weight + Sentiment Tilt,EA,0.02,Comm,2021-08-31,0.12411412679908751,0.4,0.15,1.018791498044231,0.02037582996088462,0.019887147839164728
2021-09-01,2021-08-31,Equity,Equal Weight + Sentiment Tilt,Equity Equal Weight + Sentiment Tilt,GE,0.02,Industrials,2021-08-31,-0.20718076077379674,0.4,0.15,0.9694008157066185,0.01938801631413237,0.01892302534362867
2021-09-01,2021-08-31,Equity,Equal Weight + Sentiment Tilt,Equity Equal Weight + Sentiment Tilt,GILD,0.02,Healthcare,2021-08-31,0.6700606329729174,1.0,0.15,1.1057336982465524,0.02211467396493105,0.021584288414252997
2021-09-01,2021-08-31,Equity,Equal Weight + Sentiment Tilt,Equity Equal Weight + Sentiment Tilt,GS,0.02,Financials,2021-08-31,-0.032855760924080324,0.8,0.15,0.9950837603218331,0.019901675206436664,0.019424364938127013
2021-09-01,2021-08-31,Equity,Equal Weight + Sentiment Tilt,Equity Equal Weight + Sentiment Tilt,INTC,0.02,Tech,2021-08-31,1.2727141895551644,0.6,0.15,1.2103470400355494,0.024206940800710987,0.023626375532275378
2021-09-01,2021-08-31,Equity,Equal Weight + Sentiment Tilt,Equity Equal Weight + Sentiment Tilt,KO,0.02,Consumer,2021-08-31,0.5847805794604028,1.0,0.15,1.0916792280013858,0.02183358456002772,0.021309940495072937
2021-09-01,2021-08-31,Equity,Equal Weight + Sentiment Tilt,Equity Equal Weight + Sentiment Tilt,MMM,0.02,Industrials,2021-08-31,-0.20718076077379674,0.4,0.15,0.9694008157066185,0.01938801631413237,0.01892302534362867
2021-09-01,2021-08-31,Equity,Equal Weight + Sentiment Tilt,Equity Equal Weight + Sentiment Tilt,MRK,0.02,Healthcare,2021-08-31,0.6700606329729174,1.0,0.15,1.1057336982465524,0.02211467396493105,0.021584288414252997
2021-09-01,2021-08-31,Equity,Equal Weight + Sentiment Tilt,Equity Equal Weight + Sentiment Tilt,MS,0.02,Financials,2021-08-31,-0.032855760924080324,0.8,0.15,0.9950837603218331,0.019901675206436664,0.019424364938127013
2021-09-01,2021-08-31,Equity,Equal Weight + Sentiment Tilt,Equity Equal Weight + Sentiment Tilt,NEE,0.02,Utilities,2021-08-31,0.5279514601808399,0.4,0.15,1.0824129035325782,0.021648258070651565,0.02112905876903713
2021-09-01,2021-08-31,Equity,Equal Weight + Sentiment Tilt,Equity Equal Weight + Sentiment Tilt,NEM,0.02,Materials,2021-08-31,0.11423741178024659,0.4,0.15,1.017283268553089,0.02034566537106178,0.019857706699418953
2021-09-01,2021-08-31,Equity,Equal Weight + Sentiment Tilt,Equity Equal Weight + Sentiment Tilt,NKE,0.02,Consumer,2021-08-31,0.5847805794604028,1.0,0.15,1.0916792280013858,0.02183358456002772,0.021309940495072937
2021-09-01,2021-08-31,Equity,Equal Weight + Sentiment Tilt,Equity Equal Weight + Sentiment Tilt,NUE,0.02,Materials,2021-08-31,0.11423741178024659,0.4,0.15,1.017283268553089,0.02034566537106178,0.019857706699418953
2021-09-01,2021-08-31,Equity,Equal Weight + Sentiment Tilt,Equity Equal Weight + Sentiment Tilt,NVDA,0.02,Tech,2021-08-31,1.2727141895551644,0.6,0.15,1.2103470400355494,0.024206940800710987,0.023626375532275378
2021-09-01,2021-08-31,Equity,Equal Weight + Sentiment Tilt,Equity Equal Weight + Sentiment Tilt,O,0.02,RealEstate,2021-08-31,-0.17554075635565344,0.4,0.15,0.9740125275577751,0.019480250551155504,0.01901304748805336
2021-09-01,2021-08-31,Equity,Equal Weight + Sentiment Tilt,Equity Equal Weight + Sentiment Tilt,OXY,0.02,Energy,2021-08-31,-1.6480137910835968,1.0,0.15,0.7809828654227738,0.015619657308455477,0.015245044480968854
2021-09-01,2021-08-31,Equity,Equal Weight + Sentiment Tilt,Equity Equal Weight + Sentiment Tilt,PLD,0.02,RealEstate,2021-08-31,-0.17554075635565344,0.4,0.15,0.9740125275577751,0.019480250551155504,0.01901304748805336
2021-09-01,2021-08-31,Equity,Equal Weight + Sentiment Tilt,Equity Equal Weight + Sentiment Tilt,PSA,0.02,RealEstate,2021-08-31,-0.17554075635565344,0.4,0.15,0.9740125275577751,0.019480250551155504,0.01901304748805336
2021-09-01,2021-08-31,Equity,Equal Weight + Sentiment Tilt,Equity Equal Weight + Sentiment Tilt,QCOM,0.02,Tech,2021-08-31,1.2727141895551644,0.6,0.15,1.2103470400355494,0.024206940800710987,0.023626375532275378
2021-09-01,2021-08-31,Equity,Equal Weight + Sentiment Tilt,Equity Equal Weight + Sentiment Tilt,SBUX,0.02,Consumer,2021-08-31,0.5847805794604028,1.0,0.15,1.0916792280013858,0.02183358456002772,0.021309940495072937
2021-09-01,2021-08-31,Equity,Equal Weight + Sentiment Tilt,Equity Equal Weight + Sentiment Tilt,SHW,0.02,Materials,2021-08-31,0.11423741178024659,0.4,0.15,1.017283268553089,0.02034566537106178,0.019857706699418953
2021-09-01,2021-08-31,Equity,Equal Weight + Sentiment Tilt,Equity Equal Weight + Sentiment Tilt,SLB,0.02,Energy,2021-08-31,-1.6480137910835968,1.0,0.15,0.7809828654227738,0.015619657308455477,0.015245044480968854
2021-09-01,2021-08-31,Equity,Equal Weight + Sentiment Tilt,Equity Equal Weight + Sentiment Tilt,SO,0.02,Utilities,2021-08-31,0.5279514601808399,0.4,0.15,1.0824129035325782,0.021648258070651565,0.02112905876903713
2021-09-01,2021-08-31,Equity,Equal Weight + Sentiment Tilt,Equity Equal Weight + Sentiment Tilt,T,0.02,Comm,2021-08-31,0.12411412679908751,0.4,0.15,1.018791498044231,0.02037582996088462,0.019887147839164728
2021-09-01,2021-08-31,Equity,Equal Weight + Sentiment Tilt,Equity Equal Weight + Sentiment Tilt,TMUS,0.02,Comm,2021-08-31,0.12411412679908751,0.4,0.15,1.018791498044231,0.02037582996088462,0.019887147839164728
2021-09-01,2021-08-31,Equity,Equal Weight + Sentiment Tilt,Equity Equal Weight + Sentiment Tilt,TTWO,0.02,Comm,2021-08-31,0.12411412679908751,0.4,0.15,1.018791498044231,0.02037582996088462,0.019887147839164728
2021-09-01,2021-08-31,Equity,Equal Weight + Sentiment Tilt,Equity Equal Weight + Sentiment Tilt,UPS,0.02,Industrials,2021-08-31,-0.20718076077379674,0.4,0.15,0.9694008157066185,0.01938801631413237,0.01892302534362867
2021-09-01,2021-08-31,Equity,Equal Weight + Sentiment Tilt,Equity Equal Weight + Sentiment Tilt,USB,0.02,Financials,2021-08-31,-0.032855760924080324,0.8,0.15,0.9950837603218331,0.019901675206436664,0.019424364938127013
2021-09-01,2021-08-31,Equity,Equal Weight + Sentiment Tilt,Equity Equal Weight + Sentiment Tilt,V,0.02,Financials,2021-08-31,-0.032855760924080324,0.8,0.15,0.9950837603218331,0.019901675206436664,0.019424364938127013
2021-09-01,2021-08-31,Equity,Equal Weight + Sentiment Tilt,Equity Equal Weight + Sentiment Tilt,WFC,0.02,Financials,2021-08-31,-0.032855760924080324,0.8,0.15,0.9950837603218331,0.019901675206436664,0.019424364938127013
2021-09-01,2021-08-31,Equity,Equal Weight + Sentiment Tilt,Equity Equal Weight + Sentiment Tilt,WMT,0.02,Consumer,2021-08-31,0.5847805794604028,1.0,0.15,1.0916792280013858,0.02183358456002772,0.021309940495072937
2021-09-01,2021-08-31,Equity,Equal Weight + Sentiment Tilt,Equity Equal Weight + Sentiment Tilt,XOM,0.02,Energy,2021-08-31,-1.6480137910835968,1.0,0.15,0.7809828654227738,0.015619657308455477,0.015245044480968854
2021-10-01,2021-09-30,Equity,Equal Weight + Sentiment Tilt,Equity Equal Weight + Sentiment Tilt,ABBV,0.02,Healthcare,2021-09-30,1.0906848681104786,0.8,0.15,1.177746339109447,0.02355492678218894,0.023063021134379216
2021-10-01,2021-09-30,Equity,Equal Weight + Sentiment Tilt,Equity Equal Weight + Sentiment Tilt,ABT,0.02,Healthcare,2021-09-30,1.0906848681104786,0.8,0.15,1.177746339109447,0.02355492678218894,0.023063021134379216
2021-10-01,2021-09-30,Equity,Equal Weight + Sentiment Tilt,Equity Equal Weight + Sentiment Tilt,ADBE,0.02,Tech,2021-09-30,0.5229256334234725,1.0,0.15,1.0815972080770495,0.02163194416154099,0.02118019682203269
2021-10-01,2021-09-30,Equity,Equal Weight + Sentiment Tilt,Equity Equal Weight + Sentiment Tilt,AEP,0.02,Utilities,2021-09-30,0.06481356929782384,0.6,0.15,1.00976944790492,0.0201953889580984,0.01977364169562274
2021-10-01,2021-09-30,Equity,Equal Weight + Sentiment Tilt,Equity Equal Weight + Sentiment Tilt,AMD,0.02,Tech,2021-09-30,0.5229256334234725,1.0,0.15,1.0815972080770495,0.02163194416154099,0.02118019682203269
2021-10-01,2021-09-30,Equity,Equal Weight + Sentiment Tilt,Equity Equal Weight + Sentiment Tilt,AMGN,0.02,Healthcare,2021-09-30,1.0906848681104786,0.8,0.15,1.177746339109447,0.02355492678218894,0.023063021134379216
2021-10-01,2021-09-30,Equity,Equal Weight + Sentiment Tilt,Equity Equal Weight + Sentiment Tilt,AMT,0.02,RealEstate,2021-09-30,-0.13813399358063902,0.4,0.15,0.9794930872623497,0.019589861745246996,0.019180759916088044
2021-10-01,2021-09-30,Equity,Equal Weight + Sentiment Tilt,Equity Equal Weight + Sentiment Tilt,BA,0.02,Industrials,2021-09-30,0.3747733162185586,0.8,0.15,1.057826146794045,0.0211565229358809,0.02071470398155305
2021-10-01,2021-09-30,Equity,Equal Weight + Sentiment Tilt,Equity Equal Weight + Sentiment Tilt,CAT,0.02,Industrials,2021-09-30,0.3747733162185586,0.8,0.15,1.057826146794045,0.0211565229358809,0.02071470398155305
2021-10-01,2021-09-30,Equity,Equal Weight + Sentiment Tilt,Equity Equal Weight + Sentiment Tilt,CCI,0.02,RealEstate,2021-09-30,-0.13813399358063902,0.4,0.15,0.9794930872623497,0.019589861745246996,0.019180759916088044
2021-10-01,2021-09-30,Equity,Equal Weight + Sentiment Tilt,Equity Equal Weight + Sentiment Tilt,CMCSA,0.02,Comm,2021-09-30,-1.1406822768820255,1.0,0.15,0.8427353222339493,0.016854706444678985,0.016502723805591278
2021-10-01,2021-09-30,Equity,Equal Weight + Sentiment Tilt,Equity Equal Weight + Sentiment Tilt,COP,0.02,Energy,2021-09-30,-0.2658528768115478,1.0,0.15,0.9609067284156116,0.019218134568312232,0.018816795645804164
2021-10-01,2021-09-30,Equity,Equal Weight + Sentiment Tilt,Equity Equal Weight + Sentiment Tilt,CVX,0.02,Energy,2021-09-30,-0.2658528768115478,1.0,0.15,0.9609067284156116,0.019218134568312232,0.018816795645804164
2021-10-01,2021-09-30,Equity,Equal Weight + Sentiment Tilt,Equity Equal Weight + Sentiment Tilt,D,0.02,Utilities,2021-09-30,0.06481356929782384,0.6,0.15,1.00976944790492,0.0201953889580984,0.01977364169562274
2021-10-01,2021-09-30,Equity,Equal Weight + Sentiment Tilt,Equity Equal Weight + Sentiment Tilt,DD,0.02,Materials,2021-09-30,-0.28216836942505885,0.6,0.15,0.9585579536997019,0.019171159073994037,0.018770801156911182
2021-10-01,2021-09-30,Equity,Equal Weight + Sentiment Tilt,Equity Equal Weight + Sentiment Tilt,DIS,0.02,Consumer,2021-09-30,1.146130532146308,1.0,0.15,1.1875823237915821,0.023751646475831643,0.023255632662913486
2021-10-01,2021-09-30,Equity,Equal Weight + Sentiment Tilt,Equity Equal Weight + Sentiment Tilt,DOW,0.02,Materials,2021-09-30,-0.28216836942505885,0.6,0.15,0.9585579536997019,0.019171159073994037,0.018770801156911182
2021-10-01,2021-09-30,Equity,Equal Weight + Sentiment Tilt,Equity Equal Weight + Sentiment Tilt,DUK,0.02,Utilities,2021-09-30,0.06481356929782384,0.6,0.15,1.00976944790492,0.0201953889580984,0.01977364169562274
2021-10-01,2021-09-30,Equity,Equal Weight + Sentiment Tilt,Equity Equal Weight + Sentiment Tilt,EA,0.02,Comm,2021-09-30,-1.1406822768820255,1.0,0.15,0.8427353222339493,0.016854706444678985,0.016502723805591278
2021-10-01,2021-09-30,Equity,Equal Weight + Sentiment Tilt,Equity Equal Weight + Sentiment Tilt,GE,0.02,Industrials,2021-09-30,0.3747733162185586,0.8,0.15,1.057826146794045,0.0211565229358809,0.02071470398155305
2021-10-01,2021-09-30,Equity,Equal Weight + Sentiment Tilt,Equity Equal Weight + Sentiment Tilt,GILD,0.02,Healthcare,2021-09-30,1.0906848681104786,0.8,0.15,1.177746339109447,0.02355492678218894,0.023063021134379216
2021-10-01,2021-09-30,Equity,Equal Weight + Sentiment Tilt,Equity Equal Weight + Sentiment Tilt,GS,0.02,Financials,2021-09-30,-0.29250375621323277,1.0,0.15,0.9570730449485277,0.019141460898970557,0.01874172317910414
2021-10-01,2021-09-30,Equity,Equal Weight + Sentiment Tilt,Equity Equal Weight + Sentiment Tilt,INTC,0.02,Tech,2021-09-30,0.5229256334234725,1.0,0.15,1.0815972080770495,0.02163194416154099,0.02118019682203269
2021-10-01,2021-09-30,Equity,Equal Weight + Sentiment Tilt,Equity Equal Weight + Sentiment Tilt,KO,0.02,Consumer,2021-09-30,1.146130532146308,1.0,0.15,1.1875823237915821,0.023751646475831643,0.023255632662913486
2021-10-01,2021-09-30,Equity,Equal Weight + Sentiment Tilt,Equity Equal Weight + Sentiment Tilt,MMM,0.02,Industrials,2021-09-30,0.3747733162185586,0.8,0.15,1.057826146794045,0.0211565229358809,0.02071470398155305
2021-10-01,2021-09-30,Equity,Equal Weight + Sentiment Tilt,Equity Equal Weight + Sentiment Tilt,MRK,0.02,Healthcare,2021-09-30,1.0906848681104786,0.8,0.15,1.177746339109447,0.02355492678218894,0.023063021134379216
2021-10-01,2021-09-30,Equity,Equal Weight + Sentiment Tilt,Equity Equal Weight + Sentiment Tilt,MS,0.02,Financials,2021-09-30,-0.29250375621323277,1.0,0.15,0.9570730449485277,0.019141460898970557,0.01874172317910414
2021-10-01,2021-09-30,Equity,Equal Weight + Sentiment Tilt,Equity Equal Weight + Sentiment Tilt,NEE,0.02,Utilities,2021-09-30,0.06481356929782384,0.6,0.15,1.00976944790492,0.0201953889580984,0.01977364169562274
2021-10-01,2021-09-30,Equity,Equal Weight + Sentiment Tilt,Equity Equal Weight + Sentiment Tilt,NEM,0.02,Materials,2021-09-30,-0.28216836942505885,0.6,0.15,0.9585579536997019,0.019171159073994037,0.018770801156911182
2021-10-01,2021-09-30,Equity,Equal Weight + Sentiment Tilt,Equity Equal Weight + Sentiment Tilt,NKE,0.02,Consumer,2021-09-30,1.146130532146308,1.0,0.15,1.1875823237915821,0.023751646475831643,0.023255632662913486
2021-10-01,2021-09-30,Equity,Equal Weight + Sentiment Tilt,Equity Equal Weight + Sentiment Tilt,NUE,0.02,Materials,2021-09-30,-0.28216836942505885,0.6,0.15,0.9585579536997019,0.019171159073994037,0.018770801156911182
2021-10-01,2021-09-30,Equity,Equal Weight + Sentiment Tilt,Equity Equal Weight + Sentiment Tilt,NVDA,0.02,Tech,2021-09-30,0.5229256334234725,1.0,0.15,1.0815972080770495,0.02163194416154099,0.02118019682203269
2021-10-01,2021-09-30,Equity,Equal Weight + Sentiment Tilt,Equity Equal Weight + Sentiment Tilt,O,0.02,RealEstate,2021-09-30,-0.13813399358063902,0.4,0.15,0.9794930872623497,0.019589861745246996,0.019180759916088044
2021-10-01,2021-09-30,Equity,Equal Weight + Sentiment Tilt,Equity Equal Weight + Sentiment Tilt,OXY,0.02,Energy,2021-09-30,-0.2658528768115478,1.0,0.15,0.9609067284156116,0.019218134568312232,0.018816795645804164
2021-10-01,2021-09-30,Equity,Equal Weight + Sentiment Tilt,Equity Equal Weight + Sentiment Tilt,PLD,0.02,RealEstate,2021-09-30,-0.13813399358063902,0.4,0.15,0.9794930872623497,0.019589861745246996,0.019180759916088044
2021-10-01,2021-09-30,Equity,Equal Weight + Sentiment Tilt,Equity Equal Weight + Sentiment Tilt,PSA,0.02,RealEstate,2021-09-30,-0.13813399358063902,0.4,0.15,0.9794930872623497,0.019589861745246996,0.019180759916088044
2021-10-01,2021-09-30,Equity,Equal Weight + Sentiment Tilt,Equity Equal Weight + Sentiment Tilt,QCOM,0.02,Tech,2021-09-30,0.5229256334234725,1.0,0.15,1.0815972080770495,0.02163194416154099,0.02118019682203269
2021-10-01,2021-09-30,Equity,Equal Weight + Sentiment Tilt,Equity Equal Weight + Sentiment Tilt,SBUX,0.02,Consumer,2021-09-30,1.146130532146308,1.0,0.15,1.1875823237915821,0.023751646475831643,0.023255632662913486
2021-10-01,2021-09-30,Equity,Equal Weight + Sentiment Tilt,Equity Equal Weight + Sentiment Tilt,SHW,0.02,Materials,2021-09-30,-0.28216836942505885,0.6,0.15,0.9585579536997019,0.019171159073994037,0.018770801156911182
2021-10-01,2021-09-30,Equity,Equal Weight + Sentiment Tilt,Equity Equal Weight + Sentiment Tilt,SLB,0.02,Energy,2021-09-30,-0.2658528768115478,1.0,0.15,0.9609067284156116,0.019218134568312232,0.018816795645804164
2021-10-01,2021-09-30,Equity,Equal Weight + Sentiment Tilt,Equity Equal Weight + Sentiment Tilt,SO,0.02,Utilities,2021-09-30,0.06481356929782384,0.6,0.15,1.00976944790492,0.0201953889580984,0.01977364169562274
2021-10-01,2021-09-30,Equity,Equal Weight + Sentiment Tilt,Equity Equal Weight + Sentiment Tilt,T,0.02,Comm,2021-09-30,-1.1406822768820255,1.0,0.15,0.8427353222339493,0.016854706444678985,0.016502723805591278
2021-10-01,2021-09-30,Equity,Equal Weight + Sentiment Tilt,Equity Equal Weight + Sentiment Tilt,TMUS,0.02,Comm,2021-09-30,-1.1406822768820255,1.0,0.15,0.8427353222339493,0.016854706444678985,0.016502723805591278
2021-10-01,2021-09-30,Equity,Equal Weight + Sentiment Tilt,Equity Equal Weight + Sentiment Tilt,TTWO,0.02,Comm,2021-09-30,-1.1406822768820255,1.0,0.15,0.8427353222339493,0.016854706444678985,0.016502723805591278
2021-10-01,2021-09-30,Equity,Equal Weight + Sentiment Tilt,Equity Equal Weight + Sentiment Tilt,UPS,0.02,Industrials,2021-09-30,0.3747733162185586,0.8,0.15,1.057826146794045,0.0211565229358809,0.02071470398155305
2021-10-01,2021-09-30,Equity,Equal Weight + Sentiment Tilt,Equity Equal Weight + Sentiment Tilt,USB,0.02,Financials,2021-09-30,-0.29250375621323277,1.0,0.15,0.9570730449485277,0.019141460898970557,0.01874172317910414
2021-10-01,2021-09-30,Equity,Equal Weight + Sentiment Tilt,Equity Equal Weight + Sentiment Tilt,V,0.02,Financials,2021-09-30,-0.29250375621323277,1.0,0.15,0.9570730449485277,0.019141460898970557,0.01874172317910414
2021-10-01,2021-09-30,Equity,Equal Weight + Sentiment Tilt,Equity Equal Weight + Sentiment Tilt,WFC,0.02,Financials,2021-09-30,-0.29250375621323277,1.0,0.15,0.9570730449485277,0.019141460898970557,0.01874172317910414
2021-10-01,2021-09-30,Equity,Equal Weight + Sentiment Tilt,Equity Equal Weight + Sentiment Tilt,WMT,0.02,Consumer,2021-09-30,1.146130532146308,1.0,0.15,1.1875823237915821,0.023751646475831643,0.023255632662913486
2021-10-01,2021-09-30,Equity,Equal Weight + Sentiment Tilt,Equity Equal Weight + Sentiment Tilt,XOM,0.02,Energy,2021-09-30,-0.2658528768115478,1.0,0.15,0.9609067284156116,0.019218134568312232,0.018816795645804164
2021-11-01,2021-10-29,Equity,Equal Weight + Sentiment Tilt,Equity Equal Weight + Sentiment Tilt,ABBV,0.02,Healthcare,2021-10-29,0.054957409900381504,0.8,0.15,1.0082776836116536,0.020165553672233074,0.02002889924059862
2021-11-01,2021-10-29,Equity,Equal Weight + Sentiment Tilt,Equity Equal Weight + Sentiment Tilt,ABT,0.02,Healthcare,2021-10-29,0.054957409900381504,0.8,0.15,1.0082776836116536,0.020165553672233074,0.02002889924059862
2021-11-01,2021-10-29,Equity,Equal Weight + Sentiment Tilt,Equity Equal Weight + Sentiment Tilt,ADBE,0.02,Tech,2021-10-29,0.8210135286131768,0.8,0.15,1.131056361574988,0.02262112723149976,0.022467832294252005
2021-11-01,2021-10-29,Equity,Equal Weight + Sentiment Tilt,Equity Equal Weight + Sentiment Tilt,AEP,0.02,Utilities,2021-10-29,-0.8618139433100555,0.2,0.15,0.8787348367378389,0.01757469673475678,0.017455599573703223
2021-11-01,2021-10-29,Equity,Equal Weight + Sentiment Tilt,Equity Equal Weight + Sentiment Tilt,AMD,0.02,Tech,2021-10-29,0.8210135286131768,0.8,0.15,1.131056361574988,0.02262112723149976,0.022467832294252005
2021-11-01,2021-10-29,Equity,Equal Weight + Sentiment Tilt,Equity Equal Weight + Sentiment Tilt,AMGN,0.02,Healthcare,2021-10-29,0.054957409900381504,0.8,0.15,1.0082776836116536,0.020165553672233074,0.02002889924059862
2021-11-01,2021-10-29,Equity,Equal Weight + Sentiment Tilt,Equity Equal Weight + Sentiment Tilt,AMT,0.02,RealEstate,2021-10-29,0.27323156208679167,0.6,0.15,1.041836201078752,0.02083672402157504,0.020695521318957803
2021-11-01,2021-10-29,Equity,Equal Weight + Sentiment Tilt,Equity Equal Weight + Sentiment Tilt,BA,0.02,Industrials,2021-10-29,0.5180708015129366,0.6,0.15,1.0808098489030602,0.021616196978061206,0.021469712078110118
2021-11-01,2021-10-29,Equity,Equal Weight + Sentiment Tilt,Equity Equal Weight + Sentiment Tilt,CAT,0.02,Industrials,2021-10-29,0.5180708015129366,0.6,0.15,1.0808098489030602,0.021616196978061206,0.021469712078110118
2021-11-01,2021-10-29,Equity,Equal Weight + Sentiment Tilt,Equity Equal Weight + Sentiment Tilt,CCI,0.02,RealEstate,2021-10-29,0.27323156208679167,0.6,0.15,1.041836201078752,0.02083672402157504,0.020695521318957803
2021-11-01,2021-10-29,Equity,Equal Weight + Sentiment Tilt,Equity Equal Weight + Sentiment Tilt,CMCSA,0.02,Comm,2021-10-29,0.03438172401708011,0.8,0.15,1.0051705801517548,0.020103411603035096,0.019967178285012738
2021-11-01,2021-10-29,Equity,Equal Weight + Sentiment Tilt,Equity Equal Weight + Sentiment Tilt,COP,0.02,Energy,2021-10-29,-0.03133616854288192,1.0,0.15,0.9953106044292701,0.019906212088585402,0.019771315118079395
2021-11-01,2021-10-29,Equity,Equal Weight + Sentiment Tilt,Equity Equal Weight + Sentiment Tilt,CVX,0.02,Energy,2021-10-29,-0.03133616854288192,1.0,0.15,0.9953106044292701,0.019906212088585402,0.019771315118079395
2021-11-01,2021-10-29,Equity,Equal Weight + Sentiment Tilt,Equity Equal Weight + Sentiment Tilt,D,0.02,Utilities,2021-10-29,-0.8618139433100555,0.2,0.15,0.8787348367378389,0.01757469673475678,0.017455599573703223
2021-11-01,2021-10-29,Equity,Equal Weight + Sentiment Tilt,Equity Equal Weight + Sentiment Tilt,DD,0.02,Materials,2021-10-29,-0.2164250909029989,0.2,0.15,0.9680575280812411,0.019361150561624824,0.019229947269674995
2021-11-01,2021-10-29,Equity,Equal Weight + Sentiment Tilt,Equity Equal Weight + Sentiment Tilt,DIS,0.02,Consumer,2021-10-29,-0.7795295363377477,0.8,0.15,0.889647973004737,0.01779295946009474,0.017672383214005244
2021-11-01,2021-10-29,Equity,Equal Weight + Sentiment Tilt,Equity Equal Weight + Sentiment Tilt,DOW,0.02,Materials,2021-10-29,-0.2164250909029989,0.2,0.15,0.9680575280812411,0.019361150561624824,0.019229947269674995
2021-11-01,2021-10-29,Equity,Equal Weight + Sentiment Tilt,Equity Equal Weight + Sentiment Tilt,DUK,0.02,Utilities,2021-10-29,-0.8618139433100555,0.2,0.15,0.8787348367378389,0.01757469673475678,0.017455599573703223
2021-11-01,2021-10-29,Equity,Equal Weight + Sentiment Tilt,Equity Equal Weight + Sentiment Tilt,EA,0.02,Comm,2021-10-29,0.03438172401708011,0.8,0.15,1.0051705801517548,0.020103411603035096,0.019967178285012738
2021-11-01,2021-10-29,Equity,Equal Weight + Sentiment Tilt,Equity Equal Weight + Sentiment Tilt,GE,0.02,Industrials,2021-10-29,0.5180708015129366,0.6,0.15,1.0808098489030602,0.021616196978061206,0.021469712078110118
2021-11-01,2021-10-29,Equity,Equal Weight + Sentiment Tilt,Equity Equal Weight + Sentiment Tilt,GILD,0.02,Healthcare,2021-10-29,0.054957409900381504,0.8,0.15,1.0082776836116536,0.020165553672233074,0.02002889924059862
2021-11-01,2021-10-29,Equity,Equal Weight + Sentiment Tilt,Equity Equal Weight + Sentiment Tilt,GS,0.02,Financials,2021-10-29,0.44686325609204336,0.8,0.15,1.0693270104670585,0.02138654020934117,0.021241611607605865
2021-11-01,2021-10-29,Equity,Equal Weight + Sentiment Tilt,Equity Equal Weight + Sentiment Tilt,INTC,0.02,Tech,2021-10-29,0.8210135286131768,0.8,0.15,1.131056361574988,0.02262112723149976,0.022467832294252005
2021-11-01,2021-10-29,Equity,Equal Weight + Sentiment Tilt,Equity Equal Weight + Sentiment Tilt,KO,0.02,Consumer,2021-10-29,-0.7795295363377477,0.8,0.15,0.889647973004737,0.01779295946009474,0.017672383214005244
2021-11-01,2021-10-29,Equity,Equal Weight + Sentiment Tilt,Equity Equal Weight + Sentiment Tilt,MMM,0.02,Industrials,2021-10-29,0.5180708015129366,0.6,0.15,1.0808098489030602,0.021616196978061206,0.021469712078110118
2021-11-01,2021-10-29,Equity,Equal Weight + Sentiment Tilt,Equity Equal Weight + Sentiment Tilt,MRK,0.02,Healthcare,2021-10-29,0.054957409900381504,0.8,0.15,1.0082776836116536,0.020165553672233074,0.02002889924059862
2021-11-01,2021-10-29,Equity,Equal Weight + Sentiment Tilt,Equity Equal Weight + Sentiment Tilt,MS,0.02,Financials,2021-10-29,0.44686325609204336,0.8,0.15,1.0693270104670585,0.02138654020934117,0.021241611607605865
2021-11-01,2021-10-29,Equity,Equal Weight + Sentiment Tilt,Equity Equal Weight + Sentiment Tilt,NEE,0.02,Utilities,2021-10-29,-0.8618139433100555,0.2,0.15,0.8787348367378389,0.01757469673475678,0.017455599573703223
2021-11-01,2021-10-29,Equity,Equal Weight + Sentiment Tilt,Equity Equal Weight + Sentiment Tilt,NEM,0.02,Materials,2021-10-29,-0.2164250909029989,0.2,0.15,0.9680575280812411,0.019361150561624824,0.019229947269674995
2021-11-01,2021-10-29,Equity,Equal Weight + Sentiment Tilt,Equity Equal Weight + Sentiment Tilt,NKE,0.02,Consumer,2021-10-29,-0.7795295363377477,0.8,0.15,0.889647973004737,0.01779295946009474,0.017672383214005244
2021-11-01,2021-10-29,Equity,Equal Weight + Sentiment Tilt,Equity Equal Weight + Sentiment Tilt,NUE,0.02,Materials,2021-10-29,-0.2164250909029989,0.2,0.15,0.9680575280812411,0.019361150561624824,0.019229947269674995
2021-11-01,2021-10-29,Equity,Equal Weight + Sentiment Tilt,Equity Equal Weight + Sentiment Tilt,NVDA,0.02,Tech,2021-10-29,0.8210135286131768,0.8,0.15,1.131056361574988,0.02262112723149976,0.022467832294252005
2021-11-01,2021-10-29,Equity,Equal Weight + Sentiment Tilt,Equity Equal Weight + Sentiment Tilt,O,0.02,RealEstate,2021-10-29,0.27323156208679167,0.6,0.15,1.041836201078752,0.02083672402157504,0.020695521318957803
2021-11-01,2021-10-29,Equity,Equal Weight + Sentiment Tilt,Equity Equal Weight + Sentiment Tilt,OXY,0.02,Energy,2021-10-29,-0.03133616854288192,1.0,0.15,0.9953106044292701,0.019906212088585402,0.019771315118079395
2021-11-01,2021-10-29,Equity,Equal Weight + Sentiment Tilt,Equity Equal Weight + Sentiment Tilt,PLD,0.02,RealEstate,2021-10-29,0.27323156208679167,0.6,0.15,1.041836201078752,0.02083672402157504,0.020695521318957803
2021-11-01,2021-10-29,Equity,Equal Weight + Sentiment Tilt,Equity Equal Weight + Sentiment Tilt,PSA,0.02,RealEstate,2021-10-29,0.27323156208679167,0.6,0.15,1.041836201078752,0.02083672402157504,0.020695521318957803
2021-11-01,2021-10-29,Equity,Equal Weight + Sentiment Tilt,Equity Equal Weight + Sentiment Tilt,QCOM,0.02,Tech,2021-10-29,0.8210135286131768,0.8,0.15,1.131056361574988,0.02262112723149976,0.022467832294252005
2021-11-01,2021-10-29,Equity,Equal Weight + Sentiment Tilt,Equity Equal Weight + Sentiment Tilt,SBUX,0.02,Consumer,2021-10-29,-0.7795295363377477,0.8,0.15,0.889647973004737,0.01779295946009474,0.017672383214005244
2021-11-01,2021-10-29,Equity,Equal Weight + Sentiment Tilt,Equity Equal Weight + Sentiment Tilt,SHW,0.02,Materials,2021-10-29,-0.2164250909029989,0.2,0.15,0.9680575280812411,0.019361150561624824,0.019229947269674995
2021-11-01,2021-10-29,Equity,Equal Weight + Sentiment Tilt,Equity Equal Weight + Sentiment Tilt,SLB,0.02,Energy,2021-10-29,-0.03133616854288192,1.0,0.15,0.9953106044292701,0.019906212088585402,0.019771315118079395
2021-11-01,2021-10-29,Equity,Equal Weight + Sentiment Tilt,Equity Equal Weight + Sentiment Tilt,SO,0.02,Utilities,2021-10-29,-0.8618139433100555,0.2,0.15,0.8787348367378389,0.01757469673475678,0.017455599573703223
2021-11-01,2021-10-29,Equity,Equal Weight + Sentiment Tilt,Equity Equal Weight + Sentiment Tilt,T,0.02,Comm,2021-10-29,0.03438172401708011,0.8,0.15,1.0051705801517548,0.020103411603035096,0.019967178285012738
2021-11-01,2021-10-29,Equity,Equal Weight + Sentiment Tilt,Equity Equal Weight + Sentiment Tilt,TMUS,0.02,Comm,2021-10-29,0.03438172401708011,0.8,0.15,1.0051705801517548,0.020103411603035096,0.019967178285012738
2021-11-01,2021-10-29,Equity,Equal Weight + Sentiment Tilt,Equity Equal Weight + Sentiment Tilt,TTWO,0.02,Comm,2021-10-29,0.03438172401708011,0.8,0.15,1.0051705801517548,0.020103411603035096,0.019967178285012738
2021-11-01,2021-10-29,Equity,Equal Weight + Sentiment Tilt,Equity Equal Weight + Sentiment Tilt,UPS,0.02,Industrials,2021-10-29,0.5180708015129366,0.6,0.15,1.0808098489030602,0.021616196978061206,0.021469712078110118
2021-11-01,2021-10-29,Equity,Equal Weight + Sentiment Tilt,Equity Equal Weight + Sentiment Tilt,USB,0.02,Financials,2021-10-29,0.44686325609204336,0.8,0.15,1.0693270104670585,0.02138654020934117,0.021241611607605865
2021-11-01,2021-10-29,Equity,Equal Weight + Sentiment Tilt,Equity Equal Weight + Sentiment Tilt,V,0.02,Financials,2021-10-29,0.44686325609204336,0.8,0.15,1.0693270104670585,0.02138654020934117,0.021241611607605865
2021-11-01,2021-10-29,Equity,Equal Weight + Sentiment Tilt,Equity Equal Weight + Sentiment Tilt,WFC,0.02,Financials,2021-10-29,0.44686325609204336,0.8,0.15,1.0693270104670585,0.02138654020934117,0.021241611607605865
2021-11-01,2021-10-29,Equity,Equal Weight + Sentiment Tilt,Equity Equal Weight + Sentiment Tilt,WMT,0.02,Consumer,2021-10-29,-0.7795295363377477,0.8,0.15,0.889647973004737,0.01779295946009474,0.017672383214005244
2021-11-01,2021-10-29,Equity,Equal Weight + Sentiment Tilt,Equity Equal Weight + Sentiment Tilt,XOM,0.02,Energy,2021-10-29,-0.03133616854288192,1.0,0.15,0.9953106044292701,0.019906212088585402,0.019771315118079395
2021-12-01,2021-11-30,Equity,Equal Weight + Sentiment Tilt,Equity Equal Weight + Sentiment Tilt,ABBV,0.02,Healthcare,2021-11-30,-0.07814430014276641,0.6,0.15,0.9883467858245929,0.01976693571649186,0.021297275508974253
2021-12-01,2021-11-30,Equity,Equal Weight + Sentiment Tilt,Equity Equal Weight + Sentiment Tilt,ABT,0.02,Healthcare,2021-11-30,-0.07814430014276641,0.6,0.15,0.9883467858245929,0.01976693571649186,0.021297275508974253
2021-12-01,2021-11-30,Equity,Equal Weight + Sentiment Tilt,Equity Equal Weight + Sentiment Tilt,ADBE,0.02,Tech,2021-11-30,0.01345031189157344,1.0,0.15,1.0020195834006747,0.020040391668013493,0.021591902193790452
2021-12-01,2021-11-30,Equity,Equal Weight + Sentiment Tilt,Equity Equal Weight + Sentiment Tilt,AEP,0.02,Utilities,2021-11-30,0.04274362264582354,0.4,0.15,1.0064321413392419,0.020128642826784837,0.02168698568418555
2021-12-01,2021-11-30,Equity,Equal Weight + Sentiment Tilt,Equity Equal Weight + Sentiment Tilt,AMD,0.02,Tech,2021-11-30,0.01345031189157344,1.0,0.15,1.0020195834006747,0.020040391668013493,0.021591902193790452
2021-12-01,2021-11-30,Equity,Equal Weight + Sentiment Tilt,Equity Equal Weight + Sentiment Tilt,AMGN,0.02,Healthcare,2021-11-30,-0.07814430014276641,0.6,0.15,0.9883467858245929,0.01976693571649186,0.021297275508974253
2021-12-01,2021-11-30,Equity,Equal Weight + Sentiment Tilt,Equity Equal Weight + Sentiment Tilt,AMT,0.02,RealEstate,2021-11-30,-0.3470089781134838,1.0,0.15,0.9492801231736269,0.01898560246347254,0.020455452082595003
2021-12-01,2021-11-30,Equity,Equal Weight + Sentiment Tilt,Equity Equal Weight + Sentiment Tilt,BA,0.02,Industrials,2021-11-30,-0.515080894608826,0.4,0.15,0.9256471780266383,0.018512943560532766,0.019946200318838855
2021-12-01,2021-11-30,Equity,Equal Weight + Sentiment Tilt,Equity Equal Weight + Sentiment Tilt,CAT,0.02,Industrials,2021-11-30,-0.515080894608826,0.4,0.15,0.9256471780266383,0.018512943560532766,0.019946200318838855
2021-12-01,2021-11-30,Equity,Equal Weight + Sentiment Tilt,Equity Equal Weight + Sentiment Tilt,CCI,0.02,RealEstate,2021-11-30,-0.3470089781134838,1.0,0.15,0.9492801231736269,0.01898560246347254,0.020455452082595003
2021-12-01,2021-11-30,Equity,Equal Weight + Sentiment Tilt,Equity Equal Weight + Sentiment Tilt,CMCSA,0.02,Comm,2021-11-30,-1.6169851527425176,0.6,0.15,0.7846262628024337,0.015692525256048674,0.016907427565050988
2021-12-01,2021-11-30,Equity,Equal Weight + Sentiment Tilt,Equity Equal Weight + Sentiment Tilt,COP,0.02,Energy,2021-11-30,-0.9335395334501231,0.8,0.15,0.8693313465491935,0.017386626930983872,0.018732685188629323
2021-12-01,2021-11-30,Equity,Equal Weight + Sentiment Tilt,Equity Equal Weight + Sentiment Tilt,CVX,0.02,Energy,2021-11-30,-0.9335395334501231,0.8,0.15,0.8693313465491935,0.017386626930983872,0.018732685188629323
2021-12-01,2021-11-30,Equity,Equal Weight + Sentiment Tilt,Equity Equal Weight + Sentiment Tilt,D,0.02,Utilities,2021-11-30,0.04274362264582354,0.4,0.15,1.0064321413392419,0.020128642826784837,0.02168698568418555
2021-12-01,2021-11-30,Equity,Equal Weight + Sentiment Tilt,Equity Equal Weight + Sentiment Tilt,DD,0.02,Materials,2021-11-30,-0.27442017996522633,0.4,0.15,0.9596726646436181,0.01919345329287236,0.020679394551067928
2021-12-01,2021-11-30,Equity,Equal Weight + Sentiment Tilt,Equity Equal Weight + Sentiment Tilt,DIS,0.02,Consumer,2021-11-30,-0.843607544964375,0.8,0.15,0.8811379060587828,0.01762275812117566,0.01898709746000534
2021-12-01,2021-11-30,Equity,Equal Weight + Sentiment Tilt,Equity Equal Weight + Sentiment Tilt,DOW,0.02,Materials,2021-11-30,-0.27442017996522633,0.4,0.15,0.9596726646436181,0.01919345329287236,0.020679394551067928
2021-12-01,2021-11-30,Equity,Equal Weight + Sentiment Tilt,Equity Equal Weight + Sentiment Tilt,DUK,0.02,Utilities,2021-11-30,0.04274362264582354,0.4,0.15,1.0064321413392419,0.020128642826784837,0.02168698568418555
2021-12-01,2021-11-30,Equity,Equal Weight + Sentiment Tilt,Equity Equal Weight + Sentiment Tilt,EA,0.02,Comm,2021-11-30,-1.6169851527425176,0.6,0.15,0.7846262628024337,0.015692525256048674,0.016907427565050988
2021-12-01,2021-11-30,Equity,Equal Weight + Sentiment Tilt,Equity Equal Weight + Sentiment Tilt,GE,0.02,Industrials,2021-11-30,-0.515080894608826,0.4,0.15,0.9256471780266383,0.018512943560532766,0.019946200318838855
2021-12-01,2021-11-30,Equity,Equal Weight + Sentiment Tilt,Equity Equal Weight + Sentiment Tilt,GILD,0.02,Healthcare,2021-11-30,-0.07814430014276641,0.6,0.15,0.9883467858245929,0.01976693571649186,0.021297275508974253
2021-12-01,2021-11-30,Equity,Equal Weight + Sentiment Tilt,Equity Equal Weight + Sentiment Tilt,GS,0.02,Financials,2021-11-30,-0.592610940758947,0.8,0.15,0.9149447105929025,0.01829889421185805,0.019715579446862298
2021-12-01,2021-11-30,Equity,Equal Weight + Sentiment Tilt,Equity Equal Weight + Sentiment Tilt,INTC,0.02,Tech,2021-11-30,0.01345031189157344,1.0,0.15,1.0020195834006747,0.020040391668013493,0.021591902193790452
2021-12-01,2021-11-30,Equity,Equal Weight + Sentiment Tilt,Equity Equal Weight + Sentiment Tilt,KO,0.02,Consumer,2021-11-30,-0.843607544964375,0.8,0.15,0.8811379060587828,0.01762275812117566,0.01898709746000534
2021-12-01,2021-11-30,Equity,Equal Weight + Sentiment Tilt,Equity Equal Weight + Sentiment Tilt,MMM,0.02,Industrials,2021-11-30,-0.515080894608826,0.4,0.15,0.9256471780266383,0.018512943560532766,0.019946200318838855
2021-12-01,2021-11-30,Equity,Equal Weight + Sentiment Tilt,Equity Equal Weight + Sentiment Tilt,MRK,0.02,Healthcare,2021-11-30,-0.07814430014276641,0.6,0.15,0.9883467858245929,0.01976693571649186,0.021297275508974253
2021-12-01,2021-11-30,Equity,Equal Weight + Sentiment Tilt,Equity Equal Weight + Sentiment Tilt,MS,0.02,Financials,2021-11-30,-0.592610940758947,0.8,0.15,0.9149447105929025,0.01829889421185805,0.019715579446862298
2021-12-01,2021-11-30,Equity,Equal Weight + Sentiment Tilt,Equity Equal Weight + Sentiment Tilt,NEE,0.02,Utilities,2021-11-30,0.04274362264582354,0.4,0.15,1.0064321413392419,0.020128642826784837,0.02168698568418555
2021-12-01,2021-11-30,Equity,Equal Weight + Sentiment Tilt,Equity Equal Weight + Sentiment Tilt,NEM,0.02,Materials,2021-11-30,-0.27442017996522633,0.4,0.15,0.9596726646436181,0.01919345329287236,0.020679394551067928
2021-12-01,2021-11-30,Equity,Equal Weight + Sentiment Tilt,Equity Equal Weight + Sentiment Tilt,NKE,0.02,Consumer,2021-11-30,-0.843607544964375,0.8,0.15,0.8811379060587828,0.01762275812117566,0.01898709746000534
2021-12-01,2021-11-30,Equity,Equal Weight + Sentiment Tilt,Equity Equal Weight + Sentiment Tilt,NUE,0.02,Materials,2021-11-30,-0.27442017996522633,0.4,0.15,0.9596726646436181,0.01919345329287236,0.020679394551067928
2021-12-01,2021-11-30,Equity,Equal Weight + Sentiment Tilt,Equity Equal Weight + Sentiment Tilt,NVDA,0.02,Tech,2021-11-30,0.01345031189157344,1.0,0.15,1.0020195834006747,0.020040391668013493,0.021591902193790452
2021-12-01,2021-11-30,Equity,Equal Weight + Sentiment Tilt,Equity Equal Weight + Sentiment Tilt,O,0.02,RealEstate,2021-11-30,-0.3470089781134838,1.0,0.15,0.9492801231736269,0.01898560246347254,0.020455452082595003
2021-12-01,2021-11-30,Equity,Equal Weight + Sentiment Tilt,Equity Equal Weight + Sentiment Tilt,OXY,0.02,Energy,2021-11-30,-0.9335395334501231,0.8,0.15,0.8693313465491935,0.017386626930983872,0.018732685188629323
2021-12-01,2021-11-30,Equity,Equal Weight + Sentiment Tilt,Equity Equal Weight + Sentiment Tilt,PLD,0.02,RealEstate,2021-11-30,-0.3470089781134838,1.0,0.15,0.9492801231736269,0.01898560246347254,0.020455452082595003
2021-12-01,2021-11-30,Equity,Equal Weight + Sentiment Tilt,Equity Equal Weight + Sentiment Tilt,PSA,0.02,RealEstate,2021-11-30,-0.3470089781134838,1.0,0.15,0.9492801231736269,0.01898560246347254,0.020455452082595003
2021-12-01,2021-11-30,Equity,Equal Weight + Sentiment Tilt,Equity Equal Weight + Sentiment Tilt,QCOM,0.02,Tech,2021-11-30,0.01345031189157344,1.0,0.15,1.0020195834006747,0.020040391668013493,0.021591902193790452
2021-12-01,2021-11-30,Equity,Equal Weight + Sentiment Tilt,Equity Equal Weight + Sentiment Tilt,SBUX,0.02,Consumer,2021-11-30,-0.843607544964375,0.8,0.15,0.8811379060587828,0.01762275812117566,0.01898709746000534
2021-12-01,2021-11-30,Equity,Equal Weight + Sentiment Tilt,Equity Equal Weight + Sentiment Tilt,SHW,0.02,Materials,2021-11-30,-0.27442017996522633,0.4,0.15,0.9596726646436181,0.01919345329287236,0.020679394551067928
2021-12-01,2021-11-30,Equity,Equal Weight + Sentiment Tilt,Equity Equal Weight + Sentiment Tilt,SLB,0.02,Energy,2021-11-30,-0.9335395334501231,0.8,0.15,0.8693313465491935,0.017386626930983872,0.018732685188629323
2021-12-01,2021-11-30,Equity,Equal Weight + Sentiment Tilt,Equity Equal Weight + Sentiment Tilt,SO,0.02,Utilities,2021-11-30,0.04274362264582354,0.4,0.15,1.0064321413392419,0.020128642826784837,0.02168698568418555
2021-12-01,2021-11-30,Equity,Equal Weight + Sentiment Tilt,Equity Equal Weight + Sentiment Tilt,T,0.02,Comm,2021-11-30,-1.6169851527425176,0.6,0.15,0.7846262628024337,0.015692525256048674,0.016907427565050988
2021-12-01,2021-11-30,Equity,Equal Weight + Sentiment Tilt,Equity Equal Weight + Sentiment Tilt,TMUS,0.02,Comm,2021-11-30,-1.6169851527425176,0.6,0.15,0.7846262628024337,0.015692525256048674,0.016907427565050988
2021-12-01,2021-11-30,Equity,Equal Weight + Sentiment Tilt,Equity Equal Weight + Sentiment Tilt,TTWO,0.02,Comm,2021-11-30,-1.6169851527425176,0.6,0.15,0.7846262628024337,0.015692525256048674,0.016907427565050988
2021-12-01,2021-11-30,Equity,Equal Weight + Sentiment Tilt,Equity Equal Weight + Sentiment Tilt,UPS,0.02,Industrials,2021-11-30,-0.515080894608826,0.4,0.15,0.9256471780266383,0.018512943560532766,0.019946200318838855
2021-12-01,2021-11-30,Equity,Equal Weight + Sentiment Tilt,Equity Equal Weight + Sentiment Tilt,USB,0.02,Financials,2021-11-30,-0.592610940758947,0.8,0.15,0.9149447105929025,0.01829889421185805,0.019715579446862298
2021-12-01,2021-11-30,Equity,Equal Weight + Sentiment Tilt,Equity Equal Weight + Sentiment Tilt,V,0.02,Financials,2021-11-30,-0.592610940758947,0.8,0.15,0.9149447105929025,0.01829889421185805,0.019715579446862298
2021-12-01,2021-11-30,Equity,Equal Weight + Sentiment Tilt,Equity Equal Weight + Sentiment Tilt,WFC,0.02,Financials,2021-11-30,-0.592610940758947,0.8,0.15,0.9149447105929025,0.01829889421185805,0.019715579446862298
2021-12-01,2021-11-30,Equity,Equal Weight + Sentiment Tilt,Equity Equal Weight + Sentiment Tilt,WMT,0.02,Consumer,2021-11-30,-0.843607544964375,0.8,0.15,0.8811379060587828,0.01762275812117566,0.01898709746000534
2021-12-01,2021-11-30,Equity,Equal Weight + Sentiment Tilt,Equity Equal Weight + Sentiment Tilt,XOM,0.02,Energy,2021-11-30,-0.9335395334501231,0.8,0.15,0.8693313465491935,0.017386626930983872,0.018732685188629323
2022-01-03,2021-12-31,Equity,Equal Weight + Sentiment Tilt,Equity Equal Weight + Sentiment Tilt,ABBV,0.02,Healthcare,2021-12-31,0.25667461413326687,0.8,0.15,1.0392519672702905,0.02078503934540581,0.019783204124042872
2022-01-03,2021-12-31,Equity,Equal Weight + Sentiment Tilt,Equity Equal Weight + Sentiment Tilt,ABT,0.02,Healthcare,2021-12-31,0.25667461413326687,0.8,0.15,1.0392519672702905,0.02078503934540581,0.019783204124042872
2022-01-03,2021-12-31,Equity,Equal Weight + Sentiment Tilt,Equity Equal Weight + Sentiment Tilt,ADBE,0.02,Tech,2021-12-31,0.2526412831358461,1.0,0.15,1.0386234103517622,0.020772468207035245,0.019771238912319015
2022-01-03,2021-12-31,Equity,Equal Weight + Sentiment Tilt,Equity Equal Weight + Sentiment Tilt,AEP,0.02,Utilities,2021-12-31,0.492386810028844,0.4,0.15,1.0766539329384093,0.021533078658768186,0.020495188074764994
2022-01-03,2021-12-31,Equity,Equal Weight + Sentiment Tilt,Equity Equal Weight + Sentiment Tilt,AMD,0.02,Tech,2021-12-31,0.2526412831358461,1.0,0.15,1.0386234103517622,0.020772468207035245,0.019771238912319015
2022-01-03,2021-12-31,Equity,Equal Weight + Sentiment Tilt,Equity Equal Weight + Sentiment Tilt,AMGN,0.02,Healthcare,2021-12-31,0.25667461413326687,0.8,0.15,1.0392519672702905,0.02078503934540581,0.019783204124042872
2022-01-03,2021-12-31,Equity,Equal Weight + Sentiment Tilt,Equity Equal Weight + Sentiment Tilt,AMT,0.02,RealEstate,2021-12-31,0.3468823033520104,0.4,0.15,1.0534098150324387,0.021068196300648774,0.020052712964109237
2022-01-03,2021-12-31,Equity,Equal Weight + Sentiment Tilt,Equity Equal Weight + Sentiment Tilt,BA,0.02,Industrials,2021-12-31,0.026189164429569912,0.4,0.15,1.0039361008419814,0.020078722016839627,0.019110931165826798
2022-01-03,2021-12-31,Equity,Equal Weight + Sentiment Tilt,Equity Equal Weight + Sentiment Tilt,CAT,0.02,Industrials,2021-12-31,0.026189164429569912,0.4,0.15,1.0039361008419814,0.020078722016839627,0.019110931165826798
2022-01-03,2021-12-31,Equity,Equal Weight + Sentiment Tilt,Equity Equal Weight + Sentiment Tilt,CCI,0.02,RealEstate,2021-12-31,0.3468823033520104,0.4,0.15,1.0534098150324387,0.021068196300648774,0.020052712964109237
2022-01-03,2021-12-31,Equity,Equal Weight + Sentiment Tilt,Equity Equal Weight + Sentiment Tilt,CMCSA,0.02,Comm,2021-12-31,0.2750947430632871,0.6,0.15,1.0421274111787118,0.020842548223574234,0.019837941084451954
2022-01-03,2021-12-31,Equity,Equal Weight + Sentiment Tilt,Equity Equal Weight + Sentiment Tilt,COP,0.02,Energy,2021-12-31,-0.35541565733241764,0.6,0.15,0.9480838335712037,0.018961676671424076,0.01804772720855104
2022-01-03,2021-12-31,Equity,Equal Weight + Sentiment Tilt,Equity Equal Weight + Sentiment Tilt,CVX,0.02,Energy,2021-12-31,-0.35541565733241764,0.6,0.15,0.9480838335712037,0.018961676671424076,0.01804772720855104
2022-01-03,2021-12-31,Equity,Equal Weight + Sentiment Tilt,Equity Equal Weight + Sentiment Tilt,D,0.02,Utilities,2021-12-31,0.492386810028844,0.4,0.15,1.0766539329384093,0.021533078658768186,0.020495188074764994
2022-01-03,2021-12-31,Equity,Equal Weight + Sentiment Tilt,Equity Equal Weight + Sentiment Tilt,DD,0.02,Materials,2021-12-30,0.6608340044593588,0.4,0.15,1.104204427631248,0.022084088552624958,0.021019639389164124
2022-01-03,2021-12-31,Equity,Equal Weight + Sentiment Tilt,Equity Equal Weight + Sentiment Tilt,DIS,0.02,Consumer,2021-12-31,-0.44819624699727995,1.0,0.15,0.9349806575220804,0.018699613150441607,0.01779829510294343
2022-01-03,2021-12-31,Equity,Equal Weight + Sentiment Tilt,Equity Equal Weight + Sentiment Tilt,DOW,0.02,Materials,2021-12-30,0.6608340044593588,0.4,0.15,1.104204427631248,0.022084088552624958,0.021019639389164124
2022-01-03,2021-12-31,Equity,Equal Weight + Sentiment Tilt,Equity Equal Weight + Sentiment Tilt,DUK,0.02,Utilities,2021-12-31,0.492386810028844,0.4,0.15,1.0766539329384093,0.021533078658768186,0.020495188074764994
2022-01-03,2021-12-31,Equity,Equal Weight + Sentiment Tilt,Equity Equal Weight + Sentiment Tilt,EA,0.02,Comm,2021-12-31,0.2750947430632871,0.6,0.15,1.0421274111787118,0.020842548223574234,0.019837941084451954
2022-01-03,2021-12-31,Equity,Equal Weight + Sentiment Tilt,Equity Equal Weight + Sentiment Tilt,GE,0.02,Industrials,2021-12-31,0.026189164429569912,0.4,0.15,1.0039361008419814,0.020078722016839627,0.019110931165826798
2022-01-03,2021-12-31,Equity,Equal Weight + Sentiment Tilt,Equity Equal Weight + Sentiment Tilt,GILD,0.02,Healthcare,2021-12-31,0.25667461413326687,0.8,0.15,1.0392519672702905,0.02078503934540581,0.019783204124042872
2022-01-03,2021-12-31,Equity,Equal Weight + Sentiment Tilt,Equity Equal Weight + Sentiment Tilt,GS,0.02,Financials,2021-12-31,1.5678610205718686,1.0,0.15,1.2651354013424003,0.025302708026848007,0.024083121973826557
2022-01-03,2021-12-31,Equity,Equal Weight + Sentiment Tilt,Equity Equal Weight + Sentiment Tilt,INTC,0.02,Tech,2021-12-31,0.2526412831358461,1.0,0.15,1.0386234103517622,0.020772468207035245,0.019771238912319015
2022-01-03,2021-12-31,Equity,Equal Weight + Sentiment Tilt,Equity Equal Weight + Sentiment Tilt,KO,0.02,Consumer,2021-12-31,-0.44819624699727995,1.0,0.15,0.9349806575220804,0.018699613150441607,0.01779829510294343
2022-01-03,2021-12-31,Equity,Equal Weight + Sentiment Tilt,Equity Equal Weight + Sentiment Tilt,MMM,0.02,Industrials,2021-12-31,0.026189164429569912,0.4,0.15,1.0039361008419814,0.020078722016839627,0.019110931165826798
2022-01-03,2021-12-31,Equity,Equal Weight + Sentiment Tilt,Equity Equal Weight + Sentiment Tilt,MRK,0.02,Healthcare,2021-12-31,0.25667461413326687,0.8,0.15,1.0392519672702905,0.02078503934540581,0.019783204124042872
2022-01-03,2021-12-31,Equity,Equal Weight + Sentiment Tilt,Equity Equal Weight + Sentiment Tilt,MS,0.02,Financials,2021-12-31,1.5678610205718686,1.0,0.15,1.2651354013424003,0.025302708026848007,0.024083121973826557
2022-01-03,2021-12-31,Equity,Equal Weight + Sentiment Tilt,Equity Equal Weight + Sentiment Tilt,NEE,0.02,Utilities,2021-12-31,0.492386810028844,0.4,0.15,1.0766539329384093,0.021533078658768186,0.020495188074764994
2022-01-03,2021-12-31,Equity,Equal Weight + Sentiment Tilt,Equity Equal Weight + Sentiment Tilt,NEM,0.02,Materials,2021-12-30,0.6608340044593588,0.4,0.15,1.104204427631248,0.022084088552624958,0.021019639389164124
2022-01-03,2021-12-31,Equity,Equal Weight + Sentiment Tilt,Equity Equal Weight + Sentiment Tilt,NKE,0.02,Consumer,2021-12-31,-0.44819624699727995,1.0,0.15,0.9349806575220804,0.018699613150441607,0.01779829510294343
2022-01-03,2021-12-31,Equity,Equal Weight + Sentiment Tilt,Equity Equal Weight + Sentiment Tilt,NUE,0.02,Materials,2021-12-30,0.6608340044593588,0.4,0.15,1.104204427631248,0.022084088552624958,0.021019639389164124
2022-01-03,2021-12-31,Equity,Equal Weight + Sentiment Tilt,Equity Equal Weight + Sentiment Tilt,NVDA,0.02,Tech,2021-12-31,0.2526412831358461,1.0,0.15,1.0386234103517622,0.020772468207035245,0.019771238912319015
2022-01-03,2021-12-31,Equity,Equal Weight + Sentiment Tilt,Equity Equal Weight + Sentiment Tilt,O,0.02,RealEstate,2021-12-31,0.3468823033520104,0.4,0.15,1.0534098150324387,0.021068196300648774,0.020052712964109237
2022-01-03,2021-12-31,Equity,Equal Weight + Sentiment Tilt,Equity Equal Weight + Sentiment Tilt,OXY,0.02,Energy,2021-12-31,-0.35541565733241764,0.6,0.15,0.9480838335712037,0.018961676671424076,0.01804772720855104
2022-01-03,2021-12-31,Equity,Equal Weight + Sentiment Tilt,Equity Equal Weight + Sentiment Tilt,PLD,0.02,RealEstate,2021-12-31,0.3468823033520104,0.4,0.15,1.0534098150324387,0.021068196300648774,0.020052712964109237
2022-01-03,2021-12-31,Equity,Equal Weight + Sentiment Tilt,Equity Equal Weight + Sentiment Tilt,PSA,0.02,RealEstate,2021-12-31,0.3468823033520104,0.4,0.15,1.0534098150324387,0.021068196300648774,0.020052712964109237
2022-01-03,2021-12-31,Equity,Equal Weight + Sentiment Tilt,Equity Equal Weight + Sentiment Tilt,QCOM,0.02,Tech,2021-12-31,0.2526412831358461,1.0,0.15,1.0386234103517622,0.020772468207035245,0.019771238912319015
2022-01-03,2021-12-31,Equity,Equal Weight + Sentiment Tilt,Equity Equal Weight + Sentiment Tilt,SBUX,0.02,Consumer,2021-12-31,-0.44819624699727995,1.0,0.15,0.9349806575220804,0.018699613150441607,0.01779829510294343
2022-01-03,2021-12-31,Equity,Equal Weight + Sentiment Tilt,Equity Equal Weight + Sentiment Tilt,SHW,0.02,Materials,2021-12-30,0.6608340044593588,0.4,0.15,1.104204427631248,0.022084088552624958,0.021019639389164124
2022-01-03,2021-12-31,Equity,Equal Weight + Sentiment Tilt,Equity Equal Weight + Sentiment Tilt,SLB,0.02,Energy,2021-12-31,-0.35541565733241764,0.6,0.15,0.9480838335712037,0.018961676671424076,0.01804772720855104
2022-01-03,2021-12-31,Equity,Equal Weight + Sentiment Tilt,Equity Equal Weight + Sentiment Tilt,SO,0.02,Utilities,2021-12-31,0.492386810028844,0.4,0.15,1.0766539329384093,0.021533078658768186,0.020495188074764994
2022-01-03,2021-12-31,Equity,Equal Weight + Sentiment Tilt,Equity Equal Weight + Sentiment Tilt,T,0.02,Comm,2021-12-31,0.2750947430632871,0.6,0.15,1.0421274111787118,0.020842548223574234,0.019837941084451954
2022-01-03,2021-12-31,Equity,Equal Weight + Sentiment Tilt,Equity Equal Weight + Sentiment Tilt,TMUS,0.02,Comm,2021-12-31,0.2750947430632871,0.6,0.15,1.0421274111787118,0.020842548223574234,0.019837941084451954
2022-01-03,2021-12-31,Equity,Equal Weight + Sentiment Tilt,Equity Equal Weight + Sentiment Tilt,TTWO,0.02,Comm,2021-12-31,0.2750947430632871,0.6,0.15,1.0421274111787118,0.020842548223574234,0.019837941084451954
2022-01-03,2021-12-31,Equity,Equal Weight + Sentiment Tilt,Equity Equal Weight + Sentiment Tilt,UPS,0.02,Industrials,2021-12-31,0.026189164429569912,0.4,0.15,1.0039361008419814,0.020078722016839627,0.019110931165826798
2022-01-03,2021-12-31,Equity,Equal Weight + Sentiment Tilt,Equity Equal Weight + Sentiment Tilt,USB,0.02,Financials,2021-12-31,1.5678610205718686,1.0,0.15,1.2651354013424003,0.025302708026848007,0.024083121973826557
2022-01-03,2021-12-31,Equity,Equal Weight + Sentiment Tilt,Equity Equal Weight + Sentiment Tilt,V,0.02,Financials,2021-12-31,1.5678610205718686,1.0,0.15,1.2651354013424003,0.025302708026848007,0.024083121973826557
2022-01-03,2021-12-31,Equity,Equal Weight + Sentiment Tilt,Equity Equal Weight + Sentiment Tilt,WFC,0.02,Financials,2021-12-31,1.5678610205718686,1.0,0.15,1.2651354013424003,0.025302708026848007,0.024083121973826557
2022-01-03,2021-12-31,Equity,Equal Weight + Sentiment Tilt,Equity Equal Weight + Sentiment Tilt,WMT,0.02,Consumer,2021-12-31,-0.44819624699727995,1.0,0.15,0.9349806575220804,0.018699613150441607,0.01779829510294343
2022-01-03,2021-12-31,Equity,Equal Weight + Sentiment Tilt,Equity Equal Weight + Sentiment Tilt,XOM,0.02,Energy,2021-12-31,-0.35541565733241764,0.6,0.15,0.9480838335712037,0.018961676671424076,0.01804772720855104
2022-02-01,2022-01-31,Equity,Equal Weight + Sentiment Tilt,Equity Equal Weight + Sentiment Tilt,ABBV,0.02,Healthcare,2022-01-31,0.9095266977396598,1.0,0.15,1.1461735019107684,0.02292347003821537,0.023095726940497722
2022-02-01,2022-01-31,Equity,Equal Weight + Sentiment Tilt,Equity Equal Weight + Sentiment Tilt,ABT,0.02,Healthcare,2022-01-31,0.9095266977396598,1.0,0.15,1.1461735019107684,0.02292347003821537,0.023095726940497722
2022-02-01,2022-01-31,Equity,Equal Weight + Sentiment Tilt,Equity Equal Weight + Sentiment Tilt,ADBE,0.02,Tech,2022-01-31,0.49086350356056974,1.0,0.15,1.0764079499575188,0.021528158999150376,0.02168993092874277
2022-02-01,2022-01-31,Equity,Equal Weight + Sentiment Tilt,Equity Equal Weight + Sentiment Tilt,AEP,0.02,Utilities,2022-01-31,0.15339405602129455,0.8,0.15,1.0232758599138816,0.020465517198277633,0.020619303976208918
2022-02-01,2022-01-31,Equity,Equal Weight + Sentiment Tilt,Equity Equal Weight + Sentiment Tilt,AMD,0.02,Tech,2022-01-31,0.49086350356056974,1.0,0.15,1.0764079499575188,0.021528158999150376,0.02168993092874277
2022-02-01,2022-01-31,Equity,Equal Weight + Sentiment Tilt,Equity Equal Weight + Sentiment Tilt,AMGN,0.02,Healthcare,2022-01-31,0.9095266977396598,1.0,0.15,1.1461735019107684,0.02292347003821537,0.023095726940497722
2022-02-01,2022-01-31,Equity,Equal Weight + Sentiment Tilt,Equity Equal Weight + Sentiment Tilt,AMT,0.02,RealEstate,2022-01-31,-0.5238993536423514,1.0,0.15,0.9244235702223604,0.018488471404447208,0.018627401802277756
2022-02-01,2022-01-31,Equity,Equal Weight + Sentiment Tilt,Equity Equal Weight + Sentiment Tilt,BA,0.02,Industrials,2022-01-31,0.5757727780900509,1.0,0.15,1.0902051796238734,0.021804103592477468,0.021967949089499613
2022-02-01,2022-01-31,Equity,Equal Weight + Sentiment Tilt,Equity Equal Weight + Sentiment Tilt,CAT,0.02,Industrials,2022-01-31,0.5757727780900509,1.0,0.15,1.0902051796238734,0.021804103592477468,0.021967949089499613
2022-02-01,2022-01-31,Equity,Equal Weight + Sentiment Tilt,Equity Equal Weight + Sentiment Tilt,CCI,0.02,RealEstate,2022-01-31,-0.5238993536423514,1.0,0.15,0.9244235702223604,0.018488471404447208,0.018627401802277756
2022-02-01,2022-01-31,Equity,Equal Weight + Sentiment Tilt,Equity Equal Weight + Sentiment Tilt,CMCSA,0.02,Comm,2022-01-31,-2.0301008646054965,1.0,0.15,0.7374808702926396,0.014749617405852794,0.014860452432135745
2022-02-01,2022-01-31,Equity,Equal Weight + Sentiment Tilt,Equity Equal Weight + Sentiment Tilt,COP,0.02,Energy,2022-01-31,0.5193005955945612,1.0,0.15,1.0810092433268825,0.02162018486653765,0.021782648318435332
2022-02-01,2022-01-31,Equity,Equal Weight + Sentiment Tilt,Equity Equal Weight + Sentiment Tilt,CVX,0.02,Energy,2022-01-31,0.5193005955945612,1.0,0.15,1.0810092433268825,0.02162018486653765,0.021782648318435332
2022-02-01,2022-01-31,Equity,Equal Weight + Sentiment Tilt,Equity Equal Weight + Sentiment Tilt,D,0.02,Utilities,2022-01-31,0.15339405602129455,0.8,0.15,1.0232758599138816,0.020465517198277633,0.020619303976208918
2022-02-01,2022-01-31,Equity,Equal Weight + Sentiment Tilt,Equity Equal Weight + Sentiment Tilt,DD,0.02,Materials,2022-01-31,-0.13770401215929484,0.6,0.15,0.9795562638741643,0.019591125277483287,0.01973834149504977
2022-02-01,2022-01-31,Equity,Equal Weight + Sentiment Tilt,Equity Equal Weight + Sentiment Tilt,DIS,0.02,Consumer,2022-01-31,-0.9782481048991786,1.0,0.15,0.8635208673000001,0.017270417346000003,0.017400194757019618
2022-02-01,2022-01-31,Equity,Equal Weight + Sentiment Tilt,Equity Equal Weight + Sentiment Tilt,DOW,0.02,Materials,2022-01-31,-0.13770401215929484,0.6,0.15,0.9795562638741643,0.019591125277483287,0.01973834149504977
2022-02-01,2022-01-31,Equity,Equal Weight + Sentiment Tilt,Equity Equal Weight + Sentiment Tilt,DUK,0.02,Utilities,2022-01-31,0.15339405602129455,0.8,0.15,1.0232758599138816,0.020465517198277633,0.020619303976208918
2022-02-01,2022-01-31,Equity,Equal Weight + Sentiment Tilt,Equity Equal Weight + Sentiment Tilt,EA,0.02,Comm,2022-01-31,-2.0301008646054965,1.0,0.15,0.7374808702926396,0.014749617405852794,0.014860452432135745
2022-02-01,2022-01-31,Equity,Equal Weight + Sentiment Tilt,Equity Equal Weight + Sentiment Tilt,GE,0.02,Industrials,2022-01-31,0.5757727780900509,1.0,0.15,1.0902051796238734,0.021804103592477468,0.021967949089499613
2022-02-01,2022-01-31,Equity,Equal Weight + Sentiment Tilt,Equity Equal Weight + Sentiment Tilt,GILD,0.02,Healthcare,2022-01-31,0.9095266977396598,1.0,0.15,1.1461735019107684,0.02292347003821537,0.023095726940497722
2022-02-01,2022-01-31,Equity,Equal Weight + Sentiment Tilt,Equity Equal Weight + Sentiment Tilt,GS,0.02,Financials,2022-01-31,0.022381118760743238,1.0,0.15,1.003362809413476,0.020067256188269524,0.02021805026013277
2022-02-01,2022-01-31,Equity,Equal Weight + Sentiment Tilt,Equity Equal Weight + Sentiment Tilt,INTC,0.02,Tech,2022-01-31,0.49086350356056974,1.0,0.15,1.0764079499575188,0.021528158999150376,0.02168993092874277
2022-02-01,2022-01-31,Equity,Equal Weight + Sentiment Tilt,Equity Equal Weight + Sentiment Tilt,KO,0.02,Consumer,2022-01-31,-0.9782481048991786,1.0,0.15,0.8635208673000001,0.017270417346000003,0.017400194757019618
2022-02-01,2022-01-31,Equity,Equal Weight + Sentiment Tilt,Equity Equal Weight + Sentiment Tilt,MMM,0.02,Industrials,2022-01-31,0.5757727780900509,1.0,0.15,1.0902051796238734,0.021804103592477468,0.021967949089499613
2022-02-01,2022-01-31,Equity,Equal Weight + Sentiment Tilt,Equity Equal Weight + Sentiment Tilt,MRK,0.02,Healthcare,2022-01-31,0.9095266977396598,1.0,0.15,1.1461735019107684,0.02292347003821537,0.023095726940497722
2022-02-01,2022-01-31,Equity,Equal Weight + Sentiment Tilt,Equity Equal Weight + Sentiment Tilt,MS,0.02,Financials,2022-01-31,0.022381118760743238,1.0,0.15,1.003362809413476,0.020067256188269524,0.02021805026013277
2022-02-01,2022-01-31,Equity,Equal Weight + Sentiment Tilt,Equity Equal Weight + Sentiment Tilt,NEE,0.02,Utilities,2022-01-31,0.15339405602129455,0.8,0.15,1.0232758599138816,0.020465517198277633,0.020619303976208918
2022-02-01,2022-01-31,Equity,Equal Weight + Sentiment Tilt,Equity Equal Weight + Sentiment Tilt,NEM,0.02,Materials,2022-01-31,-0.13770401215929484,0.6,0.15,0.9795562638741643,0.019591125277483287,0.01973834149504977
2022-02-01,2022-01-31,Equity,Equal Weight + Sentiment Tilt,Equity Equal Weight + Sentiment Tilt,NKE,0.02,Consumer,2022-01-31,-0.9782481048991786,1.0,0.15,0.8635208673000001,0.017270417346000003,0.017400194757019618
2022-02-01,2022-01-31,Equity,Equal Weight + Sentiment Tilt,Equity Equal Weight + Sentiment Tilt,NUE,0.02,Materials,2022-01-31,-0.13770401215929484,0.6,0.15,0.9795562638741643,0.019591125277483287,0.01973834149504977
2022-02-01,2022-01-31,Equity,Equal Weight + Sentiment Tilt,Equity Equal Weight + Sentiment Tilt,NVDA,0.02,Tech,2022-01-31,0.49086350356056974,1.0,0.15,1.0764079499575188,0.021528158999150376,0.02168993092874277
2022-02-01,2022-01-31,Equity,Equal Weight + Sentiment Tilt,Equity Equal Weight + Sentiment Tilt,O,0.02,RealEstate,2022-01-31,-0.5238993536423514,1.0,0.15,0.9244235702223604,0.018488471404447208,0.018627401802277756
2022-02-01,2022-01-31,Equity,Equal Weight + Sentiment Tilt,Equity Equal Weight + Sentiment Tilt,OXY,0.02,Energy,2022-01-31,0.5193005955945612,1.0,0.15,1.0810092433268825,0.02162018486653765,0.021782648318435332
2022-02-01,2022-01-31,Equity,Equal Weight + Sentiment Tilt,Equity Equal Weight + Sentiment Tilt,PLD,0.02,RealEstate,2022-01-31,-0.5238993536423514,1.0,0.15,0.9244235702223604,0.018488471404447208,0.018627401802277756
2022-02-01,2022-01-31,Equity,Equal Weight + Sentiment Tilt,Equity Equal Weight + Sentiment Tilt,PSA,0.02,RealEstate,2022-01-31,-0.5238993536423514,1.0,0.15,0.9244235702223604,0.018488471404447208,0.018627401802277756
2022-02-01,2022-01-31,Equity,Equal Weight + Sentiment Tilt,Equity Equal Weight + Sentiment Tilt,QCOM,0.02,Tech,2022-01-31,0.49086350356056974,1.0,0.15,1.0764079499575188,0.021528158999150376,0.02168993092874277
2022-02-01,2022-01-31,Equity,Equal Weight + Sentiment Tilt,Equity Equal Weight + Sentiment Tilt,SBUX,0.02,Consumer,2022-01-31,-0.9782481048991786,1.0,0.15,0.8635208673000001,0.017270417346000003,0.017400194757019618
2022-02-01,2022-01-31,Equity,Equal Weight + Sentiment Tilt,Equity Equal Weight + Sentiment Tilt,SHW,0.02,Materials,2022-01-31,-0.13770401215929484,0.6,0.15,0.9795562638741643,0.019591125277483287,0.01973834149504977
2022-02-01,2022-01-31,Equity,Equal Weight + Sentiment Tilt,Equity Equal Weight + Sentiment Tilt,SLB,0.02,Energy,2022-01-31,0.5193005955945612,1.0,0.15,1.0810092433268825,0.02162018486653765,0.021782648318435332
2022-02-01,2022-01-31,Equity,Equal Weight + Sentiment Tilt,Equity Equal Weight + Sentiment Tilt,SO,0.02,Utilities,2022-01-31,0.15339405602129455,0.8,0.15,1.0232758599138816,0.020465517198277633,0.020619303976208918
2022-02-01,2022-01-31,Equity,Equal Weight + Sentiment Tilt,Equity Equal Weight + Sentiment Tilt,T,0.02,Comm,2022-01-31,-2.0301008646054965,1.0,0.15,0.7374808702926396,0.014749617405852794,0.014860452432135745
2022-02-01,2022-01-31,Equity,Equal Weight + Sentiment Tilt,Equity Equal Weight + Sentiment Tilt,TMUS,0.02,Comm,2022-01-31,-2.0301008646054965,1.0,0.15,0.7374808702926396,0.014749617405852794,0.014860452432135745
2022-02-01,2022-01-31,Equity,Equal Weight + Sentiment Tilt,Equity Equal Weight + Sentiment Tilt,TTWO,0.02,Comm,2022-01-31,-2.0301008646054965,1.0,0.15,0.7374808702926396,0.014749617405852794,0.014860452432135745
2022-02-01,2022-01-31,Equity,Equal Weight + Sentiment Tilt,Equity Equal Weight + Sentiment Tilt,UPS,0.02,Industrials,2022-01-31,0.5757727780900509,1.0,0.15,1.0902051796238734,0.021804103592477468,0.021967949089499613
2022-02-01,2022-01-31,Equity,Equal Weight + Sentiment Tilt,Equity Equal Weight + Sentiment Tilt,USB,0.02,Financials,2022-01-31,0.022381118760743238,1.0,0.15,1.003362809413476,0.020067256188269524,0.02021805026013277
2022-02-01,2022-01-31,Equity,Equal Weight + Sentiment Tilt,Equity Equal Weight + Sentiment Tilt,V,0.02,Financials,2022-01-31,0.022381118760743238,1.0,0.15,1.003362809413476,0.020067256188269524,0.02021805026013277
2022-02-01,2022-01-31,Equity,Equal Weight + Sentiment Tilt,Equity Equal Weight + Sentiment Tilt,WFC,0.02,Financials,2022-01-31,0.022381118760743238,1.0,0.15,1.003362809413476,0.020067256188269524,0.02021805026013277
2022-02-01,2022-01-31,Equity,Equal Weight + Sentiment Tilt,Equity Equal Weight + Sentiment Tilt,WMT,0.02,Consumer,2022-01-31,-0.9782481048991786,1.0,0.15,0.8635208673000001,0.017270417346000003,0.017400194757019618
2022-02-01,2022-01-31,Equity,Equal Weight + Sentiment Tilt,Equity Equal Weight + Sentiment Tilt,XOM,0.02,Energy,2022-01-31,0.5193005955945612,1.0,0.15,1.0810092433268825,0.02162018486653765,0.021782648318435332
2022-03-01,2022-02-28,Equity,Equal Weight + Sentiment Tilt,Equity Equal Weight + Sentiment Tilt,ABBV,0.02,Healthcare,2022-02-28,-0.8219203544755335,0.6,0.15,0.884008984290731,0.01768017968581462,0.018697023642894887
2022-03-01,2022-02-28,Equity,Equal Weight + Sentiment Tilt,Equity Equal Weight + Sentiment Tilt,ABT,0.02,Healthcare,2022-02-28,-0.8219203544755335,0.6,0.15,0.884008984290731,0.01768017968581462,0.018697023642894887
2022-03-01,2022-02-28,Equity,Equal Weight + Sentiment Tilt,Equity Equal Weight + Sentiment Tilt,ADBE,0.02,Tech,2022-02-28,-1.1402635222669317,1.0,0.15,0.8427882587923122,0.016855765175846246,0.017825194404824895
2022-03-01,2022-02-28,Equity,Equal Weight + Sentiment Tilt,Equity Equal Weight + Sentiment Tilt,AEP,0.02,Utilities,2022-02-28,-0.08690655960825286,0.6,0.15,0.9870486164818284,0.019740972329636567,0.02087633909496335
2022-03-01,2022-02-28,Equity,Equal Weight + Sentiment Tilt,Equity Equal Weight + Sentiment Tilt,AMD,0.02,Tech,2022-02-28,-1.1402635222669317,1.0,0.15,0.8427882587923122,0.016855765175846246,0.017825194404824895
2022-03-01,2022-02-28,Equity,Equal Weight + Sentiment Tilt,Equity Equal Weight + Sentiment Tilt,AMGN,0.02,Healthcare,2022-02-28,-0.8219203544755335,0.6,0.15,0.884008984290731,0.01768017968581462,0.018697023642894887
2022-03-01,2022-02-28,Equity,Equal Weight + Sentiment Tilt,Equity Equal Weight + Sentiment Tilt,AMT,0.02,RealEstate,2022-02-28,-0.18305928362624374,0.6,0.15,0.9729146757787265,0.01945829351557453,0.020577402513786862
2022-03-01,2022-02-28,Equity,Equal Weight + Sentiment Tilt,Equity Equal Weight + Sentiment Tilt,BA,0.02,Industrials,2022-02-28,-0.3962150787533699,0.8,0.15,0.9422993610797521,0.018845987221595042,0.01992988051691411
2022-03-01,2022-02-28,Equity,Equal Weight + Sentiment Tilt,Equity Equal Weight + Sentiment Tilt,CAT,0.02,Industrials,2022-02-28,-0.3962150787533699,0.8,0.15,0.9422993610797521,0.018845987221595042,0.01992988051691411
2022-03-01,2022-02-28,Equity,Equal Weight + Sentiment Tilt,Equity Equal Weight + Sentiment Tilt,CCI,0.02,RealEstate,2022-02-28,-0.18305928362624374,0.6,0.15,0.9729146757787265,0.01945829351557453,0.020577402513786862
2022-03-01,2022-02-28,Equity,Equal Weight + Sentiment Tilt,Equity Equal Weight + Sentiment Tilt,CMCSA,0.02,Comm,2022-02-28,-0.06391869420869592,0.8,0.15,0.9904580123194231,0.01980916024638846,0.020948448717960724
2022-03-01,2022-02-28,Equity,Equal Weight + Sentiment Tilt,Equity Equal Weight + Sentiment Tilt,COP,0.02,Energy,2022-02-28,0.6495482308603943,1.0,0.15,1.102336738774219,0.02204673477548438,0.023314713349694764
2022-03-01,2022-02-28,Equity,Equal Weight + Sentiment Tilt,Equity Equal Weight + Sentiment Tilt,CVX,0.02,Energy,2022-02-28,0.6495482308603943,1.0,0.15,1.102336738774219,0.02204673477548438,0.023314713349694764
2022-03-01,2022-02-28,Equity,Equal Weight + Sentiment Tilt,Equity Equal Weight + Sentiment Tilt,D,0.02,Utilities,2022-02-28,-0.08690655960825286,0.6,0.15,0.9870486164818284,0.019740972329636567,0.02087633909496335
2022-03-01,2022-02-28,Equity,Equal Weight + Sentiment Tilt,Equity Equal Weight + Sentiment Tilt,DD,0.02,Materials,2022-02-28,-0.4134240691836671,0.6,0.15,0.9398700947171995,0.01879740189434399,0.01987850089134166
2022-03-01,2022-02-28,Equity,Equal Weight + Sentiment Tilt,Equity Equal Weight + Sentiment Tilt,DIS,0.02,Consumer,2022-02-28,-0.5871258480573689,1.0,0.15,0.9156978038425538,0.018313956076851077,0.01936725055111034
2022-03-01,2022-02-28,Equity,Equal Weight + Sentiment Tilt,Equity Equal Weight + Sentiment Tilt,DOW,0.02,Materials,2022-02-28,-0.4134240691836671,0.6,0.15,0.9398700947171995,0.01879740189434399,0.01987850089134166
2022-03-01,2022-02-28,Equity,Equal Weight + Sentiment Tilt,Equity Equal Weight + Sentiment Tilt,DUK,0.02,Utilities,2022-02-28,-0.08690655960825286,0.6,0.15,0.9870486164818284,0.019740972329636567,0.02087633909496335
2022-03-01,2022-02-28,Equity,Equal Weight + Sentiment Tilt,Equity Equal Weight + Sentiment Tilt,EA,0.02,Comm,2022-02-28,-0.06391869420869592,0.8,0.15,0.9904580123194231,0.01980916024638846,0.020948448717960724
2022-03-01,2022-02-28,Equity,Equal Weight + Sentiment Tilt,Equity Equal Weight + Sentiment Tilt,GE,0.02,Industrials,2022-02-28,-0.3962150787533699,0.8,0.15,0.9422993610797521,0.018845987221595042,0.01992988051691411
2022-03-01,2022-02-28,Equity,Equal Weight + Sentiment Tilt,Equity Equal Weight + Sentiment Tilt,GILD,0.02,Healthcare,2022-02-28,-0.8219203544755335,0.6,0.15,0.884008984290731,0.01768017968581462,0.018697023642894887
2022-03-01,2022-02-28,Equity,Equal Weight + Sentiment Tilt,Equity Equal Weight + Sentiment Tilt,GS,0.02,Financials,2022-02-28,-0.8618956247315002,0.8,0.15,0.8787240703572143,0.017574481407144286,0.018585246316508427
2022-03-01,2022-02-28,Equity,Equal Weight + Sentiment Tilt,Equity Equal Weight + Sentiment Tilt,INTC,0.02,Tech,2022-02-28,-1.1402635222669317,1.0,0.15,0.8427882587923122,0.016855765175846246,0.017825194404824895
2022-03-01,2022-02-28,Equity,Equal Weight + Sentiment Tilt,Equity Equal Weight + Sentiment Tilt,KO,0.02,Consumer,2022-02-28,-0.5871258480573689,1.0,0.15,0.9156978038425538,0.018313956076851077,0.01936725055111034
2022-03-01,2022-02-28,Equity,Equal Weight + Sentiment Tilt,Equity Equal Weight + Sentiment Tilt,MMM,0.02,Industrials,2022-02-28,-0.3962150787533699,0.8,0.15,0.9422993610797521,0.018845987221595042,0.01992988051691411
2022-03-01,2022-02-28,Equity,Equal Weight + Sentiment Tilt,Equity Equal Weight + Sentiment Tilt,MRK,0.02,Healthcare,2022-02-28,-0.8219203544755335,0.6,0.15,0.884008984290731,0.01768017968581462,0.018697023642894887
2022-03-01,2022-02-28,Equity,Equal Weight + Sentiment Tilt,Equity Equal Weight + Sentiment Tilt,MS,0.02,Financials,2022-02-28,-0.8618956247315002,0.8,0.15,0.8787240703572143,0.017574481407144286,0.018585246316508427
2022-03-01,2022-02-28,Equity,Equal Weight + Sentiment Tilt,Equity Equal Weight + Sentiment Tilt,NEE,0.02,Utilities,2022-02-28,-0.08690655960825286,0.6,0.15,0.9870486164818284,0.019740972329636567,0.02087633909496335
2022-03-01,2022-02-28,Equity,Equal Weight + Sentiment Tilt,Equity Equal Weight + Sentiment Tilt,NEM,0.02,Materials,2022-02-28,-0.4134240691836671,0.6,0.15,0.9398700947171995,0.01879740189434399,0.01987850089134166
2022-03-01,2022-02-28,Equity,Equal Weight + Sentiment Tilt,Equity Equal Weight + Sentiment Tilt,NKE,0.02,Consumer,2022-02-28,-0.5871258480573689,1.0,0.15,0.9156978038425538,0.018313956076851077,0.01936725055111034
2022-03-01,2022-02-28,Equity,Equal Weight + Sentiment Tilt,Equity Equal Weight + Sentiment Tilt,NUE,0.02,Materials,2022-02-28,-0.4134240691836671,0.6,0.15,0.9398700947171995,0.01879740189434399,0.01987850089134166
2022-03-01,2022-02-28,Equity,Equal Weight + Sentiment Tilt,Equity Equal Weight + Sentiment Tilt,NVDA,0.02,Tech,2022-02-28,-1.1402635222669317,1.0,0.15,0.8427882587923122,0.016855765175846246,0.017825194404824895
2022-03-01,2022-02-28,Equity,Equal Weight + Sentiment Tilt,Equity Equal Weight + Sentiment Tilt,O,0.02,RealEstate,2022-02-28,-0.18305928362624374,0.6,0.15,0.9729146757787265,0.01945829351557453,0.020577402513786862
2022-03-01,2022-02-28,Equity,Equal Weight + Sentiment Tilt,Equity Equal Weight + Sentiment Tilt,OXY,0.02,Energy,2022-02-28,0.6495482308603943,1.0,0.15,1.102336738774219,0.02204673477548438,0.023314713349694764
2022-03-01,2022-02-28,Equity,Equal Weight + Sentiment Tilt,Equity Equal Weight + Sentiment Tilt,PLD,0.02,RealEstate,2022-02-28,-0.18305928362624374,0.6,0.15,0.9729146757787265,0.01945829351557453,0.020577402513786862
2022-03-01,2022-02-28,Equity,Equal Weight + Sentiment Tilt,Equity Equal Weight + Sentiment Tilt,PSA,0.02,RealEstate,2022-02-28,-0.18305928362624374,0.6,0.15,0.9729146757787265,0.01945829351557453,0.020577402513786862
2022-03-01,2022-02-28,Equity,Equal Weight + Sentiment Tilt,Equity Equal Weight + Sentiment Tilt,QCOM,0.02,Tech,2022-02-28,-1.1402635222669317,1.0,0.15,0.8427882587923122,0.016855765175846246,0.017825194404824895
2022-03-01,2022-02-28,Equity,Equal Weight + Sentiment Tilt,Equity Equal Weight + Sentiment Tilt,SBUX,0.02,Consumer,2022-02-28,-0.5871258480573689,1.0,0.15,0.9156978038425538,0.018313956076851077,0.01936725055111034
2022-03-01,2022-02-28,Equity,Equal Weight + Sentiment Tilt,Equity Equal Weight + Sentiment Tilt,SHW,0.02,Materials,2022-02-28,-0.4134240691836671,0.6,0.15,0.9398700947171995,0.01879740189434399,0.01987850089134166
2022-03-01,2022-02-28,Equity,Equal Weight + Sentiment Tilt,Equity Equal Weight + Sentiment Tilt,SLB,0.02,Energy,2022-02-28,0.6495482308603943,1.0,0.15,1.102336738774219,0.02204673477548438,0.023314713349694764
2022-03-01,2022-02-28,Equity,Equal Weight + Sentiment Tilt,Equity Equal Weight + Sentiment Tilt,SO,0.02,Utilities,2022-02-28,-0.08690655960825286,0.6,0.15,0.9870486164818284,0.019740972329636567,0.02087633909496335
2022-03-01,2022-02-28,Equity,Equal Weight + Sentiment Tilt,Equity Equal Weight + Sentiment Tilt,T,0.02,Comm,2022-02-28,-0.06391869420869592,0.8,0.15,0.9904580123194231,0.01980916024638846,0.020948448717960724
2022-03-01,2022-02-28,Equity,Equal Weight + Sentiment Tilt,Equity Equal Weight + Sentiment Tilt,TMUS,0.02,Comm,2022-02-28,-0.06391869420869592,0.8,0.15,0.9904580123194231,0.01980916024638846,0.020948448717960724
2022-03-01,2022-02-28,Equity,Equal Weight + Sentiment Tilt,Equity Equal Weight + Sentiment Tilt,TTWO,0.02,Comm,2022-02-28,-0.06391869420869592,0.8,0.15,0.9904580123194231,0.01980916024638846,0.020948448717960724
2022-03-01,2022-02-28,Equity,Equal Weight + Sentiment Tilt,Equity Equal Weight + Sentiment Tilt,UPS,0.02,Industrials,2022-02-28,-0.3962150787533699,0.8,0.15,0.9422993610797521,0.018845987221595042,0.01992988051691411
2022-03-01,2022-02-28,Equity,Equal Weight + Sentiment Tilt,Equity Equal Weight + Sentiment Tilt,USB,0.02,Financials,2022-02-28,-0.8618956247315002,0.8,0.15,0.8787240703572143,0.017574481407144286,0.018585246316508427
2022-03-01,2022-02-28,Equity,Equal Weight + Sentiment Tilt,Equity Equal Weight + Sentiment Tilt,V,0.02,Financials,2022-02-28,-0.8618956247315002,0.8,0.15,0.8787240703572143,0.017574481407144286,0.018585246316508427
2022-03-01,2022-02-28,Equity,Equal Weight + Sentiment Tilt,Equity Equal Weight + Sentiment Tilt,WFC,0.02,Financials,2022-02-28,-0.8618956247315002,0.8,0.15,0.8787240703572143,0.017574481407144286,0.018585246316508427
2022-03-01,2022-02-28,Equity,Equal Weight + Sentiment Tilt,Equity Equal Weight + Sentiment Tilt,WMT,0.02,Consumer,2022-02-28,-0.5871258480573689,1.0,0.15,0.9156978038425538,0.018313956076851077,0.01936725055111034
2022-03-01,2022-02-28,Equity,Equal Weight + Sentiment Tilt,Equity Equal Weight + Sentiment Tilt,XOM,0.02,Energy,2022-02-28,0.6495482308603943,1.0,0.15,1.102336738774219,0.02204673477548438,0.023314713349694764
2022-04-01,2022-03-31,Equity,Equal Weight + Sentiment Tilt,Equity Equal Weight + Sentiment Tilt,ABBV,0.02,Healthcare,2022-03-31,-0.4608912544673565,0.8,0.15,0.933201913682315,0.0186640382736463,0.017078922799082918
2022-04-01,2022-03-31,Equity,Equal Weight + Sentiment Tilt,Equity Equal Weight + Sentiment Tilt,ABT,0.02,Healthcare,2022-03-31,-0.4608912544673565,0.8,0.15,0.933201913682315,0.0186640382736463,0.017078922799082918
2022-04-01,2022-03-31,Equity,Equal Weight + Sentiment Tilt,Equity Equal Weight + Sentiment Tilt,ADBE,0.02,Tech,2022-03-31,0.16001047370646063,1.0,0.15,1.0242919271093036,0.020485838542186073,0.01874599964952385
2022-04-01,2022-03-31,Equity,Equal Weight + Sentiment Tilt,Equity Equal Weight + Sentiment Tilt,AEP,0.02,Utilities,2022-03-31,1.2052032166995192,0.8,0.15,1.1981521350674458,0.023963042701348917,0.021927888827004093
2022-04-01,2022-03-31,Equity,Equal Weight + Sentiment Tilt,Equity Equal Weight + Sentiment Tilt,AMD,0.02,Tech,2022-03-31,0.16001047370646063,1.0,0.15,1.0242919271093036,0.020485838542186073,0.01874599964952385
2022-04-01,2022-03-31,Equity,Equal Weight + Sentiment Tilt,Equity Equal Weight + Sentiment Tilt,AMGN,0.02,Healthcare,2022-03-31,-0.4608912544673565,0.8,0.15,0.933201913682315,0.0186640382736463,0.017078922799082918
2022-04-01,2022-03-31,Equity,Equal Weight + Sentiment Tilt,Equity Equal Weight + Sentiment Tilt,AMT,0.02,RealEstate,2022-03-31,0.8675167192288035,0.8,0.15,1.1389736021804615,0.02277947204360923,0.02084483747474994
2022-04-01,2022-03-31,Equity,Equal Weight + Sentiment Tilt,Equity Equal Weight + Sentiment Tilt,BA,0.02,Industrials,2022-03-31,1.8769154204694898,1.0,0.15,1.3251654413904796,0.026503308827809595,0.024252413049835716
2022-04-01,2022-03-31,Equity,Equal Weight + Sentiment Tilt,Equity Equal Weight + Sentiment Tilt,CAT,0.02,Industrials,2022-03-31,1.8769154204694898,1.0,0.15,1.3251654413904796,0.026503308827809595,0.024252413049835716
2022-04-01,2022-03-31,Equity,Equal Weight + Sentiment Tilt,Equity Equal Weight + Sentiment Tilt,CCI,0.02,RealEstate,2022-03-31,0.8675167192288035,0.8,0.15,1.1389736021804615,0.02277947204360923,0.02084483747474994
2022-04-01,2022-03-31,Equity,Equal Weight + Sentiment Tilt,Equity Equal Weight + Sentiment Tilt,CMCSA,0.02,Comm,2022-03-31,-0.03209520433286507,0.8,0.15,0.9951972894245166,0.01990394578849033,0.01821352638344895
2022-04-01,2022-03-31,Equity,Equal Weight + Sentiment Tilt,Equity Equal Weight + Sentiment Tilt,COP,0.02,Energy,2022-03-31,1.658125201852672,1.0,0.15,1.2823813514295188,0.025647627028590376,0.023469403329475218
2022-04-01,2022-03-31,Equity,Equal Weight + Sentiment Tilt,Equity Equal Weight + Sentiment Tilt,CVX,0.02,Energy,2022-03-31,1.658125201852672,1.0,0.15,1.2823813514295188,0.025647627028590376,0.023469403329475218
2022-04-01,2022-03-31,Equity,Equal Weight + Sentiment Tilt,Equity Equal Weight + Sentiment Tilt,D,0.02,Utilities,2022-03-31,1.2052032166995192,0.8,0.15,1.1981521350674458,0.023963042701348917,0.021927888827004093
2022-04-01,2022-03-31,Equity,Equal Weight + Sentiment Tilt,Equity Equal Weight + Sentiment Tilt,DD,0.02,Materials,2022-03-31,0.01209460724935849,0.6,0.15,1.0018158377276773,0.020036316754553547,0.01833465523440217
2022-04-01,2022-03-31,Equity,Equal Weight + Sentiment Tilt,Equity Equal Weight + Sentiment Tilt,DIS,0.02,Consumer,2022-03-31,0.35294769142413523,1.0,0.15,1.0543686520442654,0.02108737304088531,0.019296446509610692
2022-04-01,2022-03-31,Equity,Equal Weight + Sentiment Tilt,Equity Equal Weight + Sentiment Tilt,DOW,0.02,Materials,2022-03-31,0.01209460724935849,0.6,0.15,1.0018158377276773,0.020036316754553547,0.01833465523440217
2022-04-01,2022-03-31,Equity,Equal Weight + Sentiment Tilt,Equity Equal Weight + Sentiment Tilt,DUK,0.02,Utilities,2022-03-31,1.2052032166995192,0.8,0.15,1.1981521350674458,0.023963042701348917,0.021927888827004093
2022-04-01,2022-03-31,Equity,Equal Weight + Sentiment Tilt,Equity Equal Weight + Sentiment Tilt,EA,0.02,Comm,2022-03-31,-0.03209520433286507,0.8,0.15,0.9951972894245166,0.01990394578849033,0.01821352638344895
2022-04-01,2022-03-31,Equity,Equal Weight + Sentiment Tilt,Equity Equal Weight + Sentiment Tilt,GE,0.02,Industrials,2022-03-31,1.8769154204694898,1.0,0.15,1.3251654413904796,0.026503308827809595,0.024252413049835716
2022-04-01,2022-03-31,Equity,Equal Weight + Sentiment Tilt,Equity Equal Weight + Sentiment Tilt,GILD,0.02,Healthcare,2022-03-31,-0.4608912544673565,0.8,0.15,0.933201913682315,0.0186640382736463,0.017078922799082918
2022-04-01,2022-03-31,Equity,Equal Weight + Sentiment Tilt,Equity Equal Weight + Sentiment Tilt,GS,0.02,Financials,2022-03-31,-0.17176765607229924,0.8,0.15,0.9745639406248741,0.019491278812497483,0.017835906742866423
2022-04-01,2022-03-31,Equity,Equal Weight + Sentiment Tilt,Equity Equal Weight + Sentiment Tilt,INTC,0.02,Tech,2022-03-31,0.16001047370646063,1.0,0.15,1.0242919271093036,0.020485838542186073,0.01874599964952385
2022-04-01,2022-03-31,Equity,Equal Weight + Sentiment Tilt,Equity Equal Weight + Sentiment Tilt,KO,0.02,Consumer,2022-03-31,0.35294769142413523,1.0,0.15,1.0543686520442654,0.02108737304088531,0.019296446509610692
2022-04-01,2022-03-31,Equity,Equal Weight + Sentiment Tilt,Equity Equal Weight + Sentiment Tilt,MMM,0.02,Industrials,2022-03-31,1.8769154204694898,1.0,0.15,1.3251654413904796,0.026503308827809595,0.024252413049835716
2022-04-01,2022-03-31,Equity,Equal Weight + Sentiment Tilt,Equity Equal Weight + Sentiment Tilt,MRK,0.02,Healthcare,2022-03-31,-0.4608912544673565,0.8,0.15,0.933201913682315,0.0186640382736463,0.017078922799082918
2022-04-01,2022-03-31,Equity,Equal Weight + Sentiment Tilt,Equity Equal Weight + Sentiment Tilt,MS,0.02,Financials,2022-03-31,-0.17176765607229924,0.8,0.15,0.9745639406248741,0.019491278812497483,0.017835906742866423
2022-04-01,2022-03-31,Equity,Equal Weight + Sentiment Tilt,Equity Equal Weight + Sentiment Tilt,NEE,0.02,Utilities,2022-03-31,1.2052032166995192,0.8,0.15,1.1981521350674458,0.023963042701348917,0.021927888827004093
2022-04-01,2022-03-31,Equity,Equal Weight + Sentiment Tilt,Equity Equal Weight + Sentiment Tilt,NEM,0.02,Materials,2022-03-31,0.01209460724935849,0.6,0.15,1.0018158377276773,0.020036316754553547,0.01833465523440217
2022-04-01,2022-03-31,Equity,Equal Weight + Sentiment Tilt,Equity Equal Weight + Sentiment Tilt,NKE,0.02,Consumer,2022-03-31,0.35294769142413523,1.0,0.15,1.0543686520442654,0.02108737304088531,0.019296446509610692
2022-04-01,2022-03-31,Equity,Equal Weight + Sentiment Tilt,Equity Equal Weight + Sentiment Tilt,NUE,0.02,Materials,2022-03-31,0.01209460724935849,0.6,0.15,1.0018158377276773,0.020036316754553547,0.01833465523440217
2022-04-01,2022-03-31,Equity,Equal Weight + Sentiment Tilt,Equity Equal Weight + Sentiment Tilt,NVDA,0.02,Tech,2022-03-31,0.16001047370646063,1.0,0.15,1.0242919271093036,0.020485838542186073,0.01874599964952385
2022-04-01,2022-03-31,Equity,Equal Weight + Sentiment Tilt,Equity Equal Weight + Sentiment Tilt,O,0.02,RealEstate,2022-03-31,0.8675167192288035,0.8,0.15,1.1389736021804615,0.02277947204360923,0.02084483747474994
2022-04-01,2022-03-31,Equity,Equal Weight + Sentiment Tilt,Equity Equal Weight + Sentiment Tilt,OXY,0.02,Energy,2022-03-31,1.658125201852672,1.0,0.15,1.2823813514295188,0.025647627028590376,0.023469403329475218
2022-04-01,2022-03-31,Equity,Equal Weight + Sentiment Tilt,Equity Equal Weight + Sentiment Tilt,PLD,0.02,RealEstate,2022-03-31,0.8675167192288035,0.8,0.15,1.1389736021804615,0.02277947204360923,0.02084483747474994
2022-04-01,2022-03-31,Equity,Equal Weight + Sentiment Tilt,Equity Equal Weight + Sentiment Tilt,PSA,0.02,RealEstate,2022-03-31,0.8675167192288035,0.8,0.15,1.1389736021804615,0.02277947204360923,0.02084483747474994
2022-04-01,2022-03-31,Equity,Equal Weight + Sentiment Tilt,Equity Equal Weight + Sentiment Tilt,QCOM,0.02,Tech,2022-03-31,0.16001047370646063,1.0,0.15,1.0242919271093036,0.020485838542186073,0.01874599964952385
2022-04-01,2022-03-31,Equity,Equal Weight + Sentiment Tilt,Equity Equal Weight + Sentiment Tilt,SBUX,0.02,Consumer,2022-03-31,0.35294769142413523,1.0,0.15,1.0543686520442654,0.02108737304088531,0.019296446509610692
2022-04-01,2022-03-31,Equity,Equal Weight + Sentiment Tilt,Equity Equal Weight + Sentiment Tilt,SHW,0.02,Materials,2022-03-31,0.01209460724935849,0.6,0.15,1.0018158377276773,0.020036316754553547,0.01833465523440217
2022-04-01,2022-03-31,Equity,Equal Weight + Sentiment Tilt,Equity Equal Weight + Sentiment Tilt,SLB,0.02,Energy,2022-03-31,1.658125201852672,1.0,0.15,1.2823813514295188,0.025647627028590376,0.023469403329475218
2022-04-01,2022-03-31,Equity,Equal Weight + Sentiment Tilt,Equity Equal Weight + Sentiment Tilt,SO,0.02,Utilities,2022-03-31,1.2052032166995192,0.8,0.15,1.1981521350674458,0.023963042701348917,0.021927888827004093
2022-04-01,2022-03-31,Equity,Equal Weight + Sentiment Tilt,Equity Equal Weight + Sentiment Tilt,T,0.02,Comm,2022-03-31,-0.03209520433286507,0.8,0.15,0.9951972894245166,0.01990394578849033,0.01821352638344895
2022-04-01,2022-03-31,Equity,Equal Weight + Sentiment Tilt,Equity Equal Weight + Sentiment Tilt,TMUS,0.02,Comm,2022-03-31,-0.03209520433286507,0.8,0.15,0.9951972894245166,0.01990394578849033,0.01821352638344895
2022-04-01,2022-03-31,Equity,Equal Weight + Sentiment Tilt,Equity Equal Weight + Sentiment Tilt,TTWO,0.02,Comm,2022-03-31,-0.03209520433286507,0.8,0.15,0.9951972894245166,0.01990394578849033,0.01821352638344895
2022-04-01,2022-03-31,Equity,Equal Weight + Sentiment Tilt,Equity Equal Weight + Sentiment Tilt,UPS,0.02,Industrials,2022-03-31,1.8769154204694898,1.0,0.15,1.3251654413904796,0.026503308827809595,0.024252413049835716
2022-04-01,2022-03-31,Equity,Equal Weight + Sentiment Tilt,Equity Equal Weight + Sentiment Tilt,USB,0.02,Financials,2022-03-31,-0.17176765607229924,0.8,0.15,0.9745639406248741,0.019491278812497483,0.017835906742866423
2022-04-01,2022-03-31,Equity,Equal Weight + Sentiment Tilt,Equity Equal Weight + Sentiment Tilt,V,0.02,Financials,2022-03-31,-0.17176765607229924,0.8,0.15,0.9745639406248741,0.019491278812497483,0.017835906742866423
2022-04-01,2022-03-31,Equity,Equal Weight + Sentiment Tilt,Equity Equal Weight + Sentiment Tilt,WFC,0.02,Financials,2022-03-31,-0.17176765607229924,0.8,0.15,0.9745639406248741,0.019491278812497483,0.017835906742866423
2022-04-01,2022-03-31,Equity,Equal Weight + Sentiment Tilt,Equity Equal Weight + Sentiment Tilt,WMT,0.02,Consumer,2022-03-31,0.35294769142413523,1.0,0.15,1.0543686520442654,0.02108737304088531,0.019296446509610692
2022-04-01,2022-03-31,Equity,Equal Weight + Sentiment Tilt,Equity Equal Weight + Sentiment Tilt,XOM,0.02,Energy,2022-03-31,1.658125201852672,1.0,0.15,1.2823813514295188,0.025647627028590376,0.023469403329475218
2022-05-02,2022-04-29,Equity,Equal Weight + Sentiment Tilt,Equity Equal Weight + Sentiment Tilt,ABBV,0.02,Healthcare,2022-04-29,0.21557026036840848,1.0,0.15,1.0328640133836349,0.020657280267672697,0.020026050194882666
2022-05-02,2022-04-29,Equity,Equal Weight + Sentiment Tilt,Equity Equal Weight + Sentiment Tilt,ABT,0.02,Healthcare,2022-04-29,0.21557026036840848,1.0,0.15,1.0328640133836349,0.020657280267672697,0.020026050194882666
2022-05-02,2022-04-29,Equity,Equal Weight + Sentiment Tilt,Equity Equal Weight + Sentiment Tilt,ADBE,0.02,Tech,2022-04-29,-0.30138105722073605,1.0,0.15,0.9557994592610521,0.019115989185221043,0.018531856758856866
2022-05-02,2022-04-29,Equity,Equal Weight + Sentiment Tilt,Equity Equal Weight + Sentiment Tilt,AEP,0.02,Utilities,2022-04-29,0.47582615914535503,0.6,0.15,1.073982738579945,0.0214796547715989,0.0208232951797605
2022-05-02,2022-04-29,Equity,Equal Weight + Sentiment Tilt,Equity Equal Weight + Sentiment Tilt,AMD,0.02,Tech,2022-04-29,-0.30138105722073605,1.0,0.15,0.9557994592610521,0.019115989185221043,0.018531856758856866
2022-05-02,2022-04-29,Equity,Equal Weight + Sentiment Tilt,Equity Equal Weight + Sentiment Tilt,AMGN,0.02,Healthcare,2022-04-29,0.21557026036840848,1.0,0.15,1.0328640133836349,0.020657280267672697,0.020026050194882666
2022-05-02,2022-04-29,Equity,Equal Weight + Sentiment Tilt,Equity Equal Weight + Sentiment Tilt,AMT,0.02,RealEstate,2022-04-29,0.4267742143554714,0.8,0.15,1.0661095972662602,0.021322191945325204,0.020670643987448417
2022-05-02,2022-04-29,Equity,Equal Weight + Sentiment Tilt,Equity Equal Weight + Sentiment Tilt,BA,0.02,Industrials,2022-04-29,-0.14260943860389722,1.0,0.15,0.9788357578057689,0.01957671515611538,0.018978504202259903
2022-05-02,2022-04-29,Equity,Equal Weight + Sentiment Tilt,Equity Equal Weight + Sentiment Tilt,CAT,0.02,Industrials,2022-04-29,-0.14260943860389722,1.0,0.15,0.9788357578057689,0.01957671515611538,0.018978504202259903
2022-05-02,2022-04-29,Equity,Equal Weight + Sentiment Tilt,Equity Equal Weight + Sentiment Tilt,CCI,0.02,RealEstate,2022-04-29,0.4267742143554714,0.8,0.15,1.0661095972662602,0.021322191945325204,0.020670643987448417
2022-05-02,2022-04-29,Equity,Equal Weight + Sentiment Tilt,Equity Equal Weight + Sentiment Tilt,CMCSA,0.02,Comm,2022-04-29,0.1108126734757907,0.8,0.15,1.016760813413544,0.02033521626827088,0.019713827591790103
2022-05-02,2022-04-29,Equity,Equal Weight + Sentiment Tilt,Equity Equal Weight + Sentiment Tilt,COP,0.02,Energy,2022-04-29,1.1454185500330198,1.0,0.15,1.1874554999580358,0.023749109999160717,0.023023402053137985
2022-05-02,2022-04-29,Equity,Equal Weight + Sentiment Tilt,Equity Equal Weight + Sentiment Tilt,CVX,0.02,Energy,2022-04-29,1.1454185500330198,1.0,0.15,1.1874554999580358,0.023749109999160717,0.023023402053137985
2022-05-02,2022-04-29,Equity,Equal Weight + Sentiment Tilt,Equity Equal Weight + Sentiment Tilt,D,0.02,Utilities,2022-04-29,0.47582615914535503,0.6,0.15,1.073982738579945,0.0214796547715989,0.0208232951797605
2022-05-02,2022-04-29,Equity,Equal Weight + Sentiment Tilt,Equity Equal Weight + Sentiment Tilt,DD,0.02,Materials,2022-04-29,-0.20997225041281997,0.2,0.15,0.9689949898269874,0.01937989979653975,0.01878770298259724
2022-05-02,2022-04-29,Equity,Equal Weight + Sentiment Tilt,Equity Equal Weight + Sentiment Tilt,DIS,0.02,Consumer,2022-04-29,0.7140028139374713,1.0,0.15,1.113046023275818,0.022260920465516358,0.02158068752760095
2022-05-02,2022-04-29,Equity,Equal Weight + Sentiment Tilt,Equity Equal Weight + Sentiment Tilt,DOW,0.02,Materials,2022-04-29,-0.20997225041281997,0.2,0.15,0.9689949898269874,0.01937989979653975,0.01878770298259724
2022-05-02,2022-04-29,Equity,Equal Weight + Sentiment Tilt,Equity Equal Weight + Sentiment Tilt,DUK,0.02,Utilities,2022-04-29,0.47582615914535503,0.6,0.15,1.073982738579945,0.0214796547715989,0.0208232951797605
2022-05-02,2022-04-29,Equity,Equal Weight + Sentiment Tilt,Equity Equal Weight + Sentiment Tilt,EA,0.02,Comm,2022-04-29,0.1108126734757907,0.8,0.15,1.016760813413544,0.02033521626827088,0.019713827591790103
2022-05-02,2022-04-29,Equity,Equal Weight + Sentiment Tilt,Equity Equal Weight + Sentiment Tilt,GE,0.02,Industrials,2022-04-29,-0.14260943860389722,1.0,0.15,0.9788357578057689,0.01957671515611538,0.018978504202259903
2022-05-02,2022-04-29,Equity,Equal Weight + Sentiment Tilt,Equity Equal Weight + Sentiment Tilt,GILD,0.02,Healthcare,2022-04-29,0.21557026036840848,1.0,0.15,1.0328640133836349,0.020657280267672697,0.020026050194882666
2022-05-02,2022-04-29,Equity,Equal Weight + Sentiment Tilt,Equity Equal Weight + Sentiment Tilt,GS,0.02,Financials,2022-04-29,-0.5460615306516509,0.6,0.15,0.9213555867180405,0.01842711173436081,0.01786402952166539
2022-05-02,2022-04-29,Equity,Equal Weight + Sentiment Tilt,Equity Equal Weight + Sentiment Tilt,INTC,0.02,Tech,2022-04-29,-0.30138105722073605,1.0,0.15,0.9557994592610521,0.019115989185221043,0.018531856758856866
2022-05-02,2022-04-29,Equity,Equal Weight + Sentiment Tilt,Equity Equal Weight + Sentiment Tilt,KO,0.02,Consumer,2022-04-29,0.7140028139374713,1.0,0.15,1.113046023275818,0.022260920465516358,0.02158068752760095
2022-05-02,2022-04-29,Equity,Equal Weight + Sentiment Tilt,Equity Equal Weight + Sentiment Tilt,MMM,0.02,Industrials,2022-04-29,-0.14260943860389722,1.0,0.15,0.9788357578057689,0.01957671515611538,0.018978504202259903
2022-05-02,2022-04-29,Equity,Equal Weight + Sentiment Tilt,Equity Equal Weight + Sentiment Tilt,MRK,0.02,Healthcare,2022-04-29,0.21557026036840848,1.0,0.15,1.0328640133836349,0.020657280267672697,0.020026050194882666
2022-05-02,2022-04-29,Equity,Equal Weight + Sentiment Tilt,Equity Equal Weight + Sentiment Tilt,MS,0.02,Financials,2022-04-29,-0.5460615306516509,0.6,0.15,0.9213555867180405,0.01842711173436081,0.01786402952166539
2022-05-02,2022-04-29,Equity,Equal Weight + Sentiment Tilt,Equity Equal Weight + Sentiment Tilt,NEE,0.02,Utilities,2022-04-29,0.47582615914535503,0.6,0.15,1.073982738579945,0.0214796547715989,0.0208232951797605
2022-05-02,2022-04-29,Equity,Equal Weight + Sentiment Tilt,Equity Equal Weight + Sentiment Tilt,NEM,0.02,Materials,2022-04-29,-0.20997225041281997,0.2,0.15,0.9689949898269874,0.01937989979653975,0.01878770298259724
2022-05-02,2022-04-29,Equity,Equal Weight + Sentiment Tilt,Equity Equal Weight + Sentiment Tilt,NKE,0.02,Consumer,2022-04-29,0.7140028139374713,1.0,0.15,1.113046023275818,0.022260920465516358,0.02158068752760095
2022-05-02,2022-04-29,Equity,Equal Weight + Sentiment Tilt,Equity Equal Weight + Sentiment Tilt,NUE,0.02,Materials,2022-04-29,-0.20997225041281997,0.2,0.15,0.9689949898269874,0.01937989979653975,0.01878770298259724
2022-05-02,2022-04-29,Equity,Equal Weight + Sentiment Tilt,Equity Equal Weight + Sentiment Tilt,NVDA,0.02,Tech,2022-04-29,-0.30138105722073605,1.0,0.15,0.9557994592610521,0.019115989185221043,0.018531856758856866
2022-05-02,2022-04-29,Equity,Equal Weight + Sentiment Tilt,Equity Equal Weight + Sentiment Tilt,O,0.02,RealEstate,2022-04-29,0.4267742143554714,0.8,0.15,1.0661095972662602,0.021322191945325204,0.020670643987448417
2022-05-02,2022-04-29,Equity,Equal Weight + Sentiment Tilt,Equity Equal Weight + Sentiment Tilt,OXY,0.02,Energy,2022-04-29,1.1454185500330198,1.0,0.15,1.1874554999580358,0.023749109999160717,0.023023402053137985
2022-05-02,2022-04-29,Equity,Equal Weight + Sentiment Tilt,Equity Equal Weight + Sentiment Tilt,PLD,0.02,RealEstate,2022-04-29,0.4267742143554714,0.8,0.15,1.0661095972662602,0.021322191945325204,0.020670643987448417
2022-05-02,2022-04-29,Equity,Equal Weight + Sentiment Tilt,Equity Equal Weight + Sentiment Tilt,PSA,0.02,RealEstate,2022-04-29,0.4267742143554714,0.8,0.15,1.0661095972662602,0.021322191945325204,0.020670643987448417
2022-05-02,2022-04-29,Equity,Equal Weight + Sentiment Tilt,Equity Equal Weight + Sentiment Tilt,QCOM,0.02,Tech,2022-04-29,-0.30138105722073605,1.0,0.15,0.9557994592610521,0.019115989185221043,0.018531856758856866
2022-05-02,2022-04-29,Equity,Equal Weight + Sentiment Tilt,Equity Equal Weight + Sentiment Tilt,SBUX,0.02,Consumer,2022-04-29,0.7140028139374713,1.0,0.15,1.113046023275818,0.022260920465516358,0.02158068752760095
2022-05-02,2022-04-29,Equity,Equal Weight + Sentiment Tilt,Equity Equal Weight + Sentiment Tilt,SHW,0.02,Materials,2022-04-29,-0.20997225041281997,0.2,0.15,0.9689949898269874,0.01937989979653975,0.01878770298259724
2022-05-02,2022-04-29,Equity,Equal Weight + Sentiment Tilt,Equity Equal Weight + Sentiment Tilt,SLB,0.02,Energy,2022-04-29,1.1454185500330198,1.0,0.15,1.1874554999580358,0.023749109999160717,0.023023402053137985
2022-05-02,2022-04-29,Equity,Equal Weight + Sentiment Tilt,Equity Equal Weight + Sentiment Tilt,SO,0.02,Utilities,2022-04-29,0.47582615914535503,0.6,0.15,1.073982738579945,0.0214796547715989,0.0208232951797605
2022-05-02,2022-04-29,Equity,Equal Weight + Sentiment Tilt,Equity Equal Weight + Sentiment Tilt,T,0.02,Comm,2022-04-29,0.1108126734757907,0.8,0.15,1.016760813413544,0.02033521626827088,0.019713827591790103
2022-05-02,2022-04-29,Equity,Equal Weight + Sentiment Tilt,Equity Equal Weight + Sentiment Tilt,TMUS,0.02,Comm,2022-04-29,0.1108126734757907,0.8,0.15,1.016760813413544,0.02033521626827088,0.019713827591790103
2022-05-02,2022-04-29,Equity,Equal Weight + Sentiment Tilt,Equity Equal Weight + Sentiment Tilt,TTWO,0.02,Comm,2022-04-29,0.1108126734757907,0.8,0.15,1.016760813413544,0.02033521626827088,0.019713827591790103
2022-05-02,2022-04-29,Equity,Equal Weight + Sentiment Tilt,Equity Equal Weight + Sentiment Tilt,UPS,0.02,Industrials,2022-04-29,-0.14260943860389722,1.0,0.15,0.9788357578057689,0.01957671515611538,0.018978504202259903
2022-05-02,2022-04-29,Equity,Equal Weight + Sentiment Tilt,Equity Equal Weight + Sentiment Tilt,USB,0.02,Financials,2022-04-29,-0.5460615306516509,0.6,0.15,0.9213555867180405,0.01842711173436081,0.01786402952166539
2022-05-02,2022-04-29,Equity,Equal Weight + Sentiment Tilt,Equity Equal Weight + Sentiment Tilt,V,0.02,Financials,2022-04-29,-0.5460615306516509,0.6,0.15,0.9213555867180405,0.01842711173436081,0.01786402952166539
2022-05-02,2022-04-29,Equity,Equal Weight + Sentiment Tilt,Equity Equal Weight + Sentiment Tilt,WFC,0.02,Financials,2022-04-29,-0.5460615306516509,0.6,0.15,0.9213555867180405,0.01842711173436081,0.01786402952166539
2022-05-02,2022-04-29,Equity,Equal Weight + Sentiment Tilt,Equity Equal Weight + Sentiment Tilt,WMT,0.02,Consumer,2022-04-29,0.7140028139374713,1.0,0.15,1.113046023275818,0.022260920465516358,0.02158068752760095
2022-05-02,2022-04-29,Equity,Equal Weight + Sentiment Tilt,Equity Equal Weight + Sentiment Tilt,XOM,0.02,Energy,2022-04-29,1.1454185500330198,1.0,0.15,1.1874554999580358,0.023749109999160717,0.023023402053137985
2022-06-01,2022-05-31,Equity,Equal Weight + Sentiment Tilt,Equity Equal Weight + Sentiment Tilt,ABBV,0.02,Healthcare,2022-05-31,-0.9793879128445879,1.0,0.15,0.8633732427282979,0.017267464854565956,0.017410768001641628
2022-06-01,2022-05-31,Equity,Equal Weight + Sentiment Tilt,Equity Equal Weight + Sentiment Tilt,ABT,0.02,Healthcare,2022-05-31,-0.9793879128445879,1.0,0.15,0.8633732427282979,0.017267464854565956,0.017410768001641628
2022-06-01,2022-05-31,Equity,Equal Weight + Sentiment Tilt,Equity Equal Weight + Sentiment Tilt,ADBE,0.02,Tech,2022-05-31,-1.0763503762234143,1.0,0.15,0.8509069005658507,0.017018138011317015,0.017159371988332756
2022-06-01,2022-05-31,Equity,Equal Weight + Sentiment Tilt,Equity Equal Weight + Sentiment Tilt,AEP,0.02,Utilities,2022-05-31,0.2002383881198389,1.0,0.15,1.0304913818301595,0.02060982763660319,0.020780869140720193
2022-06-01,2022-05-31,Equity,Equal Weight + Sentiment Tilt,Equity Equal Weight + Sentiment Tilt,AMD,0.02,Tech,2022-05-31,-1.0763503762234143,1.0,0.15,0.8509069005658507,0.017018138011317015,0.017159371988332756
2022-06-01,2022-05-31,Equity,Equal Weight + Sentiment Tilt,Equity Equal Weight + Sentiment Tilt,AMGN,0.02,Healthcare,2022-05-31,-0.9793879128445879,1.0,0.15,0.8633732427282979,0.017267464854565956,0.017410768001641628
2022-06-01,2022-05-31,Equity,Equal Weight + Sentiment Tilt,Equity Equal Weight + Sentiment Tilt,AMT,0.02,RealEstate,2022-05-31,0.43024279539830196,0.6,0.15,1.0666644247193418,0.021333288494386836,0.021510334019278144
2022-06-01,2022-05-31,Equity,Equal Weight + Sentiment Tilt,Equity Equal Weight + Sentiment Tilt,BA,0.02,Industrials,2022-05-31,0.1973189108051599,0.8,0.15,1.0300402061953133,0.020600804123906268,0.020771770741652974
2022-06-01,2022-05-31,Equity,Equal Weight + Sentiment Tilt,Equity Equal Weight + Sentiment Tilt,CAT,0.02,Industrials,2022-05-31,0.1973189108051599,0.8,0.15,1.0300402061953133,0.020600804123906268,0.020771770741652974
2022-06-01,2022-05-31,Equity,Equal Weight + Sentiment Tilt,Equity Equal Weight + Sentiment Tilt,CCI,0.02,RealEstate,2022-05-31,0.43024279539830196,0.6,0.15,1.0666644247193418,0.021333288494386836,0.021510334019278144
2022-06-01,2022-05-31,Equity,Equal Weight + Sentiment Tilt,Equity Equal Weight + Sentiment Tilt,CMCSA,0.02,Comm,2022-05-31,-0.10192223571888875,0.6,0.15,0.9848279379452788,0.019696558758905577,0.01986002102047582
2022-06-01,2022-05-31,Equity,Equal Weight + Sentiment Tilt,Equity Equal Weight + Sentiment Tilt,COP,0.02,Energy,2022-05-31,1.1319074528508124,1.0,0.15,1.1850513629716382,0.023701027259432763,0.023897722710896498
2022-06-01,2022-05-31,Equity,Equal Weight + Sentiment Tilt,Equity Equal Weight + Sentiment Tilt,CVX,0.02,Energy,2022-05-31,1.1319074528508124,1.0,0.15,1.1850513629716382,0.023701027259432763,0.023897722710896498
2022-06-01,2022-05-31,Equity,Equal Weight + Sentiment Tilt,Equity Equal Weight + Sentiment Tilt,D,0.02,Utilities,2022-05-31,0.2002383881198389,1.0,0.15,1.0304913818301595,0.02060982763660319,0.020780869140720193
2022-06-01,2022-05-31,Equity,Equal Weight + Sentiment Tilt,Equity Equal Weight + Sentiment Tilt,DD,0.02,Materials,2022-05-31,-0.7676782315462083,0.6,0.15,0.8912309029645666,0.017824618059291333,0.01797254503553434
2022-06-01,2022-05-31,Equity,Equal Weight + Sentiment Tilt,Equity Equal Weight + Sentiment Tilt,DIS,0.02,Consumer,2022-05-31,0.05945453817662373,1.0,0.15,1.0089580661806212,0.020179161323612426,0.020346628716618683
2022-06-01,2022-05-31,Equity,Equal Weight + Sentiment Tilt,Equity Equal Weight + Sentiment Tilt,DOW,0.02,Materials,2022-05-31,-0.7676782315462083,0.6,0.15,0.8912309029645666,0.017824618059291333,0.01797254503553434
2022-06-01,2022-05-31,Equity,Equal Weight + Sentiment Tilt,Equity Equal Weight + Sentiment Tilt,DUK,0.02,Utilities,2022-05-31,0.2002383881198389,1.0,0.15,1.0304913818301595,0.02060982763660319,0.020780869140720193
2022-06-01,2022-05-31,Equity,Equal Weight + Sentiment Tilt,Equity Equal Weight + Sentiment Tilt,EA,0.02,Comm,2022-05-31,-0.10192223571888875,0.6,0.15,0.9848279379452788,0.019696558758905577,0.01986002102047582
2022-06-01,2022-05-31,Equity,Equal Weight + Sentiment Tilt,Equity Equal Weight + Sentiment Tilt,GE,0.02,Industrials,2022-05-31,0.1973189108051599,0.8,0.15,1.0300402061953133,0.020600804123906268,0.020771770741652974
2022-06-01,2022-05-31,Equity,Equal Weight + Sentiment Tilt,Equity Equal Weight + Sentiment Tilt,GILD,0.02,Healthcare,2022-05-31,-0.9793879128445879,1.0,0.15,0.8633732427282979,0.017267464854565956,0.017410768001641628
2022-06-01,2022-05-31,Equity,Equal Weight + Sentiment Tilt,Equity Equal Weight + Sentiment Tilt,GS,0.02,Financials,2022-05-31,0.04086370062481973,1.0,0.15,1.0061483792581436,0.02012296758516287,0.020289968624848966
2022-06-01,2022-05-31,Equity,Equal Weight + Sentiment Tilt,Equity Equal Weight + Sentiment Tilt,INTC,0.02,Tech,2022-05-31,-1.0763503762234143,1.0,0.15,0.8509069005658507,0.017018138011317015,0.017159371988332756
2022-06-01,2022-05-31,Equity,Equal Weight + Sentiment Tilt,Equity Equal Weight + Sentiment Tilt,KO,0.02,Consumer,2022-05-31,0.05945453817662373,1.0,0.15,1.0089580661806212,0.020179161323612426,0.020346628716618683
2022-06-01,2022-05-31,Equity,Equal Weight + Sentiment Tilt,Equity Equal Weight + Sentiment Tilt,MMM,0.02,Industrials,2022-05-31,0.1973189108051599,0.8,0.15,1.0300402061953133,0.020600804123906268,0.020771770741652974
2022-06-01,2022-05-31,Equity,Equal Weight + Sentiment Tilt,Equity Equal Weight + Sentiment Tilt,MRK,0.02,Healthcare,2022-05-31,-0.9793879128445879,1.0,0.15,0.8633732427282979,0.017267464854565956,0.017410768001641628
2022-06-01,2022-05-31,Equity,Equal Weight + Sentiment Tilt,Equity Equal Weight + Sentiment Tilt,MS,0.02,Financials,2022-05-31,0.04086370062481973,1.0,0.15,1.0061483792581436,0.02012296758516287,0.020289968624848966
2022-06-01,2022-05-31,Equity,Equal Weight + Sentiment Tilt,Equity Equal Weight + Sentiment Tilt,NEE,0.02,Utilities,2022-05-31,0.2002383881198389,1.0,0.15,1.0304913818301595,0.02060982763660319,0.020780869140720193
2022-06-01,2022-05-31,Equity,Equal Weight + Sentiment Tilt,Equity Equal Weight + Sentiment Tilt,NEM,0.02,Materials,2022-05-31,-0.7676782315462083,0.6,0.15,0.8912309029645666,0.017824618059291333,0.01797254503553434
2022-06-01,2022-05-31,Equity,Equal Weight + Sentiment Tilt,Equity Equal Weight + Sentiment Tilt,NKE,0.02,Consumer,2022-05-31,0.05945453817662373,1.0,0.15,1.0089580661806212,0.020179161323612426,0.020346628716618683
2022-06-01,2022-05-31,Equity,Equal Weight + Sentiment Tilt,Equity Equal Weight + Sentiment Tilt,NUE,0.02,Materials,2022-05-31,-0.7676782315462083,0.6,0.15,0.8912309029645666,0.017824618059291333,0.01797254503553434
2022-06-01,2022-05-31,Equity,Equal Weight + Sentiment Tilt,Equity Equal Weight + Sentiment Tilt,NVDA,0.02,Tech,2022-05-31,-1.0763503762234143,1.0,0.15,0.8509069005658507,0.017018138011317015,0.017159371988332756
2022-06-01,2022-05-31,Equity,Equal Weight + Sentiment Tilt,Equity Equal Weight + Sentiment Tilt,O,0.02,RealEstate,2022-05-31,0.43024279539830196,0.6,0.15,1.0666644247193418,0.021333288494386836,0.021510334019278144
2022-06-01,2022-05-31,Equity,Equal Weight + Sentiment Tilt,Equity Equal Weight + Sentiment Tilt,OXY,0.02,Energy,2022-05-31,1.1319074528508124,1.0,0.15,1.1850513629716382,0.023701027259432763,0.023897722710896498
2022-06-01,2022-05-31,Equity,Equal Weight + Sentiment Tilt,Equity Equal Weight + Sentiment Tilt,PLD,0.02,RealEstate,2022-05-31,0.43024279539830196,0.6,0.15,1.0666644247193418,0.021333288494386836,0.021510334019278144
2022-06-01,2022-05-31,Equity,Equal Weight + Sentiment Tilt,Equity Equal Weight + Sentiment Tilt,PSA,0.02,RealEstate,2022-05-31,0.43024279539830196,0.6,0.15,1.0666644247193418,0.021333288494386836,0.021510334019278144
2022-06-01,2022-05-31,Equity,Equal Weight + Sentiment Tilt,Equity Equal Weight + Sentiment Tilt,QCOM,0.02,Tech,2022-05-31,-1.0763503762234143,1.0,0.15,0.8509069005658507,0.017018138011317015,0.017159371988332756
2022-06-01,2022-05-31,Equity,Equal Weight + Sentiment Tilt,Equity Equal Weight + Sentiment Tilt,SBUX,0.02,Consumer,2022-05-31,0.05945453817662373,1.0,0.15,1.0089580661806212,0.020179161323612426,0.020346628716618683
2022-06-01,2022-05-31,Equity,Equal Weight + Sentiment Tilt,Equity Equal Weight + Sentiment Tilt,SHW,0.02,Materials,2022-05-31,-0.7676782315462083,0.6,0.15,0.8912309029645666,0.017824618059291333,0.01797254503553434
2022-06-01,2022-05-31,Equity,Equal Weight + Sentiment Tilt,Equity Equal Weight + Sentiment Tilt,SLB,0.02,Energy,2022-05-31,1.1319074528508124,1.0,0.15,1.1850513629716382,0.023701027259432763,0.023897722710896498
2022-06-01,2022-05-31,Equity,Equal Weight + Sentiment Tilt,Equity Equal Weight + Sentiment Tilt,SO,0.02,Utilities,2022-05-31,0.2002383881198389,1.0,0.15,1.0304913818301595,0.02060982763660319,0.020780869140720193
2022-06-01,2022-05-31,Equity,Equal Weight + Sentiment Tilt,Equity Equal Weight + Sentiment Tilt,T,0.02,Comm,2022-05-31,-0.10192223571888875,0.6,0.15,0.9848279379452788,0.019696558758905577,0.01986002102047582
2022-06-01,2022-05-31,Equity,Equal Weight + Sentiment Tilt,Equity Equal Weight + Sentiment Tilt,TMUS,0.02,Comm,2022-05-31,-0.10192223571888875,0.6,0.15,0.9848279379452788,0.019696558758905577,0.01986002102047582
2022-06-01,2022-05-31,Equity,Equal Weight + Sentiment Tilt,Equity Equal Weight + Sentiment Tilt,TTWO,0.02,Comm,2022-05-31,-0.10192223571888875,0.6,0.15,0.9848279379452788,0.019696558758905577,0.01986002102047582
2022-06-01,2022-05-31,Equity,Equal Weight + Sentiment Tilt,Equity Equal Weight + Sentiment Tilt,UPS,0.02,Industrials,2022-05-31,0.1973189108051599,0.8,0.15,1.0300402061953133,0.020600804123906268,0.020771770741652974
2022-06-01,2022-05-31,Equity,Equal Weight + Sentiment Tilt,Equity Equal Weight + Sentiment Tilt,USB,0.02,Financials,2022-05-31,0.04086370062481973,1.0,0.15,1.0061483792581436,0.02012296758516287,0.020289968624848966
2022-06-01,2022-05-31,Equity,Equal Weight + Sentiment Tilt,Equity Equal Weight + Sentiment Tilt,V,0.02,Financials,2022-05-31,0.04086370062481973,1.0,0.15,1.0061483792581436,0.02012296758516287,0.020289968624848966
2022-06-01,2022-05-31,Equity,Equal Weight + Sentiment Tilt,Equity Equal Weight + Sentiment Tilt,WFC,0.02,Financials,2022-05-31,0.04086370062481973,1.0,0.15,1.0061483792581436,0.02012296758516287,0.020289968624848966
2022-06-01,2022-05-31,Equity,Equal Weight + Sentiment Tilt,Equity Equal Weight + Sentiment Tilt,WMT,0.02,Consumer,2022-05-31,0.05945453817662373,1.0,0.15,1.0089580661806212,0.020179161323612426,0.020346628716618683
2022-06-01,2022-05-31,Equity,Equal Weight + Sentiment Tilt,Equity Equal Weight + Sentiment Tilt,XOM,0.02,Energy,2022-05-31,1.1319074528508124,1.0,0.15,1.1850513629716382,0.023701027259432763,0.023897722710896498
2022-07-01,2022-06-30,Equity,Equal Weight + Sentiment Tilt,Equity Equal Weight + Sentiment Tilt,ABBV,0.02,Healthcare,2022-06-30,1.511623646242772,0.6,0.15,1.2545081042367763,0.025090162084735527,0.02433808290837546
2022-07-01,2022-06-30,Equity,Equal Weight + Sentiment Tilt,Equity Equal Weight + Sentiment Tilt,ABT,0.02,Healthcare,2022-06-30,1.511623646242772,0.6,0.15,1.2545081042367763,0.025090162084735527,0.02433808290837546
2022-07-01,2022-06-30,Equity,Equal Weight + Sentiment Tilt,Equity Equal Weight + Sentiment Tilt,ADBE,0.02,Tech,2022-06-30,0.31002734867724335,1.0,0.15,1.0476023766406106,0.020952047532812212,0.020324008598734497
2022-07-01,2022-06-30,Equity,Equal Weight + Sentiment Tilt,Equity Equal Weight + Sentiment Tilt,AEP,0.02,Utilities,2022-06-30,-0.05275160655281711,1.0,0.15,0.9921184823437016,0.019842369646874032,0.01924759337677046
2022-07-01,2022-06-30,Equity,Equal Weight + Sentiment Tilt,Equity Equal Weight + Sentiment Tilt,AMD,0.02,Tech,2022-06-30,0.31002734867724335,1.0,0.15,1.0476023766406106,0.020952047532812212,0.020324008598734497
2022-07-01,2022-06-30,Equity,Equal Weight + Sentiment Tilt,Equity Equal Weight + Sentiment Tilt,AMGN,0.02,Healthcare,2022-06-30,1.511623646242772,0.6,0.15,1.2545081042367763,0.025090162084735527,0.02433808290837546
2022-07-01,2022-06-30,Equity,Equal Weight + Sentiment Tilt,Equity Equal Weight + Sentiment Tilt,AMT,0.02,RealEstate,2022-06-30,0.18803456914963626,0.4,0.15,1.0286067178226974,0.02057213435645395,0.01995548334357813
2022-07-01,2022-06-30,Equity,Equal Weight + Sentiment Tilt,Equity Equal Weight + Sentiment Tilt,BA,0.02,Industrials,2022-06-30,0.5762559864944792,0.8,0.15,1.0902842019334589,0.021805684038669178,0.021152057296985133
2022-07-01,2022-06-30,Equity,Equal Weight + Sentiment Tilt,Equity Equal Weight + Sentiment Tilt,CAT,0.02,Industrials,2022-06-30,0.5762559864944792,0.8,0.15,1.0902842019334589,0.021805684038669178,0.021152057296985133
2022-07-01,2022-06-30,Equity,Equal Weight + Sentiment Tilt,Equity Equal Weight + Sentiment Tilt,CCI,0.02,RealEstate,2022-06-30,0.18803456914963626,0.4,0.15,1.0286067178226974,0.02057213435645395,0.01995548334357813
2022-07-01,2022-06-30,Equity,Equal Weight + Sentiment Tilt,Equity Equal Weight + Sentiment Tilt,CMCSA,0.02,Comm,2022-06-30,-0.30080587036612094,1.0,0.15,0.9558819273112836,0.01911763854622567,0.018544586136152074
2022-07-01,2022-06-30,Equity,Equal Weight + Sentiment Tilt,Equity Equal Weight + Sentiment Tilt,COP,0.02,Energy,2022-06-30,0.785725578043746,1.0,0.15,1.1250852794135444,0.022501705588270887,0.021827215557143537
2022-07-01,2022-06-30,Equity,Equal Weight + Sentiment Tilt,Equity Equal Weight + Sentiment Tilt,CVX,0.02,Energy,2022-06-30,0.785725578043746,1.0,0.15,1.1250852794135444,0.022501705588270887,0.021827215557143537
2022-07-01,2022-06-30,Equity,Equal Weight + Sentiment Tilt,Equity Equal Weight + Sentiment Tilt,D,0.02,Utilities,2022-06-30,-0.05275160655281711,1.0,0.15,0.9921184823437016,0.019842369646874032,0.01924759337677046
2022-07-01,2022-06-30,Equity,Equal Weight + Sentiment Tilt,Equity Equal Weight + Sentiment Tilt,DD,0.02,Materials,2022-06-30,-0.07095493404292262,0.4,0.15,0.9894131987652564,0.01978826397530513,0.019195109526087866
2022-07-01,2022-06-30,Equity,Equal Weight + Sentiment Tilt,Equity Equal Weight + Sentiment Tilt,DIS,0.02,Consumer,2022-06-30,-0.9808935302372421,1.0,0.15,0.8631782782791758,0.017263565565583516,0.016746089108964645
2022-07-01,2022-06-30,Equity,Equal Weight + Sentiment Tilt,Equity Equal Weight + Sentiment Tilt,DOW,0.02,Materials,2022-06-30,-0.07095493404292262,0.4,0.15,0.9894131987652564,0.01978826397530513,0.019195109526087866
2022-07-01,2022-06-30,Equity,Equal Weight + Sentiment Tilt,Equity Equal Weight + Sentiment Tilt,DUK,0.02,Utilities,2022-06-30,-0.05275160655281711,1.0,0.15,0.9921184823437016,0.019842369646874032,0.01924759337677046
2022-07-01,2022-06-30,Equity,Equal Weight + Sentiment Tilt,Equity Equal Weight + Sentiment Tilt,EA,0.02,Comm,2022-06-30,-0.30080587036612094,1.0,0.15,0.9558819273112836,0.01911763854622567,0.018544586136152074
2022-07-01,2022-06-30,Equity,Equal Weight + Sentiment Tilt,Equity Equal Weight + Sentiment Tilt,GE,0.02,Industrials,2022-06-30,0.5762559864944792,0.8,0.15,1.0902842019334589,0.021805684038669178,0.021152057296985133
2022-07-01,2022-06-30,Equity,Equal Weight + Sentiment Tilt,Equity Equal Weight + Sentiment Tilt,GILD,0.02,Healthcare,2022-06-30,1.511623646242772,0.6,0.15,1.2545081042367763,0.025090162084735527,0.02433808290837546
2022-07-01,2022-06-30,Equity,Equal Weight + Sentiment Tilt,Equity Equal Weight + Sentiment Tilt,GS,0.02,Financials,2022-06-30,-0.2559527608575986,1.0,0.15,0.9623347516777071,0.019246695033554143,0.018669774147208208
2022-07-01,2022-06-30,Equity,Equal Weight + Sentiment Tilt,Equity Equal Weight + Sentiment Tilt,INTC,0.02,Tech,2022-06-30,0.31002734867724335,1.0,0.15,1.0476023766406106,0.020952047532812212,0.020324008598734497
2022-07-01,2022-06-30,Equity,Equal Weight + Sentiment Tilt,Equity Equal Weight + Sentiment Tilt,KO,0.02,Consumer,2022-06-30,-0.9808935302372421,1.0,0.15,0.8631782782791758,0.017263565565583516,0.016746089108964645
2022-07-01,2022-06-30,Equity,Equal Weight + Sentiment Tilt,Equity Equal Weight + Sentiment Tilt,MMM,0.02,Industrials,2022-06-30,0.5762559864944792,0.8,0.15,1.0902842019334589,0.021805684038669178,0.021152057296985133
2022-07-01,2022-06-30,Equity,Equal Weight + Sentiment Tilt,Equity Equal Weight + Sentiment Tilt,MRK,0.02,Healthcare,2022-06-30,1.511623646242772,0.6,0.15,1.2545081042367763,0.025090162084735527,0.02433808290837546
2022-07-01,2022-06-30,Equity,Equal Weight + Sentiment Tilt,Equity Equal Weight + Sentiment Tilt,MS,0.02,Financials,2022-06-30,-0.2559527608575986,1.0,0.15,0.9623347516777071,0.019246695033554143,0.018669774147208208
2022-07-01,2022-06-30,Equity,Equal Weight + Sentiment Tilt,Equity Equal Weight + Sentiment Tilt,NEE,0.02,Utilities,2022-06-30,-0.05275160655281711,1.0,0.15,0.9921184823437016,0.019842369646874032,0.01924759337677046
2022-07-01,2022-06-30,Equity,Equal Weight + Sentiment Tilt,Equity Equal Weight + Sentiment Tilt,NEM,0.02,Materials,2022-06-30,-0.07095493404292262,0.4,0.15,0.9894131987652564,0.01978826397530513,0.019195109526087866
2022-07-01,2022-06-30,Equity,Equal Weight + Sentiment Tilt,Equity Equal Weight + Sentiment Tilt,NKE,0.02,Consumer,2022-06-30,-0.9808935302372421,1.0,0.15,0.8631782782791758,0.017263565565583516,0.016746089108964645
2022-07-01,2022-06-30,Equity,Equal Weight + Sentiment Tilt,Equity Equal Weight + Sentiment Tilt,NUE,0.02,Materials,2022-06-30,-0.07095493404292262,0.4,0.15,0.9894131987652564,0.01978826397530513,0.019195109526087866
2022-07-01,2022-06-30,Equity,Equal Weight + Sentiment Tilt,Equity Equal Weight + Sentiment Tilt,NVDA,0.02,Tech,2022-06-30,0.31002734867724335,1.0,0.15,1.0476023766406106,0.020952047532812212,0.020324008598734497
2022-07-01,2022-06-30,Equity,Equal Weight + Sentiment Tilt,Equity Equal Weight + Sentiment Tilt,O,0.02,RealEstate,2022-06-30,0.18803456914963626,0.4,0.15,1.0286067178226974,0.02057213435645395,0.01995548334357813
2022-07-01,2022-06-30,Equity,Equal Weight + Sentiment Tilt,Equity Equal Weight + Sentiment Tilt,OXY,0.02,Energy,2022-06-30,0.785725578043746,1.0,0.15,1.1250852794135444,0.022501705588270887,0.021827215557143537
2022-07-01,2022-06-30,Equity,Equal Weight + Sentiment Tilt,Equity Equal Weight + Sentiment Tilt,PLD,0.02,RealEstate,2022-06-30,0.18803456914963626,0.4,0.15,1.0286067178226974,0.02057213435645395,0.01995548334357813
2022-07-01,2022-06-30,Equity,Equal Weight + Sentiment Tilt,Equity Equal Weight + Sentiment Tilt,PSA,0.02,RealEstate,2022-06-30,0.18803456914963626,0.4,0.15,1.0286067178226974,0.02057213435645395,0.01995548334357813
2022-07-01,2022-06-30,Equity,Equal Weight + Sentiment Tilt,Equity Equal Weight + Sentiment Tilt,QCOM,0.02,Tech,2022-06-30,0.31002734867724335,1.0,0.15,1.0476023766406106,0.020952047532812212,0.020324008598734497
2022-07-01,2022-06-30,Equity,Equal Weight + Sentiment Tilt,Equity Equal Weight + Sentiment Tilt,SBUX,0.02,Consumer,2022-06-30,-0.9808935302372421,1.0,0.15,0.8631782782791758,0.017263565565583516,0.016746089108964645
2022-07-01,2022-06-30,Equity,Equal Weight + Sentiment Tilt,Equity Equal Weight + Sentiment Tilt,SHW,0.02,Materials,2022-06-30,-0.07095493404292262,0.4,0.15,0.9894131987652564,0.01978826397530513,0.019195109526087866
2022-07-01,2022-06-30,Equity,Equal Weight + Sentiment Tilt,Equity Equal Weight + Sentiment Tilt,SLB,0.02,Energy,2022-06-30,0.785725578043746,1.0,0.15,1.1250852794135444,0.022501705588270887,0.021827215557143537
2022-07-01,2022-06-30,Equity,Equal Weight + Sentiment Tilt,Equity Equal Weight + Sentiment Tilt,SO,0.02,Utilities,2022-06-30,-0.05275160655281711,1.0,0.15,0.9921184823437016,0.019842369646874032,0.01924759337677046
2022-07-01,2022-06-30,Equity,Equal Weight + Sentiment Tilt,Equity Equal Weight + Sentiment Tilt,T,0.02,Comm,2022-06-30,-0.30080587036612094,1.0,0.15,0.9558819273112836,0.01911763854622567,0.018544586136152074
2022-07-01,2022-06-30,Equity,Equal Weight + Sentiment Tilt,Equity Equal Weight + Sentiment Tilt,TMUS,0.02,Comm,2022-06-30,-0.30080587036612094,1.0,0.15,0.9558819273112836,0.01911763854622567,0.018544586136152074
2022-07-01,2022-06-30,Equity,Equal Weight + Sentiment Tilt,Equity Equal Weight + Sentiment Tilt,TTWO,0.02,Comm,2022-06-30,-0.30080587036612094,1.0,0.15,0.9558819273112836,0.01911763854622567,0.018544586136152074
2022-07-01,2022-06-30,Equity,Equal Weight + Sentiment Tilt,Equity Equal Weight + Sentiment Tilt,UPS,0.02,Industrials,2022-06-30,0.5762559864944792,0.8,0.15,1.0902842019334589,0.021805684038669178,0.021152057296985133
2022-07-01,2022-06-30,Equity,Equal Weight + Sentiment Tilt,Equity Equal Weight + Sentiment Tilt,USB,0.02,Financials,2022-06-30,-0.2559527608575986,1.0,0.15,0.9623347516777071,0.019246695033554143,0.018669774147208208
2022-07-01,2022-06-30,Equity,Equal Weight + Sentiment Tilt,Equity Equal Weight + Sentiment Tilt,V,0.02,Financials,2022-06-30,-0.2559527608575986,1.0,0.15,0.9623347516777071,0.019246695033554143,0.018669774147208208
2022-07-01,2022-06-30,Equity,Equal Weight + Sentiment Tilt,Equity Equal Weight + Sentiment Tilt,WFC,0.02,Financials,2022-06-30,-0.2559527608575986,1.0,0.15,0.9623347516777071,0.019246695033554143,0.018669774147208208
2022-07-01,2022-06-30,Equity,Equal Weight + Sentiment Tilt,Equity Equal Weight + Sentiment Tilt,WMT,0.02,Consumer,2022-06-30,-0.9808935302372421,1.0,0.15,0.8631782782791758,0.017263565565583516,0.016746089108964645
2022-07-01,2022-06-30,Equity,Equal Weight + Sentiment Tilt,Equity Equal Weight + Sentiment Tilt,XOM,0.02,Energy,2022-06-30,0.785725578043746,1.0,0.15,1.1250852794135444,0.022501705588270887,0.021827215557143537
2022-08-01,2022-07-29,Equity,Equal Weight + Sentiment Tilt,Equity Equal Weight + Sentiment Tilt,ABBV,0.02,Healthcare,2022-07-29,0.3998245704549915,0.8,0.15,1.0618086052876554,0.02123617210575311,0.020785430630265448
2022-08-01,2022-07-29,Equity,Equal Weight + Sentiment Tilt,Equity Equal Weight + Sentiment Tilt,ABT,0.02,Healthcare,2022-07-29,0.3998245704549915,0.8,0.15,1.0618086052876554,0.02123617210575311,0.020785430630265448
2022-08-01,2022-07-29,Equity,Equal Weight + Sentiment Tilt,Equity Equal Weight + Sentiment Tilt,ADBE,0.02,Tech,2022-07-29,-0.5259014445448891,1.0,0.15,0.9241459949012685,0.01848291989802537,0.01809061668327137
2022-08-01,2022-07-29,Equity,Equal Weight + Sentiment Tilt,Equity Equal Weight + Sentiment Tilt,AEP,0.02,Utilities,2022-07-29,0.8504664238087901,1.0,0.15,1.1360643485798396,0.022721286971596793,0.02223902367275201
2022-08-01,2022-07-29,Equity,Equal Weight + Sentiment Tilt,Equity Equal Weight + Sentiment Tilt,AMD,0.02,Tech,2022-07-29,-0.5259014445448891,1.0,0.15,0.9241459949012685,0.01848291989802537,0.01809061668327137
2022-08-01,2022-07-29,Equity,Equal Weight + Sentiment Tilt,Equity Equal Weight + Sentiment Tilt,AMGN,0.02,Healthcare,2022-07-29,0.3998245704549915,0.8,0.15,1.0618086052876554,0.02123617210575311,0.020785430630265448
2022-08-01,2022-07-29,Equity,Equal Weight + Sentiment Tilt,Equity Equal Weight + Sentiment Tilt,AMT,0.02,RealEstate,2022-07-29,0.25266570348045003,1.0,0.15,1.0386272148899693,0.020772544297799386,0.02033164340380605
2022-08-01,2022-07-29,Equity,Equal Weight + Sentiment Tilt,Equity Equal Weight + Sentiment Tilt,BA,0.02,Industrials,2022-07-29,-0.004690493095047929,0.4,0.15,0.9992966734858678,0.019985933469717356,0.01956172852843709
2022-08-01,2022-07-29,Equity,Equal Weight + Sentiment Tilt,Equity Equal Weight + Sentiment Tilt,CAT,0.02,Industrials,2022-07-29,-0.004690493095047929,0.4,0.15,0.9992966734858678,0.019985933469717356,0.01956172852843709
2022-08-01,2022-07-29,Equity,Equal Weight + Sentiment Tilt,Equity Equal Weight + Sentiment Tilt,CCI,0.02,RealEstate,2022-07-29,0.25266570348045003,1.0,0.15,1.0386272148899693,0.020772544297799386,0.02033164340380605
2022-08-01,2022-07-29,Equity,Equal Weight + Sentiment Tilt,Equity Equal Weight + Sentiment Tilt,CMCSA,0.02,Comm,2022-07-29,0.022228752778245733,0.8,0.15,1.003339877921487,0.02006679755842974,0.019640876262691682
2022-08-01,2022-07-29,Equity,Equal Weight + Sentiment Tilt,Equity Equal Weight + Sentiment Tilt,COP,0.02,Energy,2022-07-29,0.8954483102050211,1.0,0.15,1.1437556145946441,0.022875112291892884,0.02238958402366038
2022-08-01,2022-07-29,Equity,Equal Weight + Sentiment Tilt,Equity Equal Weight + Sentiment Tilt,CVX,0.02,Energy,2022-07-29,0.8954483102050211,1.0,0.15,1.1437556145946441,0.022875112291892884,0.02238958402366038
2022-08-01,2022-07-29,Equity,Equal Weight + Sentiment Tilt,Equity Equal Weight + Sentiment Tilt,D,0.02,Utilities,2022-07-29,0.8504664238087901,1.0,0.15,1.1360643485798396,0.022721286971596793,0.02223902367275201
2022-08-01,2022-07-29,Equity,Equal Weight + Sentiment Tilt,Equity Equal Weight + Sentiment Tilt,DD,0.02,Materials,2022-07-29,0.7851889990362058,0.2,0.15,1.124994728486279,0.02249989456972558,0.022022330363418954
2022-08-01,2022-07-29,Equity,Equal Weight + Sentiment Tilt,Equity Equal Weight + Sentiment Tilt,DIS,0.02,Consumer,2022-07-29,-0.5100542625501578,1.0,0.15,0.926345374378786,0.018526907487575718,0.018133670628522815
2022-08-01,2022-07-29,Equity,Equal Weight + Sentiment Tilt,Equity Equal Weight + Sentiment Tilt,DOW,0.02,Materials,2022-07-29,0.7851889990362058,0.2,0.15,1.124994728486279,0.02249989456972558,0.022022330363418954
2022-08-01,2022-07-29,Equity,Equal Weight + Sentiment Tilt,Equity Equal Weight + Sentiment Tilt,DUK,0.02,Utilities,2022-07-29,0.8504664238087901,1.0,0.15,1.1360643485798396,0.022721286971596793,0.02223902367275201
2022-08-01,2022-07-29,Equity,Equal Weight + Sentiment Tilt,Equity Equal Weight + Sentiment Tilt,EA,0.02,Comm,2022-07-29,0.022228752778245733,0.8,0.15,1.003339877921487,0.02006679755842974,0.019640876262691682
2022-08-01,2022-07-29,Equity,Equal Weight + Sentiment Tilt,Equity Equal Weight + Sentiment Tilt,GE,0.02,Industrials,2022-07-29,-0.004690493095047929,0.4,0.15,0.9992966734858678,0.019985933469717356,0.01956172852843709
2022-08-01,2022-07-29,Equity,Equal Weight + Sentiment Tilt,Equity Equal Weight + Sentiment Tilt,GILD,0.02,Healthcare,2022-07-29,0.3998245704549915,0.8,0.15,1.0618086052876554,0.02123617210575311,0.020785430630265448
2022-08-01,2022-07-29,Equity,Equal Weight + Sentiment Tilt,Equity Equal Weight + Sentiment Tilt,GS,0.02,Financials,2022-07-29,-1.0173096213796555,1.0,0.15,0.8584760957760327,0.017169521915520652,0.016805095803174214
2022-08-01,2022-07-29,Equity,Equal Weight + Sentiment Tilt,Equity Equal Weight + Sentiment Tilt,INTC,0.02,Tech,2022-07-29,-0.5259014445448891,1.0,0.15,0.9241459949012685,0.01848291989802537,0.01809061668327137
2022-08-01,2022-07-29,Equity,Equal Weight + Sentiment Tilt,Equity Equal Weight + Sentiment Tilt,KO,0.02,Consumer,2022-07-29,-0.5100542625501578,1.0,0.15,0.926345374378786,0.018526907487575718,0.018133670628522815
2022-08-01,2022-07-29,Equity,Equal Weight + Sentiment Tilt,Equity Equal Weight + Sentiment Tilt,MMM,0.02,Industrials,2022-07-29,-0.004690493095047929,0.4,0.15,0.9992966734858678,0.019985933469717356,0.01956172852843709
2022-08-01,2022-07-29,Equity,Equal Weight + Sentiment Tilt,Equity Equal Weight + Sentiment Tilt,MRK,0.02,Healthcare,2022-07-29,0.3998245704549915,0.8,0.15,1.0618086052876554,0.02123617210575311,0.020785430630265448
2022-08-01,2022-07-29,Equity,Equal Weight + Sentiment Tilt,Equity Equal Weight + Sentiment Tilt,MS,0.02,Financials,2022-07-29,-1.0173096213796555,1.0,0.15,0.8584760957760327,0.017169521915520652,0.016805095803174214
2022-08-01,2022-07-29,Equity,Equal Weight + Sentiment Tilt,Equity Equal Weight + Sentiment Tilt,NEE,0.02,Utilities,2022-07-29,0.8504664238087901,1.0,0.15,1.1360643485798396,0.022721286971596793,0.02223902367275201
2022-08-01,2022-07-29,Equity,Equal Weight + Sentiment Tilt,Equity Equal Weight + Sentiment Tilt,NEM,0.02,Materials,2022-07-29,0.7851889990362058,0.2,0.15,1.124994728486279,0.02249989456972558,0.022022330363418954
2022-08-01,2022-07-29,Equity,Equal Weight + Sentiment Tilt,Equity Equal Weight + Sentiment Tilt,NKE,0.02,Consumer,2022-07-29,-0.5100542625501578,1.0,0.15,0.926345374378786,0.018526907487575718,0.018133670628522815
2022-08-01,2022-07-29,Equity,Equal Weight + Sentiment Tilt,Equity Equal Weight + Sentiment Tilt,NUE,0.02,Materials,2022-07-29,0.7851889990362058,0.2,0.15,1.124994728486279,0.02249989456972558,0.022022330363418954
2022-08-01,2022-07-29,Equity,Equal Weight + Sentiment Tilt,Equity Equal Weight + Sentiment Tilt,NVDA,0.02,Tech,2022-07-29,-0.5259014445448891,1.0,0.15,0.9241459949012685,0.01848291989802537,0.01809061668327137
2022-08-01,2022-07-29,Equity,Equal Weight + Sentiment Tilt,Equity Equal Weight + Sentiment Tilt,O,0.02,RealEstate,2022-07-29,0.25266570348045003,1.0,0.15,1.0386272148899693,0.020772544297799386,0.02033164340380605
2022-08-01,2022-07-29,Equity,Equal Weight + Sentiment Tilt,Equity Equal Weight + Sentiment Tilt,OXY,0.02,Energy,2022-07-29,0.8954483102050211,1.0,0.15,1.1437556145946441,0.022875112291892884,0.02238958402366038
2022-08-01,2022-07-29,Equity,Equal Weight + Sentiment Tilt,Equity Equal Weight + Sentiment Tilt,PLD,0.02,RealEstate,2022-07-29,0.25266570348045003,1.0,0.15,1.0386272148899693,0.020772544297799386,0.02033164340380605
2022-08-01,2022-07-29,Equity,Equal Weight + Sentiment Tilt,Equity Equal Weight + Sentiment Tilt,PSA,0.02,RealEstate,2022-07-29,0.25266570348045003,1.0,0.15,1.0386272148899693,0.020772544297799386,0.02033164340380605
2022-08-01,2022-07-29,Equity,Equal Weight + Sentiment Tilt,Equity Equal Weight + Sentiment Tilt,QCOM,0.02,Tech,2022-07-29,-0.5259014445448891,1.0,0.15,0.9241459949012685,0.01848291989802537,0.01809061668327137
2022-08-01,2022-07-29,Equity,Equal Weight + Sentiment Tilt,Equity Equal Weight + Sentiment Tilt,SBUX,0.02,Consumer,2022-07-29,-0.5100542625501578,1.0,0.15,0.926345374378786,0.018526907487575718,0.018133670628522815
2022-08-01,2022-07-29,Equity,Equal Weight + Sentiment Tilt,Equity Equal Weight + Sentiment Tilt,SHW,0.02,Materials,2022-07-29,0.7851889990362058,0.2,0.15,1.124994728486279,0.02249989456972558,0.022022330363418954
2022-08-01,2022-07-29,Equity,Equal Weight + Sentiment Tilt,Equity Equal Weight + Sentiment Tilt,SLB,0.02,Energy,2022-07-29,0.8954483102050211,1.0,0.15,1.1437556145946441,0.022875112291892884,0.02238958402366038
2022-08-01,2022-07-29,Equity,Equal Weight + Sentiment Tilt,Equity Equal Weight + Sentiment Tilt,SO,0.02,Utilities,2022-07-29,0.8504664238087901,1.0,0.15,1.1360643485798396,0.022721286971596793,0.02223902367275201
2022-08-01,2022-07-29,Equity,Equal Weight + Sentiment Tilt,Equity Equal Weight + Sentiment Tilt,T,0.02,Comm,2022-07-29,0.022228752778245733,0.8,0.15,1.003339877921487,0.02006679755842974,0.019640876262691682
2022-08-01,2022-07-29,Equity,Equal Weight + Sentiment Tilt,Equity Equal Weight + Sentiment Tilt,TMUS,0.02,Comm,2022-07-29,0.022228752778245733,0.8,0.15,1.003339877921487,0.02006679755842974,0.019640876262691682
2022-08-01,2022-07-29,Equity,Equal Weight + Sentiment Tilt,Equity Equal Weight + Sentiment Tilt,TTWO,0.02,Comm,2022-07-29,0.022228752778245733,0.8,0.15,1.003339877921487,0.02006679755842974,0.019640876262691682
2022-08-01,2022-07-29,Equity,Equal Weight + Sentiment Tilt,Equity Equal Weight + Sentiment Tilt,UPS,0.02,Industrials,2022-07-29,-0.004690493095047929,0.4,0.15,0.9992966734858678,0.019985933469717356,0.01956172852843709
2022-08-01,2022-07-29,Equity,Equal Weight + Sentiment Tilt,Equity Equal Weight + Sentiment Tilt,USB,0.02,Financials,2022-07-29,-1.0173096213796555,1.0,0.15,0.8584760957760327,0.017169521915520652,0.016805095803174214
2022-08-01,2022-07-29,Equity,Equal Weight + Sentiment Tilt,Equity Equal Weight + Sentiment Tilt,V,0.02,Financials,2022-07-29,-1.0173096213796555,1.0,0.15,0.8584760957760327,0.017169521915520652,0.016805095803174214
2022-08-01,2022-07-29,Equity,Equal Weight + Sentiment Tilt,Equity Equal Weight + Sentiment Tilt,WFC,0.02,Financials,2022-07-29,-1.0173096213796555,1.0,0.15,0.8584760957760327,0.017169521915520652,0.016805095803174214
2022-08-01,2022-07-29,Equity,Equal Weight + Sentiment Tilt,Equity Equal Weight + Sentiment Tilt,WMT,0.02,Consumer,2022-07-29,-0.5100542625501578,1.0,0.15,0.926345374378786,0.018526907487575718,0.018133670628522815
2022-08-01,2022-07-29,Equity,Equal Weight + Sentiment Tilt,Equity Equal Weight + Sentiment Tilt,XOM,0.02,Energy,2022-07-29,0.8954483102050211,1.0,0.15,1.1437556145946441,0.022875112291892884,0.02238958402366038
2022-09-01,2022-08-31,Equity,Equal Weight + Sentiment Tilt,Equity Equal Weight + Sentiment Tilt,ABBV,0.02,Healthcare,2022-08-31,-0.5210383420364119,1.0,0.15,0.9248203733451275,0.01849640746690255,0.019155120932819087
2022-09-01,2022-08-31,Equity,Equal Weight + Sentiment Tilt,Equity Equal Weight + Sentiment Tilt,ABT,0.02,Healthcare,2022-08-31,-0.5210383420364119,1.0,0.15,0.9248203733451275,0.01849640746690255,0.019155120932819087
2022-09-01,2022-08-31,Equity,Equal Weight + Sentiment Tilt,Equity Equal Weight + Sentiment Tilt,ADBE,0.02,Tech,2022-08-31,-0.10315209420266223,0.8,0.15,0.9846462748531052,0.019692925497062103,0.02039425061824674
2022-09-01,2022-08-31,Equity,Equal Weight + Sentiment Tilt,Equity Equal Weight + Sentiment Tilt,AEP,0.02,Utilities,2022-08-31,-0.727862054649298,0.6,0.15,0.8965696407982457,0.017931392815964915,0.01856998438741742
2022-09-01,2022-08-31,Equity,Equal Weight + Sentiment Tilt,Equity Equal Weight + Sentiment Tilt,AMD,0.02,Tech,2022-08-31,-0.10315209420266223,0.8,0.15,0.9846462748531052,0.019692925497062103,0.02039425061824674
2022-09-01,2022-08-31,Equity,Equal Weight + Sentiment Tilt,Equity Equal Weight + Sentiment Tilt,AMGN,0.02,Healthcare,2022-08-31,-0.5210383420364119,1.0,0.15,0.9248203733451275,0.01849640746690255,0.019155120932819087
2022-09-01,2022-08-31,Equity,Equal Weight + Sentiment Tilt,Equity Equal Weight + Sentiment Tilt,AMT,0.02,RealEstate,2022-08-31,0.3086375747116865,1.0,0.15,1.0473840098260434,0.02094768019652087,0.021693690958332453
2022-09-01,2022-08-31,Equity,Equal Weight + Sentiment Tilt,Equity Equal Weight + Sentiment Tilt,BA,0.02,Industrials,2022-08-31,0.498622180038204,0.6,0.15,1.0776614043583312,0.021553228087166625,0.022320804255695135
2022-09-01,2022-08-31,Equity,Equal Weight + Sentiment Tilt,Equity Equal Weight + Sentiment Tilt,CAT,0.02,Industrials,2022-08-31,0.498622180038204,0.6,0.15,1.0776614043583312,0.021553228087166625,0.022320804255695135
2022-09-01,2022-08-31,Equity,Equal Weight + Sentiment Tilt,Equity Equal Weight + Sentiment Tilt,CCI,0.02,RealEstate,2022-08-31,0.3086375747116865,1.0,0.15,1.0473840098260434,0.02094768019652087,0.021693690958332453
2022-09-01,2022-08-31,Equity,Equal Weight + Sentiment Tilt,Equity Equal Weight + Sentiment Tilt,CMCSA,0.02,Comm,2022-08-31,-1.173142714251318,1.0,0.15,0.8386419621684059,0.01677283924336812,0.01737017118964093
2022-09-01,2022-08-31,Equity,Equal Weight + Sentiment Tilt,Equity Equal Weight + Sentiment Tilt,COP,0.02,Energy,2022-08-31,-0.15462786435150447,0.8,0.15,0.977072737706565,0.0195414547541313,0.020237385540321996
2022-09-01,2022-08-31,Equity,Equal Weight + Sentiment Tilt,Equity Equal Weight + Sentiment Tilt,CVX,0.02,Energy,2022-08-31,-0.15462786435150447,0.8,0.15,0.977072737706565,0.0195414547541313,0.020237385540321996
2022-09-01,2022-08-31,Equity,Equal Weight + Sentiment Tilt,Equity Equal Weight + Sentiment Tilt,D,0.02,Utilities,2022-08-31,-0.727862054649298,0.6,0.15,0.8965696407982457,0.017931392815964915,0.01856998438741742
2022-09-01,2022-08-31,Equity,Equal Weight + Sentiment Tilt,Equity Equal Weight + Sentiment Tilt,DD,0.02,Materials,2022-08-31,-0.28469515851336397,0.6,0.15,0.9581947114750996,0.01916389422950199,0.01984637893421893
2022-09-01,2022-08-31,Equity,Equal Weight + Sentiment Tilt,Equity Equal Weight + Sentiment Tilt,DIS,0.02,Consumer,2022-08-31,0.4702050043078702,1.0,0.15,1.0730775667519454,0.02146155133503891,0.022225862614899384
2022-09-01,2022-08-31,Equity,Equal Weight + Sentiment Tilt,Equity Equal Weight + Sentiment Tilt,DOW,0.02,Materials,2022-08-31,-0.28469515851336397,0.6,0.15,0.9581947114750996,0.01916389422950199,0.01984637893421893
2022-09-01,2022-08-31,Equity,Equal Weight + Sentiment Tilt,Equity Equal Weight + Sentiment Tilt,DUK,0.02,Utilities,2022-08-31,-0.727862054649298,0.6,0.15,0.8965696407982457,0.017931392815964915,0.01856998438741742
2022-09-01,2022-08-31,Equity,Equal Weight + Sentiment Tilt,Equity Equal Weight + Sentiment Tilt,EA,0.02,Comm,2022-08-31,-1.173142714251318,1.0,0.15,0.8386419621684059,0.01677283924336812,0.01737017118964093
2022-09-01,2022-08-31,Equity,Equal Weight + Sentiment Tilt,Equity Equal Weight + Sentiment Tilt,GE,0.02,Industrials,2022-08-31,0.498622180038204,0.6,0.15,1.0776614043583312,0.021553228087166625,0.022320804255695135
2022-09-01,2022-08-31,Equity,Equal Weight + Sentiment Tilt,Equity Equal Weight + Sentiment Tilt,GILD,0.02,Healthcare,2022-08-31,-0.5210383420364119,1.0,0.15,0.9248203733451275,0.01849640746690255,0.019155120932819087
2022-09-01,2022-08-31,Equity,Equal Weight + Sentiment Tilt,Equity Equal Weight + Sentiment Tilt,GS,0.02,Financials,2022-08-31,-0.8670299924851167,1.0,0.15,0.8780475770133978,0.017560951540267957,0.018186350568407953
2022-09-01,2022-08-31,Equity,Equal Weight + Sentiment Tilt,Equity Equal Weight + Sentiment Tilt,INTC,0.02,Tech,2022-08-31,-0.10315209420266223,0.8,0.15,0.9846462748531052,0.019692925497062103,0.02039425061824674
2022-09-01,2022-08-31,Equity,Equal Weight + Sentiment Tilt,Equity Equal Weight + Sentiment Tilt,KO,0.02,Consumer,2022-08-31,0.4702050043078702,1.0,0.15,1.0730775667519454,0.02146155133503891,0.022225862614899384
2022-09-01,2022-08-31,Equity,Equal Weight + Sentiment Tilt,Equity Equal Weight + Sentiment Tilt,MMM,0.02,Industrials,2022-08-31,0.498622180038204,0.6,0.15,1.0776614043583312,0.021553228087166625,0.022320804255695135
2022-09-01,2022-08-31,Equity,Equal Weight + Sentiment Tilt,Equity Equal Weight + Sentiment Tilt,MRK,0.02,Healthcare,2022-08-31,-0.5210383420364119,1.0,0.15,0.9248203733451275,0.01849640746690255,0.019155120932819087
2022-09-01,2022-08-31,Equity,Equal Weight + Sentiment Tilt,Equity Equal Weight + Sentiment Tilt,MS,0.02,Financials,2022-08-31,-0.8670299924851167,1.0,0.15,0.8780475770133978,0.017560951540267957,0.018186350568407953
2022-09-01,2022-08-31,Equity,Equal Weight + Sentiment Tilt,Equity Equal Weight + Sentiment Tilt,NEE,0.02,Utilities,2022-08-31,-0.727862054649298,0.6,0.15,0.8965696407982457,0.017931392815964915,0.01856998438741742
2022-09-01,2022-08-31,Equity,Equal Weight + Sentiment Tilt,Equity Equal Weight + Sentiment Tilt,NEM,0.02,Materials,2022-08-31,-0.28469515851336397,0.6,0.15,0.9581947114750996,0.01916389422950199,0.01984637893421893
2022-09-01,2022-08-31,Equity,Equal Weight + Sentiment Tilt,Equity Equal Weight + Sentiment Tilt,NKE,0.02,Consumer,2022-08-31,0.4702050043078702,1.0,0.15,1.0730775667519454,0.02146155133503891,0.022225862614899384
2022-09-01,2022-08-31,Equity,Equal Weight + Sentiment Tilt,Equity Equal Weight + Sentiment Tilt,NUE,0.02,Materials,2022-08-31,-0.28469515851336397,0.6,0.15,0.9581947114750996,0.01916389422950199,0.01984637893421893
2022-09-01,2022-08-31,Equity,Equal Weight + Sentiment Tilt,Equity Equal Weight + Sentiment Tilt,NVDA,0.02,Tech,2022-08-31,-0.10315209420266223,0.8,0.15,0.9846462748531052,0.019692925497062103,0.02039425061824674
2022-09-01,2022-08-31,Equity,Equal Weight + Sentiment Tilt,Equity Equal Weight + Sentiment Tilt,O,0.02,RealEstate,2022-08-31,0.3086375747116865,1.0,0.15,1.0473840098260434,0.02094768019652087,0.021693690958332453
2022-09-01,2022-08-31,Equity,Equal Weight + Sentiment Tilt,Equity Equal Weight + Sentiment Tilt,OXY,0.02,Energy,2022-08-31,-0.15462786435150447,0.8,0.15,0.977072737706565,0.0195414547541313,0.020237385540321996
2022-09-01,2022-08-31,Equity,Equal Weight + Sentiment Tilt,Equity Equal Weight + Sentiment Tilt,PLD,0.02,RealEstate,2022-08-31,0.3086375747116865,1.0,0.15,1.0473840098260434,0.02094768019652087,0.021693690958332453
2022-09-01,2022-08-31,Equity,Equal Weight + Sentiment Tilt,Equity Equal Weight + Sentiment Tilt,PSA,0.02,RealEstate,2022-08-31,0.3086375747116865,1.0,0.15,1.0473840098260434,0.02094768019652087,0.021693690958332453
2022-09-01,2022-08-31,Equity,Equal Weight + Sentiment Tilt,Equity Equal Weight + Sentiment Tilt,QCOM,0.02,Tech,2022-08-31,-0.10315209420266223,0.8,0.15,0.9846462748531052,0.019692925497062103,0.02039425061824674
2022-09-01,2022-08-31,Equity,Equal Weight + Sentiment Tilt,Equity Equal Weight + Sentiment Tilt,SBUX,0.02,Consumer,2022-08-31,0.4702050043078702,1.0,0.15,1.0730775667519454,0.02146155133503891,0.022225862614899384
2022-09-01,2022-08-31,Equity,Equal Weight + Sentiment Tilt,Equity Equal Weight + Sentiment Tilt,SHW,0.02,Materials,2022-08-31,-0.28469515851336397,0.6,0.15,0.9581947114750996,0.01916389422950199,0.01984637893421893
2022-09-01,2022-08-31,Equity,Equal Weight + Sentiment Tilt,Equity Equal Weight + Sentiment Tilt,SLB,0.02,Energy,2022-08-31,-0.15462786435150447,0.8,0.15,0.977072737706565,0.0195414547541313,0.020237385540321996
2022-09-01,2022-08-31,Equity,Equal Weight + Sentiment Tilt,Equity Equal Weight + Sentiment Tilt,SO,0.02,Utilities,2022-08-31,-0.727862054649298,0.6,0.15,0.8965696407982457,0.017931392815964915,0.01856998438741742
2022-09-01,2022-08-31,Equity,Equal Weight + Sentiment Tilt,Equity Equal Weight + Sentiment Tilt,T,0.02,Comm,2022-08-31,-1.173142714251318,1.0,0.15,0.8386419621684059,0.01677283924336812,0.01737017118964093
2022-09-01,2022-08-31,Equity,Equal Weight + Sentiment Tilt,Equity Equal Weight + Sentiment Tilt,TMUS,0.02,Comm,2022-08-31,-1.173142714251318,1.0,0.15,0.8386419621684059,0.01677283924336812,0.01737017118964093
2022-09-01,2022-08-31,Equity,Equal Weight + Sentiment Tilt,Equity Equal Weight + Sentiment Tilt,TTWO,0.02,Comm,2022-08-31,-1.173142714251318,1.0,0.15,0.8386419621684059,0.01677283924336812,0.01737017118964093
2022-09-01,2022-08-31,Equity,Equal Weight + Sentiment Tilt,Equity Equal Weight + Sentiment Tilt,UPS,0.02,Industrials,2022-08-31,0.498622180038204,0.6,0.15,1.0776614043583312,0.021553228087166625,0.022320804255695135
2022-09-01,2022-08-31,Equity,Equal Weight + Sentiment Tilt,Equity Equal Weight + Sentiment Tilt,USB,0.02,Financials,2022-08-31,-0.8670299924851167,1.0,0.15,0.8780475770133978,0.017560951540267957,0.018186350568407953
2022-09-01,2022-08-31,Equity,Equal Weight + Sentiment Tilt,Equity Equal Weight + Sentiment Tilt,V,0.02,Financials,2022-08-31,-0.8670299924851167,1.0,0.15,0.8780475770133978,0.017560951540267957,0.018186350568407953
2022-09-01,2022-08-31,Equity,Equal Weight + Sentiment Tilt,Equity Equal Weight + Sentiment Tilt,WFC,0.02,Financials,2022-08-31,-0.8670299924851167,1.0,0.15,0.8780475770133978,0.017560951540267957,0.018186350568407953
2022-09-01,2022-08-31,Equity,Equal Weight + Sentiment Tilt,Equity Equal Weight + Sentiment Tilt,WMT,0.02,Consumer,2022-08-31,0.4702050043078702,1.0,0.15,1.0730775667519454,0.02146155133503891,0.022225862614899384
2022-09-01,2022-08-31,Equity,Equal Weight + Sentiment Tilt,Equity Equal Weight + Sentiment Tilt,XOM,0.02,Energy,2022-08-31,-0.15462786435150447,0.8,0.15,0.977072737706565,0.0195414547541313,0.020237385540321996
2022-10-03,2022-09-30,Equity,Equal Weight + Sentiment Tilt,Equity Equal Weight + Sentiment Tilt,ABBV,0.02,Healthcare,2022-09-30,0.4761885555243405,0.6,0.15,1.0740411212850898,0.021480822425701797,0.021446367130800753
2022-10-03,2022-09-30,Equity,Equal Weight + Sentiment Tilt,Equity Equal Weight + Sentiment Tilt,ABT,0.02,Healthcare,2022-09-30,0.4761885555243405,0.6,0.15,1.0740411212850898,0.021480822425701797,0.021446367130800753
2022-10-03,2022-09-30,Equity,Equal Weight + Sentiment Tilt,Equity Equal Weight + Sentiment Tilt,ADBE,0.02,Tech,2022-09-30,-0.31631002593123325,1.0,0.15,0.9536614889482563,0.019073229778965126,0.01904263626891575
2022-10-03,2022-09-30,Equity,Equal Weight + Sentiment Tilt,Equity Equal Weight + Sentiment Tilt,AEP,0.02,Utilities,2022-09-30,0.20396148358207622,0.2,0.15,1.0310670352242735,0.02062134070448547,0.02058826402049511
2022-10-03,2022-09-30,Equity,Equal Weight + Sentiment Tilt,Equity Equal Weight + Sentiment Tilt,AMD,0.02,Tech,2022-09-30,-0.31631002593123325,1.0,0.15,0.9536614889482563,0.019073229778965126,0.01904263626891575
2022-10-03,2022-09-30,Equity,Equal Weight + Sentiment Tilt,Equity Equal Weight + Sentiment Tilt,AMGN,0.02,Healthcare,2022-09-30,0.4761885555243405,0.6,0.15,1.0740411212850898,0.021480822425701797,0.021446367130800753
2022-10-03,2022-09-30,Equity,Equal Weight + Sentiment Tilt,Equity Equal Weight + Sentiment Tilt,AMT,0.02,RealEstate,2022-09-30,-0.1653578100307194,0.4,0.15,0.9755014119537332,0.019510028239074665,0.019478734103162035
2022-10-03,2022-09-30,Equity,Equal Weight + Sentiment Tilt,Equity Equal Weight + Sentiment Tilt,BA,0.02,Industrials,2022-09-30,-0.33784092113989295,0.6,0.15,0.9505864793618153,0.019011729587236306,0.018981234723654018
2022-10-03,2022-09-30,Equity,Equal Weight + Sentiment Tilt,Equity Equal Weight + Sentiment Tilt,CAT,0.02,Industrials,2022-09-30,-0.33784092113989295,0.6,0.15,0.9505864793618153,0.019011729587236306,0.018981234723654018
2022-10-03,2022-09-30,Equity,Equal Weight + Sentiment Tilt,Equity Equal Weight + Sentiment Tilt,CCI,0.02,RealEstate,2022-09-30,-0.1653578100307194,0.4,0.15,0.9755014119537332,0.019510028239074665,0.019478734103162035
2022-10-03,2022-09-30,Equity,Equal Weight + Sentiment Tilt,Equity Equal Weight + Sentiment Tilt,CMCSA,0.02,Comm,2022-09-30,-0.24768100924647818,0.6,0.15,0.9635295218424755,0.019270590436849512,0.019239680359792854
2022-10-03,2022-09-30,Equity,Equal Weight + Sentiment Tilt,Equity Equal Weight + Sentiment Tilt,COP,0.02,Energy,2022-09-30,0.4201572579346324,0.6,0.15,1.0650519621157721,0.021301039242315443,0.021266872320106985
2022-10-03,2022-09-30,Equity,Equal Weight + Sentiment Tilt,Equity Equal Weight + Sentiment Tilt,CVX,0.02,Energy,2022-09-30,0.4201572579346324,0.6,0.15,1.0650519621157721,0.021301039242315443,0.021266872320106985
2022-10-03,2022-09-30,Equity,Equal Weight + Sentiment Tilt,Equity Equal Weight + Sentiment Tilt,D,0.02,Utilities,2022-09-30,0.20396148358207622,0.2,0.15,1.0310670352242735,0.02062134070448547,0.02058826402049511
2022-10-03,2022-09-30,Equity,Equal Weight + Sentiment Tilt,Equity Equal Weight + Sentiment Tilt,DD,0.02,Materials,2022-09-30,-0.14471950679587883,0.6,0.15,0.9785259953001976,0.01957051990600395,0.019539128741300624
2022-10-03,2022-09-30,Equity,Equal Weight + Sentiment Tilt,Equity Equal Weight + Sentiment Tilt,DIS,0.02,Consumer,2022-09-30,0.1974089432907144,1.0,0.15,1.0300541168512416,0.02060108233702483,0.02056803814750844
2022-10-03,2022-09-30,Equity,Equal Weight + Sentiment Tilt,Equity Equal Weight + Sentiment Tilt,DOW,0.02,Materials,2022-09-30,-0.14471950679587883,0.6,0.15,0.9785259953001976,0.01957051990600395,0.019539128741300624
2022-10-03,2022-09-30,Equity,Equal Weight + Sentiment Tilt,Equity Equal Weight + Sentiment Tilt,DUK,0.02,Utilities,2022-09-30,0.20396148358207622,0.2,0.15,1.0310670352242735,0.02062134070448547,0.02058826402049511
2022-10-03,2022-09-30,Equity,Equal Weight + Sentiment Tilt,Equity Equal Weight + Sentiment Tilt,EA,0.02,Comm,2022-09-30,-0.24768100924647818,0.6,0.15,0.9635295218424755,0.019270590436849512,0.019239680359792854
2022-10-03,2022-09-30,Equity,Equal Weight + Sentiment Tilt,Equity Equal Weight + Sentiment Tilt,GE,0.02,Industrials,2022-09-30,-0.33784092113989295,0.6,0.15,0.9505864793618153,0.019011729587236306,0.018981234723654018
2022-10-03,2022-09-30,Equity,Equal Weight + Sentiment Tilt,Equity Equal Weight + Sentiment Tilt,GILD,0.02,Healthcare,2022-09-30,0.4761885555243405,0.6,0.15,1.0740411212850898,0.021480822425701797,0.021446367130800753
2022-10-03,2022-09-30,Equity,Equal Weight + Sentiment Tilt,Equity Equal Weight + Sentiment Tilt,GS,0.02,Financials,2022-09-30,-0.03980752748378292,0.6,0.15,0.9940466626390159,0.019880933252780317,0.01984904418426342
2022-10-03,2022-09-30,Equity,Equal Weight + Sentiment Tilt,Equity Equal Weight + Sentiment Tilt,INTC,0.02,Tech,2022-09-30,-0.31631002593123325,1.0,0.15,0.9536614889482563,0.019073229778965126,0.01904263626891575
2022-10-03,2022-09-30,Equity,Equal Weight + Sentiment Tilt,Equity Equal Weight + Sentiment Tilt,KO,0.02,Consumer,2022-09-30,0.1974089432907144,1.0,0.15,1.0300541168512416,0.02060108233702483,0.02056803814750844
2022-10-03,2022-09-30,Equity,Equal Weight + Sentiment Tilt,Equity Equal Weight + Sentiment Tilt,MMM,0.02,Industrials,2022-09-30,-0.33784092113989295,0.6,0.15,0.9505864793618153,0.019011729587236306,0.018981234723654018
2022-10-03,2022-09-30,Equity,Equal Weight + Sentiment Tilt,Equity Equal Weight + Sentiment Tilt,MRK,0.02,Healthcare,2022-09-30,0.4761885555243405,0.6,0.15,1.0740411212850898,0.021480822425701797,0.021446367130800753
2022-10-03,2022-09-30,Equity,Equal Weight + Sentiment Tilt,Equity Equal Weight + Sentiment Tilt,MS,0.02,Financials,2022-09-30,-0.03980752748378292,0.6,0.15,0.9940466626390159,0.019880933252780317,0.01984904418426342
2022-10-03,2022-09-30,Equity,Equal Weight + Sentiment Tilt,Equity Equal Weight + Sentiment Tilt,NEE,0.02,Utilities,2022-09-30,0.20396148358207622,0.2,0.15,1.0310670352242735,0.02062134070448547,0.02058826402049511
2022-10-03,2022-09-30,Equity,Equal Weight + Sentiment Tilt,Equity Equal Weight + Sentiment Tilt,NEM,0.02,Materials,2022-09-30,-0.14471950679587883,0.6,0.15,0.9785259953001976,0.01957051990600395,0.019539128741300624
2022-10-03,2022-09-30,Equity,Equal Weight + Sentiment Tilt,Equity Equal Weight + Sentiment Tilt,NKE,0.02,Consumer,2022-09-30,0.1974089432907144,1.0,0.15,1.0300541168512416,0.02060108233702483,0.02056803814750844
2022-10-03,2022-09-30,Equity,Equal Weight + Sentiment Tilt,Equity Equal Weight + Sentiment Tilt,NUE,0.02,Materials,2022-09-30,-0.14471950679587883,0.6,0.15,0.9785259953001976,0.01957051990600395,0.019539128741300624
2022-10-03,2022-09-30,Equity,Equal Weight + Sentiment Tilt,Equity Equal Weight + Sentiment Tilt,NVDA,0.02,Tech,2022-09-30,-0.31631002593123325,1.0,0.15,0.9536614889482563,0.019073229778965126,0.01904263626891575
2022-10-03,2022-09-30,Equity,Equal Weight + Sentiment Tilt,Equity Equal Weight + Sentiment Tilt,O,0.02,RealEstate,2022-09-30,-0.1653578100307194,0.4,0.15,0.9755014119537332,0.019510028239074665,0.019478734103162035
2022-10-03,2022-09-30,Equity,Equal Weight + Sentiment Tilt,Equity Equal Weight + Sentiment Tilt,OXY,0.02,Energy,2022-09-30,0.4201572579346324,0.6,0.15,1.0650519621157721,0.021301039242315443,0.021266872320106985
2022-10-03,2022-09-30,Equity,Equal Weight + Sentiment Tilt,Equity Equal Weight + Sentiment Tilt,PLD,0.02,RealEstate,2022-09-30,-0.1653578100307194,0.4,0.15,0.9755014119537332,0.019510028239074665,0.019478734103162035
2022-10-03,2022-09-30,Equity,Equal Weight + Sentiment Tilt,Equity Equal Weight + Sentiment Tilt,PSA,0.02,RealEstate,2022-09-30,-0.1653578100307194,0.4,0.15,0.9755014119537332,0.019510028239074665,0.019478734103162035
2022-10-03,2022-09-30,Equity,Equal Weight + Sentiment Tilt,Equity Equal Weight + Sentiment Tilt,QCOM,0.02,Tech,2022-09-30,-0.31631002593123325,1.0,0.15,0.9536614889482563,0.019073229778965126,0.01904263626891575
2022-10-03,2022-09-30,Equity,Equal Weight + Sentiment Tilt,Equity Equal Weight + Sentiment Tilt,SBUX,0.02,Consumer,2022-09-30,0.1974089432907144,1.0,0.15,1.0300541168512416,0.02060108233702483,0.02056803814750844
2022-10-03,2022-09-30,Equity,Equal Weight + Sentiment Tilt,Equity Equal Weight + Sentiment Tilt,SHW,0.02,Materials,2022-09-30,-0.14471950679587883,0.6,0.15,0.9785259953001976,0.01957051990600395,0.019539128741300624
2022-10-03,2022-09-30,Equity,Equal Weight + Sentiment Tilt,Equity Equal Weight + Sentiment Tilt,SLB,0.02,Energy,2022-09-30,0.4201572579346324,0.6,0.15,1.0650519621157721,0.021301039242315443,0.021266872320106985
2022-10-03,2022-09-30,Equity,Equal Weight + Sentiment Tilt,Equity Equal Weight + Sentiment Tilt,SO,0.02,Utilities,2022-09-30,0.20396148358207622,0.2,0.15,1.0310670352242735,0.02062134070448547,0.02058826402049511
2022-10-03,2022-09-30,Equity,Equal Weight + Sentiment Tilt,Equity Equal Weight + Sentiment Tilt,T,0.02,Comm,2022-09-30,-0.24768100924647818,0.6,0.15,0.9635295218424755,0.019270590436849512,0.019239680359792854
2022-10-03,2022-09-30,Equity,Equal Weight + Sentiment Tilt,Equity Equal Weight + Sentiment Tilt,TMUS,0.02,Comm,2022-09-30,-0.24768100924647818,0.6,0.15,0.9635295218424755,0.019270590436849512,0.019239680359792854
2022-10-03,2022-09-30,Equity,Equal Weight + Sentiment Tilt,Equity Equal Weight + Sentiment Tilt,TTWO,0.02,Comm,2022-09-30,-0.24768100924647818,0.6,0.15,0.9635295218424755,0.019270590436849512,0.019239680359792854
2022-10-03,2022-09-30,Equity,Equal Weight + Sentiment Tilt,Equity Equal Weight + Sentiment Tilt,UPS,0.02,Industrials,2022-09-30,-0.33784092113989295,0.6,0.15,0.9505864793618153,0.019011729587236306,0.018981234723654018
2022-10-03,2022-09-30,Equity,Equal Weight + Sentiment Tilt,Equity Equal Weight + Sentiment Tilt,USB,0.02,Financials,2022-09-30,-0.03980752748378292,0.6,0.15,0.9940466626390159,0.019880933252780317,0.01984904418426342
2022-10-03,2022-09-30,Equity,Equal Weight + Sentiment Tilt,Equity Equal Weight + Sentiment Tilt,V,0.02,Financials,2022-09-30,-0.03980752748378292,0.6,0.15,0.9940466626390159,0.019880933252780317,0.01984904418426342
2022-10-03,2022-09-30,Equity,Equal Weight + Sentiment Tilt,Equity Equal Weight + Sentiment Tilt,WFC,0.02,Financials,2022-09-30,-0.03980752748378292,0.6,0.15,0.9940466626390159,0.019880933252780317,0.01984904418426342
2022-10-03,2022-09-30,Equity,Equal Weight + Sentiment Tilt,Equity Equal Weight + Sentiment Tilt,WMT,0.02,Consumer,2022-09-30,0.1974089432907144,1.0,0.15,1.0300541168512416,0.02060108233702483,0.02056803814750844
2022-10-03,2022-09-30,Equity,Equal Weight + Sentiment Tilt,Equity Equal Weight + Sentiment Tilt,XOM,0.02,Energy,2022-09-30,0.4201572579346324,0.6,0.15,1.0650519621157721,0.021301039242315443,0.021266872320106985
2022-11-01,2022-10-31,Equity,Equal Weight + Sentiment Tilt,Equity Equal Weight + Sentiment Tilt,ABBV,0.02,Healthcare,2022-10-31,-0.24486027501818242,0.6,0.15,0.9639372872065565,0.019278745744131128,0.019449599263003443
2022-11-01,2022-10-31,Equity,Equal Weight + Sentiment Tilt,Equity Equal Weight + Sentiment Tilt,ABT,0.02,Healthcare,2022-10-31,-0.24486027501818242,0.6,0.15,0.9639372872065565,0.019278745744131128,0.019449599263003443
2022-11-01,2022-10-31,Equity,Equal Weight + Sentiment Tilt,Equity Equal Weight + Sentiment Tilt,ADBE,0.02,Tech,2022-10-31,-0.2870079238368048,1.0,0.15,0.95786235720247,0.0191572471440494,0.01932702390908941
2022-11-01,2022-10-31,Equity,Equal Weight + Sentiment Tilt,Equity Equal Weight + Sentiment Tilt,AEP,0.02,Utilities,2022-10-31,0.09405398163028816,1.0,0.15,1.01420808611269,0.020284161722253804,0.02046392551257596
2022-11-01,2022-10-31,Equity,Equal Weight + Sentiment Tilt,Equity Equal Weight + Sentiment Tilt,AMD,0.02,Tech,2022-10-31,-0.2870079238368048,1.0,0.15,0.95786235720247,0.0191572471440494,0.01932702390908941
2022-11-01,2022-10-31,Equity,Equal Weight + Sentiment Tilt,Equity Equal Weight + Sentiment Tilt,AMGN,0.02,Healthcare,2022-10-31,-0.24486027501818242,0.6,0.15,0.9639372872065565,0.019278745744131128,0.019449599263003443
2022-11-01,2022-10-31,Equity,Equal Weight + Sentiment Tilt,Equity Equal Weight + Sentiment Tilt,AMT,0.02,RealEstate,2022-10-31,-0.16639861271456338,1.0,0.15,0.9753491281681972,0.019506982563363945,0.019679858779367065
2022-11-01,2022-10-31,Equity,Equal Weight + Sentiment Tilt,Equity Equal Weight + Sentiment Tilt,BA,0.02,Industrials,2022-10-31,0.5794790080766367,0.6,0.15,1.0908114307954675,0.02181622861590935,0.022009570002170735
2022-11-01,2022-10-31,Equity,Equal Weight + Sentiment Tilt,Equity Equal Weight + Sentiment Tilt,CAT,0.02,Industrials,2022-10-31,0.5794790080766367,0.6,0.15,1.0908114307954675,0.02181622861590935,0.022009570002170735
2022-11-01,2022-10-31,Equity,Equal Weight + Sentiment Tilt,Equity Equal Weight + Sentiment Tilt,CCI,0.02,RealEstate,2022-10-31,-0.16639861271456338,1.0,0.15,0.9753491281681972,0.019506982563363945,0.019679858779367065
2022-11-01,2022-10-31,Equity,Equal Weight + Sentiment Tilt,Equity Equal Weight + Sentiment Tilt,CMCSA,0.02,Comm,2022-10-31,0.09288044393170425,0.8,0.15,1.014029570111806,0.02028059140223612,0.02046032355140555
2022-11-01,2022-10-31,Equity,Equal Weight + Sentiment Tilt,Equity Equal Weight + Sentiment Tilt,COP,0.02,Energy,2022-10-31,0.5173136311420289,1.0,0.15,1.0806871022945732,0.021613742045891466,0.021805288940775085
2022-11-01,2022-10-31,Equity,Equal Weight + Sentiment Tilt,Equity Equal Weight + Sentiment Tilt,CVX,0.02,Energy,2022-10-31,0.5173136311420289,1.0,0.15,1.0806871022945732,0.021613742045891466,0.021805288940775085
2022-11-01,2022-10-31,Equity,Equal Weight + Sentiment Tilt,Equity Equal Weight + Sentiment Tilt,D,0.02,Utilities,2022-10-31,0.09405398163028816,1.0,0.15,1.01420808611269,0.020284161722253804,0.02046392551257596
2022-11-01,2022-10-31,Equity,Equal Weight + Sentiment Tilt,Equity Equal Weight + Sentiment Tilt,DD,0.02,Materials,2022-10-31,-0.2895568854250496,0.2,0.15,0.9574961940538156,0.019149923881076312,0.01931963574535643
2022-11-01,2022-10-31,Equity,Equal Weight + Sentiment Tilt,Equity Equal Weight + Sentiment Tilt,DIS,0.02,Consumer,2022-10-31,-0.7281796629767981,1.0,0.15,0.8965269281180813,0.017930538562361625,0.018089443900359967
2022-11-01,2022-10-31,Equity,Equal Weight + Sentiment Tilt,Equity Equal Weight + Sentiment Tilt,DOW,0.02,Materials,2022-10-31,-0.2895568854250496,0.2,0.15,0.9574961940538156,0.019149923881076312,0.01931963574535643
2022-11-01,2022-10-31,Equity,Equal Weight + Sentiment Tilt,Equity Equal Weight + Sentiment Tilt,DUK,0.02,Utilities,2022-10-31,0.09405398163028816,1.0,0.15,1.01420808611269,0.020284161722253804,0.02046392551257596
2022-11-01,2022-10-31,Equity,Equal Weight + Sentiment Tilt,Equity Equal Weight + Sentiment Tilt,EA,0.02,Comm,2022-10-31,0.09288044393170425,0.8,0.15,1.014029570111806,0.02028059140223612,0.02046032355140555
2022-11-01,2022-10-31,Equity,Equal Weight + Sentiment Tilt,Equity Equal Weight + Sentiment Tilt,GE,0.02,Industrials,2022-10-31,0.5794790080766367,0.6,0.15,1.0908114307954675,0.02181622861590935,0.022009570002170735
2022-11-01,2022-10-31,Equity,Equal Weight + Sentiment Tilt,Equity Equal Weight + Sentiment Tilt,GILD,0.02,Healthcare,2022-10-31,-0.24486027501818242,0.6,0.15,0.9639372872065565,0.019278745744131128,0.019449599263003443
2022-11-01,2022-10-31,Equity,Equal Weight + Sentiment Tilt,Equity Equal Weight + Sentiment Tilt,GS,0.02,Financials,2022-10-31,-0.263487812044957,1.0,0.15,0.9612476798870626,0.019224953597741252,0.01939533039589634
2022-11-01,2022-10-31,Equity,Equal Weight + Sentiment Tilt,Equity Equal Weight + Sentiment Tilt,INTC,0.02,Tech,2022-10-31,-0.2870079238368048,1.0,0.15,0.95786235720247,0.0191572471440494,0.01932702390908941
2022-11-01,2022-10-31,Equity,Equal Weight + Sentiment Tilt,Equity Equal Weight + Sentiment Tilt,KO,0.02,Consumer,2022-10-31,-0.7281796629767981,1.0,0.15,0.8965269281180813,0.017930538562361625,0.018089443900359967
2022-11-01,2022-10-31,Equity,Equal Weight + Sentiment Tilt,Equity Equal Weight + Sentiment Tilt,MMM,0.02,Industrials,2022-10-31,0.5794790080766367,0.6,0.15,1.0908114307954675,0.02181622861590935,0.022009570002170735
2022-11-01,2022-10-31,Equity,Equal Weight + Sentiment Tilt,Equity Equal Weight + Sentiment Tilt,MRK,0.02,Healthcare,2022-10-31,-0.24486027501818242,0.6,0.15,0.9639372872065565,0.019278745744131128,0.019449599263003443
2022-11-01,2022-10-31,Equity,Equal Weight + Sentiment Tilt,Equity Equal Weight + Sentiment Tilt,MS,0.02,Financials,2022-10-31,-0.263487812044957,1.0,0.15,0.9612476798870626,0.019224953597741252,0.01939533039589634
2022-11-01,2022-10-31,Equity,Equal Weight + Sentiment Tilt,Equity Equal Weight + Sentiment Tilt,NEE,0.02,Utilities,2022-10-31,0.09405398163028816,1.0,0.15,1.01420808611269,0.020284161722253804,0.02046392551257596
2022-11-01,2022-10-31,Equity,Equal Weight + Sentiment Tilt,Equity Equal Weight + Sentiment Tilt,NEM,0.02,Materials,2022-10-31,-0.2895568854250496,0.2,0.15,0.9574961940538156,0.019149923881076312,0.01931963574535643
2022-11-01,2022-10-31,Equity,Equal Weight + Sentiment Tilt,Equity Equal Weight + Sentiment Tilt,NKE,0.02,Consumer,2022-10-31,-0.7281796629767981,1.0,0.15,0.8965269281180813,0.017930538562361625,0.018089443900359967
2022-11-01,2022-10-31,Equity,Equal Weight + Sentiment Tilt,Equity Equal Weight + Sentiment Tilt,NUE,0.02,Materials,2022-10-31,-0.2895568854250496,0.2,0.15,0.9574961940538156,0.019149923881076312,0.01931963574535643
2022-11-01,2022-10-31,Equity,Equal Weight + Sentiment Tilt,Equity Equal Weight + Sentiment Tilt,NVDA,0.02,Tech,2022-10-31,-0.2870079238368048,1.0,0.15,0.95786235720247,0.0191572471440494,0.01932702390908941
2022-11-01,2022-10-31,Equity,Equal Weight + Sentiment Tilt,Equity Equal Weight + Sentiment Tilt,O,0.02,RealEstate,2022-10-31,-0.16639861271456338,1.0,0.15,0.9753491281681972,0.019506982563363945,0.019679858779367065
2022-11-01,2022-10-31,Equity,Equal Weight + Sentiment Tilt,Equity Equal Weight + Sentiment Tilt,OXY,0.02,Energy,2022-10-31,0.5173136311420289,1.0,0.15,1.0806871022945732,0.021613742045891466,0.021805288940775085
2022-11-01,2022-10-31,Equity,Equal Weight + Sentiment Tilt,Equity Equal Weight + Sentiment Tilt,PLD,0.02,RealEstate,2022-10-31,-0.16639861271456338,1.0,0.15,0.9753491281681972,0.019506982563363945,0.019679858779367065
2022-11-01,2022-10-31,Equity,Equal Weight + Sentiment Tilt,Equity Equal Weight + Sentiment Tilt,PSA,0.02,RealEstate,2022-10-31,-0.16639861271456338,1.0,0.15,0.9753491281681972,0.019506982563363945,0.019679858779367065
2022-11-01,2022-10-31,Equity,Equal Weight + Sentiment Tilt,Equity Equal Weight + Sentiment Tilt,QCOM,0.02,Tech,2022-10-31,-0.2870079238368048,1.0,0.15,0.95786235720247,0.0191572471440494,0.01932702390908941
2022-11-01,2022-10-31,Equity,Equal Weight + Sentiment Tilt,Equity Equal Weight + Sentiment Tilt,SBUX,0.02,Consumer,2022-10-31,-0.7281796629767981,1.0,0.15,0.8965269281180813,0.017930538562361625,0.018089443900359967
2022-11-01,2022-10-31,Equity,Equal Weight + Sentiment Tilt,Equity Equal Weight + Sentiment Tilt,SHW,0.02,Materials,2022-10-31,-0.2895568854250496,0.2,0.15,0.9574961940538156,0.019149923881076312,0.01931963574535643
2022-11-01,2022-10-31,Equity,Equal Weight + Sentiment Tilt,Equity Equal Weight + Sentiment Tilt,SLB,0.02,Energy,2022-10-31,0.5173136311420289,1.0,0.15,1.0806871022945732,0.021613742045891466,0.021805288940775085
2022-11-01,2022-10-31,Equity,Equal Weight + Sentiment Tilt,Equity Equal Weight + Sentiment Tilt,SO,0.02,Utilities,2022-10-31,0.09405398163028816,1.0,0.15,1.01420808611269,0.020284161722253804,0.02046392551257596
2022-11-01,2022-10-31,Equity,Equal Weight + Sentiment Tilt,Equity Equal Weight + Sentiment Tilt,T,0.02,Comm,2022-10-31,0.09288044393170425,0.8,0.15,1.014029570111806,0.02028059140223612,0.02046032355140555
2022-11-01,2022-10-31,Equity,Equal Weight + Sentiment Tilt,Equity Equal Weight + Sentiment Tilt,TMUS,0.02,Comm,2022-10-31,0.09288044393170425,0.8,0.15,1.014029570111806,0.02028059140223612,0.02046032355140555
2022-11-01,2022-10-31,Equity,Equal Weight + Sentiment Tilt,Equity Equal Weight + Sentiment Tilt,TTWO,0.02,Comm,2022-10-31,0.09288044393170425,0.8,0.15,1.014029570111806,0.02028059140223612,0.02046032355140555
2022-11-01,2022-10-31,Equity,Equal Weight + Sentiment Tilt,Equity Equal Weight + Sentiment Tilt,UPS,0.02,Industrials,2022-10-31,0.5794790080766367,0.6,0.15,1.0908114307954675,0.02181622861590935,0.022009570002170735
2022-11-01,2022-10-31,Equity,Equal Weight + Sentiment Tilt,Equity Equal Weight + Sentiment Tilt,USB,0.02,Financials,2022-10-31,-0.263487812044957,1.0,0.15,0.9612476798870626,0.019224953597741252,0.01939533039589634
2022-11-01,2022-10-31,Equity,Equal Weight + Sentiment Tilt,Equity Equal Weight + Sentiment Tilt,V,0.02,Financials,2022-10-31,-0.263487812044957,1.0,0.15,0.9612476798870626,0.019224953597741252,0.01939533039589634
2022-11-01,2022-10-31,Equity,Equal Weight + Sentiment Tilt,Equity Equal Weight + Sentiment Tilt,WFC,0.02,Financials,2022-10-31,-0.263487812044957,1.0,0.15,0.9612476798870626,0.019224953597741252,0.01939533039589634
2022-11-01,2022-10-31,Equity,Equal Weight + Sentiment Tilt,Equity Equal Weight + Sentiment Tilt,WMT,0.02,Consumer,2022-10-31,-0.7281796629767981,1.0,0.15,0.8965269281180813,0.017930538562361625,0.018089443900359967
2022-11-01,2022-10-31,Equity,Equal Weight + Sentiment Tilt,Equity Equal Weight + Sentiment Tilt,XOM,0.02,Energy,2022-10-31,0.5173136311420289,1.0,0.15,1.0806871022945732,0.021613742045891466,0.021805288940775085
2022-12-01,2022-11-30,Equity,Equal Weight + Sentiment Tilt,Equity Equal Weight + Sentiment Tilt,ABBV,0.02,Healthcare,2022-11-30,0.5337363813016393,1.0,0.15,1.0833525621525026,0.021667051243050052,0.02097261306875636
2022-12-01,2022-11-30,Equity,Equal Weight + Sentiment Tilt,Equity Equal Weight + Sentiment Tilt,ABT,0.02,Healthcare,2022-11-30,0.5337363813016393,1.0,0.15,1.0833525621525026,0.021667051243050052,0.02097261306875636
2022-12-01,2022-11-30,Equity,Equal Weight + Sentiment Tilt,Equity Equal Weight + Sentiment Tilt,ADBE,0.02,Tech,2022-11-30,-1.8192963807688767,1.0,0.15,0.7611731197964108,0.015223462395928216,0.014735543974816433
2022-12-01,2022-11-30,Equity,Equal Weight + Sentiment Tilt,Equity Equal Weight + Sentiment Tilt,AEP,0.02,Utilities,2022-11-30,-0.1080109165652105,0.6,0.15,0.9839289031025843,0.019678578062051685,0.01904787129587415
2022-12-01,2022-11-30,Equity,Equal Weight + Sentiment Tilt,Equity Equal Weight + Sentiment Tilt,AMD,0.02,Tech,2022-11-30,-1.8192963807688767,1.0,0.15,0.7611731197964108,0.015223462395928216,0.014735543974816433
2022-12-01,2022-11-30,Equity,Equal Weight + Sentiment Tilt,Equity Equal Weight + Sentiment Tilt,AMGN,0.02,Healthcare,2022-11-30,0.5337363813016393,1.0,0.15,1.0833525621525026,0.021667051243050052,0.02097261306875636
2022-12-01,2022-11-30,Equity,Equal Weight + Sentiment Tilt,Equity Equal Weight + Sentiment Tilt,AMT,0.02,RealEstate,2022-11-30,0.780515647187231,0.6,0.15,1.1242063804064901,0.022484127608129803,0.021763501790078795
2022-12-01,2022-11-30,Equity,Equal Weight + Sentiment Tilt,Equity Equal Weight + Sentiment Tilt,BA,0.02,Industrials,2022-11-30,0.28529844748186545,0.8,0.15,1.043723666456398,0.020874473329127962,0.020205437612850152
2022-12-01,2022-11-30,Equity,Equal Weight + Sentiment Tilt,Equity Equal Weight + Sentiment Tilt,CAT,0.02,Industrials,2022-11-30,0.28529844748186545,0.8,0.15,1.043723666456398,0.020874473329127962,0.020205437612850152
2022-12-01,2022-11-30,Equity,Equal Weight + Sentiment Tilt,Equity Equal Weight + Sentiment Tilt,CCI,0.02,RealEstate,2022-11-30,0.780515647187231,0.6,0.15,1.1242063804064901,0.022484127608129803,0.021763501790078795
2022-12-01,2022-11-30,Equity,Equal Weight + Sentiment Tilt,Equity Equal Weight + Sentiment Tilt,CMCSA,0.02,Comm,2022-11-30,0.786171393053134,0.6,0.15,1.1251605189148945,0.022503210378297892,0.021781972949376196
2022-12-01,2022-11-30,Equity,Equal Weight + Sentiment Tilt,Equity Equal Weight + Sentiment Tilt,COP,0.02,Energy,2022-11-30,-0.5615943983198659,0.8,0.15,0.9192113914400678,0.018384227828801357,0.017795005536112723
2022-12-01,2022-11-30,Equity,Equal Weight + Sentiment Tilt,Equity Equal Weight + Sentiment Tilt,CVX,0.02,Energy,2022-11-30,-0.5615943983198659,0.8,0.15,0.9192113914400678,0.018384227828801357,0.017795005536112723
2022-12-01,2022-11-30,Equity,Equal Weight + Sentiment Tilt,Equity Equal Weight + Sentiment Tilt,D,0.02,Utilities,2022-11-30,-0.1080109165652105,0.6,0.15,0.9839289031025843,0.019678578062051685,0.01904787129587415
2022-12-01,2022-11-30,Equity,Equal Weight + Sentiment Tilt,Equity Equal Weight + Sentiment Tilt,DD,0.02,Materials,2022-11-30,-0.43070534643919595,1.0,0.15,0.9374369263453087,0.018748738526906176,0.018147833511872772
2022-12-01,2022-11-30,Equity,Equal Weight + Sentiment Tilt,Equity Equal Weight + Sentiment Tilt,DIS,0.02,Consumer,2022-11-30,0.3243474062712735,0.8,0.15,1.0498550541151759,0.02099710108230352,0.02032413509456986
2022-12-01,2022-11-30,Equity,Equal Weight + Sentiment Tilt,Equity Equal Weight + Sentiment Tilt,DOW,0.02,Materials,2022-11-30,-0.43070534643919595,1.0,0.15,0.9374369263453087,0.018748738526906176,0.018147833511872772
2022-12-01,2022-11-30,Equity,Equal Weight + Sentiment Tilt,Equity Equal Weight + Sentiment Tilt,DUK,0.02,Utilities,2022-11-30,-0.1080109165652105,0.6,0.15,0.9839289031025843,0.019678578062051685,0.01904787129587415
2022-12-01,2022-11-30,Equity,Equal Weight + Sentiment Tilt,Equity Equal Weight + Sentiment Tilt,EA,0.02,Comm,2022-11-30,0.786171393053134,0.6,0.15,1.1251605189148945,0.022503210378297892,0.021781972949376196
2022-12-01,2022-11-30,Equity,Equal Weight + Sentiment Tilt,Equity Equal Weight + Sentiment Tilt,GE,0.02,Industrials,2022-11-30,0.28529844748186545,0.8,0.15,1.043723666456398,0.020874473329127962,0.020205437612850152
2022-12-01,2022-11-30,Equity,Equal Weight + Sentiment Tilt,Equity Equal Weight + Sentiment Tilt,GILD,0.02,Healthcare,2022-11-30,0.5337363813016393,1.0,0.15,1.0833525621525026,0.021667051243050052,0.02097261306875636
2022-12-01,2022-11-30,Equity,Equal Weight + Sentiment Tilt,Equity Equal Weight + Sentiment Tilt,GS,0.02,Financials,2022-11-30,1.7648106330129743,0.6,0.15,1.3030681445242922,0.026061362890485846,0.02522608516569256
2022-12-01,2022-11-30,Equity,Equal Weight + Sentiment Tilt,Equity Equal Weight + Sentiment Tilt,INTC,0.02,Tech,2022-11-30,-1.8192963807688767,1.0,0.15,0.7611731197964108,0.015223462395928216,0.014735543974816433
2022-12-01,2022-11-30,Equity,Equal Weight + Sentiment Tilt,Equity Equal Weight + Sentiment Tilt,KO,0.02,Consumer,2022-11-30,0.3243474062712735,0.8,0.15,1.0498550541151759,0.02099710108230352,0.02032413509456986
2022-12-01,2022-11-30,Equity,Equal Weight + Sentiment Tilt,Equity Equal Weight + Sentiment Tilt,MMM,0.02,Industrials,2022-11-30,0.28529844748186545,0.8,0.15,1.043723666456398,0.020874473329127962,0.020205437612850152
2022-12-01,2022-11-30,Equity,Equal Weight + Sentiment Tilt,Equity Equal Weight + Sentiment Tilt,MRK,0.02,Healthcare,2022-11-30,0.5337363813016393,1.0,0.15,1.0833525621525026,0.021667051243050052,0.02097261306875636
2022-12-01,2022-11-30,Equity,Equal Weight + Sentiment Tilt,Equity Equal Weight + Sentiment Tilt,MS,0.02,Financials,2022-11-30,1.7648106330129743,0.6,0.15,1.3030681445242922,0.026061362890485846,0.02522608516569256
2022-12-01,2022-11-30,Equity,Equal Weight + Sentiment Tilt,Equity Equal Weight + Sentiment Tilt,NEE,0.02,Utilities,2022-11-30,-0.1080109165652105,0.6,0.15,0.9839289031025843,0.019678578062051685,0.01904787129587415
2022-12-01,2022-11-30,Equity,Equal Weight + Sentiment Tilt,Equity Equal Weight + Sentiment Tilt,NEM,0.02,Materials,2022-11-30,-0.43070534643919595,1.0,0.15,0.9374369263453087,0.018748738526906176,0.018147833511872772
2022-12-01,2022-11-30,Equity,Equal Weight + Sentiment Tilt,Equity Equal Weight + Sentiment Tilt,NKE,0.02,Consumer,2022-11-30,0.3243474062712735,0.8,0.15,1.0498550541151759,0.02099710108230352,0.02032413509456986
2022-12-01,2022-11-30,Equity,Equal Weight + Sentiment Tilt,Equity Equal Weight + Sentiment Tilt,NUE,0.02,Materials,2022-11-30,-0.43070534643919595,1.0,0.15,0.9374369263453087,0.018748738526906176,0.018147833511872772
2022-12-01,2022-11-30,Equity,Equal Weight + Sentiment Tilt,Equity Equal Weight + Sentiment Tilt,NVDA,0.02,Tech,2022-11-30,-1.8192963807688767,1.0,0.15,0.7611731197964108,0.015223462395928216,0.014735543974816433
2022-12-01,2022-11-30,Equity,Equal Weight + Sentiment Tilt,Equity Equal Weight + Sentiment Tilt,O,0.02,RealEstate,2022-11-30,0.780515647187231,0.6,0.15,1.1242063804064901,0.022484127608129803,0.021763501790078795
2022-12-01,2022-11-30,Equity,Equal Weight + Sentiment Tilt,Equity Equal Weight + Sentiment Tilt,OXY,0.02,Energy,2022-11-30,-0.5615943983198659,0.8,0.15,0.9192113914400678,0.018384227828801357,0.017795005536112723
2022-12-01,2022-11-30,Equity,Equal Weight + Sentiment Tilt,Equity Equal Weight + Sentiment Tilt,PLD,0.02,RealEstate,2022-11-30,0.780515647187231,0.6,0.15,1.1242063804064901,0.022484127608129803,0.021763501790078795
2022-12-01,2022-11-30,Equity,Equal Weight + Sentiment Tilt,Equity Equal Weight + Sentiment Tilt,PSA,0.02,RealEstate,2022-11-30,0.780515647187231,0.6,0.15,1.1242063804064901,0.022484127608129803,0.021763501790078795
2022-12-01,2022-11-30,Equity,Equal Weight + Sentiment Tilt,Equity Equal Weight + Sentiment Tilt,QCOM,0.02,Tech,2022-11-30,-1.8192963807688767,1.0,0.15,0.7611731197964108,0.015223462395928216,0.014735543974816433
2022-12-01,2022-11-30,Equity,Equal Weight + Sentiment Tilt,Equity Equal Weight + Sentiment Tilt,SBUX,0.02,Consumer,2022-11-30,0.3243474062712735,0.8,0.15,1.0498550541151759,0.02099710108230352,0.02032413509456986
2022-12-01,2022-11-30,Equity,Equal Weight + Sentiment Tilt,Equity Equal Weight + Sentiment Tilt,SHW,0.02,Materials,2022-11-30,-0.43070534643919595,1.0,0.15,0.9374369263453087,0.018748738526906176,0.018147833511872772
2022-12-01,2022-11-30,Equity,Equal Weight + Sentiment Tilt,Equity Equal Weight + Sentiment Tilt,SLB,0.02,Energy,2022-11-30,-0.5615943983198659,0.8,0.15,0.9192113914400678,0.018384227828801357,0.017795005536112723
2022-12-01,2022-11-30,Equity,Equal Weight + Sentiment Tilt,Equity Equal Weight + Sentiment Tilt,SO,0.02,Utilities,2022-11-30,-0.1080109165652105,0.6,0.15,0.9839289031025843,0.019678578062051685,0.01904787129587415
2022-12-01,2022-11-30,Equity,Equal Weight + Sentiment Tilt,Equity Equal Weight + Sentiment Tilt,T,0.02,Comm,2022-11-30,0.786171393053134,0.6,0.15,1.1251605189148945,0.022503210378297892,0.021781972949376196
2022-12-01,2022-11-30,Equity,Equal Weight + Sentiment Tilt,Equity Equal Weight + Sentiment Tilt,TMUS,0.02,Comm,2022-11-30,0.786171393053134,0.6,0.15,1.1251605189148945,0.022503210378297892,0.021781972949376196
2022-12-01,2022-11-30,Equity,Equal Weight + Sentiment Tilt,Equity Equal Weight + Sentiment Tilt,TTWO,0.02,Comm,2022-11-30,0.786171393053134,0.6,0.15,1.1251605189148945,0.022503210378297892,0.021781972949376196
2022-12-01,2022-11-30,Equity,Equal Weight + Sentiment Tilt,Equity Equal Weight + Sentiment Tilt,UPS,0.02,Industrials,2022-11-30,0.28529844748186545,0.8,0.15,1.043723666456398,0.020874473329127962,0.020205437612850152
2022-12-01,2022-11-30,Equity,Equal Weight + Sentiment Tilt,Equity Equal Weight + Sentiment Tilt,USB,0.02,Financials,2022-11-30,1.7648106330129743,0.6,0.15,1.3030681445242922,0.026061362890485846,0.02522608516569256
2022-12-01,2022-11-30,Equity,Equal Weight + Sentiment Tilt,Equity Equal Weight + Sentiment Tilt,V,0.02,Financials,2022-11-30,1.7648106330129743,0.6,0.15,1.3030681445242922,0.026061362890485846,0.02522608516569256
2022-12-01,2022-11-30,Equity,Equal Weight + Sentiment Tilt,Equity Equal Weight + Sentiment Tilt,WFC,0.02,Financials,2022-11-30,1.7648106330129743,0.6,0.15,1.3030681445242922,0.026061362890485846,0.02522608516569256
2022-12-01,2022-11-30,Equity,Equal Weight + Sentiment Tilt,Equity Equal Weight + Sentiment Tilt,WMT,0.02,Consumer,2022-11-30,0.3243474062712735,0.8,0.15,1.0498550541151759,0.02099710108230352,0.02032413509456986
2022-12-01,2022-11-30,Equity,Equal Weight + Sentiment Tilt,Equity Equal Weight + Sentiment Tilt,XOM,0.02,Energy,2022-11-30,-0.5615943983198659,0.8,0.15,0.9192113914400678,0.018384227828801357,0.017795005536112723
2023-01-03,2022-12-30,Equity,Equal Weight + Sentiment Tilt,Equity Equal Weight + Sentiment Tilt,ABBV,0.02,Healthcare,2022-12-30,0.1427248032096732,0.6,0.15,1.0216395313165783,0.020432790626331566,0.020671669841076164
2023-01-03,2022-12-30,Equity,Equal Weight + Sentiment Tilt,Equity Equal Weight + Sentiment Tilt,ABT,0.02,Healthcare,2022-12-30,0.1427248032096732,0.6,0.15,1.0216395313165783,0.020432790626331566,0.020671669841076164
2023-01-03,2022-12-30,Equity,Equal Weight + Sentiment Tilt,Equity Equal Weight + Sentiment Tilt,ADBE,0.02,Tech,2022-12-30,0.4673246982871228,1.0,0.15,1.072614048123381,0.02145228096246762,0.021703079011765443
2023-01-03,2022-12-30,Equity,Equal Weight + Sentiment Tilt,Equity Equal Weight + Sentiment Tilt,AEP,0.02,Utilities,2022-12-30,-0.4378905935299532,1.0,0.15,0.9364271132326468,0.018728542264652936,0.01894749715688023
2023-01-03,2022-12-30,Equity,Equal Weight + Sentiment Tilt,Equity Equal Weight + Sentiment Tilt,AMD,0.02,Tech,2022-12-30,0.4673246982871228,1.0,0.15,1.072614048123381,0.02145228096246762,0.021703079011765443
2023-01-03,2022-12-30,Equity,Equal Weight + Sentiment Tilt,Equity Equal Weight + Sentiment Tilt,AMGN,0.02,Healthcare,2022-12-30,0.1427248032096732,0.6,0.15,1.0216395313165783,0.020432790626331566,0.020671669841076164
2023-01-03,2022-12-30,Equity,Equal Weight + Sentiment Tilt,Equity Equal Weight + Sentiment Tilt,AMT,0.02,RealEstate,2022-12-30,-0.19673337545081815,0.4,0.15,0.9709211622470506,0.019418423244941013,0.01964544351746081
2023-01-03,2022-12-30,Equity,Equal Weight + Sentiment Tilt,Equity Equal Weight + Sentiment Tilt,BA,0.02,Industrials,2022-12-30,-0.27858044357497846,0.6,0.15,0.9590739777755874,0.01918147955551175,0.019405729725625827
2023-01-03,2022-12-30,Equity,Equal Weight + Sentiment Tilt,Equity Equal Weight + Sentiment Tilt,CAT,0.02,Industrials,2022-12-30,-0.27858044357497846,0.6,0.15,0.9590739777755874,0.01918147955551175,0.019405729725625827
2023-01-03,2022-12-30,Equity,Equal Weight + Sentiment Tilt,Equity Equal Weight + Sentiment Tilt,CCI,0.02,RealEstate,2022-12-30,-0.19673337545081815,0.4,0.15,0.9709211622470506,0.019418423244941013,0.01964544351746081
2023-01-03,2022-12-30,Equity,Equal Weight + Sentiment Tilt,Equity Equal Weight + Sentiment Tilt,CMCSA,0.02,Comm,2022-12-30,-0.5366355611731114,0.6,0.15,0.9226592085392232,0.018453184170784464,0.01866891985881984
2023-01-03,2022-12-30,Equity,Equal Weight + Sentiment Tilt,Equity Equal Weight + Sentiment Tilt,COP,0.02,Energy,2022-12-30,-0.4713043231599048,1.0,0.15,0.9317454271208506,0.018634908542417013,0.018852768765274353
2023-01-03,2022-12-30,Equity,Equal Weight + Sentiment Tilt,Equity Equal Weight + Sentiment Tilt,CVX,0.02,Energy,2022-12-30,-0.4713043231599048,1.0,0.15,0.9317454271208506,0.018634908542417013,0.018852768765274353
2023-01-03,2022-12-30,Equity,Equal Weight + Sentiment Tilt,Equity Equal Weight + Sentiment Tilt,D,0.02,Utilities,2022-12-30,-0.4378905935299532,1.0,0.15,0.9364271132326468,0.018728542264652936,0.01894749715688023
2023-01-03,2022-12-30,Equity,Equal Weight + Sentiment Tilt,Equity Equal Weight + Sentiment Tilt,DD,0.02,Materials,2022-12-30,0.18889826069971974,0.2,0.15,1.0287399862948063,0.020574799725896126,0.02081533916526745
2023-01-03,2022-12-30,Equity,Equal Weight + Sentiment Tilt,Equity Equal Weight + Sentiment Tilt,DIS,0.02,Consumer,2022-12-30,0.678639848259625,1.0,0.15,1.1071575633404935,0.022143151266809873,0.022402026262561544
2023-01-03,2022-12-30,Equity,Equal Weight + Sentiment Tilt,Equity Equal Weight + Sentiment Tilt,DOW,0.02,Materials,2022-12-30,0.18889826069971974,0.2,0.15,1.0287399862948063,0.020574799725896126,0.02081533916526745
2023-01-03,2022-12-30,Equity,Equal Weight + Sentiment Tilt,Equity Equal Weight + Sentiment Tilt,DUK,0.02,Utilities,2022-12-30,-0.4378905935299532,1.0,0.15,0.9364271132326468,0.018728542264652936,0.01894749715688023
2023-01-03,2022-12-30,Equity,Equal Weight + Sentiment Tilt,Equity Equal Weight + Sentiment Tilt,EA,0.02,Comm,2022-12-30,-0.5366355611731114,0.6,0.15,0.9226592085392232,0.018453184170784464,0.01866891985881984
2023-01-03,2022-12-30,Equity,Equal Weight + Sentiment Tilt,Equity Equal Weight + Sentiment Tilt,GE,0.02,Industrials,2022-12-30,-0.27858044357497846,0.6,0.15,0.9590739777755874,0.01918147955551175,0.019405729725625827
2023-01-03,2022-12-30,Equity,Equal Weight + Sentiment Tilt,Equity Equal Weight + Sentiment Tilt,GILD,0.02,Healthcare,2022-12-30,0.1427248032096732,0.6,0.15,1.0216395313165783,0.020432790626331566,0.020671669841076164
2023-01-03,2022-12-30,Equity,Equal Weight + Sentiment Tilt,Equity Equal Weight + Sentiment Tilt,GS,0.02,Financials,2022-12-30,-0.4590246313355468,0.4,0.15,0.9334632407073472,0.018669264814146946,0.018887526695268324
2023-01-03,2022-12-30,Equity,Equal Weight + Sentiment Tilt,Equity Equal Weight + Sentiment Tilt,INTC,0.02,Tech,2022-12-30,0.4673246982871228,1.0,0.15,1.072614048123381,0.02145228096246762,0.021703079011765443
2023-01-03,2022-12-30,Equity,Equal Weight + Sentiment Tilt,Equity Equal Weight + Sentiment Tilt,KO,0.02,Consumer,2022-12-30,0.678639848259625,1.0,0.15,1.1071575633404935,0.022143151266809873,0.022402026262561544
2023-01-03,2022-12-30,Equity,Equal Weight + Sentiment Tilt,Equity Equal Weight + Sentiment Tilt,MMM,0.02,Industrials,2022-12-30,-0.27858044357497846,0.6,0.15,0.9590739777755874,0.01918147955551175,0.019405729725625827
2023-01-03,2022-12-30,Equity,Equal Weight + Sentiment Tilt,Equity Equal Weight + Sentiment Tilt,MRK,0.02,Healthcare,2022-12-30,0.1427248032096732,0.6,0.15,1.0216395313165783,0.020432790626331566,0.020671669841076164
2023-01-03,2022-12-30,Equity,Equal Weight + Sentiment Tilt,Equity Equal Weight + Sentiment Tilt,MS,0.02,Financials,2022-12-30,-0.4590246313355468,0.4,0.15,0.9334632407073472,0.018669264814146946,0.018887526695268324
2023-01-03,2022-12-30,Equity,Equal Weight + Sentiment Tilt,Equity Equal Weight + Sentiment Tilt,NEE,0.02,Utilities,2022-12-30,-0.4378905935299532,1.0,0.15,0.9364271132326468,0.018728542264652936,0.01894749715688023
2023-01-03,2022-12-30,Equity,Equal Weight + Sentiment Tilt,Equity Equal Weight + Sentiment Tilt,NEM,0.02,Materials,2022-12-30,0.18889826069971974,0.2,0.15,1.0287399862948063,0.020574799725896126,0.02081533916526745
2023-01-03,2022-12-30,Equity,Equal Weight + Sentiment Tilt,Equity Equal Weight + Sentiment Tilt,NKE,0.02,Consumer,2022-12-30,0.678639848259625,1.0,0.15,1.1071575633404935,0.022143151266809873,0.022402026262561544
2023-01-03,2022-12-30,Equity,Equal Weight + Sentiment Tilt,Equity Equal Weight + Sentiment Tilt,NUE,0.02,Materials,2022-12-30,0.18889826069971974,0.2,0.15,1.0287399862948063,0.020574799725896126,0.02081533916526745
2023-01-03,2022-12-30,Equity,Equal Weight + Sentiment Tilt,Equity Equal Weight + Sentiment Tilt,NVDA,0.02,Tech,2022-12-30,0.4673246982871228,1.0,0.15,1.072614048123381,0.02145228096246762,0.021703079011765443
2023-01-03,2022-12-30,Equity,Equal Weight + Sentiment Tilt,Equity Equal Weight + Sentiment Tilt,O,0.02,RealEstate,2022-12-30,-0.19673337545081815,0.4,0.15,0.9709211622470506,0.019418423244941013,0.01964544351746081
2023-01-03,2022-12-30,Equity,Equal Weight + Sentiment Tilt,Equity Equal Weight + Sentiment Tilt,OXY,0.02,Energy,2022-12-30,-0.4713043231599048,1.0,0.15,0.9317454271208506,0.018634908542417013,0.018852768765274353
2023-01-03,2022-12-30,Equity,Equal Weight + Sentiment Tilt,Equity Equal Weight + Sentiment Tilt,PLD,0.02,RealEstate,2022-12-30,-0.19673337545081815,0.4,0.15,0.9709211622470506,0.019418423244941013,0.01964544351746081
2023-01-03,2022-12-30,Equity,Equal Weight + Sentiment Tilt,Equity Equal Weight + Sentiment Tilt,PSA,0.02,RealEstate,2022-12-30,-0.19673337545081815,0.4,0.15,0.9709211622470506,0.019418423244941013,0.01964544351746081
2023-01-03,2022-12-30,Equity,Equal Weight + Sentiment Tilt,Equity Equal Weight + Sentiment Tilt,QCOM,0.02,Tech,2022-12-30,0.4673246982871228,1.0,0.15,1.072614048123381,0.02145228096246762,0.021703079011765443
2023-01-03,2022-12-30,Equity,Equal Weight + Sentiment Tilt,Equity Equal Weight + Sentiment Tilt,SBUX,0.02,Consumer,2022-12-30,0.678639848259625,1.0,0.15,1.1071575633404935,0.022143151266809873,0.022402026262561544
2023-01-03,2022-12-30,Equity,Equal Weight + Sentiment Tilt,Equity Equal Weight + Sentiment Tilt,SHW,0.02,Materials,2022-12-30,0.18889826069971974,0.2,0.15,1.0287399862948063,0.020574799725896126,0.02081533916526745
2023-01-03,2022-12-30,Equity,Equal Weight + Sentiment Tilt,Equity Equal Weight + Sentiment Tilt,SLB,0.02,Energy,2022-12-30,-0.4713043231599048,1.0,0.15,0.9317454271208506,0.018634908542417013,0.018852768765274353
2023-01-03,2022-12-30,Equity,Equal Weight + Sentiment Tilt,Equity Equal Weight + Sentiment Tilt,SO,0.02,Utilities,2022-12-30,-0.4378905935299532,1.0,0.15,0.9364271132326468,0.018728542264652936,0.01894749715688023
2023-01-03,2022-12-30,Equity,Equal Weight + Sentiment Tilt,Equity Equal Weight + Sentiment Tilt,T,0.02,Comm,2022-12-30,-0.5366355611731114,0.6,0.15,0.9226592085392232,0.018453184170784464,0.01866891985881984
2023-01-03,2022-12-30,Equity,Equal Weight + Sentiment Tilt,Equity Equal Weight + Sentiment Tilt,TMUS,0.02,Comm,2022-12-30,-0.5366355611731114,0.6,0.15,0.9226592085392232,0.018453184170784464,0.01866891985881984
2023-01-03,2022-12-30,Equity,Equal Weight + Sentiment Tilt,Equity Equal Weight + Sentiment Tilt,TTWO,0.02,Comm,2022-12-30,-0.5366355611731114,0.6,0.15,0.9226592085392232,0.018453184170784464,0.01866891985881984
2023-01-03,2022-12-30,Equity,Equal Weight + Sentiment Tilt,Equity Equal Weight + Sentiment Tilt,UPS,0.02,Industrials,2022-12-30,-0.27858044357497846,0.6,0.15,0.9590739777755874,0.01918147955551175,0.019405729725625827
2023-01-03,2022-12-30,Equity,Equal Weight + Sentiment Tilt,Equity Equal Weight + Sentiment Tilt,USB,0.02,Financials,2022-12-30,-0.4590246313355468,0.4,0.15,0.9334632407073472,0.018669264814146946,0.018887526695268324
2023-01-03,2022-12-30,Equity,Equal Weight + Sentiment Tilt,Equity Equal Weight + Sentiment Tilt,V,0.02,Financials,2022-12-30,-0.4590246313355468,0.4,0.15,0.9334632407073472,0.018669264814146946,0.018887526695268324
2023-01-03,2022-12-30,Equity,Equal Weight + Sentiment Tilt,Equity Equal Weight + Sentiment Tilt,WFC,0.02,Financials,2022-12-30,-0.4590246313355468,0.4,0.15,0.9334632407073472,0.018669264814146946,0.018887526695268324
2023-01-03,2022-12-30,Equity,Equal Weight + Sentiment Tilt,Equity Equal Weight + Sentiment Tilt,WMT,0.02,Consumer,2022-12-30,0.678639848259625,1.0,0.15,1.1071575633404935,0.022143151266809873,0.022402026262561544
2023-01-03,2022-12-30,Equity,Equal Weight + Sentiment Tilt,Equity Equal Weight + Sentiment Tilt,XOM,0.02,Energy,2022-12-30,-0.4713043231599048,1.0,0.15,0.9317454271208506,0.018634908542417013,0.018852768765274353
2023-02-01,2023-01-31,Equity,Equal Weight + Sentiment Tilt,Equity Equal Weight + Sentiment Tilt,ABBV,0.02,Healthcare,2023-01-31,0.38924891214445956,1.0,0.15,1.0601255418532871,0.021202510837065744,0.021273515384983562
2023-02-01,2023-01-31,Equity,Equal Weight + Sentiment Tilt,Equity Equal Weight + Sentiment Tilt,ABT,0.02,Healthcare,2023-01-31,0.38924891214445956,1.0,0.15,1.0601255418532871,0.021202510837065744,0.021273515384983562
2023-02-01,2023-01-31,Equity,Equal Weight + Sentiment Tilt,Equity Equal Weight + Sentiment Tilt,ADBE,0.02,Tech,2023-01-31,-0.2111273592247306,0.8,0.15,0.9688271101736354,0.019376542203472708,0.019441431811592275
2023-02-01,2023-01-31,Equity,Equal Weight + Sentiment Tilt,Equity Equal Weight + Sentiment Tilt,AEP,0.02,Utilities,2023-01-31,-0.27244455701018,0.8,0.15,0.9599570994885773,0.019199141989771545,0.019263437506838822
2023-02-01,2023-01-31,Equity,Equal Weight + Sentiment Tilt,Equity Equal Weight + Sentiment Tilt,AMD,0.02,Tech,2023-01-31,-0.2111273592247306,0.8,0.15,0.9688271101736354,0.019376542203472708,0.019441431811592275
2023-02-01,2023-01-31,Equity,Equal Weight + Sentiment Tilt,Equity Equal Weight + Sentiment Tilt,AMGN,0.02,Healthcare,2023-01-31,0.38924891214445956,1.0,0.15,1.0601255418532871,0.021202510837065744,0.021273515384983562
2023-02-01,2023-01-31,Equity,Equal Weight + Sentiment Tilt,Equity Equal Weight + Sentiment Tilt,AMT,0.02,RealEstate,2023-01-31,0.4193568789105233,0.8,0.15,1.0649241030035974,0.021298482060071948,0.021369808003571404
2023-02-01,2023-01-31,Equity,Equal Weight + Sentiment Tilt,Equity Equal Weight + Sentiment Tilt,BA,0.02,Industrials,2023-01-31,-0.6108718978274933,0.6,0.15,0.9124419749218322,0.018248839498436645,0.018309952571721633
2023-02-01,2023-01-31,Equity,Equal Weight + Sentiment Tilt,Equity Equal Weight + Sentiment Tilt,CAT,0.02,Industrials,2023-01-31,-0.6108718978274933,0.6,0.15,0.9124419749218322,0.018248839498436645,0.018309952571721633
2023-02-01,2023-01-31,Equity,Equal Weight + Sentiment Tilt,Equity Equal Weight + Sentiment Tilt,CCI,0.02,RealEstate,2023-01-31,0.4193568789105233,0.8,0.15,1.0649241030035974,0.021298482060071948,0.021369808003571404
2023-02-01,2023-01-31,Equity,Equal Weight + Sentiment Tilt,Equity Equal Weight + Sentiment Tilt,CMCSA,0.02,Comm,2023-01-31,-0.015934868444830285,1.0,0.15,0.9976126240590213,0.019952252481180426,0.020019070070769474
2023-02-01,2023-01-31,Equity,Equal Weight + Sentiment Tilt,Equity Equal Weight + Sentiment Tilt,COP,0.02,Energy,2023-01-31,0.2862702052546252,1.0,0.15,1.0438758145327833,0.02087751629065567,0.02094743247262377
2023-02-01,2023-01-31,Equity,Equal Weight + Sentiment Tilt,Equity Equal Weight + Sentiment Tilt,CVX,0.02,Energy,2023-01-31,0.2862702052546252,1.0,0.15,1.0438758145327833,0.02087751629065567,0.02094743247262377
2023-02-01,2023-01-31,Equity,Equal Weight + Sentiment Tilt,Equity Equal Weight + Sentiment Tilt,D,0.02,Utilities,2023-01-31,-0.27244455701018,0.8,0.15,0.9599570994885773,0.019199141989771545,0.019263437506838822
2023-02-01,2023-01-31,Equity,Equal Weight + Sentiment Tilt,Equity Equal Weight + Sentiment Tilt,DD,0.02,Materials,2023-01-31,0.3359466262308637,0.6,0.15,1.0516832690487707,0.021033665380975414,0.021104104486650576
2023-02-01,2023-01-31,Equity,Equal Weight + Sentiment Tilt,Equity Equal Weight + Sentiment Tilt,DIS,0.02,Consumer,2023-01-31,-1.1402234885449114,1.0,0.15,0.8427933198001392,0.016855866396002783,0.01691231457718324
2023-02-01,2023-01-31,Equity,Equal Weight + Sentiment Tilt,Equity Equal Weight + Sentiment Tilt,DOW,0.02,Materials,2023-01-31,0.3359466262308637,0.6,0.15,1.0516832690487707,0.021033665380975414,0.021104104486650576
2023-02-01,2023-01-31,Equity,Equal Weight + Sentiment Tilt,Equity Equal Weight + Sentiment Tilt,DUK,0.02,Utilities,2023-01-31,-0.27244455701018,0.8,0.15,0.9599570994885773,0.019199141989771545,0.019263437506838822
2023-02-01,2023-01-31,Equity,Equal Weight + Sentiment Tilt,Equity Equal Weight + Sentiment Tilt,EA,0.02,Comm,2023-01-31,-0.015934868444830285,1.0,0.15,0.9976126240590213,0.019952252481180426,0.020019070070769474
2023-02-01,2023-01-31,Equity,Equal Weight + Sentiment Tilt,Equity Equal Weight + Sentiment Tilt,GE,0.02,Industrials,2023-01-31,-0.6108718978274933,0.6,0.15,0.9124419749218322,0.018248839498436645,0.018309952571721633
2023-02-01,2023-01-31,Equity,Equal Weight + Sentiment Tilt,Equity Equal Weight + Sentiment Tilt,GILD,0.02,Healthcare,2023-01-31,0.38924891214445956,1.0,0.15,1.0601255418532871,0.021202510837065744,0.021273515384983562
2023-02-01,2023-01-31,Equity,Equal Weight + Sentiment Tilt,Equity Equal Weight + Sentiment Tilt,GS,0.02,Financials,2023-01-31,0.4159634129181509,0.8,0.15,1.0643821733825791,0.021287643467651583,0.021358933114065247
2023-02-01,2023-01-31,Equity,Equal Weight + Sentiment Tilt,Equity Equal Weight + Sentiment Tilt,INTC,0.02,Tech,2023-01-31,-0.2111273592247306,0.8,0.15,0.9688271101736354,0.019376542203472708,0.019441431811592275
2023-02-01,2023-01-31,Equity,Equal Weight + Sentiment Tilt,Equity Equal Weight + Sentiment Tilt,KO,0.02,Consumer,2023-01-31,-1.1402234885449114,1.0,0.15,0.8427933198001392,0.016855866396002783,0.01691231457718324
2023-02-01,2023-01-31,Equity,Equal Weight + Sentiment Tilt,Equity Equal Weight + Sentiment Tilt,MMM,0.02,Industrials,2023-01-31,-0.6108718978274933,0.6,0.15,0.9124419749218322,0.018248839498436645,0.018309952571721633
2023-02-01,2023-01-31,Equity,Equal Weight + Sentiment Tilt,Equity Equal Weight + Sentiment Tilt,MRK,0.02,Healthcare,2023-01-31,0.38924891214445956,1.0,0.15,1.0601255418532871,0.021202510837065744,0.021273515384983562
2023-02-01,2023-01-31,Equity,Equal Weight + Sentiment Tilt,Equity Equal Weight + Sentiment Tilt,MS,0.02,Financials,2023-01-31,0.4159634129181509,0.8,0.15,1.0643821733825791,0.021287643467651583,0.021358933114065247
2023-02-01,2023-01-31,Equity,Equal Weight + Sentiment Tilt,Equity Equal Weight + Sentiment Tilt,NEE,0.02,Utilities,2023-01-31,-0.27244455701018,0.8,0.15,0.9599570994885773,0.019199141989771545,0.019263437506838822
2023-02-01,2023-01-31,Equity,Equal Weight + Sentiment Tilt,Equity Equal Weight + Sentiment Tilt,NEM,0.02,Materials,2023-01-31,0.3359466262308637,0.6,0.15,1.0516832690487707,0.021033665380975414,0.021104104486650576
2023-02-01,2023-01-31,Equity,Equal Weight + Sentiment Tilt,Equity Equal Weight + Sentiment Tilt,NKE,0.02,Consumer,2023-01-31,-1.1402234885449114,1.0,0.15,0.8427933198001392,0.016855866396002783,0.01691231457718324
2023-02-01,2023-01-31,Equity,Equal Weight + Sentiment Tilt,Equity Equal Weight + Sentiment Tilt,NUE,0.02,Materials,2023-01-31,0.3359466262308637,0.6,0.15,1.0516832690487707,0.021033665380975414,0.021104104486650576
2023-02-01,2023-01-31,Equity,Equal Weight + Sentiment Tilt,Equity Equal Weight + Sentiment Tilt,NVDA,0.02,Tech,2023-01-31,-0.2111273592247306,0.8,0.15,0.9688271101736354,0.019376542203472708,0.019441431811592275
2023-02-01,2023-01-31,Equity,Equal Weight + Sentiment Tilt,Equity Equal Weight + Sentiment Tilt,O,0.02,RealEstate,2023-01-31,0.4193568789105233,0.8,0.15,1.0649241030035974,0.021298482060071948,0.021369808003571404
2023-02-01,2023-01-31,Equity,Equal Weight + Sentiment Tilt,Equity Equal Weight + Sentiment Tilt,OXY,0.02,Energy,2023-01-31,0.2862702052546252,1.0,0.15,1.0438758145327833,0.02087751629065567,0.02094743247262377
2023-02-01,2023-01-31,Equity,Equal Weight + Sentiment Tilt,Equity Equal Weight + Sentiment Tilt,PLD,0.02,RealEstate,2023-01-31,0.4193568789105233,0.8,0.15,1.0649241030035974,0.021298482060071948,0.021369808003571404
2023-02-01,2023-01-31,Equity,Equal Weight + Sentiment Tilt,Equity Equal Weight + Sentiment Tilt,PSA,0.02,RealEstate,2023-01-31,0.4193568789105233,0.8,0.15,1.0649241030035974,0.021298482060071948,0.021369808003571404
2023-02-01,2023-01-31,Equity,Equal Weight + Sentiment Tilt,Equity Equal Weight + Sentiment Tilt,QCOM,0.02,Tech,2023-01-31,-0.2111273592247306,0.8,0.15,0.9688271101736354,0.019376542203472708,0.019441431811592275
2023-02-01,2023-01-31,Equity,Equal Weight + Sentiment Tilt,Equity Equal Weight + Sentiment Tilt,SBUX,0.02,Consumer,2023-01-31,-1.1402234885449114,1.0,0.15,0.8427933198001392,0.016855866396002783,0.01691231457718324
2023-02-01,2023-01-31,Equity,Equal Weight + Sentiment Tilt,Equity Equal Weight + Sentiment Tilt,SHW,0.02,Materials,2023-01-31,0.3359466262308637,0.6,0.15,1.0516832690487707,0.021033665380975414,0.021104104486650576
2023-02-01,2023-01-31,Equity,Equal Weight + Sentiment Tilt,Equity Equal Weight + Sentiment Tilt,SLB,0.02,Energy,2023-01-31,0.2862702052546252,1.0,0.15,1.0438758145327833,0.02087751629065567,0.02094743247262377
2023-02-01,2023-01-31,Equity,Equal Weight + Sentiment Tilt,Equity Equal Weight + Sentiment Tilt,SO,0.02,Utilities,2023-01-31,-0.27244455701018,0.8,0.15,0.9599570994885773,0.019199141989771545,0.019263437506838822
2023-02-01,2023-01-31,Equity,Equal Weight + Sentiment Tilt,Equity Equal Weight + Sentiment Tilt,T,0.02,Comm,2023-01-31,-0.015934868444830285,1.0,0.15,0.9976126240590213,0.019952252481180426,0.020019070070769474
2023-02-01,2023-01-31,Equity,Equal Weight + Sentiment Tilt,Equity Equal Weight + Sentiment Tilt,TMUS,0.02,Comm,2023-01-31,-0.015934868444830285,1.0,0.15,0.9976126240590213,0.019952252481180426,0.020019070070769474
2023-02-01,2023-01-31,Equity,Equal Weight + Sentiment Tilt,Equity Equal Weight + Sentiment Tilt,TTWO,0.02,Comm,2023-01-31,-0.015934868444830285,1.0,0.15,0.9976126240590213,0.019952252481180426,0.020019070070769474
2023-02-01,2023-01-31,Equity,Equal Weight + Sentiment Tilt,Equity Equal Weight + Sentiment Tilt,UPS,0.02,Industrials,2023-01-31,-0.6108718978274933,0.6,0.15,0.9124419749218322,0.018248839498436645,0.018309952571721633
2023-02-01,2023-01-31,Equity,Equal Weight + Sentiment Tilt,Equity Equal Weight + Sentiment Tilt,USB,0.02,Financials,2023-01-31,0.4159634129181509,0.8,0.15,1.0643821733825791,0.021287643467651583,0.021358933114065247
2023-02-01,2023-01-31,Equity,Equal Weight + Sentiment Tilt,Equity Equal Weight + Sentiment Tilt,V,0.02,Financials,2023-01-31,0.4159634129181509,0.8,0.15,1.0643821733825791,0.021287643467651583,0.021358933114065247
2023-02-01,2023-01-31,Equity,Equal Weight + Sentiment Tilt,Equity Equal Weight + Sentiment Tilt,WFC,0.02,Financials,2023-01-31,0.4159634129181509,0.8,0.15,1.0643821733825791,0.021287643467651583,0.021358933114065247
2023-02-01,2023-01-31,Equity,Equal Weight + Sentiment Tilt,Equity Equal Weight + Sentiment Tilt,WMT,0.02,Consumer,2023-01-31,-1.1402234885449114,1.0,0.15,0.8427933198001392,0.016855866396002783,0.01691231457718324
2023-02-01,2023-01-31,Equity,Equal Weight + Sentiment Tilt,Equity Equal Weight + Sentiment Tilt,XOM,0.02,Energy,2023-01-31,0.2862702052546252,1.0,0.15,1.0438758145327833,0.02087751629065567,0.02094743247262377
2023-03-01,2023-02-28,Equity,Equal Weight + Sentiment Tilt,Equity Equal Weight + Sentiment Tilt,ABBV,0.02,Healthcare,2023-02-28,-0.32773976245565173,0.6,0.15,0.9520278747990302,0.019040557495980603,0.019589613938455267
2023-03-01,2023-02-28,Equity,Equal Weight + Sentiment Tilt,Equity Equal Weight + Sentiment Tilt,ABT,0.02,Healthcare,2023-02-28,-0.32773976245565173,0.6,0.15,0.9520278747990302,0.019040557495980603,0.019589613938455267
2023-03-01,2023-02-28,Equity,Equal Weight + Sentiment Tilt,Equity Equal Weight + Sentiment Tilt,ADBE,0.02,Tech,2023-02-28,-0.17452325202779054,0.8,0.15,0.9741611981972904,0.01948322396394581,0.02004504520472825
2023-03-01,2023-02-28,Equity,Equal Weight + Sentiment Tilt,Equity Equal Weight + Sentiment Tilt,AEP,0.02,Utilities,2023-02-28,-0.0019157042211566495,0.8,0.15,0.9997126856495021,0.019994253712990042,0.020570811086160844
2023-03-01,2023-02-28,Equity,Equal Weight + Sentiment Tilt,Equity Equal Weight + Sentiment Tilt,AMD,0.02,Tech,2023-02-28,-0.17452325202779054,0.8,0.15,0.9741611981972904,0.01948322396394581,0.02004504520472825
2023-03-01,2023-02-28,Equity,Equal Weight + Sentiment Tilt,Equity Equal Weight + Sentiment Tilt,AMGN,0.02,Healthcare,2023-02-28,-0.32773976245565173,0.6,0.15,0.9520278747990302,0.019040557495980603,0.019589613938455267
2023-03-01,2023-02-28,Equity,Equal Weight + Sentiment Tilt,Equity Equal Weight + Sentiment Tilt,AMT,0.02,RealEstate,2023-02-28,-0.07486549489847313,0.4,0.15,0.9888329948723318,0.019776659897446636,0.020346942701908406
2023-03-01,2023-02-28,Equity,Equal Weight + Sentiment Tilt,Equity Equal Weight + Sentiment Tilt,BA,0.02,Industrials,2023-02-28,-0.14241465717795196,0.6,0.15,0.978864357077263,0.01957728714154526,0.020141820802574404
2023-03-01,2023-02-28,Equity,Equal Weight + Sentiment Tilt,Equity Equal Weight + Sentiment Tilt,CAT,0.02,Industrials,2023-02-28,-0.14241465717795196,0.6,0.15,0.978864357077263,0.01957728714154526,0.020141820802574404
2023-03-01,2023-02-28,Equity,Equal Weight + Sentiment Tilt,Equity Equal Weight + Sentiment Tilt,CCI,0.02,RealEstate,2023-02-28,-0.07486549489847313,0.4,0.15,0.9888329948723318,0.019776659897446636,0.020346942701908406
2023-03-01,2023-02-28,Equity,Equal Weight + Sentiment Tilt,Equity Equal Weight + Sentiment Tilt,CMCSA,0.02,Comm,2023-02-28,0.1247878499358781,0.8,0.15,1.0188944607573402,0.020377889215146806,0.02096550916062231
2023-03-01,2023-02-28,Equity,Equal Weight + Sentiment Tilt,Equity Equal Weight + Sentiment Tilt,COP,0.02,Energy,2023-02-28,-1.2017156351068239,0.6,0.15,0.8350552862326895,0.016701105724653793,0.01718270137627835
2023-03-01,2023-02-28,Equity,Equal Weight + Sentiment Tilt,Equity Equal Weight + Sentiment Tilt,CVX,0.02,Energy,2023-02-28,-1.2017156351068239,0.6,0.15,0.8350552862326895,0.016701105724653793,0.01718270137627835
2023-03-01,2023-02-28,Equity,Equal Weight + Sentiment Tilt,Equity Equal Weight + Sentiment Tilt,D,0.02,Utilities,2023-02-28,-0.0019157042211566495,0.8,0.15,0.9997126856495021,0.019994253712990042,0.020570811086160844
2023-03-01,2023-02-28,Equity,Equal Weight + Sentiment Tilt,Equity Equal Weight + Sentiment Tilt,DD,0.02,Materials,2023-02-28,1.043624761465298,0.2,0.15,1.1694618833154864,0.02338923766630973,0.02406369331856515
2023-03-01,2023-02-28,Equity,Equal Weight + Sentiment Tilt,Equity Equal Weight + Sentiment Tilt,DIS,0.02,Consumer,2023-02-28,-0.3852574765257783,0.8,0.15,0.9438494358501953,0.01887698871700391,0.01942132846502759
2023-03-01,2023-02-28,Equity,Equal Weight + Sentiment Tilt,Equity Equal Weight + Sentiment Tilt,DOW,0.02,Materials,2023-02-28,1.043624761465298,0.2,0.15,1.1694618833154864,0.02338923766630973,0.02406369331856515
2023-03-01,2023-02-28,Equity,Equal Weight + Sentiment Tilt,Equity Equal Weight + Sentiment Tilt,DUK,0.02,Utilities,2023-02-28,-0.0019157042211566495,0.8,0.15,0.9997126856495021,0.019994253712990042,0.020570811086160844
2023-03-01,2023-02-28,Equity,Equal Weight + Sentiment Tilt,Equity Equal Weight + Sentiment Tilt,EA,0.02,Comm,2023-02-28,0.1247878499358781,0.8,0.15,1.0188944607573402,0.020377889215146806,0.02096550916062231
2023-03-01,2023-02-28,Equity,Equal Weight + Sentiment Tilt,Equity Equal Weight + Sentiment Tilt,GE,0.02,Industrials,2023-02-28,-0.14241465717795196,0.6,0.15,0.978864357077263,0.01957728714154526,0.020141820802574404
2023-03-01,2023-02-28,Equity,Equal Weight + Sentiment Tilt,Equity Equal Weight + Sentiment Tilt,GILD,0.02,Healthcare,2023-02-28,-0.32773976245565173,0.6,0.15,0.9520278747990302,0.019040557495980603,0.019589613938455267
2023-03-01,2023-02-28,Equity,Equal Weight + Sentiment Tilt,Equity Equal Weight + Sentiment Tilt,GS,0.02,Financials,2023-02-28,-1.014325394519644,0.6,0.15,0.8588604649115208,0.017177209298230415,0.01767253394567942
2023-03-01,2023-02-28,Equity,Equal Weight + Sentiment Tilt,Equity Equal Weight + Sentiment Tilt,INTC,0.02,Tech,2023-02-28,-0.17452325202779054,0.8,0.15,0.9741611981972904,0.01948322396394581,0.02004504520472825
2023-03-01,2023-02-28,Equity,Equal Weight + Sentiment Tilt,Equity Equal Weight + Sentiment Tilt,KO,0.02,Consumer,2023-02-28,-0.3852574765257783,0.8,0.15,0.9438494358501953,0.01887698871700391,0.01942132846502759
2023-03-01,2023-02-28,Equity,Equal Weight + Sentiment Tilt,Equity Equal Weight + Sentiment Tilt,MMM,0.02,Industrials,2023-02-28,-0.14241465717795196,0.6,0.15,0.978864357077263,0.01957728714154526,0.020141820802574404
2023-03-01,2023-02-28,Equity,Equal Weight + Sentiment Tilt,Equity Equal Weight + Sentiment Tilt,MRK,0.02,Healthcare,2023-02-28,-0.32773976245565173,0.6,0.15,0.9520278747990302,0.019040557495980603,0.019589613938455267
2023-03-01,2023-02-28,Equity,Equal Weight + Sentiment Tilt,Equity Equal Weight + Sentiment Tilt,MS,0.02,Financials,2023-02-28,-1.014325394519644,0.6,0.15,0.8588604649115208,0.017177209298230415,0.01767253394567942
2023-03-01,2023-02-28,Equity,Equal Weight + Sentiment Tilt,Equity Equal Weight + Sentiment Tilt,NEE,0.02,Utilities,2023-02-28,-0.0019157042211566495,0.8,0.15,0.9997126856495021,0.019994253712990042,0.020570811086160844
2023-03-01,2023-02-28,Equity,Equal Weight + Sentiment Tilt,Equity Equal Weight + Sentiment Tilt,NEM,0.02,Materials,2023-02-28,1.043624761465298,0.2,0.15,1.1694618833154864,0.02338923766630973,0.02406369331856515
2023-03-01,2023-02-28,Equity,Equal Weight + Sentiment Tilt,Equity Equal Weight + Sentiment Tilt,NKE,0.02,Consumer,2023-02-28,-0.3852574765257783,0.8,0.15,0.9438494358501953,0.01887698871700391,0.01942132846502759
2023-03-01,2023-02-28,Equity,Equal Weight + Sentiment Tilt,Equity Equal Weight + Sentiment Tilt,NUE,0.02,Materials,2023-02-28,1.043624761465298,0.2,0.15,1.1694618833154864,0.02338923766630973,0.02406369331856515
2023-03-01,2023-02-28,Equity,Equal Weight + Sentiment Tilt,Equity Equal Weight + Sentiment Tilt,NVDA,0.02,Tech,2023-02-28,-0.17452325202779054,0.8,0.15,0.9741611981972904,0.01948322396394581,0.02004504520472825
2023-03-01,2023-02-28,Equity,Equal Weight + Sentiment Tilt,Equity Equal Weight + Sentiment Tilt,O,0.02,RealEstate,2023-02-28,-0.07486549489847313,0.4,0.15,0.9888329948723318,0.019776659897446636,0.020346942701908406
2023-03-01,2023-02-28,Equity,Equal Weight + Sentiment Tilt,Equity Equal Weight + Sentiment Tilt,OXY,0.02,Energy,2023-02-28,-1.2017156351068239,0.6,0.15,0.8350552862326895,0.016701105724653793,0.01718270137627835
2023-03-01,2023-02-28,Equity,Equal Weight + Sentiment Tilt,Equity Equal Weight + Sentiment Tilt,PLD,0.02,RealEstate,2023-02-28,-0.07486549489847313,0.4,0.15,0.9888329948723318,0.019776659897446636,0.020346942701908406
2023-03-01,2023-02-28,Equity,Equal Weight + Sentiment Tilt,Equity Equal Weight + Sentiment Tilt,PSA,0.02,RealEstate,2023-02-28,-0.07486549489847313,0.4,0.15,0.9888329948723318,0.019776659897446636,0.020346942701908406
2023-03-01,2023-02-28,Equity,Equal Weight + Sentiment Tilt,Equity Equal Weight + Sentiment Tilt,QCOM,0.02,Tech,2023-02-28,-0.17452325202779054,0.8,0.15,0.9741611981972904,0.01948322396394581,0.02004504520472825
2023-03-01,2023-02-28,Equity,Equal Weight + Sentiment Tilt,Equity Equal Weight + Sentiment Tilt,SBUX,0.02,Consumer,2023-02-28,-0.3852574765257783,0.8,0.15,0.9438494358501953,0.01887698871700391,0.01942132846502759
2023-03-01,2023-02-28,Equity,Equal Weight + Sentiment Tilt,Equity Equal Weight + Sentiment Tilt,SHW,0.02,Materials,2023-02-28,1.043624761465298,0.2,0.15,1.1694618833154864,0.02338923766630973,0.02406369331856515
2023-03-01,2023-02-28,Equity,Equal Weight + Sentiment Tilt,Equity Equal Weight + Sentiment Tilt,SLB,0.02,Energy,2023-02-28,-1.2017156351068239,0.6,0.15,0.8350552862326895,0.016701105724653793,0.01718270137627835
2023-03-01,2023-02-28,Equity,Equal Weight + Sentiment Tilt,Equity Equal Weight + Sentiment Tilt,SO,0.02,Utilities,2023-02-28,-0.0019157042211566495,0.8,0.15,0.9997126856495021,0.019994253712990042,0.020570811086160844
2023-03-01,2023-02-28,Equity,Equal Weight + Sentiment Tilt,Equity Equal Weight + Sentiment Tilt,T,0.02,Comm,2023-02-28,0.1247878499358781,0.8,0.15,1.0188944607573402,0.020377889215146806,0.02096550916062231
2023-03-01,2023-02-28,Equity,Equal Weight + Sentiment Tilt,Equity Equal Weight + Sentiment Tilt,TMUS,0.02,Comm,2023-02-28,0.1247878499358781,0.8,0.15,1.0188944607573402,0.020377889215146806,0.02096550916062231
2023-03-01,2023-02-28,Equity,Equal Weight + Sentiment Tilt,Equity Equal Weight + Sentiment Tilt,TTWO,0.02,Comm,2023-02-28,0.1247878499358781,0.8,0.15,1.0188944607573402,0.020377889215146806,0.02096550916062231
2023-03-01,2023-02-28,Equity,Equal Weight + Sentiment Tilt,Equity Equal Weight + Sentiment Tilt,UPS,0.02,Industrials,2023-02-28,-0.14241465717795196,0.6,0.15,0.978864357077263,0.01957728714154526,0.020141820802574404
2023-03-01,2023-02-28,Equity,Equal Weight + Sentiment Tilt,Equity Equal Weight + Sentiment Tilt,USB,0.02,Financials,2023-02-28,-1.014325394519644,0.6,0.15,0.8588604649115208,0.017177209298230415,0.01767253394567942
2023-03-01,2023-02-28,Equity,Equal Weight + Sentiment Tilt,Equity Equal Weight + Sentiment Tilt,V,0.02,Financials,2023-02-28,-1.014325394519644,0.6,0.15,0.8588604649115208,0.017177209298230415,0.01767253394567942
2023-03-01,2023-02-28,Equity,Equal Weight + Sentiment Tilt,Equity Equal Weight + Sentiment Tilt,WFC,0.02,Financials,2023-02-28,-1.014325394519644,0.6,0.15,0.8588604649115208,0.017177209298230415,0.01767253394567942
2023-03-01,2023-02-28,Equity,Equal Weight + Sentiment Tilt,Equity Equal Weight + Sentiment Tilt,WMT,0.02,Consumer,2023-02-28,-0.3852574765257783,0.8,0.15,0.9438494358501953,0.01887698871700391,0.01942132846502759
2023-03-01,2023-02-28,Equity,Equal Weight + Sentiment Tilt,Equity Equal Weight + Sentiment Tilt,XOM,0.02,Energy,2023-02-28,-1.2017156351068239,0.6,0.15,0.8350552862326895,0.016701105724653793,0.01718270137627835
2023-04-03,2023-03-31,Equity,Equal Weight + Sentiment Tilt,Equity Equal Weight + Sentiment Tilt,ABBV,0.02,Healthcare,2023-03-31,-0.6848728662865486,0.8,0.15,0.9023697414970455,0.018047394829940912,0.017163475945582596
2023-04-03,2023-03-31,Equity,Equal Weight + Sentiment Tilt,Equity Equal Weight + Sentiment Tilt,ABT,0.02,Healthcare,2023-03-31,-0.6848728662865486,0.8,0.15,0.9023697414970455,0.018047394829940912,0.017163475945582596
2023-04-03,2023-03-31,Equity,Equal Weight + Sentiment Tilt,Equity Equal Weight + Sentiment Tilt,ADBE,0.02,Tech,2023-03-31,0.6604115404964621,1.0,0.15,1.1041344568615292,0.022082689137230584,0.02100113104368073
2023-04-03,2023-03-31,Equity,Equal Weight + Sentiment Tilt,Equity Equal Weight + Sentiment Tilt,AEP,0.02,Utilities,2023-03-31,0.5354932205237221,0.6,0.15,1.0836380912138792,0.021672761824277586,0.020611281004846667
2023-04-03,2023-03-31,Equity,Equal Weight + Sentiment Tilt,Equity Equal Weight + Sentiment Tilt,AMD,0.02,Tech,2023-03-31,0.6604115404964621,1.0,0.15,1.1041344568615292,0.022082689137230584,0.02100113104368073
2023-04-03,2023-03-31,Equity,Equal Weight + Sentiment Tilt,Equity Equal Weight + Sentiment Tilt,AMGN,0.02,Healthcare,2023-03-31,-0.6848728662865486,0.8,0.15,0.9023697414970455,0.018047394829940912,0.017163475945582596
2023-04-03,2023-03-31,Equity,Equal Weight + Sentiment Tilt,Equity Equal Weight + Sentiment Tilt,AMT,0.02,RealEstate,2023-03-31,-0.0902744630239108,0.6,0.15,0.9865500997531148,0.019731001995062298,0.01876462399784505
2023-04-03,2023-03-31,Equity,Equal Weight + Sentiment Tilt,Equity Equal Weight + Sentiment Tilt,BA,0.02,Industrials,2023-03-31,1.1004975752694774,0.6,0.15,1.1794811475237512,0.023589622950475026,0.02243425878865015
2023-04-03,2023-03-31,Equity,Equal Weight + Sentiment Tilt,Equity Equal Weight + Sentiment Tilt,CAT,0.02,Industrials,2023-03-31,1.1004975752694774,0.6,0.15,1.1794811475237512,0.023589622950475026,0.02243425878865015
2023-04-03,2023-03-31,Equity,Equal Weight + Sentiment Tilt,Equity Equal Weight + Sentiment Tilt,CCI,0.02,RealEstate,2023-03-31,-0.0902744630239108,0.6,0.15,0.9865500997531148,0.019731001995062298,0.01876462399784505
2023-04-03,2023-03-31,Equity,Equal Weight + Sentiment Tilt,Equity Equal Weight + Sentiment Tilt,CMCSA,0.02,Comm,2023-03-31,0.6173944734079072,0.6,0.15,1.0970328992140645,0.02194065798428129,0.020866056242018812
2023-04-03,2023-03-31,Equity,Equal Weight + Sentiment Tilt,Equity Equal Weight + Sentiment Tilt,COP,0.02,Energy,2023-03-31,-0.3019707318687588,1.0,0.15,0.9557149213933871,0.019114298427867743,0.018178125118597482
2023-04-03,2023-03-31,Equity,Equal Weight + Sentiment Tilt,Equity Equal Weight + Sentiment Tilt,CVX,0.02,Energy,2023-03-31,-0.3019707318687588,1.0,0.15,0.9557149213933871,0.019114298427867743,0.018178125118597482
2023-04-03,2023-03-31,Equity,Equal Weight + Sentiment Tilt,Equity Equal Weight + Sentiment Tilt,D,0.02,Utilities,2023-03-31,0.5354932205237221,0.6,0.15,1.0836380912138792,0.021672761824277586,0.020611281004846667
2023-04-03,2023-03-31,Equity,Equal Weight + Sentiment Tilt,Equity Equal Weight + Sentiment Tilt,DD,0.02,Materials,2023-03-31,0.2312897928046863,0.6,0.15,1.035302307821661,0.02070604615643322,0.019691912793112425
2023-04-03,2023-03-31,Equity,Equal Weight + Sentiment Tilt,Equity Equal Weight + Sentiment Tilt,DIS,0.02,Consumer,2023-03-31,-0.06608233575046198,0.8,0.15,0.9901366150612542,0.019802732301225083,0.018832841122587717
2023-04-03,2023-03-31,Equity,Equal Weight + Sentiment Tilt,Equity Equal Weight + Sentiment Tilt,DOW,0.02,Materials,2023-03-31,0.2312897928046863,0.6,0.15,1.035302307821661,0.02070604615643322,0.019691912793112425
2023-04-03,2023-03-31,Equity,Equal Weight + Sentiment Tilt,Equity Equal Weight + Sentiment Tilt,DUK,0.02,Utilities,2023-03-31,0.5354932205237221,0.6,0.15,1.0836380912138792,0.021672761824277586,0.020611281004846667
2023-04-03,2023-03-31,Equity,Equal Weight + Sentiment Tilt,Equity Equal Weight + Sentiment Tilt,EA,0.02,Comm,2023-03-31,0.6173944734079072,0.6,0.15,1.0970328992140645,0.02194065798428129,0.020866056242018812
2023-04-03,2023-03-31,Equity,Equal Weight + Sentiment Tilt,Equity Equal Weight + Sentiment Tilt,GE,0.02,Industrials,2023-03-31,1.1004975752694774,0.6,0.15,1.1794811475237512,0.023589622950475026,0.02243425878865015
2023-04-03,2023-03-31,Equity,Equal Weight + Sentiment Tilt,Equity Equal Weight + Sentiment Tilt,GILD,0.02,Healthcare,2023-03-31,-0.6848728662865486,0.8,0.15,0.9023697414970455,0.018047394829940912,0.017163475945582596
2023-04-03,2023-03-31,Equity,Equal Weight + Sentiment Tilt,Equity Equal Weight + Sentiment Tilt,GS,0.02,Financials,2023-03-31,1.1070424285796021,1.0,0.15,1.1806396457596715,0.023612792915193432,0.022456293943078347
2023-04-03,2023-03-31,Equity,Equal Weight + Sentiment Tilt,Equity Equal Weight + Sentiment Tilt,INTC,0.02,Tech,2023-03-31,0.6604115404964621,1.0,0.15,1.1041344568615292,0.022082689137230584,0.02100113104368073
2023-04-03,2023-03-31,Equity,Equal Weight + Sentiment Tilt,Equity Equal Weight + Sentiment Tilt,KO,0.02,Consumer,2023-03-31,-0.06608233575046198,0.8,0.15,0.9901366150612542,0.019802732301225083,0.018832841122587717
2023-04-03,2023-03-31,Equity,Equal Weight + Sentiment Tilt,Equity Equal Weight + Sentiment Tilt,MMM,0.02,Industrials,2023-03-31,1.1004975752694774,0.6,0.15,1.1794811475237512,0.023589622950475026,0.02243425878865015
2023-04-03,2023-03-31,Equity,Equal Weight + Sentiment Tilt,Equity Equal Weight + Sentiment Tilt,MRK,0.02,Healthcare,2023-03-31,-0.6848728662865486,0.8,0.15,0.9023697414970455,0.018047394829940912,0.017163475945582596
2023-04-03,2023-03-31,Equity,Equal Weight + Sentiment Tilt,Equity Equal Weight + Sentiment Tilt,MS,0.02,Financials,2023-03-31,1.1070424285796021,1.0,0.15,1.1806396457596715,0.023612792915193432,0.022456293943078347
2023-04-03,2023-03-31,Equity,Equal Weight + Sentiment Tilt,Equity Equal Weight + Sentiment Tilt,NEE,0.02,Utilities,2023-03-31,0.5354932205237221,0.6,0.15,1.0836380912138792,0.021672761824277586,0.020611281004846667
2023-04-03,2023-03-31,Equity,Equal Weight + Sentiment Tilt,Equity Equal Weight + Sentiment Tilt,NEM,0.02,Materials,2023-03-31,0.2312897928046863,0.6,0.15,1.035302307821661,0.02070604615643322,0.019691912793112425
2023-04-03,2023-03-31,Equity,Equal Weight + Sentiment Tilt,Equity Equal Weight + Sentiment Tilt,NKE,0.02,Consumer,2023-03-31,-0.06608233575046198,0.8,0.15,0.9901366150612542,0.019802732301225083,0.018832841122587717
2023-04-03,2023-03-31,Equity,Equal Weight + Sentiment Tilt,Equity Equal Weight + Sentiment Tilt,NUE,0.02,Materials,2023-03-31,0.2312897928046863,0.6,0.15,1.035302307821661,0.02070604615643322,0.019691912793112425
2023-04-03,2023-03-31,Equity,Equal Weight + Sentiment Tilt,Equity Equal Weight + Sentiment Tilt,NVDA,0.02,Tech,2023-03-31,0.6604115404964621,1.0,0.15,1.1041344568615292,0.022082689137230584,0.02100113104368073
2023-04-03,2023-03-31,Equity,Equal Weight + Sentiment Tilt,Equity Equal Weight + Sentiment Tilt,O,0.02,RealEstate,2023-03-31,-0.0902744630239108,0.6,0.15,0.9865500997531148,0.019731001995062298,0.01876462399784505
2023-04-03,2023-03-31,Equity,Equal Weight + Sentiment Tilt,Equity Equal Weight + Sentiment Tilt,OXY,0.02,Energy,2023-03-31,-0.3019707318687588,1.0,0.15,0.9557149213933871,0.019114298427867743,0.018178125118597482
2023-04-03,2023-03-31,Equity,Equal Weight + Sentiment Tilt,Equity Equal Weight + Sentiment Tilt,PLD,0.02,RealEstate,2023-03-31,-0.0902744630239108,0.6,0.15,0.9865500997531148,0.019731001995062298,0.01876462399784505
2023-04-03,2023-03-31,Equity,Equal Weight + Sentiment Tilt,Equity Equal Weight + Sentiment Tilt,PSA,0.02,RealEstate,2023-03-31,-0.0902744630239108,0.6,0.15,0.9865500997531148,0.019731001995062298,0.01876462399784505
2023-04-03,2023-03-31,Equity,Equal Weight + Sentiment Tilt,Equity Equal Weight + Sentiment Tilt,QCOM,0.02,Tech,2023-03-31,0.6604115404964621,1.0,0.15,1.1041344568615292,0.022082689137230584,0.02100113104368073
2023-04-03,2023-03-31,Equity,Equal Weight + Sentiment Tilt,Equity Equal Weight + Sentiment Tilt,SBUX,0.02,Consumer,2023-03-31,-0.06608233575046198,0.8,0.15,0.9901366150612542,0.019802732301225083,0.018832841122587717
2023-04-03,2023-03-31,Equity,Equal Weight + Sentiment Tilt,Equity Equal Weight + Sentiment Tilt,SHW,0.02,Materials,2023-03-31,0.2312897928046863,0.6,0.15,1.035302307821661,0.02070604615643322,0.019691912793112425
2023-04-03,2023-03-31,Equity,Equal Weight + Sentiment Tilt,Equity Equal Weight + Sentiment Tilt,SLB,0.02,Energy,2023-03-31,-0.3019707318687588,1.0,0.15,0.9557149213933871,0.019114298427867743,0.018178125118597482
2023-04-03,2023-03-31,Equity,Equal Weight + Sentiment Tilt,Equity Equal Weight + Sentiment Tilt,SO,0.02,Utilities,2023-03-31,0.5354932205237221,0.6,0.15,1.0836380912138792,0.021672761824277586,0.020611281004846667
2023-04-03,2023-03-31,Equity,Equal Weight + Sentiment Tilt,Equity Equal Weight + Sentiment Tilt,T,0.02,Comm,2023-03-31,0.6173944734079072,0.6,0.15,1.0970328992140645,0.02194065798428129,0.020866056242018812
2023-04-03,2023-03-31,Equity,Equal Weight + Sentiment Tilt,Equity Equal Weight + Sentiment Tilt,TMUS,0.02,Comm,2023-03-31,0.6173944734079072,0.6,0.15,1.0970328992140645,0.02194065798428129,0.020866056242018812
2023-04-03,2023-03-31,Equity,Equal Weight + Sentiment Tilt,Equity Equal Weight + Sentiment Tilt,TTWO,0.02,Comm,2023-03-31,0.6173944734079072,0.6,0.15,1.0970328992140645,0.02194065798428129,0.020866056242018812
2023-04-03,2023-03-31,Equity,Equal Weight + Sentiment Tilt,Equity Equal Weight + Sentiment Tilt,UPS,0.02,Industrials,2023-03-31,1.1004975752694774,0.6,0.15,1.1794811475237512,0.023589622950475026,0.02243425878865015
2023-04-03,2023-03-31,Equity,Equal Weight + Sentiment Tilt,Equity Equal Weight + Sentiment Tilt,USB,0.02,Financials,2023-03-31,1.1070424285796021,1.0,0.15,1.1806396457596715,0.023612792915193432,0.022456293943078347
2023-04-03,2023-03-31,Equity,Equal Weight + Sentiment Tilt,Equity Equal Weight + Sentiment Tilt,V,0.02,Financials,2023-03-31,1.1070424285796021,1.0,0.15,1.1806396457596715,0.023612792915193432,0.022456293943078347
2023-04-03,2023-03-31,Equity,Equal Weight + Sentiment Tilt,Equity Equal Weight + Sentiment Tilt,WFC,0.02,Financials,2023-03-31,1.1070424285796021,1.0,0.15,1.1806396457596715,0.023612792915193432,0.022456293943078347
2023-04-03,2023-03-31,Equity,Equal Weight + Sentiment Tilt,Equity Equal Weight + Sentiment Tilt,WMT,0.02,Consumer,2023-03-31,-0.06608233575046198,0.8,0.15,0.9901366150612542,0.019802732301225083,0.018832841122587717
2023-04-03,2023-03-31,Equity,Equal Weight + Sentiment Tilt,Equity Equal Weight + Sentiment Tilt,XOM,0.02,Energy,2023-03-31,-0.3019707318687588,1.0,0.15,0.9557149213933871,0.019114298427867743,0.018178125118597482
2023-05-01,2023-04-28,Equity,Equal Weight + Sentiment Tilt,Equity Equal Weight + Sentiment Tilt,ABBV,0.02,Healthcare,2023-04-28,0.018249515239302235,1.0,0.15,1.0027411774611314,0.02005482354922263,0.019777113990458572
2023-05-01,2023-04-28,Equity,Equal Weight + Sentiment Tilt,Equity Equal Weight + Sentiment Tilt,ABT,0.02,Healthcare,2023-04-28,0.018249515239302235,1.0,0.15,1.0027411774611314,0.02005482354922263,0.019777113990458572
2023-05-01,2023-04-28,Equity,Equal Weight + Sentiment Tilt,Equity Equal Weight + Sentiment Tilt,ADBE,0.02,Tech,2023-04-28,-0.28437193504065855,1.0,0.15,0.9582411692546345,0.01916482338509269,0.01889943812089417
2023-05-01,2023-04-28,Equity,Equal Weight + Sentiment Tilt,Equity Equal Weight + Sentiment Tilt,AEP,0.02,Utilities,2023-04-28,0.296852223077662,1.0,0.15,1.0455340771381099,0.020910681542762197,0.02062112047380324
2023-05-01,2023-04-28,Equity,Equal Weight + Sentiment Tilt,Equity Equal Weight + Sentiment Tilt,AMD,0.02,Tech,2023-04-28,-0.28437193504065855,1.0,0.15,0.9582411692546345,0.01916482338509269,0.01889943812089417
2023-05-01,2023-04-28,Equity,Equal Weight + Sentiment Tilt,Equity Equal Weight + Sentiment Tilt,AMGN,0.02,Healthcare,2023-04-28,0.018249515239302235,1.0,0.15,1.0027411774611314,0.02005482354922263,0.019777113990458572
2023-05-01,2023-04-28,Equity,Equal Weight + Sentiment Tilt,Equity Equal Weight + Sentiment Tilt,AMT,0.02,RealEstate,2023-04-28,-0.14134974643791723,0.6,0.15,0.9790207300412076,0.01958041460082415,0.019309274429190833
2023-05-01,2023-04-28,Equity,Equal Weight + Sentiment Tilt,Equity Equal Weight + Sentiment Tilt,BA,0.02,Industrials,2023-04-28,0.4946060434031936,0.8,0.15,1.0770123945494372,0.021540247890988743,0.021241968889790214
2023-05-01,2023-04-28,Equity,Equal Weight + Sentiment Tilt,Equity Equal Weight + Sentiment Tilt,CAT,0.02,Industrials,2023-04-28,0.4946060434031936,0.8,0.15,1.0770123945494372,0.021540247890988743,0.021241968889790214
2023-05-01,2023-04-28,Equity,Equal Weight + Sentiment Tilt,Equity Equal Weight + Sentiment Tilt,CCI,0.02,RealEstate,2023-04-28,-0.14134974643791723,0.6,0.15,0.9790207300412076,0.01958041460082415,0.019309274429190833
2023-05-01,2023-04-28,Equity,Equal Weight + Sentiment Tilt,Equity Equal Weight + Sentiment Tilt,CMCSA,0.02,Comm,2023-04-28,0.052427098656595394,0.6,0.15,1.0078950677725786,0.020157901355451573,0.019878764424762954
2023-05-01,2023-04-28,Equity,Equal Weight + Sentiment Tilt,Equity Equal Weight + Sentiment Tilt,COP,0.02,Energy,2023-04-28,0.06324647999350581,0.8,0.15,1.0095321159647928,0.020190642319295855,0.019911052007474245
2023-05-01,2023-04-28,Equity,Equal Weight + Sentiment Tilt,Equity Equal Weight + Sentiment Tilt,CVX,0.02,Energy,2023-04-28,0.06324647999350581,0.8,0.15,1.0095321159647928,0.020190642319295855,0.019911052007474245
2023-05-01,2023-04-28,Equity,Equal Weight + Sentiment Tilt,Equity Equal Weight + Sentiment Tilt,D,0.02,Utilities,2023-04-28,0.296852223077662,1.0,0.15,1.0455340771381099,0.020910681542762197,0.02062112047380324
2023-05-01,2023-04-28,Equity,Equal Weight + Sentiment Tilt,Equity Equal Weight + Sentiment Tilt,DD,0.02,Materials,2023-04-28,-0.1555577632911027,0.8,0.15,0.9769364603756914,0.019538729207513827,0.01926816627517432
2023-05-01,2023-04-28,Equity,Equal Weight + Sentiment Tilt,Equity Equal Weight + Sentiment Tilt,DIS,0.02,Consumer,2023-04-28,-0.9380569608094779,1.0,0.15,0.8687424749042049,0.017374849498084096,0.017134250932065206
2023-05-01,2023-04-28,Equity,Equal Weight + Sentiment Tilt,Equity Equal Weight + Sentiment Tilt,DOW,0.02,Materials,2023-04-28,-0.1555577632911027,0.8,0.15,0.9769364603756914,0.019538729207513827,0.01926816627517432
2023-05-01,2023-04-28,Equity,Equal Weight + Sentiment Tilt,Equity Equal Weight + Sentiment Tilt,DUK,0.02,Utilities,2023-04-28,0.296852223077662,1.0,0.15,1.0455340771381099,0.020910681542762197,0.02062112047380324
2023-05-01,2023-04-28,Equity,Equal Weight + Sentiment Tilt,Equity Equal Weight + Sentiment Tilt,EA,0.02,Comm,2023-04-28,0.052427098656595394,0.6,0.15,1.0078950677725786,0.020157901355451573,0.019878764424762954
2023-05-01,2023-04-28,Equity,Equal Weight + Sentiment Tilt,Equity Equal Weight + Sentiment Tilt,GE,0.02,Industrials,2023-04-28,0.4946060434031936,0.8,0.15,1.0770123945494372,0.021540247890988743,0.021241968889790214
2023-05-01,2023-04-28,Equity,Equal Weight + Sentiment Tilt,Equity Equal Weight + Sentiment Tilt,GILD,0.02,Healthcare,2023-04-28,0.018249515239302235,1.0,0.15,1.0027411774611314,0.02005482354922263,0.019777113990458572
2023-05-01,2023-04-28,Equity,Equal Weight + Sentiment Tilt,Equity Equal Weight + Sentiment Tilt,GS,0.02,Financials,2023-04-28,1.2969987443764202,1.0,0.15,1.2147639907846242,0.024295279815692485,0.023958850456386217
2023-05-01,2023-04-28,Equity,Equal Weight + Sentiment Tilt,Equity Equal Weight + Sentiment Tilt,INTC,0.02,Tech,2023-04-28,-0.28437193504065855,1.0,0.15,0.9582411692546345,0.01916482338509269,0.01889943812089417
2023-05-01,2023-04-28,Equity,Equal Weight + Sentiment Tilt,Equity Equal Weight + Sentiment Tilt,KO,0.02,Consumer,2023-04-28,-0.9380569608094779,1.0,0.15,0.8687424749042049,0.017374849498084096,0.017134250932065206
2023-05-01,2023-04-28,Equity,Equal Weight + Sentiment Tilt,Equity Equal Weight + Sentiment Tilt,MMM,0.02,Industrials,2023-04-28,0.4946060434031936,0.8,0.15,1.0770123945494372,0.021540247890988743,0.021241968889790214
2023-05-01,2023-04-28,Equity,Equal Weight + Sentiment Tilt,Equity Equal Weight + Sentiment Tilt,MRK,0.02,Healthcare,2023-04-28,0.018249515239302235,1.0,0.15,1.0027411774611314,0.02005482354922263,0.019777113990458572
2023-05-01,2023-04-28,Equity,Equal Weight + Sentiment Tilt,Equity Equal Weight + Sentiment Tilt,MS,0.02,Financials,2023-04-28,1.2969987443764202,1.0,0.15,1.2147639907846242,0.024295279815692485,0.023958850456386217
2023-05-01,2023-04-28,Equity,Equal Weight + Sentiment Tilt,Equity Equal Weight + Sentiment Tilt,NEE,0.02,Utilities,2023-04-28,0.296852223077662,1.0,0.15,1.0455340771381099,0.020910681542762197,0.02062112047380324
2023-05-01,2023-04-28,Equity,Equal Weight + Sentiment Tilt,Equity Equal Weight + Sentiment Tilt,NEM,0.02,Materials,2023-04-28,-0.1555577632911027,0.8,0.15,0.9769364603756914,0.019538729207513827,0.01926816627517432
2023-05-01,2023-04-28,Equity,Equal Weight + Sentiment Tilt,Equity Equal Weight + Sentiment Tilt,NKE,0.02,Consumer,2023-04-28,-0.9380569608094779,1.0,0.15,0.8687424749042049,0.017374849498084096,0.017134250932065206
2023-05-01,2023-04-28,Equity,Equal Weight + Sentiment Tilt,Equity Equal Weight + Sentiment Tilt,NUE,0.02,Materials,2023-04-28,-0.1555577632911027,0.8,0.15,0.9769364603756914,0.019538729207513827,0.01926816627517432
2023-05-01,2023-04-28,Equity,Equal Weight + Sentiment Tilt,Equity Equal Weight + Sentiment Tilt,NVDA,0.02,Tech,2023-04-28,-0.28437193504065855,1.0,0.15,0.9582411692546345,0.01916482338509269,0.01889943812089417
2023-05-01,2023-04-28,Equity,Equal Weight + Sentiment Tilt,Equity Equal Weight + Sentiment Tilt,O,0.02,RealEstate,2023-04-28,-0.14134974643791723,0.6,0.15,0.9790207300412076,0.01958041460082415,0.019309274429190833
2023-05-01,2023-04-28,Equity,Equal Weight + Sentiment Tilt,Equity Equal Weight + Sentiment Tilt,OXY,0.02,Energy,2023-04-28,0.06324647999350581,0.8,0.15,1.0095321159647928,0.020190642319295855,0.019911052007474245
2023-05-01,2023-04-28,Equity,Equal Weight + Sentiment Tilt,Equity Equal Weight + Sentiment Tilt,PLD,0.02,RealEstate,2023-04-28,-0.14134974643791723,0.6,0.15,0.9790207300412076,0.01958041460082415,0.019309274429190833
2023-05-01,2023-04-28,Equity,Equal Weight + Sentiment Tilt,Equity Equal Weight + Sentiment Tilt,PSA,0.02,RealEstate,2023-04-28,-0.14134974643791723,0.6,0.15,0.9790207300412076,0.01958041460082415,0.019309274429190833
2023-05-01,2023-04-28,Equity,Equal Weight + Sentiment Tilt,Equity Equal Weight + Sentiment Tilt,QCOM,0.02,Tech,2023-04-28,-0.28437193504065855,1.0,0.15,0.9582411692546345,0.01916482338509269,0.01889943812089417
2023-05-01,2023-04-28,Equity,Equal Weight + Sentiment Tilt,Equity Equal Weight + Sentiment Tilt,SBUX,0.02,Consumer,2023-04-28,-0.9380569608094779,1.0,0.15,0.8687424749042049,0.017374849498084096,0.017134250932065206
2023-05-01,2023-04-28,Equity,Equal Weight + Sentiment Tilt,Equity Equal Weight + Sentiment Tilt,SHW,0.02,Materials,2023-04-28,-0.1555577632911027,0.8,0.15,0.9769364603756914,0.019538729207513827,0.01926816627517432
2023-05-01,2023-04-28,Equity,Equal Weight + Sentiment Tilt,Equity Equal Weight + Sentiment Tilt,SLB,0.02,Energy,2023-04-28,0.06324647999350581,0.8,0.15,1.0095321159647928,0.020190642319295855,0.019911052007474245
2023-05-01,2023-04-28,Equity,Equal Weight + Sentiment Tilt,Equity Equal Weight + Sentiment Tilt,SO,0.02,Utilities,2023-04-28,0.296852223077662,1.0,0.15,1.0455340771381099,0.020910681542762197,0.02062112047380324
2023-05-01,2023-04-28,Equity,Equal Weight + Sentiment Tilt,Equity Equal Weight + Sentiment Tilt,T,0.02,Comm,2023-04-28,0.052427098656595394,0.6,0.15,1.0078950677725786,0.020157901355451573,0.019878764424762954
2023-05-01,2023-04-28,Equity,Equal Weight + Sentiment Tilt,Equity Equal Weight + Sentiment Tilt,TMUS,0.02,Comm,2023-04-28,0.052427098656595394,0.6,0.15,1.0078950677725786,0.020157901355451573,0.019878764424762954
2023-05-01,2023-04-28,Equity,Equal Weight + Sentiment Tilt,Equity Equal Weight + Sentiment Tilt,TTWO,0.02,Comm,2023-04-28,0.052427098656595394,0.6,0.15,1.0078950677725786,0.020157901355451573,0.019878764424762954
2023-05-01,2023-04-28,Equity,Equal Weight + Sentiment Tilt,Equity Equal Weight + Sentiment Tilt,UPS,0.02,Industrials,2023-04-28,0.4946060434031936,0.8,0.15,1.0770123945494372,0.021540247890988743,0.021241968889790214
2023-05-01,2023-04-28,Equity,Equal Weight + Sentiment Tilt,Equity Equal Weight + Sentiment Tilt,USB,0.02,Financials,2023-04-28,1.2969987443764202,1.0,0.15,1.2147639907846242,0.024295279815692485,0.023958850456386217
2023-05-01,2023-04-28,Equity,Equal Weight + Sentiment Tilt,Equity Equal Weight + Sentiment Tilt,V,0.02,Financials,2023-04-28,1.2969987443764202,1.0,0.15,1.2147639907846242,0.024295279815692485,0.023958850456386217
2023-05-01,2023-04-28,Equity,Equal Weight + Sentiment Tilt,Equity Equal Weight + Sentiment Tilt,WFC,0.02,Financials,2023-04-28,1.2969987443764202,1.0,0.15,1.2147639907846242,0.024295279815692485,0.023958850456386217
2023-05-01,2023-04-28,Equity,Equal Weight + Sentiment Tilt,Equity Equal Weight + Sentiment Tilt,WMT,0.02,Consumer,2023-04-28,-0.9380569608094779,1.0,0.15,0.8687424749042049,0.017374849498084096,0.017134250932065206
2023-05-01,2023-04-28,Equity,Equal Weight + Sentiment Tilt,Equity Equal Weight + Sentiment Tilt,XOM,0.02,Energy,2023-04-28,0.06324647999350581,0.8,0.15,1.0095321159647928,0.020190642319295855,0.019911052007474245
2023-06-01,2023-05-31,Equity,Equal Weight + Sentiment Tilt,Equity Equal Weight + Sentiment Tilt,ABBV,0.02,Healthcare,2023-05-31,1.3471535403247281,1.0,0.15,1.2239373902786481,0.024478747805572965,0.02441247827983161
2023-06-01,2023-05-31,Equity,Equal Weight + Sentiment Tilt,Equity Equal Weight + Sentiment Tilt,ABT,0.02,Healthcare,2023-05-31,1.3471535403247281,1.0,0.15,1.2239373902786481,0.024478747805572965,0.02441247827983161
2023-06-01,2023-05-31,Equity,Equal Weight + Sentiment Tilt,Equity Equal Weight + Sentiment Tilt,ADBE,0.02,Tech,2023-05-31,-0.09957196158382853,1.0,0.15,0.9851751914967659,0.01970350382993532,0.019650161973373707
2023-06-01,2023-05-31,Equity,Equal Weight + Sentiment Tilt,Equity Equal Weight + Sentiment Tilt,AEP,0.02,Utilities,2023-05-31,-0.42070610283051446,0.2,0.15,0.9388440303588478,0.018776880607176957,0.01872604732997573
2023-06-01,2023-05-31,Equity,Equal Weight + Sentiment Tilt,Equity Equal Weight + Sentiment Tilt,AMD,0.02,Tech,2023-05-31,-0.09957196158382853,1.0,0.15,0.9851751914967659,0.01970350382993532,0.019650161973373707
2023-06-01,2023-05-31,Equity,Equal Weight + Sentiment Tilt,Equity Equal Weight + Sentiment Tilt,AMGN,0.02,Healthcare,2023-05-31,1.3471535403247281,1.0,0.15,1.2239373902786481,0.024478747805572965,0.02441247827983161
2023-06-01,2023-05-31,Equity,Equal Weight + Sentiment Tilt,Equity Equal Weight + Sentiment Tilt,AMT,0.02,RealEstate,2023-05-31,0.08985760283079039,0.8,0.15,1.0135698867965919,0.020271397735931836,0.02021651846168364
2023-06-01,2023-05-31,Equity,Equal Weight + Sentiment Tilt,Equity Equal Weight + Sentiment Tilt,BA,0.02,Industrials,2023-05-31,-0.17338128345014578,0.8,0.15,0.9743280817117473,0.01948656163423495,0.01943380708943195
2023-06-01,2023-05-31,Equity,Equal Weight + Sentiment Tilt,Equity Equal Weight + Sentiment Tilt,CAT,0.02,Industrials,2023-05-31,-0.17338128345014578,0.8,0.15,0.9743280817117473,0.01948656163423495,0.01943380708943195
2023-06-01,2023-05-31,Equity,Equal Weight + Sentiment Tilt,Equity Equal Weight + Sentiment Tilt,CCI,0.02,RealEstate,2023-05-31,0.08985760283079039,0.8,0.15,1.0135698867965919,0.020271397735931836,0.02021651846168364
2023-06-01,2023-05-31,Equity,Equal Weight + Sentiment Tilt,Equity Equal Weight + Sentiment Tilt,CMCSA,0.02,Comm,2023-05-31,-0.6546235680040765,0.8,0.15,0.9064734522550169,0.01812946904510034,0.018080388457927175
2023-06-01,2023-05-31,Equity,Equal Weight + Sentiment Tilt,Equity Equal Weight + Sentiment Tilt,COP,0.02,Energy,2023-05-31,0.28700933893191977,0.8,0.15,1.043991555514184,0.020879831110283683,0.02082330466880766
2023-06-01,2023-05-31,Equity,Equal Weight + Sentiment Tilt,Equity Equal Weight + Sentiment Tilt,CVX,0.02,Energy,2023-05-31,0.28700933893191977,0.8,0.15,1.043991555514184,0.020879831110283683,0.02082330466880766
2023-06-01,2023-05-31,Equity,Equal Weight + Sentiment Tilt,Equity Equal Weight + Sentiment Tilt,D,0.02,Utilities,2023-05-31,-0.42070610283051446,0.2,0.15,0.9388440303588478,0.018776880607176957,0.01872604732997573
2023-06-01,2023-05-31,Equity,Equal Weight + Sentiment Tilt,Equity Equal Weight + Sentiment Tilt,DD,0.02,Materials,2023-05-31,0.4628814471903519,0.6,0.15,1.071899402269298,0.02143798804538596,0.021379950546413357
2023-06-01,2023-05-31,Equity,Equal Weight + Sentiment Tilt,Equity Equal Weight + Sentiment Tilt,DIS,0.02,Consumer,2023-05-31,-0.10188505220189838,1.0,0.15,0.9848334308655516,0.019696668617311033,0.01964334526522124
2023-06-01,2023-05-31,Equity,Equal Weight + Sentiment Tilt,Equity Equal Weight + Sentiment Tilt,DOW,0.02,Materials,2023-05-31,0.4628814471903519,0.6,0.15,1.071899402269298,0.02143798804538596,0.021379950546413357
2023-06-01,2023-05-31,Equity,Equal Weight + Sentiment Tilt,Equity Equal Weight + Sentiment Tilt,DUK,0.02,Utilities,2023-05-31,-0.42070610283051446,0.2,0.15,0.9388440303588478,0.018776880607176957,0.01872604732997573
2023-06-01,2023-05-31,Equity,Equal Weight + Sentiment Tilt,Equity Equal Weight + Sentiment Tilt,EA,0.02,Comm,2023-05-31,-0.6546235680040765,0.8,0.15,0.9064734522550169,0.01812946904510034,0.018080388457927175
2023-06-01,2023-05-31,Equity,Equal Weight + Sentiment Tilt,Equity Equal Weight + Sentiment Tilt,GE,0.02,Industrials,2023-05-31,-0.17338128345014578,0.8,0.15,0.9743280817117473,0.01948656163423495,0.01943380708943195
2023-06-01,2023-05-31,Equity,Equal Weight + Sentiment Tilt,Equity Equal Weight + Sentiment Tilt,GILD,0.02,Healthcare,2023-05-31,1.3471535403247281,1.0,0.15,1.2239373902786481,0.024478747805572965,0.02441247827983161
2023-06-01,2023-05-31,Equity,Equal Weight + Sentiment Tilt,Equity Equal Weight + Sentiment Tilt,GS,0.02,Financials,2023-05-31,-0.8212842420791864,1.0,0.15,0.884093337676043,0.01768186675352086,0.017633997927333972
2023-06-01,2023-05-31,Equity,Equal Weight + Sentiment Tilt,Equity Equal Weight + Sentiment Tilt,INTC,0.02,Tech,2023-05-31,-0.09957196158382853,1.0,0.15,0.9851751914967659,0.01970350382993532,0.019650161973373707
2023-06-01,2023-05-31,Equity,Equal Weight + Sentiment Tilt,Equity Equal Weight + Sentiment Tilt,KO,0.02,Consumer,2023-05-31,-0.10188505220189838,1.0,0.15,0.9848334308655516,0.019696668617311033,0.01964334526522124
2023-06-01,2023-05-31,Equity,Equal Weight + Sentiment Tilt,Equity Equal Weight + Sentiment Tilt,MMM,0.02,Industrials,2023-05-31,-0.17338128345014578,0.8,0.15,0.9743280817117473,0.01948656163423495,0.01943380708943195
2023-06-01,2023-05-31,Equity,Equal Weight + Sentiment Tilt,Equity Equal Weight + Sentiment Tilt,MRK,0.02,Healthcare,2023-05-31,1.3471535403247281,1.0,0.15,1.2239373902786481,0.024478747805572965,0.02441247827983161
2023-06-01,2023-05-31,Equity,Equal Weight + Sentiment Tilt,Equity Equal Weight + Sentiment Tilt,MS,0.02,Financials,2023-05-31,-0.8212842420791864,1.0,0.15,0.884093337676043,0.01768186675352086,0.017633997927333972
2023-06-01,2023-05-31,Equity,Equal Weight + Sentiment Tilt,Equity Equal Weight + Sentiment Tilt,NEE,0.02,Utilities,2023-05-31,-0.42070610283051446,0.2,0.15,0.9388440303588478,0.018776880607176957,0.01872604732997573
2023-06-01,2023-05-31,Equity,Equal Weight + Sentiment Tilt,Equity Equal Weight + Sentiment Tilt,NEM,0.02,Materials,2023-05-31,0.4628814471903519,0.6,0.15,1.071899402269298,0.02143798804538596,0.021379950546413357
2023-06-01,2023-05-31,Equity,Equal Weight + Sentiment Tilt,Equity Equal Weight + Sentiment Tilt,NKE,0.02,Consumer,2023-05-31,-0.10188505220189838,1.0,0.15,0.9848334308655516,0.019696668617311033,0.01964334526522124
2023-06-01,2023-05-31,Equity,Equal Weight + Sentiment Tilt,Equity Equal Weight + Sentiment Tilt,NUE,0.02,Materials,2023-05-31,0.4628814471903519,0.6,0.15,1.071899402269298,0.02143798804538596,0.021379950546413357
2023-06-01,2023-05-31,Equity,Equal Weight + Sentiment Tilt,Equity Equal Weight + Sentiment Tilt,NVDA,0.02,Tech,2023-05-31,-0.09957196158382853,1.0,0.15,0.9851751914967659,0.01970350382993532,0.019650161973373707
2023-06-01,2023-05-31,Equity,Equal Weight + Sentiment Tilt,Equity Equal Weight + Sentiment Tilt,O,0.02,RealEstate,2023-05-31,0.08985760283079039,0.8,0.15,1.0135698867965919,0.020271397735931836,0.02021651846168364
2023-06-01,2023-05-31,Equity,Equal Weight + Sentiment Tilt,Equity Equal Weight + Sentiment Tilt,OXY,0.02,Energy,2023-05-31,0.28700933893191977,0.8,0.15,1.043991555514184,0.020879831110283683,0.02082330466880766
2023-06-01,2023-05-31,Equity,Equal Weight + Sentiment Tilt,Equity Equal Weight + Sentiment Tilt,PLD,0.02,RealEstate,2023-05-31,0.08985760283079039,0.8,0.15,1.0135698867965919,0.020271397735931836,0.02021651846168364
2023-06-01,2023-05-31,Equity,Equal Weight + Sentiment Tilt,Equity Equal Weight + Sentiment Tilt,PSA,0.02,RealEstate,2023-05-31,0.08985760283079039,0.8,0.15,1.0135698867965919,0.020271397735931836,0.02021651846168364
2023-06-01,2023-05-31,Equity,Equal Weight + Sentiment Tilt,Equity Equal Weight + Sentiment Tilt,QCOM,0.02,Tech,2023-05-31,-0.09957196158382853,1.0,0.15,0.9851751914967659,0.01970350382993532,0.019650161973373707
2023-06-01,2023-05-31,Equity,Equal Weight + Sentiment Tilt,Equity Equal Weight + Sentiment Tilt,SBUX,0.02,Consumer,2023-05-31,-0.10188505220189838,1.0,0.15,0.9848334308655516,0.019696668617311033,0.01964334526522124
2023-06-01,2023-05-31,Equity,Equal Weight + Sentiment Tilt,Equity Equal Weight + Sentiment Tilt,SHW,0.02,Materials,2023-05-31,0.4628814471903519,0.6,0.15,1.071899402269298,0.02143798804538596,0.021379950546413357
2023-06-01,2023-05-31,Equity,Equal Weight + Sentiment Tilt,Equity Equal Weight + Sentiment Tilt,SLB,0.02,Energy,2023-05-31,0.28700933893191977,0.8,0.15,1.043991555514184,0.020879831110283683,0.02082330466880766
2023-06-01,2023-05-31,Equity,Equal Weight + Sentiment Tilt,Equity Equal Weight + Sentiment Tilt,SO,0.02,Utilities,2023-05-31,-0.42070610283051446,0.2,0.15,0.9388440303588478,0.018776880607176957,0.01872604732997573
2023-06-01,2023-05-31,Equity,Equal Weight + Sentiment Tilt,Equity Equal Weight + Sentiment Tilt,T,0.02,Comm,2023-05-31,-0.6546235680040765,0.8,0.15,0.9064734522550169,0.01812946904510034,0.018080388457927175
2023-06-01,2023-05-31,Equity,Equal Weight + Sentiment Tilt,Equity Equal Weight + Sentiment Tilt,TMUS,0.02,Comm,2023-05-31,-0.6546235680040765,0.8,0.15,0.9064734522550169,0.01812946904510034,0.018080388457927175
2023-06-01,2023-05-31,Equity,Equal Weight + Sentiment Tilt,Equity Equal Weight + Sentiment Tilt,TTWO,0.02,Comm,2023-05-31,-0.6546235680040765,0.8,0.15,0.9064734522550169,0.01812946904510034,0.018080388457927175
2023-06-01,2023-05-31,Equity,Equal Weight + Sentiment Tilt,Equity Equal Weight + Sentiment Tilt,UPS,0.02,Industrials,2023-05-31,-0.17338128345014578,0.8,0.15,0.9743280817117473,0.01948656163423495,0.01943380708943195
2023-06-01,2023-05-31,Equity,Equal Weight + Sentiment Tilt,Equity Equal Weight + Sentiment Tilt,USB,0.02,Financials,2023-05-31,-0.8212842420791864,1.0,0.15,0.884093337676043,0.01768186675352086,0.017633997927333972
2023-06-01,2023-05-31,Equity,Equal Weight + Sentiment Tilt,Equity Equal Weight + Sentiment Tilt,V,0.02,Financials,2023-05-31,-0.8212842420791864,1.0,0.15,0.884093337676043,0.01768186675352086,0.017633997927333972
2023-06-01,2023-05-31,Equity,Equal Weight + Sentiment Tilt,Equity Equal Weight + Sentiment Tilt,WFC,0.02,Financials,2023-05-31,-0.8212842420791864,1.0,0.15,0.884093337676043,0.01768186675352086,0.017633997927333972
2023-06-01,2023-05-31,Equity,Equal Weight + Sentiment Tilt,Equity Equal Weight + Sentiment Tilt,WMT,0.02,Consumer,2023-05-31,-0.10188505220189838,1.0,0.15,0.9848334308655516,0.019696668617311033,0.01964334526522124
2023-06-01,2023-05-31,Equity,Equal Weight + Sentiment Tilt,Equity Equal Weight + Sentiment Tilt,XOM,0.02,Energy,2023-05-31,0.28700933893191977,0.8,0.15,1.043991555514184,0.020879831110283683,0.02082330466880766
2023-07-03,2023-06-30,Equity,Equal Weight + Sentiment Tilt,Equity Equal Weight + Sentiment Tilt,ABBV,0.02,Healthcare,2023-06-30,0.662040085420684,1.0,0.15,1.1044042096928401,0.022088084193856803,0.022912533125760057
2023-07-03,2023-06-30,Equity,Equal Weight + Sentiment Tilt,Equity Equal Weight + Sentiment Tilt,ABT,0.02,Healthcare,2023-06-30,0.662040085420684,1.0,0.15,1.1044042096928401,0.022088084193856803,0.022912533125760057
2023-07-03,2023-06-30,Equity,Equal Weight + Sentiment Tilt,Equity Equal Weight + Sentiment Tilt,ADBE,0.02,Tech,2023-06-30,-0.41011192594084195,1.0,0.15,0.9403371583887288,0.018806743167774576,0.019508714383619674
2023-07-03,2023-06-30,Equity,Equal Weight + Sentiment Tilt,Equity Equal Weight + Sentiment Tilt,AEP,0.02,Utilities,2023-06-30,0.03750994806093784,1.0,0.15,1.0056423506449348,0.020112847012898696,0.020863569216408303
2023-07-03,2023-06-30,Equity,Equal Weight + Sentiment Tilt,Equity Equal Weight + Sentiment Tilt,AMD,0.02,Tech,2023-06-30,-0.41011192594084195,1.0,0.15,0.9403371583887288,0.018806743167774576,0.019508714383619674
2023-07-03,2023-06-30,Equity,Equal Weight + Sentiment Tilt,Equity Equal Weight + Sentiment Tilt,AMGN,0.02,Healthcare,2023-06-30,0.662040085420684,1.0,0.15,1.1044042096928401,0.022088084193856803,0.022912533125760057
2023-07-03,2023-06-30,Equity,Equal Weight + Sentiment Tilt,Equity Equal Weight + Sentiment Tilt,AMT,0.02,RealEstate,2023-06-30,0.4310076245350297,0.4,0.15,1.0667868041438293,0.021335736082876585,0.022132103240413478
2023-07-03,2023-06-30,Equity,Equal Weight + Sentiment Tilt,Equity Equal Weight + Sentiment Tilt,BA,0.02,Industrials,2023-06-30,-0.36261593917234025,0.8,0.15,0.9470604157165242,0.018941208314330486,0.01964819850988805
2023-07-03,2023-06-30,Equity,Equal Weight + Sentiment Tilt,Equity Equal Weight + Sentiment Tilt,CAT,0.02,Industrials,2023-06-30,-0.36261593917234025,0.8,0.15,0.9470604157165242,0.018941208314330486,0.01964819850988805
2023-07-03,2023-06-30,Equity,Equal Weight + Sentiment Tilt,Equity Equal Weight + Sentiment Tilt,CCI,0.02,RealEstate,2023-06-30,0.4310076245350297,0.4,0.15,1.0667868041438293,0.021335736082876585,0.022132103240413478
2023-07-03,2023-06-30,Equity,Equal Weight + Sentiment Tilt,Equity Equal Weight + Sentiment Tilt,CMCSA,0.02,Comm,2023-06-30,-0.3674216722251822,0.6,0.15,0.9463779637907828,0.018927559275815655,0.019634040014096334
2023-07-03,2023-06-30,Equity,Equal Weight + Sentiment Tilt,Equity Equal Weight + Sentiment Tilt,COP,0.02,Energy,2023-06-30,-0.32754828305350814,1.0,0.15,0.9520552192509644,0.019041104385019287,0.0197518232520206
2023-07-03,2023-06-30,Equity,Equal Weight + Sentiment Tilt,Equity Equal Weight + Sentiment Tilt,CVX,0.02,Energy,2023-06-30,-0.32754828305350814,1.0,0.15,0.9520552192509644,0.019041104385019287,0.0197518232520206
2023-07-03,2023-06-30,Equity,Equal Weight + Sentiment Tilt,Equity Equal Weight + Sentiment Tilt,D,0.02,Utilities,2023-06-30,0.03750994806093784,1.0,0.15,1.0056423506449348,0.020112847012898696,0.020863569216408303
2023-07-03,2023-06-30,Equity,Equal Weight + Sentiment Tilt,Equity Equal Weight + Sentiment Tilt,DD,0.02,Materials,2023-06-30,-0.4895529230447557,0.4,0.15,0.9291984571847053,0.018583969143694107,0.01927762520623768
2023-07-03,2023-06-30,Equity,Equal Weight + Sentiment Tilt,Equity Equal Weight + Sentiment Tilt,DIS,0.02,Consumer,2023-06-30,-1.2155062831501016,1.0,0.15,0.8333296786092137,0.016666593572184273,0.017288682620218352
2023-07-03,2023-06-30,Equity,Equal Weight + Sentiment Tilt,Equity Equal Weight + Sentiment Tilt,DOW,0.02,Materials,2023-06-30,-0.4895529230447557,0.4,0.15,0.9291984571847053,0.018583969143694107,0.01927762520623768
2023-07-03,2023-06-30,Equity,Equal Weight + Sentiment Tilt,Equity Equal Weight + Sentiment Tilt,DUK,0.02,Utilities,2023-06-30,0.03750994806093784,1.0,0.15,1.0056423506449348,0.020112847012898696,0.020863569216408303
2023-07-03,2023-06-30,Equity,Equal Weight + Sentiment Tilt,Equity Equal Weight + Sentiment Tilt,EA,0.02,Comm,2023-06-30,-0.3674216722251822,0.6,0.15,0.9463779637907828,0.018927559275815655,0.019634040014096334
2023-07-03,2023-06-30,Equity,Equal Weight + Sentiment Tilt,Equity Equal Weight + Sentiment Tilt,GE,0.02,Industrials,2023-06-30,-0.36261593917234025,0.8,0.15,0.9470604157165242,0.018941208314330486,0.01964819850988805
2023-07-03,2023-06-30,Equity,Equal Weight + Sentiment Tilt,Equity Equal Weight + Sentiment Tilt,GILD,0.02,Healthcare,2023-06-30,0.662040085420684,1.0,0.15,1.1044042096928401,0.022088084193856803,0.022912533125760057
2023-07-03,2023-06-30,Equity,Equal Weight + Sentiment Tilt,Equity Equal Weight + Sentiment Tilt,GS,0.02,Financials,2023-06-30,-0.5923297234301546,1.0,0.15,0.9149833061530531,0.018299666123061064,0.018982710431337466
2023-07-03,2023-06-30,Equity,Equal Weight + Sentiment Tilt,Equity Equal Weight + Sentiment Tilt,INTC,0.02,Tech,2023-06-30,-0.41011192594084195,1.0,0.15,0.9403371583887288,0.018806743167774576,0.019508714383619674
2023-07-03,2023-06-30,Equity,Equal Weight + Sentiment Tilt,Equity Equal Weight + Sentiment Tilt,KO,0.02,Consumer,2023-06-30,-1.2155062831501016,1.0,0.15,0.8333296786092137,0.016666593572184273,0.017288682620218352
2023-07-03,2023-06-30,Equity,Equal Weight + Sentiment Tilt,Equity Equal Weight + Sentiment Tilt,MMM,0.02,Industrials,2023-06-30,-0.36261593917234025,0.8,0.15,0.9470604157165242,0.018941208314330486,0.01964819850988805
2023-07-03,2023-06-30,Equity,Equal Weight + Sentiment Tilt,Equity Equal Weight + Sentiment Tilt,MRK,0.02,Healthcare,2023-06-30,0.662040085420684,1.0,0.15,1.1044042096928401,0.022088084193856803,0.022912533125760057
2023-07-03,2023-06-30,Equity,Equal Weight + Sentiment Tilt,Equity Equal Weight + Sentiment Tilt,MS,0.02,Financials,2023-06-30,-0.5923297234301546,1.0,0.15,0.9149833061530531,0.018299666123061064,0.018982710431337466
2023-07-03,2023-06-30,Equity,Equal Weight + Sentiment Tilt,Equity Equal Weight + Sentiment Tilt,NEE,0.02,Utilities,2023-06-30,0.03750994806093784,1.0,0.15,1.0056423506449348,0.020112847012898696,0.020863569216408303
2023-07-03,2023-06-30,Equity,Equal Weight + Sentiment Tilt,Equity Equal Weight + Sentiment Tilt,NEM,0.02,Materials,2023-06-30,-0.4895529230447557,0.4,0.15,0.9291984571847053,0.018583969143694107,0.01927762520623768
2023-07-03,2023-06-30,Equity,Equal Weight + Sentiment Tilt,Equity Equal Weight + Sentiment Tilt,NKE,0.02,Consumer,2023-06-30,-1.2155062831501016,1.0,0.15,0.8333296786092137,0.016666593572184273,0.017288682620218352
2023-07-03,2023-06-30,Equity,Equal Weight + Sentiment Tilt,Equity Equal Weight + Sentiment Tilt,NUE,0.02,Materials,2023-06-30,-0.4895529230447557,0.4,0.15,0.9291984571847053,0.018583969143694107,0.01927762520623768
2023-07-03,2023-06-30,Equity,Equal Weight + Sentiment Tilt,Equity Equal Weight + Sentiment Tilt,NVDA,0.02,Tech,2023-06-30,-0.41011192594084195,1.0,0.15,0.9403371583887288,0.018806743167774576,0.019508714383619674
2023-07-03,2023-06-30,Equity,Equal Weight + Sentiment Tilt,Equity Equal Weight + Sentiment Tilt,O,0.02,RealEstate,2023-06-30,0.4310076245350297,0.4,0.15,1.0667868041438293,0.021335736082876585,0.022132103240413478
2023-07-03,2023-06-30,Equity,Equal Weight + Sentiment Tilt,Equity Equal Weight + Sentiment Tilt,OXY,0.02,Energy,2023-06-30,-0.32754828305350814,1.0,0.15,0.9520552192509644,0.019041104385019287,0.0197518232520206
2023-07-03,2023-06-30,Equity,Equal Weight + Sentiment Tilt,Equity Equal Weight + Sentiment Tilt,PLD,0.02,RealEstate,2023-06-30,0.4310076245350297,0.4,0.15,1.0667868041438293,0.021335736082876585,0.022132103240413478
2023-07-03,2023-06-30,Equity,Equal Weight + Sentiment Tilt,Equity Equal Weight + Sentiment Tilt,PSA,0.02,RealEstate,2023-06-30,0.4310076245350297,0.4,0.15,1.0667868041438293,0.021335736082876585,0.022132103240413478
2023-07-03,2023-06-30,Equity,Equal Weight + Sentiment Tilt,Equity Equal Weight + Sentiment Tilt,QCOM,0.02,Tech,2023-06-30,-0.41011192594084195,1.0,0.15,0.9403371583887288,0.018806743167774576,0.019508714383619674
2023-07-03,2023-06-30,Equity,Equal Weight + Sentiment Tilt,Equity Equal Weight + Sentiment Tilt,SBUX,0.02,Consumer,2023-06-30,-1.2155062831501016,1.0,0.15,0.8333296786092137,0.016666593572184273,0.017288682620218352
2023-07-03,2023-06-30,Equity,Equal Weight + Sentiment Tilt,Equity Equal Weight + Sentiment Tilt,SHW,0.02,Materials,2023-06-30,-0.4895529230447557,0.4,0.15,0.9291984571847053,0.018583969143694107,0.01927762520623768
2023-07-03,2023-06-30,Equity,Equal Weight + Sentiment Tilt,Equity Equal Weight + Sentiment Tilt,SLB,0.02,Energy,2023-06-30,-0.32754828305350814,1.0,0.15,0.9520552192509644,0.019041104385019287,0.0197518232520206
2023-07-03,2023-06-30,Equity,Equal Weight + Sentiment Tilt,Equity Equal Weight + Sentiment Tilt,SO,0.02,Utilities,2023-06-30,0.03750994806093784,1.0,0.15,1.0056423506449348,0.020112847012898696,0.020863569216408303
2023-07-03,2023-06-30,Equity,Equal Weight + Sentiment Tilt,Equity Equal Weight + Sentiment Tilt,T,0.02,Comm,2023-06-30,-0.3674216722251822,0.6,0.15,0.9463779637907828,0.018927559275815655,0.019634040014096334
2023-07-03,2023-06-30,Equity,Equal Weight + Sentiment Tilt,Equity Equal Weight + Sentiment Tilt,TMUS,0.02,Comm,2023-06-30,-0.3674216722251822,0.6,0.15,0.9463779637907828,0.018927559275815655,0.019634040014096334
2023-07-03,2023-06-30,Equity,Equal Weight + Sentiment Tilt,Equity Equal Weight + Sentiment Tilt,TTWO,0.02,Comm,2023-06-30,-0.3674216722251822,0.6,0.15,0.9463779637907828,0.018927559275815655,0.019634040014096334
2023-07-03,2023-06-30,Equity,Equal Weight + Sentiment Tilt,Equity Equal Weight + Sentiment Tilt,UPS,0.02,Industrials,2023-06-30,-0.36261593917234025,0.8,0.15,0.9470604157165242,0.018941208314330486,0.01964819850988805
2023-07-03,2023-06-30,Equity,Equal Weight + Sentiment Tilt,Equity Equal Weight + Sentiment Tilt,USB,0.02,Financials,2023-06-30,-0.5923297234301546,1.0,0.15,0.9149833061530531,0.018299666123061064,0.018982710431337466
2023-07-03,2023-06-30,Equity,Equal Weight + Sentiment Tilt,Equity Equal Weight + Sentiment Tilt,V,0.02,Financials,2023-06-30,-0.5923297234301546,1.0,0.15,0.9149833061530531,0.018299666123061064,0.018982710431337466
2023-07-03,2023-06-30,Equity,Equal Weight + Sentiment Tilt,Equity Equal Weight + Sentiment Tilt,WFC,0.02,Financials,2023-06-30,-0.5923297234301546,1.0,0.15,0.9149833061530531,0.018299666123061064,0.018982710431337466
2023-07-03,2023-06-30,Equity,Equal Weight + Sentiment Tilt,Equity Equal Weight + Sentiment Tilt,WMT,0.02,Consumer,2023-06-30,-1.2155062831501016,1.0,0.15,0.8333296786092137,0.016666593572184273,0.017288682620218352
2023-07-03,2023-06-30,Equity,Equal Weight + Sentiment Tilt,Equity Equal Weight + Sentiment Tilt,XOM,0.02,Energy,2023-06-30,-0.32754828305350814,1.0,0.15,0.9520552192509644,0.019041104385019287,0.0197518232520206
2023-08-01,2023-07-31,Equity,Equal Weight + Sentiment Tilt,Equity Equal Weight + Sentiment Tilt,ABBV,0.02,Healthcare,2023-07-31,-0.5646891532727747,1.0,0.15,0.9187847803660195,0.01837569560732039,0.017648748971630757
2023-08-01,2023-07-31,Equity,Equal Weight + Sentiment Tilt,Equity Equal Weight + Sentiment Tilt,ABT,0.02,Healthcare,2023-07-31,-0.5646891532727747,1.0,0.15,0.9187847803660195,0.01837569560732039,0.017648748971630757
2023-08-01,2023-07-31,Equity,Equal Weight + Sentiment Tilt,Equity Equal Weight + Sentiment Tilt,ADBE,0.02,Tech,2023-07-31,1.1829333671076494,1.0,0.15,1.1941564124183253,0.023883128248366504,0.022938306343340088
2023-08-01,2023-07-31,Equity,Equal Weight + Sentiment Tilt,Equity Equal Weight + Sentiment Tilt,AEP,0.02,Utilities,2023-07-31,-0.8085979925773495,0.8,0.15,0.8857773137180966,0.017715546274361935,0.017014715294204587
2023-08-01,2023-07-31,Equity,Equal Weight + Sentiment Tilt,Equity Equal Weight + Sentiment Tilt,AMD,0.02,Tech,2023-07-31,1.1829333671076494,1.0,0.15,1.1941564124183253,0.023883128248366504,0.022938306343340088
2023-08-01,2023-07-31,Equity,Equal Weight + Sentiment Tilt,Equity Equal Weight + Sentiment Tilt,AMGN,0.02,Healthcare,2023-07-31,-0.5646891532727747,1.0,0.15,0.9187847803660195,0.01837569560732039,0.017648748971630757
2023-08-01,2023-07-31,Equity,Equal Weight + Sentiment Tilt,Equity Equal Weight + Sentiment Tilt,AMT,0.02,RealEstate,2023-07-31,1.307737593394591,0.8,0.15,1.2167223427080531,0.024334446854161064,0.023371770683961915
2023-08-01,2023-07-31,Equity,Equal Weight + Sentiment Tilt,Equity Equal Weight + Sentiment Tilt,BA,0.02,Industrials,2023-07-31,-0.7140163592244937,0.8,0.15,0.8984336202611871,0.01796867240522374,0.017257827698611228
2023-08-01,2023-07-31,Equity,Equal Weight + Sentiment Tilt,Equity Equal Weight + Sentiment Tilt,CAT,0.02,Industrials,2023-07-31,-0.7140163592244937,0.8,0.15,0.8984336202611871,0.01796867240522374,0.017257827698611228
2023-08-01,2023-07-31,Equity,Equal Weight + Sentiment Tilt,Equity Equal Weight + Sentiment Tilt,CCI,0.02,RealEstate,2023-07-31,1.307737593394591,0.8,0.15,1.2167223427080531,0.024334446854161064,0.023371770683961915
2023-08-01,2023-07-31,Equity,Equal Weight + Sentiment Tilt,Equity Equal Weight + Sentiment Tilt,CMCSA,0.02,Comm,2023-07-31,1.069029482745835,0.8,0.15,1.1739268632592057,0.023478537265184115,0.022549721070109576
2023-08-01,2023-07-31,Equity,Equal Weight + Sentiment Tilt,Equity Equal Weight + Sentiment Tilt,COP,0.02,Energy,2023-07-31,1.5009960283377008,1.0,0.15,1.2525098325064936,0.025050196650129874,0.024059205257623287
2023-08-01,2023-07-31,Equity,Equal Weight + Sentiment Tilt,Equity Equal Weight + Sentiment Tilt,CVX,0.02,Energy,2023-07-31,1.5009960283377008,1.0,0.15,1.2525098325064936,0.025050196650129874,0.024059205257623287
2023-08-01,2023-07-31,Equity,Equal Weight + Sentiment Tilt,Equity Equal Weight + Sentiment Tilt,D,0.02,Utilities,2023-07-31,-0.8085979925773495,0.8,0.15,0.8857773137180966,0.017715546274361935,0.017014715294204587
2023-08-01,2023-07-31,Equity,Equal Weight + Sentiment Tilt,Equity Equal Weight + Sentiment Tilt,DD,0.02,Materials,2023-07-28,-0.44267682279009524,0.2,0.15,0.9357550612787159,0.018715101225574318,0.01797472762757554
2023-08-01,2023-07-31,Equity,Equal Weight + Sentiment Tilt,Equity Equal Weight + Sentiment Tilt,DIS,0.02,Consumer,2023-07-31,-0.11690119489968276,1.0,0.15,0.9826176673192457,0.019652353346384915,0.01887490184447567
2023-08-01,2023-07-31,Equity,Equal Weight + Sentiment Tilt,Equity Equal Weight + Sentiment Tilt,DOW,0.02,Materials,2023-07-28,-0.44267682279009524,0.2,0.15,0.9357550612787159,0.018715101225574318,0.01797472762757554
2023-08-01,2023-07-31,Equity,Equal Weight + Sentiment Tilt,Equity Equal Weight + Sentiment Tilt,DUK,0.02,Utilities,2023-07-31,-0.8085979925773495,0.8,0.15,0.8857773137180966,0.017715546274361935,0.017014715294204587
2023-08-01,2023-07-31,Equity,Equal Weight + Sentiment Tilt,Equity Equal Weight + Sentiment Tilt,EA,0.02,Comm,2023-07-31,1.069029482745835,0.8,0.15,1.1739268632592057,0.023478537265184115,0.022549721070109576
2023-08-01,2023-07-31,Equity,Equal Weight + Sentiment Tilt,Equity Equal Weight + Sentiment Tilt,GE,0.02,Industrials,2023-07-31,-0.7140163592244937,0.8,0.15,0.8984336202611871,0.01796867240522374,0.017257827698611228
2023-08-01,2023-07-31,Equity,Equal Weight + Sentiment Tilt,Equity Equal Weight + Sentiment Tilt,GILD,0.02,Healthcare,2023-07-31,-0.5646891532727747,1.0,0.15,0.9187847803660195,0.01837569560732039,0.017648748971630757
2023-08-01,2023-07-31,Equity,Equal Weight + Sentiment Tilt,Equity Equal Weight + Sentiment Tilt,GS,0.02,Financials,2023-07-31,-0.31944538585388715,1.0,0.15,0.9532130835980996,0.019064261671961992,0.018310075208467322
2023-08-01,2023-07-31,Equity,Equal Weight + Sentiment Tilt,Equity Equal Weight + Sentiment Tilt,INTC,0.02,Tech,2023-07-31,1.1829333671076494,1.0,0.15,1.1941564124183253,0.023883128248366504,0.022938306343340088
2023-08-01,2023-07-31,Equity,Equal Weight + Sentiment Tilt,Equity Equal Weight + Sentiment Tilt,KO,0.02,Consumer,2023-07-31,-0.11690119489968276,1.0,0.15,0.9826176673192457,0.019652353346384915,0.01887490184447567
2023-08-01,2023-07-31,Equity,Equal Weight + Sentiment Tilt,Equity Equal Weight + Sentiment Tilt,MMM,0.02,Industrials,2023-07-31,-0.7140163592244937,0.8,0.15,0.8984336202611871,0.01796867240522374,0.017257827698611228
2023-08-01,2023-07-31,Equity,Equal Weight + Sentiment Tilt,Equity Equal Weight + Sentiment Tilt,MRK,0.02,Healthcare,2023-07-31,-0.5646891532727747,1.0,0.15,0.9187847803660195,0.01837569560732039,0.017648748971630757
2023-08-01,2023-07-31,Equity,Equal Weight + Sentiment Tilt,Equity Equal Weight + Sentiment Tilt,MS,0.02,Financials,2023-07-31,-0.31944538585388715,1.0,0.15,0.9532130835980996,0.019064261671961992,0.018310075208467322
2023-08-01,2023-07-31,Equity,Equal Weight + Sentiment Tilt,Equity Equal Weight + Sentiment Tilt,NEE,0.02,Utilities,2023-07-31,-0.8085979925773495,0.8,0.15,0.8857773137180966,0.017715546274361935,0.017014715294204587
2023-08-01,2023-07-31,Equity,Equal Weight + Sentiment Tilt,Equity Equal Weight + Sentiment Tilt,NEM,0.02,Materials,2023-07-28,-0.44267682279009524,0.2,0.15,0.9357550612787159,0.018715101225574318,0.01797472762757554
2023-08-01,2023-07-31,Equity,Equal Weight + Sentiment Tilt,Equity Equal Weight + Sentiment Tilt,NKE,0.02,Consumer,2023-07-31,-0.11690119489968276,1.0,0.15,0.9826176673192457,0.019652353346384915,0.01887490184447567
2023-08-01,2023-07-31,Equity,Equal Weight + Sentiment Tilt,Equity Equal Weight + Sentiment Tilt,NUE,0.02,Materials,2023-07-28,-0.44267682279009524,0.2,0.15,0.9357550612787159,0.018715101225574318,0.01797472762757554
2023-08-01,2023-07-31,Equity,Equal Weight + Sentiment Tilt,Equity Equal Weight + Sentiment Tilt,NVDA,0.02,Tech,2023-07-31,1.1829333671076494,1.0,0.15,1.1941564124183253,0.023883128248366504,0.022938306343340088
2023-08-01,2023-07-31,Equity,Equal Weight + Sentiment Tilt,Equity Equal Weight + Sentiment Tilt,O,0.02,RealEstate,2023-07-31,1.307737593394591,0.8,0.15,1.2167223427080531,0.024334446854161064,0.023371770683961915
2023-08-01,2023-07-31,Equity,Equal Weight + Sentiment Tilt,Equity Equal Weight + Sentiment Tilt,OXY,0.02,Energy,2023-07-31,1.5009960283377008,1.0,0.15,1.2525098325064936,0.025050196650129874,0.024059205257623287
2023-08-01,2023-07-31,Equity,Equal Weight + Sentiment Tilt,Equity Equal Weight + Sentiment Tilt,PLD,0.02,RealEstate,2023-07-31,1.307737593394591,0.8,0.15,1.2167223427080531,0.024334446854161064,0.023371770683961915
2023-08-01,2023-07-31,Equity,Equal Weight + Sentiment Tilt,Equity Equal Weight + Sentiment Tilt,PSA,0.02,RealEstate,2023-07-31,1.307737593394591,0.8,0.15,1.2167223427080531,0.024334446854161064,0.023371770683961915
2023-08-01,2023-07-31,Equity,Equal Weight + Sentiment Tilt,Equity Equal Weight + Sentiment Tilt,QCOM,0.02,Tech,2023-07-31,1.1829333671076494,1.0,0.15,1.1941564124183253,0.023883128248366504,0.022938306343340088
2023-08-01,2023-07-31,Equity,Equal Weight + Sentiment Tilt,Equity Equal Weight + Sentiment Tilt,SBUX,0.02,Consumer,2023-07-31,-0.11690119489968276,1.0,0.15,0.9826176673192457,0.019652353346384915,0.01887490184447567
2023-08-01,2023-07-31,Equity,Equal Weight + Sentiment Tilt,Equity Equal Weight + Sentiment Tilt,SHW,0.02,Materials,2023-07-28,-0.44267682279009524,0.2,0.15,0.9357550612787159,0.018715101225574318,0.01797472762757554
2023-08-01,2023-07-31,Equity,Equal Weight + Sentiment Tilt,Equity Equal Weight + Sentiment Tilt,SLB,0.02,Energy,2023-07-31,1.5009960283377008,1.0,0.15,1.2525098325064936,0.025050196650129874,0.024059205257623287
2023-08-01,2023-07-31,Equity,Equal Weight + Sentiment Tilt,Equity Equal Weight + Sentiment Tilt,SO,0.02,Utilities,2023-07-31,-0.8085979925773495,0.8,0.15,0.8857773137180966,0.017715546274361935,0.017014715294204587
2023-08-01,2023-07-31,Equity,Equal Weight + Sentiment Tilt,Equity Equal Weight + Sentiment Tilt,T,0.02,Comm,2023-07-31,1.069029482745835,0.8,0.15,1.1739268632592057,0.023478537265184115,0.022549721070109576
2023-08-01,2023-07-31,Equity,Equal Weight + Sentiment Tilt,Equity Equal Weight + Sentiment Tilt,TMUS,0.02,Comm,2023-07-31,1.069029482745835,0.8,0.15,1.1739268632592057,0.023478537265184115,0.022549721070109576
2023-08-01,2023-07-31,Equity,Equal Weight + Sentiment Tilt,Equity Equal Weight + Sentiment Tilt,TTWO,0.02,Comm,2023-07-31,1.069029482745835,0.8,0.15,1.1739268632592057,0.023478537265184115,0.022549721070109576
2023-08-01,2023-07-31,Equity,Equal Weight + Sentiment Tilt,Equity Equal Weight + Sentiment Tilt,UPS,0.02,Industrials,2023-07-31,-0.7140163592244937,0.8,0.15,0.8984336202611871,0.01796867240522374,0.017257827698611228
2023-08-01,2023-07-31,Equity,Equal Weight + Sentiment Tilt,Equity Equal Weight + Sentiment Tilt,USB,0.02,Financials,2023-07-31,-0.31944538585388715,1.0,0.15,0.9532130835980996,0.019064261671961992,0.018310075208467322
2023-08-01,2023-07-31,Equity,Equal Weight + Sentiment Tilt,Equity Equal Weight + Sentiment Tilt,V,0.02,Financials,2023-07-31,-0.31944538585388715,1.0,0.15,0.9532130835980996,0.019064261671961992,0.018310075208467322
2023-08-01,2023-07-31,Equity,Equal Weight + Sentiment Tilt,Equity Equal Weight + Sentiment Tilt,WFC,0.02,Financials,2023-07-31,-0.31944538585388715,1.0,0.15,0.9532130835980996,0.019064261671961992,0.018310075208467322
2023-08-01,2023-07-31,Equity,Equal Weight + Sentiment Tilt,Equity Equal Weight + Sentiment Tilt,WMT,0.02,Consumer,2023-07-31,-0.11690119489968276,1.0,0.15,0.9826176673192457,0.019652353346384915,0.01887490184447567
2023-08-01,2023-07-31,Equity,Equal Weight + Sentiment Tilt,Equity Equal Weight + Sentiment Tilt,XOM,0.02,Energy,2023-07-31,1.5009960283377008,1.0,0.15,1.2525098325064936,0.025050196650129874,0.024059205257623287
2023-09-01,2023-08-31,Equity,Equal Weight + Sentiment Tilt,Equity Equal Weight + Sentiment Tilt,ABBV,0.02,Healthcare,2023-08-31,-0.28891717502093506,0.8,0.15,0.9575880765036925,0.01915176153007385,0.019001671444178064
2023-09-01,2023-08-31,Equity,Equal Weight + Sentiment Tilt,Equity Equal Weight + Sentiment Tilt,ABT,0.02,Healthcare,2023-08-31,-0.28891717502093506,0.8,0.15,0.9575880765036925,0.01915176153007385,0.019001671444178064
2023-09-01,2023-08-31,Equity,Equal Weight + Sentiment Tilt,Equity Equal Weight + Sentiment Tilt,ADBE,0.02,Tech,2023-08-31,0.14408855744477425,1.0,0.15,1.0218485424794757,0.020436970849589512,0.02027680873053598
2023-09-01,2023-08-31,Equity,Equal Weight + Sentiment Tilt,Equity Equal Weight + Sentiment Tilt,AEP,0.02,Utilities,2023-08-31,-0.01161475155967322,1.0,0.15,0.99825930403768,0.0199651860807536,0.01980872128303355
2023-09-01,2023-08-31,Equity,Equal Weight + Sentiment Tilt,Equity Equal Weight + Sentiment Tilt,AMD,0.02,Tech,2023-08-31,0.14408855744477425,1.0,0.15,1.0218485424794757,0.020436970849589512,0.02027680873053598
2023-09-01,2023-08-31,Equity,Equal Weight + Sentiment Tilt,Equity Equal Weight + Sentiment Tilt,AMGN,0.02,Healthcare,2023-08-31,-0.28891717502093506,0.8,0.15,0.9575880765036925,0.01915176153007385,0.019001671444178064
2023-09-01,2023-08-31,Equity,Equal Weight + Sentiment Tilt,Equity Equal Weight + Sentiment Tilt,AMT,0.02,RealEstate,2023-08-31,0.1709777141350254,0.8,0.15,1.0259783622695062,0.020519567245390124,0.020358757828169215
2023-09-01,2023-08-31,Equity,Equal Weight + Sentiment Tilt,Equity Equal Weight + Sentiment Tilt,BA,0.02,Industrials,2023-08-31,-0.32464459748783864,0.8,0.15,0.9524699799191788,0.019049399598383577,0.018900111710817992
2023-09-01,2023-08-31,Equity,Equal Weight + Sentiment Tilt,Equity Equal Weight + Sentiment Tilt,CAT,0.02,Industrials,2023-08-31,-0.32464459748783864,0.8,0.15,0.9524699799191788,0.019049399598383577,0.018900111710817992
2023-09-01,2023-08-31,Equity,Equal Weight + Sentiment Tilt,Equity Equal Weight + Sentiment Tilt,CCI,0.02,RealEstate,2023-08-31,0.1709777141350254,0.8,0.15,1.0259783622695062,0.020519567245390124,0.020358757828169215
2023-09-01,2023-08-31,Equity,Equal Weight + Sentiment Tilt,Equity Equal Weight + Sentiment Tilt,CMCSA,0.02,Comm,2023-08-31,-0.013982657188344655,1.0,0.15,0.9979047994251814,0.019958095988503628,0.019801686754996464
2023-09-01,2023-08-31,Equity,Equal Weight + Sentiment Tilt,Equity Equal Weight + Sentiment Tilt,COP,0.02,Energy,2023-08-31,0.16826424480889599,0.8,0.15,1.0255608531203468,0.020511217062406936,0.020350473084580687
2023-09-01,2023-08-31,Equity,Equal Weight + Sentiment Tilt,Equity Equal Weight + Sentiment Tilt,CVX,0.02,Energy,2023-08-31,0.16826424480889599,0.8,0.15,1.0255608531203468,0.020511217062406936,0.020350473084580687
2023-09-01,2023-08-31,Equity,Equal Weight + Sentiment Tilt,Equity Equal Weight + Sentiment Tilt,D,0.02,Utilities,2023-08-31,-0.01161475155967322,1.0,0.15,0.99825930403768,0.0199651860807536,0.01980872128303355
2023-09-01,2023-08-31,Equity,Equal Weight + Sentiment Tilt,Equity Equal Weight + Sentiment Tilt,DD,0.02,Materials,2023-08-31,0.9370036345589716,0.8,0.15,1.1509072509132814,0.02301814501826563,0.022837754543085155
2023-09-01,2023-08-31,Equity,Equal Weight + Sentiment Tilt,Equity Equal Weight + Sentiment Tilt,DIS,0.02,Consumer,2023-08-31,-0.11985377700856,1.0,0.15,0.9821825747731837,0.019643651495463675,0.019489706526191197
2023-09-01,2023-08-31,Equity,Equal Weight + Sentiment Tilt,Equity Equal Weight + Sentiment Tilt,DOW,0.02,Materials,2023-08-31,0.9370036345589716,0.8,0.15,1.1509072509132814,0.02301814501826563,0.022837754543085155
2023-09-01,2023-08-31,Equity,Equal Weight + Sentiment Tilt,Equity Equal Weight + Sentiment Tilt,DUK,0.02,Utilities,2023-08-31,-0.01161475155967322,1.0,0.15,0.99825930403768,0.0199651860807536,0.01980872128303355
2023-09-01,2023-08-31,Equity,Equal Weight + Sentiment Tilt,Equity Equal Weight + Sentiment Tilt,EA,0.02,Comm,2023-08-31,-0.013982657188344655,1.0,0.15,0.9979047994251814,0.019958095988503628,0.019801686754996464
2023-09-01,2023-08-31,Equity,Equal Weight + Sentiment Tilt,Equity Equal Weight + Sentiment Tilt,GE,0.02,Industrials,2023-08-31,-0.32464459748783864,0.8,0.15,0.9524699799191788,0.019049399598383577,0.018900111710817992
2023-09-01,2023-08-31,Equity,Equal Weight + Sentiment Tilt,Equity Equal Weight + Sentiment Tilt,GILD,0.02,Healthcare,2023-08-31,-0.28891717502093506,0.8,0.15,0.9575880765036925,0.01915176153007385,0.019001671444178064
2023-09-01,2023-08-31,Equity,Equal Weight + Sentiment Tilt,Equity Equal Weight + Sentiment Tilt,GS,0.02,Financials,2023-08-31,-0.2286217295181807,1.0,0.15,0.9662880899902391,0.019325761799804782,0.01917430809441171
2023-09-01,2023-08-31,Equity,Equal Weight + Sentiment Tilt,Equity Equal Weight + Sentiment Tilt,INTC,0.02,Tech,2023-08-31,0.14408855744477425,1.0,0.15,1.0218485424794757,0.020436970849589512,0.02027680873053598
2023-09-01,2023-08-31,Equity,Equal Weight + Sentiment Tilt,Equity Equal Weight + Sentiment Tilt,KO,0.02,Consumer,2023-08-31,-0.11985377700856,1.0,0.15,0.9821825747731837,0.019643651495463675,0.019489706526191197
2023-09-01,2023-08-31,Equity,Equal Weight + Sentiment Tilt,Equity Equal Weight + Sentiment Tilt,MMM,0.02,Industrials,2023-08-31,-0.32464459748783864,0.8,0.15,0.9524699799191788,0.019049399598383577,0.018900111710817992
2023-09-01,2023-08-31,Equity,Equal Weight + Sentiment Tilt,Equity Equal Weight + Sentiment Tilt,MRK,0.02,Healthcare,2023-08-31,-0.28891717502093506,0.8,0.15,0.9575880765036925,0.01915176153007385,0.019001671444178064
2023-09-01,2023-08-31,Equity,Equal Weight + Sentiment Tilt,Equity Equal Weight + Sentiment Tilt,MS,0.02,Financials,2023-08-31,-0.2286217295181807,1.0,0.15,0.9662880899902391,0.019325761799804782,0.01917430809441171
2023-09-01,2023-08-31,Equity,Equal Weight + Sentiment Tilt,Equity Equal Weight + Sentiment Tilt,NEE,0.02,Utilities,2023-08-31,-0.01161475155967322,1.0,0.15,0.99825930403768,0.0199651860807536,0.01980872128303355
2023-09-01,2023-08-31,Equity,Equal Weight + Sentiment Tilt,Equity Equal Weight + Sentiment Tilt,NEM,0.02,Materials,2023-08-31,0.9370036345589716,0.8,0.15,1.1509072509132814,0.02301814501826563,0.022837754543085155
2023-09-01,2023-08-31,Equity,Equal Weight + Sentiment Tilt,Equity Equal Weight + Sentiment Tilt,NKE,0.02,Consumer,2023-08-31,-0.11985377700856,1.0,0.15,0.9821825747731837,0.019643651495463675,0.019489706526191197
2023-09-01,2023-08-31,Equity,Equal Weight + Sentiment Tilt,Equity Equal Weight + Sentiment Tilt,NUE,0.02,Materials,2023-08-31,0.9370036345589716,0.8,0.15,1.1509072509132814,0.02301814501826563,0.022837754543085155
2023-09-01,2023-08-31,Equity,Equal Weight + Sentiment Tilt,Equity Equal Weight + Sentiment Tilt,NVDA,0.02,Tech,2023-08-31,0.14408855744477425,1.0,0.15,1.0218485424794757,0.020436970849589512,0.02027680873053598
2023-09-01,2023-08-31,Equity,Equal Weight + Sentiment Tilt,Equity Equal Weight + Sentiment Tilt,O,0.02,RealEstate,2023-08-31,0.1709777141350254,0.8,0.15,1.0259783622695062,0.020519567245390124,0.020358757828169215
2023-09-01,2023-08-31,Equity,Equal Weight + Sentiment Tilt,Equity Equal Weight + Sentiment Tilt,OXY,0.02,Energy,2023-08-31,0.16826424480889599,0.8,0.15,1.0255608531203468,0.020511217062406936,0.020350473084580687
2023-09-01,2023-08-31,Equity,Equal Weight + Sentiment Tilt,Equity Equal Weight + Sentiment Tilt,PLD,0.02,RealEstate,2023-08-31,0.1709777141350254,0.8,0.15,1.0259783622695062,0.020519567245390124,0.020358757828169215
2023-09-01,2023-08-31,Equity,Equal Weight + Sentiment Tilt,Equity Equal Weight + Sentiment Tilt,PSA,0.02,RealEstate,2023-08-31,0.1709777141350254,0.8,0.15,1.0259783622695062,0.020519567245390124,0.020358757828169215
2023-09-01,2023-08-31,Equity,Equal Weight + Sentiment Tilt,Equity Equal Weight + Sentiment Tilt,QCOM,0.02,Tech,2023-08-31,0.14408855744477425,1.0,0.15,1.0218485424794757,0.020436970849589512,0.02027680873053598
2023-09-01,2023-08-31,Equity,Equal Weight + Sentiment Tilt,Equity Equal Weight + Sentiment Tilt,SBUX,0.02,Consumer,2023-08-31,-0.11985377700856,1.0,0.15,0.9821825747731837,0.019643651495463675,0.019489706526191197
2023-09-01,2023-08-31,Equity,Equal Weight + Sentiment Tilt,Equity Equal Weight + Sentiment Tilt,SHW,0.02,Materials,2023-08-31,0.9370036345589716,0.8,0.15,1.1509072509132814,0.02301814501826563,0.022837754543085155
2023-09-01,2023-08-31,Equity,Equal Weight + Sentiment Tilt,Equity Equal Weight + Sentiment Tilt,SLB,0.02,Energy,2023-08-31,0.16826424480889599,0.8,0.15,1.0255608531203468,0.020511217062406936,0.020350473084580687
2023-09-01,2023-08-31,Equity,Equal Weight + Sentiment Tilt,Equity Equal Weight + Sentiment Tilt,SO,0.02,Utilities,2023-08-31,-0.01161475155967322,1.0,0.15,0.99825930403768,0.0199651860807536,0.01980872128303355
2023-09-01,2023-08-31,Equity,Equal Weight + Sentiment Tilt,Equity Equal Weight + Sentiment Tilt,T,0.02,Comm,2023-08-31,-0.013982657188344655,1.0,0.15,0.9979047994251814,0.019958095988503628,0.019801686754996464
2023-09-01,2023-08-31,Equity,Equal Weight + Sentiment Tilt,Equity Equal Weight + Sentiment Tilt,TMUS,0.02,Comm,2023-08-31,-0.013982657188344655,1.0,0.15,0.9979047994251814,0.019958095988503628,0.019801686754996464
2023-09-01,2023-08-31,Equity,Equal Weight + Sentiment Tilt,Equity Equal Weight + Sentiment Tilt,TTWO,0.02,Comm,2023-08-31,-0.013982657188344655,1.0,0.15,0.9979047994251814,0.019958095988503628,0.019801686754996464
2023-09-01,2023-08-31,Equity,Equal Weight + Sentiment Tilt,Equity Equal Weight + Sentiment Tilt,UPS,0.02,Industrials,2023-08-31,-0.32464459748783864,0.8,0.15,0.9524699799191788,0.019049399598383577,0.018900111710817992
2023-09-01,2023-08-31,Equity,Equal Weight + Sentiment Tilt,Equity Equal Weight + Sentiment Tilt,USB,0.02,Financials,2023-08-31,-0.2286217295181807,1.0,0.15,0.9662880899902391,0.019325761799804782,0.01917430809441171
2023-09-01,2023-08-31,Equity,Equal Weight + Sentiment Tilt,Equity Equal Weight + Sentiment Tilt,V,0.02,Financials,2023-08-31,-0.2286217295181807,1.0,0.15,0.9662880899902391,0.019325761799804782,0.01917430809441171
2023-09-01,2023-08-31,Equity,Equal Weight + Sentiment Tilt,Equity Equal Weight + Sentiment Tilt,WFC,0.02,Financials,2023-08-31,-0.2286217295181807,1.0,0.15,0.9662880899902391,0.019325761799804782,0.01917430809441171
2023-09-01,2023-08-31,Equity,Equal Weight + Sentiment Tilt,Equity Equal Weight + Sentiment Tilt,WMT,0.02,Consumer,2023-08-31,-0.11985377700856,1.0,0.15,0.9821825747731837,0.019643651495463675,0.019489706526191197
2023-09-01,2023-08-31,Equity,Equal Weight + Sentiment Tilt,Equity Equal Weight + Sentiment Tilt,XOM,0.02,Energy,2023-08-31,0.16826424480889599,0.8,0.15,1.0255608531203468,0.020511217062406936,0.020350473084580687
2023-10-02,2023-09-29,Equity,Equal Weight + Sentiment Tilt,Equity Equal Weight + Sentiment Tilt,ABBV,0.02,Healthcare,2023-09-29,0.6373070572501616,1.0,0.15,1.1003145116154762,0.022006290232309524,0.021783055540202084
2023-10-02,2023-09-29,Equity,Equal Weight + Sentiment Tilt,Equity Equal Weight + Sentiment Tilt,ABT,0.02,Healthcare,2023-09-29,0.6373070572501616,1.0,0.15,1.1003145116154762,0.022006290232309524,0.021783055540202084
2023-10-02,2023-09-29,Equity,Equal Weight + Sentiment Tilt,Equity Equal Weight + Sentiment Tilt,ADBE,0.02,Tech,2023-09-29,-1.0097973095437045,1.0,0.15,0.85944401204055,0.017188880240811,0.01701451398699347
2023-10-02,2023-09-29,Equity,Equal Weight + Sentiment Tilt,Equity Equal Weight + Sentiment Tilt,AEP,0.02,Utilities,2023-09-29,-0.7384737513186603,1.0,0.15,0.8951436572465297,0.017902873144930595,0.017721264053522746
2023-10-02,2023-09-29,Equity,Equal Weight + Sentiment Tilt,Equity Equal Weight + Sentiment Tilt,AMD,0.02,Tech,2023-09-29,-1.0097973095437045,1.0,0.15,0.85944401204055,0.017188880240811,0.01701451398699347
2023-10-02,2023-09-29,Equity,Equal Weight + Sentiment Tilt,Equity Equal Weight + Sentiment Tilt,AMGN,0.02,Healthcare,2023-09-29,0.6373070572501616,1.0,0.15,1.1003145116154762,0.022006290232309524,0.021783055540202084
2023-10-02,2023-09-29,Equity,Equal Weight + Sentiment Tilt,Equity Equal Weight + Sentiment Tilt,AMT,0.02,RealEstate,2023-09-29,1.1666499473262515,0.6,0.15,1.1912432290884523,0.023824864581769047,0.02358318203313102
2023-10-02,2023-09-29,Equity,Equal Weight + Sentiment Tilt,Equity Equal Weight + Sentiment Tilt,BA,0.02,Industrials,2023-09-29,-0.45907518958874177,0.6,0.15,0.9334561615935595,0.01866912323187119,0.018479741199162028
2023-10-02,2023-09-29,Equity,Equal Weight + Sentiment Tilt,Equity Equal Weight + Sentiment Tilt,CAT,0.02,Industrials,2023-09-29,-0.45907518958874177,0.6,0.15,0.9334561615935595,0.01866912323187119,0.018479741199162028
2023-10-02,2023-09-29,Equity,Equal Weight + Sentiment Tilt,Equity Equal Weight + Sentiment Tilt,CCI,0.02,RealEstate,2023-09-29,1.1666499473262515,0.6,0.15,1.1912432290884523,0.023824864581769047,0.02358318203313102
2023-10-02,2023-09-29,Equity,Equal Weight + Sentiment Tilt,Equity Equal Weight + Sentiment Tilt,CMCSA,0.02,Comm,2023-09-29,-0.007024275121702915,0.8,0.15,0.9989469136168053,0.019978938272336107,0.019776269304201243
2023-10-02,2023-09-29,Equity,Equal Weight + Sentiment Tilt,Equity Equal Weight + Sentiment Tilt,COP,0.02,Energy,2023-09-29,0.25488320938148556,1.0,0.15,1.0389727466498866,0.020779454932997734,0.020568665418946988
2023-10-02,2023-09-29,Equity,Equal Weight + Sentiment Tilt,Equity Equal Weight + Sentiment Tilt,CVX,0.02,Energy,2023-09-29,0.25488320938148556,1.0,0.15,1.0389727466498866,0.020779454932997734,0.020568665418946988
2023-10-02,2023-09-29,Equity,Equal Weight + Sentiment Tilt,Equity Equal Weight + Sentiment Tilt,D,0.02,Utilities,2023-09-29,-0.7384737513186603,1.0,0.15,0.8951436572465297,0.017902873144930595,0.017721264053522746
2023-10-02,2023-09-29,Equity,Equal Weight + Sentiment Tilt,Equity Equal Weight + Sentiment Tilt,DD,0.02,Materials,2023-09-29,0.27149669585012787,0.2,0.15,1.04156511938466,0.0208313023876932,0.020619986926267257
2023-10-02,2023-09-29,Equity,Equal Weight + Sentiment Tilt,Equity Equal Weight + Sentiment Tilt,DIS,0.02,Consumer,2023-09-29,0.37896321128199,1.0,0.15,1.0584911828370605,0.02116982365674121,0.02095507419119781
2023-10-02,2023-09-29,Equity,Equal Weight + Sentiment Tilt,Equity Equal Weight + Sentiment Tilt,DOW,0.02,Materials,2023-09-29,0.27149669585012787,0.2,0.15,1.04156511938466,0.0208313023876932,0.020619986926267257
2023-10-02,2023-09-29,Equity,Equal Weight + Sentiment Tilt,Equity Equal Weight + Sentiment Tilt,DUK,0.02,Utilities,2023-09-29,-0.7384737513186603,1.0,0.15,0.8951436572465297,0.017902873144930595,0.017721264053522746
2023-10-02,2023-09-29,Equity,Equal Weight + Sentiment Tilt,Equity Equal Weight + Sentiment Tilt,EA,0.02,Comm,2023-09-29,-0.007024275121702915,0.8,0.15,0.9989469136168053,0.019978938272336107,0.019776269304201243
2023-10-02,2023-09-29,Equity,Equal Weight + Sentiment Tilt,Equity Equal Weight + Sentiment Tilt,GE,0.02,Industrials,2023-09-29,-0.45907518958874177,0.6,0.15,0.9334561615935595,0.01866912323187119,0.018479741199162028
2023-10-02,2023-09-29,Equity,Equal Weight + Sentiment Tilt,Equity Equal Weight + Sentiment Tilt,GILD,0.02,Healthcare,2023-09-29,0.6373070572501616,1.0,0.15,1.1003145116154762,0.022006290232309524,0.021783055540202084
2023-10-02,2023-09-29,Equity,Equal Weight + Sentiment Tilt,Equity Equal Weight + Sentiment Tilt,GS,0.02,Financials,2023-09-29,-0.10141172214810687,1.0,0.15,0.9849033560369698,0.019698067120739397,0.019498247346375345
2023-10-02,2023-09-29,Equity,Equal Weight + Sentiment Tilt,Equity Equal Weight + Sentiment Tilt,INTC,0.02,Tech,2023-09-29,-1.0097973095437045,1.0,0.15,0.85944401204055,0.017188880240811,0.01701451398699347
2023-10-02,2023-09-29,Equity,Equal Weight + Sentiment Tilt,Equity Equal Weight + Sentiment Tilt,KO,0.02,Consumer,2023-09-29,0.37896321128199,1.0,0.15,1.0584911828370605,0.02116982365674121,0.02095507419119781
2023-10-02,2023-09-29,Equity,Equal Weight + Sentiment Tilt,Equity Equal Weight + Sentiment Tilt,MMM,0.02,Industrials,2023-09-29,-0.45907518958874177,0.6,0.15,0.9334561615935595,0.01866912323187119,0.018479741199162028
2023-10-02,2023-09-29,Equity,Equal Weight + Sentiment Tilt,Equity Equal Weight + Sentiment Tilt,MRK,0.02,Healthcare,2023-09-29,0.6373070572501616,1.0,0.15,1.1003145116154762,0.022006290232309524,0.021783055540202084
2023-10-02,2023-09-29,Equity,Equal Weight + Sentiment Tilt,Equity Equal Weight + Sentiment Tilt,MS,0.02,Financials,2023-09-29,-0.10141172214810687,1.0,0.15,0.9849033560369698,0.019698067120739397,0.019498247346375345
2023-10-02,2023-09-29,Equity,Equal Weight + Sentiment Tilt,Equity Equal Weight + Sentiment Tilt,NEE,0.02,Utilities,2023-09-29,-0.7384737513186603,1.0,0.15,0.8951436572465297,0.017902873144930595,0.017721264053522746
2023-10-02,2023-09-29,Equity,Equal Weight + Sentiment Tilt,Equity Equal Weight + Sentiment Tilt,NEM,0.02,Materials,2023-09-29,0.27149669585012787,0.2,0.15,1.04156511938466,0.0208313023876932,0.020619986926267257
2023-10-02,2023-09-29,Equity,Equal Weight + Sentiment Tilt,Equity Equal Weight + Sentiment Tilt,NKE,0.02,Consumer,2023-09-29,0.37896321128199,1.0,0.15,1.0584911828370605,0.02116982365674121,0.02095507419119781
2023-10-02,2023-09-29,Equity,Equal Weight + Sentiment Tilt,Equity Equal Weight + Sentiment Tilt,NUE,0.02,Materials,2023-09-29,0.27149669585012787,0.2,0.15,1.04156511938466,0.0208313023876932,0.020619986926267257
2023-10-02,2023-09-29,Equity,Equal Weight + Sentiment Tilt,Equity Equal Weight + Sentiment Tilt,NVDA,0.02,Tech,2023-09-29,-1.0097973095437045,1.0,0.15,0.85944401204055,0.017188880240811,0.01701451398699347
2023-10-02,2023-09-29,Equity,Equal Weight + Sentiment Tilt,Equity Equal Weight + Sentiment Tilt,O,0.02,RealEstate,2023-09-29,1.1666499473262515,0.6,0.15,1.1912432290884523,0.023824864581769047,0.02358318203313102
2023-10-02,2023-09-29,Equity,Equal Weight + Sentiment Tilt,Equity Equal Weight + Sentiment Tilt,OXY,0.02,Energy,2023-09-29,0.25488320938148556,1.0,0.15,1.0389727466498866,0.020779454932997734,0.020568665418946988
2023-10-02,2023-09-29,Equity,Equal Weight + Sentiment Tilt,Equity Equal Weight + Sentiment Tilt,PLD,0.02,RealEstate,2023-09-29,1.1666499473262515,0.6,0.15,1.1912432290884523,0.023824864581769047,0.02358318203313102
2023-10-02,2023-09-29,Equity,Equal Weight + Sentiment Tilt,Equity Equal Weight + Sentiment Tilt,PSA,0.02,RealEstate,2023-09-29,1.1666499473262515,0.6,0.15,1.1912432290884523,0.023824864581769047,0.02358318203313102
2023-10-02,2023-09-29,Equity,Equal Weight + Sentiment Tilt,Equity Equal Weight + Sentiment Tilt,QCOM,0.02,Tech,2023-09-29,-1.0097973095437045,1.0,0.15,0.85944401204055,0.017188880240811,0.01701451398699347
2023-10-02,2023-09-29,Equity,Equal Weight + Sentiment Tilt,Equity Equal Weight + Sentiment Tilt,SBUX,0.02,Consumer,2023-09-29,0.37896321128199,1.0,0.15,1.0584911828370605,0.02116982365674121,0.02095507419119781
2023-10-02,2023-09-29,Equity,Equal Weight + Sentiment Tilt,Equity Equal Weight + Sentiment Tilt,SHW,0.02,Materials,2023-09-29,0.27149669585012787,0.2,0.15,1.04156511938466,0.0208313023876932,0.020619986926267257
2023-10-02,2023-09-29,Equity,Equal Weight + Sentiment Tilt,Equity Equal Weight + Sentiment Tilt,SLB,0.02,Energy,2023-09-29,0.25488320938148556,1.0,0.15,1.0389727466498866,0.020779454932997734,0.020568665418946988
2023-10-02,2023-09-29,Equity,Equal Weight + Sentiment Tilt,Equity Equal Weight + Sentiment Tilt,SO,0.02,Utilities,2023-09-29,-0.7384737513186603,1.0,0.15,0.8951436572465297,0.017902873144930595,0.017721264053522746
2023-10-02,2023-09-29,Equity,Equal Weight + Sentiment Tilt,Equity Equal Weight + Sentiment Tilt,T,0.02,Comm,2023-09-29,-0.007024275121702915,0.8,0.15,0.9989469136168053,0.019978938272336107,0.019776269304201243
2023-10-02,2023-09-29,Equity,Equal Weight + Sentiment Tilt,Equity Equal Weight + Sentiment Tilt,TMUS,0.02,Comm,2023-09-29,-0.007024275121702915,0.8,0.15,0.9989469136168053,0.019978938272336107,0.019776269304201243
2023-10-02,2023-09-29,Equity,Equal Weight + Sentiment Tilt,Equity Equal Weight + Sentiment Tilt,TTWO,0.02,Comm,2023-09-29,-0.007024275121702915,0.8,0.15,0.9989469136168053,0.019978938272336107,0.019776269304201243
2023-10-02,2023-09-29,Equity,Equal Weight + Sentiment Tilt,Equity Equal Weight + Sentiment Tilt,UPS,0.02,Industrials,2023-09-29,-0.45907518958874177,0.6,0.15,0.9334561615935595,0.01866912323187119,0.018479741199162028
2023-10-02,2023-09-29,Equity,Equal Weight + Sentiment Tilt,Equity Equal Weight + Sentiment Tilt,USB,0.02,Financials,2023-09-29,-0.10141172214810687,1.0,0.15,0.9849033560369698,0.019698067120739397,0.019498247346375345
2023-10-02,2023-09-29,Equity,Equal Weight + Sentiment Tilt,Equity Equal Weight + Sentiment Tilt,V,0.02,Financials,2023-09-29,-0.10141172214810687,1.0,0.15,0.9849033560369698,0.019698067120739397,0.019498247346375345
2023-10-02,2023-09-29,Equity,Equal Weight + Sentiment Tilt,Equity Equal Weight + Sentiment Tilt,WFC,0.02,Financials,2023-09-29,-0.10141172214810687,1.0,0.15,0.9849033560369698,0.019698067120739397,0.019498247346375345
2023-10-02,2023-09-29,Equity,Equal Weight + Sentiment Tilt,Equity Equal Weight + Sentiment Tilt,WMT,0.02,Consumer,2023-09-29,0.37896321128199,1.0,0.15,1.0584911828370605,0.02116982365674121,0.02095507419119781
2023-10-02,2023-09-29,Equity,Equal Weight + Sentiment Tilt,Equity Equal Weight + Sentiment Tilt,XOM,0.02,Energy,2023-09-29,0.25488320938148556,1.0,0.15,1.0389727466498866,0.020779454932997734,0.020568665418946988
2023-11-01,2023-10-31,Equity,Equal Weight + Sentiment Tilt,Equity Equal Weight + Sentiment Tilt,ABBV,0.02,Healthcare,2023-10-31,-0.5370766413109308,1.0,0.15,0.9225981655609795,0.01845196331121959,0.018077326642008583
2023-11-01,2023-10-31,Equity,Equal Weight + Sentiment Tilt,Equity Equal Weight + Sentiment Tilt,ABT,0.02,Healthcare,2023-10-31,-0.5370766413109308,1.0,0.15,0.9225981655609795,0.01845196331121959,0.018077326642008583
2023-11-01,2023-10-31,Equity,Equal Weight + Sentiment Tilt,Equity Equal Weight + Sentiment Tilt,ADBE,0.02,Tech,2023-10-31,-0.6652125427397769,1.0,0.15,0.9050348014225966,0.01810069602845193,0.017733191261824908
2023-11-01,2023-10-31,Equity,Equal Weight + Sentiment Tilt,Equity Equal Weight + Sentiment Tilt,AEP,0.02,Utilities,2023-10-31,-0.03675012150587592,0.8,0.15,0.9945026478222114,0.019890052956444228,0.019486218249841383
2023-11-01,2023-10-31,Equity,Equal Weight + Sentiment Tilt,Equity Equal Weight + Sentiment Tilt,AMD,0.02,Tech,2023-10-31,-0.6652125427397769,1.0,0.15,0.9050348014225966,0.01810069602845193,0.017733191261824908
2023-11-01,2023-10-31,Equity,Equal Weight + Sentiment Tilt,Equity Equal Weight + Sentiment Tilt,AMGN,0.02,Healthcare,2023-10-31,-0.5370766413109308,1.0,0.15,0.9225981655609795,0.01845196331121959,0.018077326642008583
2023-11-01,2023-10-31,Equity,Equal Weight + Sentiment Tilt,Equity Equal Weight + Sentiment Tilt,AMT,0.02,RealEstate,2023-10-31,0.5345109231160978,0.6,0.15,1.083478434743258,0.021669568694865162,0.021229603857402732
2023-11-01,2023-10-31,Equity,Equal Weight + Sentiment Tilt,Equity Equal Weight + Sentiment Tilt,BA,0.02,Industrials,2023-10-31,0.4858287803531033,1.0,0.15,1.075595344426482,0.021511906888529643,0.02107514311390216
2023-11-01,2023-10-31,Equity,Equal Weight + Sentiment Tilt,Equity Equal Weight + Sentiment Tilt,CAT,0.02,Industrials,2023-10-31,0.4858287803531033,1.0,0.15,1.075595344426482,0.021511906888529643,0.02107514311390216
2023-11-01,2023-10-31,Equity,Equal Weight + Sentiment Tilt,Equity Equal Weight + Sentiment Tilt,CCI,0.02,RealEstate,2023-10-31,0.5345109231160978,0.6,0.15,1.083478434743258,0.021669568694865162,0.021229603857402732
2023-11-01,2023-10-31,Equity,Equal Weight + Sentiment Tilt,Equity Equal Weight + Sentiment Tilt,CMCSA,0.02,Comm,2023-10-31,0.7403280776928257,1.0,0.15,1.117449897058979,0.02234899794117958,0.02189523841393208
2023-11-01,2023-10-31,Equity,Equal Weight + Sentiment Tilt,Equity Equal Weight + Sentiment Tilt,COP,0.02,Energy,2023-10-31,-0.2440794460418931,1.0,0.15,0.9640501943432912,0.019281003886865825,0.01888953491668704
2023-11-01,2023-10-31,Equity,Equal Weight + Sentiment Tilt,Equity Equal Weight + Sentiment Tilt,CVX,0.02,Energy,2023-10-31,-0.2440794460418931,1.0,0.15,0.9640501943432912,0.019281003886865825,0.01888953491668704
2023-11-01,2023-10-31,Equity,Equal Weight + Sentiment Tilt,Equity Equal Weight + Sentiment Tilt,D,0.02,Utilities,2023-10-31,-0.03675012150587592,0.8,0.15,0.9945026478222114,0.019890052956444228,0.019486218249841383
2023-11-01,2023-10-31,Equity,Equal Weight + Sentiment Tilt,Equity Equal Weight + Sentiment Tilt,DD,0.02,Materials,2023-10-31,0.4105322479421899,0.6,0.15,1.0635154012220465,0.02127030802444093,0.020838449516109546
2023-11-01,2023-10-31,Equity,Equal Weight + Sentiment Tilt,Equity Equal Weight + Sentiment Tilt,DIS,0.02,Consumer,2023-10-31,0.4277482155669438,1.0,0.15,1.0662653674509042,0.021325307349018083,0.020892332170150296
2023-11-01,2023-10-31,Equity,Equal Weight + Sentiment Tilt,Equity Equal Weight + Sentiment Tilt,DOW,0.02,Materials,2023-10-31,0.4105322479421899,0.6,0.15,1.0635154012220465,0.02127030802444093,0.020838449516109546
2023-11-01,2023-10-31,Equity,Equal Weight + Sentiment Tilt,Equity Equal Weight + Sentiment Tilt,DUK,0.02,Utilities,2023-10-31,-0.03675012150587592,0.8,0.15,0.9945026478222114,0.019890052956444228,0.019486218249841383
2023-11-01,2023-10-31,Equity,Equal Weight + Sentiment Tilt,Equity Equal Weight + Sentiment Tilt,EA,0.02,Comm,2023-10-31,0.7403280776928257,1.0,0.15,1.117449897058979,0.02234899794117958,0.02189523841393208
2023-11-01,2023-10-31,Equity,Equal Weight + Sentiment Tilt,Equity Equal Weight + Sentiment Tilt,GE,0.02,Industrials,2023-10-31,0.4858287803531033,1.0,0.15,1.075595344426482,0.021511906888529643,0.02107514311390216
2023-11-01,2023-10-31,Equity,Equal Weight + Sentiment Tilt,Equity Equal Weight + Sentiment Tilt,GILD,0.02,Healthcare,2023-10-31,-0.5370766413109308,1.0,0.15,0.9225981655609795,0.01845196331121959,0.018077326642008583
2023-11-01,2023-10-31,Equity,Equal Weight + Sentiment Tilt,Equity Equal Weight + Sentiment Tilt,GS,0.02,Financials,2023-10-31,0.0976213296792595,0.8,0.15,1.0147509363254974,0.020295018726509947,0.019882961858141278
2023-11-01,2023-10-31,Equity,Equal Weight + Sentiment Tilt,Equity Equal Weight + Sentiment Tilt,INTC,0.02,Tech,2023-10-31,-0.6652125427397769,1.0,0.15,0.9050348014225966,0.01810069602845193,0.017733191261824908
2023-11-01,2023-10-31,Equity,Equal Weight + Sentiment Tilt,Equity Equal Weight + Sentiment Tilt,KO,0.02,Consumer,2023-10-31,0.4277482155669438,1.0,0.15,1.0662653674509042,0.021325307349018083,0.020892332170150296
2023-11-01,2023-10-31,Equity,Equal Weight + Sentiment Tilt,Equity Equal Weight + Sentiment Tilt,MMM,0.02,Industrials,2023-10-31,0.4858287803531033,1.0,0.15,1.075595344426482,0.021511906888529643,0.02107514311390216
2023-11-01,2023-10-31,Equity,Equal Weight + Sentiment Tilt,Equity Equal Weight + Sentiment Tilt,MRK,0.02,Healthcare,2023-10-31,-0.5370766413109308,1.0,0.15,0.9225981655609795,0.01845196331121959,0.018077326642008583
2023-11-01,2023-10-31,Equity,Equal Weight + Sentiment Tilt,Equity Equal Weight + Sentiment Tilt,MS,0.02,Financials,2023-10-31,0.0976213296792595,0.8,0.15,1.0147509363254974,0.020295018726509947,0.019882961858141278
2023-11-01,2023-10-31,Equity,Equal Weight + Sentiment Tilt,Equity Equal Weight + Sentiment Tilt,NEE,0.02,Utilities,2023-10-31,-0.03675012150587592,0.8,0.15,0.9945026478222114,0.019890052956444228,0.019486218249841383
2023-11-01,2023-10-31,Equity,Equal Weight + Sentiment Tilt,Equity Equal Weight + Sentiment Tilt,NEM,0.02,Materials,2023-10-31,0.4105322479421899,0.6,0.15,1.0635154012220465,0.02127030802444093,0.020838449516109546
2023-11-01,2023-10-31,Equity,Equal Weight + Sentiment Tilt,Equity Equal Weight + Sentiment Tilt,NKE,0.02,Consumer,2023-10-31,0.4277482155669438,1.0,0.15,1.0662653674509042,0.021325307349018083,0.020892332170150296
2023-11-01,2023-10-31,Equity,Equal Weight + Sentiment Tilt,Equity Equal Weight + Sentiment Tilt,NUE,0.02,Materials,2023-10-31,0.4105322479421899,0.6,0.15,1.0635154012220465,0.02127030802444093,0.020838449516109546
2023-11-01,2023-10-31,Equity,Equal Weight + Sentiment Tilt,Equity Equal Weight + Sentiment Tilt,NVDA,0.02,Tech,2023-10-31,-0.6652125427397769,1.0,0.15,0.9050348014225966,0.01810069602845193,0.017733191261824908
2023-11-01,2023-10-31,Equity,Equal Weight + Sentiment Tilt,Equity Equal Weight + Sentiment Tilt,O,0.02,RealEstate,2023-10-31,0.5345109231160978,0.6,0.15,1.083478434743258,0.021669568694865162,0.021229603857402732
2023-11-01,2023-10-31,Equity,Equal Weight + Sentiment Tilt,Equity Equal Weight + Sentiment Tilt,OXY,0.02,Energy,2023-10-31,-0.2440794460418931,1.0,0.15,0.9640501943432912,0.019281003886865825,0.01888953491668704
2023-11-01,2023-10-31,Equity,Equal Weight + Sentiment Tilt,Equity Equal Weight + Sentiment Tilt,PLD,0.02,RealEstate,2023-10-31,0.5345109231160978,0.6,0.15,1.083478434743258,0.021669568694865162,0.021229603857402732
2023-11-01,2023-10-31,Equity,Equal Weight + Sentiment Tilt,Equity Equal Weight + Sentiment Tilt,PSA,0.02,RealEstate,2023-10-31,0.5345109231160978,0.6,0.15,1.083478434743258,0.021669568694865162,0.021229603857402732
2023-11-01,2023-10-31,Equity,Equal Weight + Sentiment Tilt,Equity Equal Weight + Sentiment Tilt,QCOM,0.02,Tech,2023-10-31,-0.6652125427397769,1.0,0.15,0.9050348014225966,0.01810069602845193,0.017733191261824908
2023-11-01,2023-10-31,Equity,Equal Weight + Sentiment Tilt,Equity Equal Weight + Sentiment Tilt,SBUX,0.02,Consumer,2023-10-31,0.4277482155669438,1.0,0.15,1.0662653674509042,0.021325307349018083,0.020892332170150296
2023-11-01,2023-10-31,Equity,Equal Weight + Sentiment Tilt,Equity Equal Weight + Sentiment Tilt,SHW,0.02,Materials,2023-10-31,0.4105322479421899,0.6,0.15,1.0635154012220465,0.02127030802444093,0.020838449516109546
2023-11-01,2023-10-31,Equity,Equal Weight + Sentiment Tilt,Equity Equal Weight + Sentiment Tilt,SLB,0.02,Energy,2023-10-31,-0.2440794460418931,1.0,0.15,0.9640501943432912,0.019281003886865825,0.01888953491668704
2023-11-01,2023-10-31,Equity,Equal Weight + Sentiment Tilt,Equity Equal Weight + Sentiment Tilt,SO,0.02,Utilities,2023-10-31,-0.03675012150587592,0.8,0.15,0.9945026478222114,0.019890052956444228,0.019486218249841383
2023-11-01,2023-10-31,Equity,Equal Weight + Sentiment Tilt,Equity Equal Weight + Sentiment Tilt,T,0.02,Comm,2023-10-31,0.7403280776928257,1.0,0.15,1.117449897058979,0.02234899794117958,0.02189523841393208
2023-11-01,2023-10-31,Equity,Equal Weight + Sentiment Tilt,Equity Equal Weight + Sentiment Tilt,TMUS,0.02,Comm,2023-10-31,0.7403280776928257,1.0,0.15,1.117449897058979,0.02234899794117958,0.02189523841393208
2023-11-01,2023-10-31,Equity,Equal Weight + Sentiment Tilt,Equity Equal Weight + Sentiment Tilt,TTWO,0.02,Comm,2023-10-31,0.7403280776928257,1.0,0.15,1.117449897058979,0.02234899794117958,0.02189523841393208
2023-11-01,2023-10-31,Equity,Equal Weight + Sentiment Tilt,Equity Equal Weight + Sentiment Tilt,UPS,0.02,Industrials,2023-10-31,0.4858287803531033,1.0,0.15,1.075595344426482,0.021511906888529643,0.02107514311390216
2023-11-01,2023-10-31,Equity,Equal Weight + Sentiment Tilt,Equity Equal Weight + Sentiment Tilt,USB,0.02,Financials,2023-10-31,0.0976213296792595,0.8,0.15,1.0147509363254974,0.020295018726509947,0.019882961858141278
2023-11-01,2023-10-31,Equity,Equal Weight + Sentiment Tilt,Equity Equal Weight + Sentiment Tilt,V,0.02,Financials,2023-10-31,0.0976213296792595,0.8,0.15,1.0147509363254974,0.020295018726509947,0.019882961858141278
2023-11-01,2023-10-31,Equity,Equal Weight + Sentiment Tilt,Equity Equal Weight + Sentiment Tilt,WFC,0.02,Financials,2023-10-31,0.0976213296792595,0.8,0.15,1.0147509363254974,0.020295018726509947,0.019882961858141278
2023-11-01,2023-10-31,Equity,Equal Weight + Sentiment Tilt,Equity Equal Weight + Sentiment Tilt,WMT,0.02,Consumer,2023-10-31,0.4277482155669438,1.0,0.15,1.0662653674509042,0.021325307349018083,0.020892332170150296
2023-11-01,2023-10-31,Equity,Equal Weight + Sentiment Tilt,Equity Equal Weight + Sentiment Tilt,XOM,0.02,Energy,2023-10-31,-0.2440794460418931,1.0,0.15,0.9640501943432912,0.019281003886865825,0.01888953491668704
2023-12-01,2023-11-30,Equity,Equal Weight + Sentiment Tilt,Equity Equal Weight + Sentiment Tilt,ABBV,0.02,Healthcare,2023-11-30,-0.17527306691540023,1.0,0.15,0.9740516382732296,0.019481032765464593,0.019647773256485992
2023-12-01,2023-11-30,Equity,Equal Weight + Sentiment Tilt,Equity Equal Weight + Sentiment Tilt,ABT,0.02,Healthcare,2023-11-30,-0.17527306691540023,1.0,0.15,0.9740516382732296,0.019481032765464593,0.019647773256485992
2023-12-01,2023-11-30,Equity,Equal Weight + Sentiment Tilt,Equity Equal Weight + Sentiment Tilt,ADBE,0.02,Tech,2023-11-30,0.9556191032374606,1.0,0.15,1.1541254436168407,0.023082508872336812,0.023280074828398563
2023-12-01,2023-11-30,Equity,Equal Weight + Sentiment Tilt,Equity Equal Weight + Sentiment Tilt,AEP,0.02,Utilities,2023-11-30,-0.0746925498409057,0.6,0.15,0.9888586472719479,0.01977717294543896,0.019946448135704214
2023-12-01,2023-11-30,Equity,Equal Weight + Sentiment Tilt,Equity Equal Weight + Sentiment Tilt,AMD,0.02,Tech,2023-11-30,0.9556191032374606,1.0,0.15,1.1541254436168407,0.023082508872336812,0.023280074828398563
2023-12-01,2023-11-30,Equity,Equal Weight + Sentiment Tilt,Equity Equal Weight + Sentiment Tilt,AMGN,0.02,Healthcare,2023-11-30,-0.17527306691540023,1.0,0.15,0.9740516382732296,0.019481032765464593,0.019647773256485992
2023-12-01,2023-11-30,Equity,Equal Weight + Sentiment Tilt,Equity Equal Weight + Sentiment Tilt,AMT,0.02,RealEstate,2023-11-30,-0.10198676228309034,0.8,0.15,0.9848184058569345,0.01969636811713869,0.01986495168920742
2023-12-01,2023-11-30,Equity,Equal Weight + Sentiment Tilt,Equity Equal Weight + Sentiment Tilt,BA,0.02,Industrials,2023-11-30,0.06636270658267014,1.0,0.15,1.0100041158939612,0.020200082317879224,0.02037297724007898
2023-12-01,2023-11-30,Equity,Equal Weight + Sentiment Tilt,Equity Equal Weight + Sentiment Tilt,CAT,0.02,Industrials,2023-11-30,0.06636270658267014,1.0,0.15,1.0100041158939612,0.020200082317879224,0.02037297724007898
2023-12-01,2023-11-30,Equity,Equal Weight + Sentiment Tilt,Equity Equal Weight + Sentiment Tilt,CCI,0.02,RealEstate,2023-11-30,-0.10198676228309034,0.8,0.15,0.9848184058569345,0.01969636811713869,0.01986495168920742
2023-12-01,2023-11-30,Equity,Equal Weight + Sentiment Tilt,Equity Equal Weight + Sentiment Tilt,CMCSA,0.02,Comm,2023-11-30,-0.5852630094827601,0.8,0.15,0.9159537091729153,0.018319074183458305,0.018475869331907636
2023-12-01,2023-11-30,Equity,Equal Weight + Sentiment Tilt,Equity Equal Weight + Sentiment Tilt,COP,0.02,Energy,2023-11-30,-0.5149498437525101,0.8,0.15,0.9256653742337838,0.018513307484675678,0.018671765099196883
2023-12-01,2023-11-30,Equity,Equal Weight + Sentiment Tilt,Equity Equal Weight + Sentiment Tilt,CVX,0.02,Energy,2023-11-30,-0.5149498437525101,0.8,0.15,0.9256653742337838,0.018513307484675678,0.018671765099196883
2023-12-01,2023-11-30,Equity,Equal Weight + Sentiment Tilt,Equity Equal Weight + Sentiment Tilt,D,0.02,Utilities,2023-11-30,-0.0746925498409057,0.6,0.15,0.9888586472719479,0.01977717294543896,0.019946448135704214
2023-12-01,2023-11-30,Equity,Equal Weight + Sentiment Tilt,Equity Equal Weight + Sentiment Tilt,DD,0.02,Materials,2023-11-30,0.09617632142816074,0.8,0.15,1.0145310116394624,0.02029062023278925,0.020464290079838722
2023-12-01,2023-11-30,Equity,Equal Weight + Sentiment Tilt,Equity Equal Weight + Sentiment Tilt,DIS,0.02,Consumer,2023-11-30,-0.32333637278575506,1.0,0.15,0.9526569049724354,0.019053138099448707,0.01921621618881123
2023-12-01,2023-11-30,Equity,Equal Weight + Sentiment Tilt,Equity Equal Weight + Sentiment Tilt,DOW,0.02,Materials,2023-11-30,0.09617632142816074,0.8,0.15,1.0145310116394624,0.02029062023278925,0.020464290079838722
2023-12-01,2023-11-30,Equity,Equal Weight + Sentiment Tilt,Equity Equal Weight + Sentiment Tilt,DUK,0.02,Utilities,2023-11-30,-0.0746925498409057,0.6,0.15,0.9888586472719479,0.01977717294543896,0.019946448135704214
2023-12-01,2023-11-30,Equity,Equal Weight + Sentiment Tilt,Equity Equal Weight + Sentiment Tilt,EA,0.02,Comm,2023-11-30,-0.5852630094827601,0.8,0.15,0.9159537091729153,0.018319074183458305,0.018475869331907636
2023-12-01,2023-11-30,Equity,Equal Weight + Sentiment Tilt,Equity Equal Weight + Sentiment Tilt,GE,0.02,Industrials,2023-11-30,0.06636270658267014,1.0,0.15,1.0100041158939612,0.020200082317879224,0.02037297724007898
2023-12-01,2023-11-30,Equity,Equal Weight + Sentiment Tilt,Equity Equal Weight + Sentiment Tilt,GILD,0.02,Healthcare,2023-11-30,-0.17527306691540023,1.0,0.15,0.9740516382732296,0.019481032765464593,0.019647773256485992
2023-12-01,2023-11-30,Equity,Equal Weight + Sentiment Tilt,Equity Equal Weight + Sentiment Tilt,GS,0.02,Financials,2023-11-30,-0.036969513676266455,1.0,0.15,0.9944699204465693,0.019889398408931388,0.020059634150370344
2023-12-01,2023-11-30,Equity,Equal Weight + Sentiment Tilt,Equity Equal Weight + Sentiment Tilt,INTC,0.02,Tech,2023-11-30,0.9556191032374606,1.0,0.15,1.1541254436168407,0.023082508872336812,0.023280074828398563
2023-12-01,2023-11-30,Equity,Equal Weight + Sentiment Tilt,Equity Equal Weight + Sentiment Tilt,KO,0.02,Consumer,2023-11-30,-0.32333637278575506,1.0,0.15,0.9526569049724354,0.019053138099448707,0.01921621618881123
2023-12-01,2023-11-30,Equity,Equal Weight + Sentiment Tilt,Equity Equal Weight + Sentiment Tilt,MMM,0.02,Industrials,2023-11-30,0.06636270658267014,1.0,0.15,1.0100041158939612,0.020200082317879224,0.02037297724007898
2023-12-01,2023-11-30,Equity,Equal Weight + Sentiment Tilt,Equity Equal Weight + Sentiment Tilt,MRK,0.02,Healthcare,2023-11-30,-0.17527306691540023,1.0,0.15,0.9740516382732296,0.019481032765464593,0.019647773256485992
2023-12-01,2023-11-30,Equity,Equal Weight + Sentiment Tilt,Equity Equal Weight + Sentiment Tilt,MS,0.02,Financials,2023-11-30,-0.036969513676266455,1.0,0.15,0.9944699204465693,0.019889398408931388,0.020059634150370344
2023-12-01,2023-11-30,Equity,Equal Weight + Sentiment Tilt,Equity Equal Weight + Sentiment Tilt,NEE,0.02,Utilities,2023-11-30,-0.0746925498409057,0.6,0.15,0.9888586472719479,0.01977717294543896,0.019946448135704214
2023-12-01,2023-11-30,Equity,Equal Weight + Sentiment Tilt,Equity Equal Weight + Sentiment Tilt,NEM,0.02,Materials,2023-11-30,0.09617632142816074,0.8,0.15,1.0145310116394624,0.02029062023278925,0.020464290079838722
2023-12-01,2023-11-30,Equity,Equal Weight + Sentiment Tilt,Equity Equal Weight + Sentiment Tilt,NKE,0.02,Consumer,2023-11-30,-0.32333637278575506,1.0,0.15,0.9526569049724354,0.019053138099448707,0.01921621618881123
2023-12-01,2023-11-30,Equity,Equal Weight + Sentiment Tilt,Equity Equal Weight + Sentiment Tilt,NUE,0.02,Materials,2023-11-30,0.09617632142816074,0.8,0.15,1.0145310116394624,0.02029062023278925,0.020464290079838722
2023-12-01,2023-11-30,Equity,Equal Weight + Sentiment Tilt,Equity Equal Weight + Sentiment Tilt,NVDA,0.02,Tech,2023-11-30,0.9556191032374606,1.0,0.15,1.1541254436168407,0.023082508872336812,0.023280074828398563
2023-12-01,2023-11-30,Equity,Equal Weight + Sentiment Tilt,Equity Equal Weight + Sentiment Tilt,O,0.02,RealEstate,2023-11-30,-0.10198676228309034,0.8,0.15,0.9848184058569345,0.01969636811713869,0.01986495168920742
2023-12-01,2023-11-30,Equity,Equal Weight + Sentiment Tilt,Equity Equal Weight + Sentiment Tilt,OXY,0.02,Energy,2023-11-30,-0.5149498437525101,0.8,0.15,0.9256653742337838,0.018513307484675678,0.018671765099196883
2023-12-01,2023-11-30,Equity,Equal Weight + Sentiment Tilt,Equity Equal Weight + Sentiment Tilt,PLD,0.02,RealEstate,2023-11-30,-0.10198676228309034,0.8,0.15,0.9848184058569345,0.01969636811713869,0.01986495168920742
2023-12-01,2023-11-30,Equity,Equal Weight + Sentiment Tilt,Equity Equal Weight + Sentiment Tilt,PSA,0.02,RealEstate,2023-11-30,-0.10198676228309034,0.8,0.15,0.9848184058569345,0.01969636811713869,0.01986495168920742
2023-12-01,2023-11-30,Equity,Equal Weight + Sentiment Tilt,Equity Equal Weight + Sentiment Tilt,QCOM,0.02,Tech,2023-11-30,0.9556191032374606,1.0,0.15,1.1541254436168407,0.023082508872336812,0.023280074828398563
2023-12-01,2023-11-30,Equity,Equal Weight + Sentiment Tilt,Equity Equal Weight + Sentiment Tilt,SBUX,0.02,Consumer,2023-11-30,-0.32333637278575506,1.0,0.15,0.9526569049724354,0.019053138099448707,0.01921621618881123
2023-12-01,2023-11-30,Equity,Equal Weight + Sentiment Tilt,Equity Equal Weight + Sentiment Tilt,SHW,0.02,Materials,2023-11-30,0.09617632142816074,0.8,0.15,1.0145310116394624,0.02029062023278925,0.020464290079838722
2023-12-01,2023-11-30,Equity,Equal Weight + Sentiment Tilt,Equity Equal Weight + Sentiment Tilt,SLB,0.02,Energy,2023-11-30,-0.5149498437525101,0.8,0.15,0.9256653742337838,0.018513307484675678,0.018671765099196883
2023-12-01,2023-11-30,Equity,Equal Weight + Sentiment Tilt,Equity Equal Weight + Sentiment Tilt,SO,0.02,Utilities,2023-11-30,-0.0746925498409057,0.6,0.15,0.9888586472719479,0.01977717294543896,0.019946448135704214
2023-12-01,2023-11-30,Equity,Equal Weight + Sentiment Tilt,Equity Equal Weight + Sentiment Tilt,T,0.02,Comm,2023-11-30,-0.5852630094827601,0.8,0.15,0.9159537091729153,0.018319074183458305,0.018475869331907636
2023-12-01,2023-11-30,Equity,Equal Weight + Sentiment Tilt,Equity Equal Weight + Sentiment Tilt,TMUS,0.02,Comm,2023-11-30,-0.5852630094827601,0.8,0.15,0.9159537091729153,0.018319074183458305,0.018475869331907636
2023-12-01,2023-11-30,Equity,Equal Weight + Sentiment Tilt,Equity Equal Weight + Sentiment Tilt,TTWO,0.02,Comm,2023-11-30,-0.5852630094827601,0.8,0.15,0.9159537091729153,0.018319074183458305,0.018475869331907636
2023-12-01,2023-11-30,Equity,Equal Weight + Sentiment Tilt,Equity Equal Weight + Sentiment Tilt,UPS,0.02,Industrials,2023-11-30,0.06636270658267014,1.0,0.15,1.0100041158939612,0.020200082317879224,0.02037297724007898
2023-12-01,2023-11-30,Equity,Equal Weight + Sentiment Tilt,Equity Equal Weight + Sentiment Tilt,USB,0.02,Financials,2023-11-30,-0.036969513676266455,1.0,0.15,0.9944699204465693,0.019889398408931388,0.020059634150370344
2023-12-01,2023-11-30,Equity,Equal Weight + Sentiment Tilt,Equity Equal Weight + Sentiment Tilt,V,0.02,Financials,2023-11-30,-0.036969513676266455,1.0,0.15,0.9944699204465693,0.019889398408931388,0.020059634150370344
2023-12-01,2023-11-30,Equity,Equal Weight + Sentiment Tilt,Equity Equal Weight + Sentiment Tilt,WFC,0.02,Financials,2023-11-30,-0.036969513676266455,1.0,0.15,0.9944699204465693,0.019889398408931388,0.020059634150370344
2023-12-01,2023-11-30,Equity,Equal Weight + Sentiment Tilt,Equity Equal Weight + Sentiment Tilt,WMT,0.02,Consumer,2023-11-30,-0.32333637278575506,1.0,0.15,0.9526569049724354,0.019053138099448707,0.01921621618881123
2023-12-01,2023-11-30,Equity,Equal Weight + Sentiment Tilt,Equity Equal Weight + Sentiment Tilt,XOM,0.02,Energy,2023-11-30,-0.5149498437525101,0.8,0.15,0.9256653742337838,0.018513307484675678,0.018671765099196883
2021-01-04,2020-12-31,Equity,Risk Parity + Sentiment Tilt,Equity Risk Parity + Sentiment Tilt,ABBV,0.02719023847617962,Healthcare,2020-12-31,0.512289789530215,0.6,0.15,1.079873028941188,0.029362005180905315,0.027903348940635807
2021-01-04,2020-12-31,Equity,Risk Parity + Sentiment Tilt,Equity Risk Parity + Sentiment Tilt,ABT,0.022295545606279936,Healthcare,2020-12-31,0.512289789530215,0.6,0.15,1.079873028941188,0.02407635836574991,0.02288028438657887
2021-01-04,2020-12-31,Equity,Risk Parity + Sentiment Tilt,Equity Risk Parity + Sentiment Tilt,ADBE,0.019186515488673755,Tech,2020-12-31,0.4967434254325954,0.6,0.15,1.0773577479485232,0.020670741117857015,0.0196438526156315
2021-01-04,2020-12-31,Equity,Risk Parity + Sentiment Tilt,Equity Risk Parity + Sentiment Tilt,AEP,0.024106707267734017,Utilities,2020-12-31,-0.2213737541315716,0.2,0.15,0.9673392061153833,0.023319363070425765,0.0221608953754501
2021-01-04,2020-12-31,Equity,Risk Parity + Sentiment Tilt,Equity Risk Parity + Sentiment Tilt,AMD,0.01720183249323058,Tech,2020-12-31,0.4967434254325954,0.6,0.15,1.0773577479485232,0.01853252751549463,0.017611861956657985
2021-01-04,2020-12-31,Equity,Risk Parity + Sentiment Tilt,Equity Risk Parity + Sentiment Tilt,AMGN,0.02369919344755897,Healthcare,2020-12-31,0.512289789530215,0.6,0.15,1.079873028941188,0.02559211981167866,0.024320745290932148
2021-01-04,2020-12-31,Equity,Risk Parity + Sentiment Tilt,Equity Risk Parity + Sentiment Tilt,AMT,0.0187680478574664,RealEstate,2020-12-31,-0.6545526795740739,0.2,0.15,0.9064830910782433,0.017012918035340545,0.01616774418210584
2021-01-04,2020-12-31,Equity,Risk Parity + Sentiment Tilt,Equity Risk Parity + Sentiment Tilt,BA,0.011043556913138219,Industrials,2020-12-31,-0.6944245468445625,0.8,0.15,0.9010777951100916,0.009951103913463395,0.00945674939879342
2021-01-04,2020-12-31,Equity,Risk Parity + Sentiment Tilt,Equity Risk Parity + Sentiment Tilt,CAT,0.018534810608285032,Industrials,2020-12-31,-0.6944245468445625,0.8,0.15,0.9010777951100916,0.01670130627569661,0.01587161278338908
2021-01-04,2020-12-31,Equity,Risk Parity + Sentiment Tilt,Equity Risk Parity + Sentiment Tilt,CCI,0.019866459899090565,RealEstate,2020-12-31,-0.6545526795740739,0.2,0.15,0.9064830910782433,0.01800860997810958,0.017113971782887406
2021-01-04,2020-12-31,Equity,Risk Parity + Sentiment Tilt,Equity Risk Parity + Sentiment Tilt,CMCSA,0.020972498374467883,Comm,2020-12-31,0.17690082834960463,0.6,0.15,1.026890315382912,0.021536455470124935,0.020466559699341084
2021-01-04,2020-12-31,Equity,Risk Parity + Sentiment Tilt,Equity Risk Parity + Sentiment Tilt,COP,0.012546137593551094,Energy,2020-12-31,-0.22843375174027358,0.8,0.15,0.9663153364775635,0.012123525170206135,0.011521248332005523
2021-01-04,2020-12-31,Equity,Risk Parity + Sentiment Tilt,Equity Risk Parity + Sentiment Tilt,CVX,0.013545867542175264,Energy,2020-12-31,-0.22843375174027358,0.8,0.15,0.9663153364775635,0.013089579551897598,0.0124393107171146
2021-01-04,2020-12-31,Equity,Risk Parity + Sentiment Tilt,Equity Risk Parity + Sentiment Tilt,D,0.01941693159744063,Utilities,2020-12-31,-0.2213737541315716,0.2,0.15,0.9673392061153833,0.01878275919666492,0.017849662538487365
2021-01-04,2020-12-31,Equity,Risk Parity + Sentiment Tilt,Equity Risk Parity + Sentiment Tilt,DD,0.01599686537851386,Materials,2020-12-31,0.24218752468951768,0.2,0.15,1.0369960588434,0.01658868635136731,0.015764587632113917
2021-01-04,2020-12-31,Equity,Risk Parity + Sentiment Tilt,Equity Risk Parity + Sentiment Tilt,DIS,0.018290936860541934,Consumer,2020-12-31,2.5894258150511806,1.0,0.15,1.474639970583728,0.026972546593978384,0.025632594735688657
2021-01-04,2020-12-31,Equity,Risk Parity + Sentiment Tilt,Equity Risk Parity + Sentiment Tilt,DOW,0.013673936879244772,Materials,2020-12-31,0.24218752468951768,0.2,0.15,1.0369960588434,0.014179818652650248,0.01347538852820394
2021-01-04,2020-12-31,Equity,Risk Parity + Sentiment Tilt,Equity Risk Parity + Sentiment Tilt,DUK,0.019391196858988404,Utilities,2020-12-31,-0.2213737541315716,0.2,0.15,0.9673392061153833,0.018757864975200957,0.017826005021099343
2021-01-04,2020-12-31,Equity,Risk Parity + Sentiment Tilt,Equity Risk Parity + Sentiment Tilt,EA,0.032916734203165425,Comm,2020-12-31,0.17690082834960463,0.6,0.15,1.026890315382912,0.03380187556726403,0.03212265385113044
2021-01-04,2020-12-31,Equity,Risk Parity + Sentiment Tilt,Equity Risk Parity + Sentiment Tilt,GE,0.014794346141454567,Industrials,2020-12-31,-0.6944245468445625,0.8,0.15,0.9010777951100916,0.013330856801237372,0.012668601708594391
2021-01-04,2020-12-31,Equity,Risk Parity + Sentiment Tilt,Equity Risk Parity + Sentiment Tilt,GILD,0.03637609840109107,Healthcare,2020-12-31,0.512289789530215,0.6,0.15,1.079873028941188,0.03928156756144892,0.037330123738111606
2021-01-04,2020-12-31,Equity,Risk Parity + Sentiment Tilt,Equity Risk Parity + Sentiment Tilt,GS,0.015015615353110174,Financials,2020-12-31,-0.35678068063336255,0.8,0.15,0.9478897299649667,0.014233147582317411,0.013526068164147236
2021-01-04,2020-12-31,Equity,Risk Parity + Sentiment Tilt,Equity Risk Parity + Sentiment Tilt,INTC,0.016653314682168803,Tech,2020-12-31,0.4967434254325954,0.6,0.15,1.0773577479485232,0.01794157760185946,0.017050269465102803
2021-01-04,2020-12-31,Equity,Risk Parity + Sentiment Tilt,Equity Risk Parity + Sentiment Tilt,KO,0.02262619130538671,Consumer,2020-12-31,2.5894258150511806,1.0,0.15,1.474639970583728,0.033365486080997264,0.03170794347851443
2021-01-04,2020-12-31,Equity,Risk Parity + Sentiment Tilt,Equity Risk Parity + Sentiment Tilt,MMM,0.022596423990941097,Industrials,2020-12-31,-0.6944245468445625,0.8,0.15,0.9010777951100916,0.02036113590712998,0.01934962808377379
2021-01-04,2020-12-31,Equity,Risk Parity + Sentiment Tilt,Equity Risk Parity + Sentiment Tilt,MRK,0.027352583332713638,Healthcare,2020-12-31,0.512289789530215,0.6,0.15,1.079873028941188,0.02953731701286373,0.028069951568433824
2021-01-04,2020-12-31,Equity,Risk Parity + Sentiment Tilt,Equity Risk Parity + Sentiment Tilt,MS,0.013283606976424476,Financials,2020-12-31,-0.35678068063336255,0.8,0.15,0.9478897299649667,0.012591394629843744,0.011965874804567584
2021-01-04,2020-12-31,Equity,Risk Parity + Sentiment Tilt,Equity Risk Parity + Sentiment Tilt,NEE,0.01975493218602976,Utilities,2020-12-31,-0.2213737541315716,0.2,0.15,0.9673392061153833,0.019109720417697262,0.018160380862536123
2021-01-04,2020-12-31,Equity,Risk Parity + Sentiment Tilt,Equity Risk Parity + Sentiment Tilt,NEM,0.03904945285914225,Materials,2020-12-31,0.24218752468951768,0.2,0.15,1.0369960588434,0.04049412871492165,0.03848244684304766
2021-01-04,2020-12-31,Equity,Risk Parity + Sentiment Tilt,Equity Risk Parity + Sentiment Tilt,NKE,0.020751264657328117,Consumer,2020-12-31,2.5894258150511806,1.0,0.15,1.474639970583728,0.03060064430385749,0.02908045450431625
2021-01-04,2020-12-31,Equity,Risk Parity + Sentiment Tilt,Equity Risk Parity + Sentiment Tilt,NUE,0.016431692056317712,Materials,2020-12-31,0.24218752468951768,0.2,0.15,1.0369960588434,0.01703959990252987,0.01619310053791275
2021-01-04,2020-12-31,Equity,Risk Parity + Sentiment Tilt,Equity Risk Parity + Sentiment Tilt,NVDA,0.01529238237043964,Tech,2020-12-31,0.4967434254325954,0.6,0.15,1.0773577479485232,0.01647536663138455,0.015656897449885136
2021-01-04,2020-12-31,Equity,Risk Parity + Sentiment Tilt,Equity Risk Parity + Sentiment Tilt,O,0.01572476889057224,RealEstate,2020-12-31,-0.6545526795740739,0.2,0.15,0.9064830910782433,0.014254237110416923,0.013546109999094419
2021-01-04,2020-12-31,Equity,Risk Parity + Sentiment Tilt,Equity Risk Parity + Sentiment Tilt,OXY,0.009815001904613398,Energy,2020-12-31,-0.22843375174027358,0.8,0.15,0.9663153364775635,0.009484386867984423,0.009013218090345474
2021-01-04,2020-12-31,Equity,Risk Parity + Sentiment Tilt,Equity Risk Parity + Sentiment Tilt,PLD,0.017006186101598923,RealEstate,2020-12-31,-0.6545526795740739,0.2,0.15,0.9064830910782433,0.015415820144829253,0.014649987494280205
2021-01-04,2020-12-31,Equity,Risk Parity + Sentiment Tilt,Equity Risk Parity + Sentiment Tilt,PSA,0.02600960379534465,RealEstate,2020-12-31,-0.6545526795740739,0.2,0.15,0.9064830910782433,0.023577266046124427,0.022405986154482728
2021-01-04,2020-12-31,Equity,Risk Parity + Sentiment Tilt,Equity Risk Parity + Sentiment Tilt,QCOM,0.017163767642838917,Tech,2020-12-31,0.4967434254325954,0.6,0.15,1.0773577479485232,0.01849151805400067,0.017572889777922807
2021-01-04,2020-12-31,Equity,Risk Parity + Sentiment Tilt,Equity Risk Parity + Sentiment Tilt,SBUX,0.017205226345725043,Consumer,2020-12-31,2.5894258150511806,1.0,0.15,1.474639970583728,0.02537151447234636,0.024111099262889093
2021-01-04,2020-12-31,Equity,Risk Parity + Sentiment Tilt,Equity Risk Parity + Sentiment Tilt,SHW,0.020090106873389264,Materials,2020-12-31,0.24218752468951768,0.2,0.15,1.0369960588434,0.020833361649447366,0.019798394426039877
2021-01-04,2020-12-31,Equity,Risk Parity + Sentiment Tilt,Equity Risk Parity + Sentiment Tilt,SLB,0.012254719244713374,Energy,2020-12-31,-0.22843375174027358,0.8,0.15,0.9663153364775635,0.011841923150393277,0.011253635838484951
2021-01-04,2020-12-31,Equity,Risk Parity + Sentiment Tilt,Equity Risk Parity + Sentiment Tilt,SO,0.017758837417711504,Utilities,2020-12-31,-0.2213737541315716,0.2,0.15,0.9673392061153833,0.01717881968918121,0.01632540411399479
2021-01-04,2020-12-31,Equity,Risk Parity + Sentiment Tilt,Equity Risk Parity + Sentiment Tilt,T,0.02191144005461838,Comm,2020-12-31,0.17690082834960463,0.6,0.15,1.026890315382912,0.02250064558818084,0.02138285043437314
2021-01-04,2020-12-31,Equity,Risk Parity + Sentiment Tilt,Equity Risk Parity + Sentiment Tilt,TMUS,0.02276399034929713,Comm,2020-12-31,0.17690082834960463,0.6,0.15,1.026890315382912,0.0233761212291633,0.022214833881990224
2021-01-04,2020-12-31,Equity,Risk Parity + Sentiment Tilt,Equity Risk Parity + Sentiment Tilt,TTWO,0.03192440195586267,Comm,2020-12-31,0.17690082834960463,0.6,0.15,1.026890315382912,0.03278285919286667,0.031154260538213168
2021-01-04,2020-12-31,Equity,Risk Parity + Sentiment Tilt,Equity Risk Parity + Sentiment Tilt,UPS,0.023899252314517064,Industrials,2020-12-31,-0.6944245468445625,0.8,0.15,0.9010777951100916,0.02153508558034479,0.020465257863437503
2021-01-04,2020-12-31,Equity,Risk Parity + Sentiment Tilt,Equity Risk Parity + Sentiment Tilt,USB,0.01424963478933075,Financials,2020-12-31,-0.35678068063336255,0.8,0.15,0.9478897299649667,0.01350708247255812,0.012836072777714645
2021-01-04,2020-12-31,Equity,Risk Parity + Sentiment Tilt,Equity Risk Parity + Sentiment Tilt,V,0.01732768892639963,Financials,2020-12-31,-0.35678068063336255,0.8,0.15,0.9478897299649667,0.01642473837736189,0.015608784324451586
2021-01-04,2020-12-31,Equity,Risk Parity + Sentiment Tilt,Equity Risk Parity + Sentiment Tilt,WFC,0.01342391326083503,Financials,2020-12-31,-0.35678068063336255,0.8,0.15,0.9478897299649667,0.012724389515886052,0.012092262722889047
2021-01-04,2020-12-31,Equity,Risk Parity + Sentiment Tilt,Equity Risk Parity + Sentiment Tilt,WMT,0.036362806621514844,Consumer,2020-12-31,2.5894258150511806,1.0,0.15,1.474639970583728,0.05362204808669244,0.05095819272069206
2021-01-04,2020-12-31,Equity,Risk Parity + Sentiment Tilt,Equity Risk Parity + Sentiment Tilt,XOM,0.016486735852842938,Energy,2020-12-31,-0.22843375174027358,0.8,0.15,0.9663153364775635,0.015931385703056633,0.015139940601513758
2021-02-01,2021-01-29,Equity,Risk Parity + Sentiment Tilt,Equity Risk Parity + Sentiment Tilt,ABBV,0.026780046371340856,Healthcare,2021-01-29,0.5652471654863743,0.8,0.15,1.088485276102124,0.029149686168536634,0.028358974082312836
2021-02-01,2021-01-29,Equity,Risk Parity + Sentiment Tilt,Equity Risk Parity + Sentiment Tilt,ABT,0.02250181839563752,Healthcare,2021-01-29,0.5652471654863743,0.8,0.15,1.088485276102124,0.024492898009175357,0.02382850559100223
2021-02-01,2021-01-29,Equity,Risk Parity + Sentiment Tilt,Equity Risk Parity + Sentiment Tilt,ADBE,0.019176927786353562,Tech,2021-01-29,-1.336099403054833,0.8,0.15,0.8183911235888452,0.015694227478056037,0.015268507102231231
2021-02-01,2021-01-29,Equity,Risk Parity + Sentiment Tilt,Equity Risk Parity + Sentiment Tilt,AEP,0.024356518444527436,Utilities,2021-01-29,0.3547297352251421,0.6,0.15,1.0546505293844723,0.025687615071483524,0.02499081485257721
2021-02-01,2021-01-29,Equity,Risk Parity + Sentiment Tilt,Equity Risk Parity + Sentiment Tilt,AMD,0.017206736407953865,Tech,2021-01-29,-1.336099403054833,0.8,0.15,0.8183911235888452,0.014081840342202456,0.013699857452559142
2021-02-01,2021-01-29,Equity,Risk Parity + Sentiment Tilt,Equity Risk Parity + Sentiment Tilt,AMGN,0.023640355146182783,Healthcare,2021-01-29,0.5652471654863743,0.8,0.15,1.088485276102124,0.025732178498445033,0.025034169455536354
2021-02-01,2021-01-29,Equity,Risk Parity + Sentiment Tilt,Equity Risk Parity + Sentiment Tilt,AMT,0.01895297590802484,RealEstate,2021-01-29,-0.2668784441404885,0.4,0.15,0.9607589186030484,0.018209240637703576,0.017715298213420088
2021-02-01,2021-01-29,Equity,Risk Parity + Sentiment Tilt,Equity Risk Parity + Sentiment Tilt,BA,0.011033834584387408,Industrials,2021-01-29,0.07931359141498073,0.8,0.15,1.0119680899642356,0.01116588850934385,0.01086300349896266
2021-02-01,2021-01-29,Equity,Risk Parity + Sentiment Tilt,Equity Risk Parity + Sentiment Tilt,CAT,0.01852053767022366,Industrials,2021-01-29,0.07931359141498073,0.8,0.15,1.0119680899642356,0.018742193131246913,0.018233793879689496
2021-02-01,2021-01-29,Equity,Risk Parity + Sentiment Tilt,Equity Risk Parity + Sentiment Tilt,CCI,0.020057591061613155,RealEstate,2021-01-29,-0.2668784441404885,0.4,0.15,0.9607589186030484,0.019270509498137623,0.018747779178511927
2021-02-01,2021-01-29,Equity,Risk Parity + Sentiment Tilt,Equity Risk Parity + Sentiment Tilt,CMCSA,0.020760909806244423,Comm,2021-01-29,0.9020596114102345,1.0,0.15,1.144890434130158,0.023768967041008233,0.023124211917137757
2021-02-01,2021-01-29,Equity,Risk Parity + Sentiment Tilt,Equity Risk Parity + Sentiment Tilt,COP,0.012511894341171378,Energy,2021-01-29,0.027832831630152113,0.6,0.15,1.004183651883657,0.012564239751499938,0.012223423175695847
2021-02-01,2021-01-29,Equity,Risk Parity + Sentiment Tilt,Equity Risk Parity + Sentiment Tilt,CVX,0.0135467187771952,Energy,2021-01-29,0.027832831630152113,0.6,0.15,1.004183651883657,0.013603393532724786,0.01323438895347157
2021-02-01,2021-01-29,Equity,Risk Parity + Sentiment Tilt,Equity Risk Parity + Sentiment Tilt,D,0.019673453562652116,Utilities,2021-01-29,0.3547297352251421,0.6,0.15,1.0546505293844723,0.020748618214671888,0.02018579283466856
2021-02-01,2021-01-29,Equity,Risk Parity + Sentiment Tilt,Equity Risk Parity + Sentiment Tilt,DD,0.01587194630722093,Materials,2021-01-29,0.1927847946897442,0.4,0.15,1.0293398960840945,0.01633762756252712,0.0158944543667945
2021-02-01,2021-01-29,Equity,Risk Parity + Sentiment Tilt,Equity Risk Parity + Sentiment Tilt,DIS,0.018197737021055493,Consumer,2021-01-29,0.5105552494261659,0.8,0.15,1.0795921030271707,0.0196461331808967,0.019113213722900445
2021-02-01,2021-01-29,Equity,Risk Parity + Sentiment Tilt,Equity Risk Parity + Sentiment Tilt,DOW,0.013611241860996872,Materials,2021-01-29,0.1927847946897442,0.4,0.15,1.0293398960840945,0.014010594282773998,0.013630544008115291
2021-02-01,2021-01-29,Equity,Risk Parity + Sentiment Tilt,Equity Risk Parity + Sentiment Tilt,DUK,0.019627549952949276,Utilities,2021-01-29,0.3547297352251421,0.6,0.15,1.0546505293844723,0.02070020594839813,0.020138693795708568
2021-02-01,2021-01-29,Equity,Risk Parity + Sentiment Tilt,Equity Risk Parity + Sentiment Tilt,EA,0.033092712047434754,Comm,2021-01-29,0.9020596114102345,1.0,0.15,1.144890434130158,0.037887529462531884,0.036859795328792896
2021-02-01,2021-01-29,Equity,Risk Parity + Sentiment Tilt,Equity Risk Parity + Sentiment Tilt,GE,0.014861907522804916,Industrials,2021-01-29,0.07931359141498073,0.8,0.15,1.0119680899642356,0.015039776169077996,0.014631808387804705
2021-02-01,2021-01-29,Equity,Risk Parity + Sentiment Tilt,Equity Risk Parity + Sentiment Tilt,GILD,0.036397315212251515,Healthcare,2021-01-29,0.5652471654863743,0.8,0.15,1.088485276102124,0.039617941698183626,0.03854326853872174
2021-02-01,2021-01-29,Equity,Risk Parity + Sentiment Tilt,Equity Risk Parity + Sentiment Tilt,GS,0.015056677258752307,Financials,2021-01-29,-0.25613064106766914,0.8,0.15,0.9623090749740939,0.014489177165053409,0.014096144888904524
2021-02-01,2021-01-29,Equity,Risk Parity + Sentiment Tilt,Equity Risk Parity + Sentiment Tilt,INTC,0.01666759041142947,Tech,2021-01-29,-1.336099403054833,0.8,0.15,0.8183911235888452,0.013640608044328427,0.01327059398717079
2021-02-01,2021-01-29,Equity,Risk Parity + Sentiment Tilt,Equity Risk Parity + Sentiment Tilt,KO,0.02274134995980042,Consumer,2021-01-29,0.5105552494261659,0.8,0.15,1.0795921030271707,0.0245513818287778,0.023885402983130265
2021-02-01,2021-01-29,Equity,Risk Parity + Sentiment Tilt,Equity Risk Parity + Sentiment Tilt,MMM,0.02314420819849577,Industrials,2021-01-29,0.07931359141498073,0.8,0.15,1.0119680899642356,0.023421200164366367,0.022785878537342447
2021-02-01,2021-01-29,Equity,Risk Parity + Sentiment Tilt,Equity Risk Parity + Sentiment Tilt,MRK,0.02720567955188568,Healthcare,2021-01-29,0.5652471654863743,0.8,0.15,1.088485276102124,0.029612981618580194,0.02880970221654641
2021-02-01,2021-01-29,Equity,Risk Parity + Sentiment Tilt,Equity Risk Parity + Sentiment Tilt,MS,0.01326358274558824,Financials,2021-01-29,-0.25613064106766914,0.8,0.15,0.9623090749740939,0.012763666042749372,0.012417439845109561
2021-02-01,2021-01-29,Equity,Risk Parity + Sentiment Tilt,Equity Risk Parity + Sentiment Tilt,NEE,0.019390097712693486,Utilities,2021-01-29,0.3547297352251421,0.6,0.15,1.0546505293844723,0.02044977681750883,0.019895057785657408
2021-02-01,2021-01-29,Equity,Risk Parity + Sentiment Tilt,Equity Risk Parity + Sentiment Tilt,NEM,0.038694896795835446,Materials,2021-01-29,0.1927847946897442,0.4,0.15,1.0293398960840945,0.03983020104681002,0.03874977015701092
2021-02-01,2021-01-29,Equity,Risk Parity + Sentiment Tilt,Equity Risk Parity + Sentiment Tilt,NKE,0.020665846957044737,Consumer,2021-01-29,0.5105552494261659,0.8,0.15,1.0795921030271707,0.022310685177193583,0.021705487292058796
2021-02-01,2021-01-29,Equity,Risk Parity + Sentiment Tilt,Equity Risk Parity + Sentiment Tilt,NUE,0.01640305847029139,Materials,2021-01-29,0.1927847946897442,0.4,0.15,1.0293398960840945,0.016884322501271067,0.016426319701780698
2021-02-01,2021-01-29,Equity,Risk Parity + Sentiment Tilt,Equity Risk Parity + Sentiment Tilt,NVDA,0.015350876879477164,Tech,2021-01-29,-1.336099403054833,0.8,0.15,0.8183911235888452,0.012563021377469343,0.01222223785118304
2021-02-01,2021-01-29,Equity,Risk Parity + Sentiment Tilt,Equity Risk Parity + Sentiment Tilt,O,0.01584239702539964,RealEstate,2021-01-29,-0.2668784441404885,0.4,0.15,0.9607589186030484,0.015220724234203108,0.014807848069997458
2021-02-01,2021-01-29,Equity,Risk Parity + Sentiment Tilt,Equity Risk Parity + Sentiment Tilt,OXY,0.009818919041159618,Energy,2021-01-29,0.027832831630152113,0.6,0.15,1.004183651883657,0.009859997980301642,0.009592536453337349
2021-02-01,2021-01-29,Equity,Risk Parity + Sentiment Tilt,Equity Risk Parity + Sentiment Tilt,PLD,0.017112714603764106,RealEstate,2021-01-29,-0.2668784441404885,0.4,0.15,0.9607589186030484,0.016441193177074997,0.015995210668656584
2021-02-01,2021-01-29,Equity,Risk Parity + Sentiment Tilt,Equity Risk Parity + Sentiment Tilt,PSA,0.026236237409081167,RealEstate,2021-01-29,-0.2668784441404885,0.4,0.15,0.9607589186030484,0.025206699081361666,0.024522944151644712
2021-02-01,2021-01-29,Equity,Risk Parity + Sentiment Tilt,Equity Risk Parity + Sentiment Tilt,QCOM,0.017036695526569126,Tech,2021-01-29,-1.336099403054833,0.8,0.15,0.8183911235888452,0.01394268039422996,0.013564472346351457
2021-02-01,2021-01-29,Equity,Risk Parity + Sentiment Tilt,Equity Risk Parity + Sentiment Tilt,SBUX,0.017086369762605063,Consumer,2021-01-29,0.5105552494261659,0.8,0.15,1.0795921030271707,0.018446309865110658,0.017945936719676394
2021-02-01,2021-01-29,Equity,Risk Parity + Sentiment Tilt,Equity Risk Parity + Sentiment Tilt,SHW,0.020197998682613447,Materials,2021-01-29,0.1927847946897442,0.4,0.15,1.0293398960840945,0.020790605865068004,0.020226641531374115
2021-02-01,2021-01-29,Equity,Risk Parity + Sentiment Tilt,Equity Risk Parity + Sentiment Tilt,SLB,0.012201624555473481,Energy,2021-01-29,0.027832831630152113,0.6,0.15,1.004183651883657,0.012252671905028665,0.011920306894035913
2021-02-01,2021-01-29,Equity,Risk Parity + Sentiment Tilt,Equity Risk Parity + Sentiment Tilt,SO,0.017787271342457903,Utilities,2021-01-29,0.3547297352251421,0.6,0.15,1.0546505293844723,0.01875935513762848,0.018250490350840552
2021-02-01,2021-01-29,Equity,Risk Parity + Sentiment Tilt,Equity Risk Parity + Sentiment Tilt,T,0.02215486115661703,Comm,2021-01-29,0.9020596114102345,1.0,0.15,1.144890434130158,0.025364888607692645,0.024676842641370333
2021-02-01,2021-01-29,Equity,Risk Parity + Sentiment Tilt,Equity Risk Parity + Sentiment Tilt,TMUS,0.022478164784518483,Comm,2021-01-29,0.9020596114102345,1.0,0.15,1.144890434130158,0.025735035838596595,0.02503694928770449
2021-02-01,2021-01-29,Equity,Risk Parity + Sentiment Tilt,Equity Risk Parity + Sentiment Tilt,TTWO,0.03146495073315969,Comm,2021-01-29,0.9020596114102345,1.0,0.15,1.144890434130158,0.036023921104771234,0.03504673906425031
2021-02-01,2021-01-29,Equity,Risk Parity + Sentiment Tilt,Equity Risk Parity + Sentiment Tilt,UPS,0.023923540071415887,Industrials,2021-01-29,0.07931359141498073,0.8,0.15,1.0119680899642356,0.024209859151253586,0.023553144422800196
2021-02-01,2021-01-29,Equity,Risk Parity + Sentiment Tilt,Equity Risk Parity + Sentiment Tilt,USB,0.014238036903246308,Financials,2021-01-29,-0.25613064106766914,0.8,0.15,0.9623090749740939,0.013701392121809968,0.013329729240564253
2021-02-01,2021-01-29,Equity,Risk Parity + Sentiment Tilt,Equity Risk Parity + Sentiment Tilt,V,0.017368126981451848,Financials,2021-01-29,-0.25613064106766914,0.8,0.15,0.9623090749740939,0.01671350620955353,0.016260136959309765
2021-02-01,2021-01-29,Equity,Risk Parity + Sentiment Tilt,Equity Risk Parity + Sentiment Tilt,WFC,0.013318633197463143,Financials,2021-01-29,-0.25613064106766914,0.8,0.15,0.9623090749740939,0.012816641592170016,0.01246897838395798
2021-02-01,2021-01-29,Equity,Risk Parity + Sentiment Tilt,Equity Risk Parity + Sentiment Tilt,WMT,0.03631970853289139,Consumer,2021-01-29,0.5105552494261659,0.8,0.15,1.0795921030271707,0.03921047051635809,0.03814685038801272
2021-02-01,2021-01-29,Equity,Risk Parity + Sentiment Tilt,Equity Risk Parity + Sentiment Tilt,XOM,0.01644915656059661,Energy,2021-01-29,0.027832831630152113,0.6,0.15,1.004183651883657,0.01651797410542592,0.016069908843605377
2021-03-01,2021-02-26,Equity,Risk Parity + Sentiment Tilt,Equity Risk Parity + Sentiment Tilt,ABBV,0.026877237057309763,Healthcare,2021-02-26,0.8893975316832364,0.6,0.15,1.1427179937608691,0.030713102407964297,0.030863874464374635
2021-03-01,2021-02-26,Equity,Risk Parity + Sentiment Tilt,Equity Risk Parity + Sentiment Tilt,ABT,0.02260302172654222,Healthcare,2021-02-26,0.8893975316832364,0.6,0.15,1.1427179937608691,0.025828879640287662,0.025955674818658556
2021-03-01,2021-02-26,Equity,Risk Parity + Sentiment Tilt,Equity Risk Parity + Sentiment Tilt,ADBE,0.01910549344385336,Tech,2021-02-26,-0.7956458917936966,0.6,0.15,0.8874998880538737,0.016956123292633875,0.01703936169504661
2021-03-01,2021-02-26,Equity,Risk Parity + Sentiment Tilt,Equity Risk Parity + Sentiment Tilt,AEP,0.024472565335199,Utilities,2021-02-26,-0.6745877804010826,0.6,0.15,0.9037629584661859,0.022117398048596474,0.02222597339021902
2021-03-01,2021-02-26,Equity,Risk Parity + Sentiment Tilt,Equity Risk Parity + Sentiment Tilt,AMD,0.01716000146467361,Tech,2021-02-26,-0.7956458917936966,0.6,0.15,0.8874998880538737,0.015229499378902138,0.015304261703754792
2021-03-01,2021-02-26,Equity,Risk Parity + Sentiment Tilt,Equity Risk Parity + Sentiment Tilt,AMGN,0.02375002398678303,Healthcare,2021-02-26,0.8893975316832364,0.6,0.15,1.1427179937608691,0.027139579761949223,0.027272809228528948
2021-03-01,2021-02-26,Equity,Risk Parity + Sentiment Tilt,Equity Risk Parity + Sentiment Tilt,AMT,0.0189728694590803,RealEstate,2021-02-26,-0.2295607338785406,0.4,0.15,0.966151997265359,0.018330675721745366,0.01842066186633107
2021-03-01,2021-02-26,Equity,Risk Parity + Sentiment Tilt,Equity Risk Parity + Sentiment Tilt,BA,0.011010623944861119,Industrials,2021-02-26,0.3006754132894272,0.6,0.15,1.04613384044483,0.011518586313131365,0.011575131592156009
2021-03-01,2021-02-26,Equity,Risk Parity + Sentiment Tilt,Equity Risk Parity + Sentiment Tilt,CAT,0.01851044936051195,Industrials,2021-02-26,0.3006754132894272,0.6,0.15,1.04613384044483,0.019364407477871912,0.01945946826000408
2021-03-01,2021-02-26,Equity,Risk Parity + Sentiment Tilt,Equity Risk Parity + Sentiment Tilt,CCI,0.020110534640216955,RealEstate,2021-02-26,-0.2295607338785406,0.4,0.15,0.966151997265359,0.0194298332087198,0.019525215168825168
2021-03-01,2021-02-26,Equity,Risk Parity + Sentiment Tilt,Equity Risk Parity + Sentiment Tilt,CMCSA,0.020797495780374667,Comm,2021-02-26,-0.6122689549066502,0.6,0.15,0.9122507849272243,0.018972531850167427,0.019065668896512136
2021-03-01,2021-02-26,Equity,Risk Parity + Sentiment Tilt,Equity Risk Parity + Sentiment Tilt,COP,0.012500137331464805,Energy,2021-02-26,0.2350061615373114,0.6,0.15,1.0358796034838178,0.012948637302411031,0.013012202768636608
2021-03-01,2021-02-26,Equity,Risk Parity + Sentiment Tilt,Equity Risk Parity + Sentiment Tilt,CVX,0.013582968396652536,Energy,2021-02-26,0.2350061615373114,0.6,0.15,1.0358796034838178,0.014070319916857657,0.014139391775507335
2021-03-01,2021-02-26,Equity,Risk Parity + Sentiment Tilt,Equity Risk Parity + Sentiment Tilt,D,0.019744740323570823,Utilities,2021-02-26,-0.6745877804010826,0.6,0.15,0.9037629584661859,0.017844564928976965,0.017932164732941805
2021-03-01,2021-02-26,Equity,Risk Parity + Sentiment Tilt,Equity Risk Parity + Sentiment Tilt,DD,0.01590273819988478,Materials,2021-02-26,-0.42764798242741064,0.6,0.15,0.9378669378286837,0.014914652378617171,0.014987869104817593
2021-03-01,2021-02-26,Equity,Risk Parity + Sentiment Tilt,Equity Risk Parity + Sentiment Tilt,DIS,0.018086857349364674,Consumer,2021-02-26,0.23595030490328955,1.0,0.15,1.036026316700783,0.01873846020035477,0.018830448178021205
2021-03-01,2021-02-26,Equity,Risk Parity + Sentiment Tilt,Equity Risk Parity + Sentiment Tilt,DOW,0.013586188532719312,Materials,2021-02-26,-0.42764798242741064,0.6,0.15,0.9378669378286837,0.012742037035944639,0.012804588291797838
2021-03-01,2021-02-26,Equity,Risk Parity + Sentiment Tilt,Equity Risk Parity + Sentiment Tilt,DUK,0.019795026018864993,Utilities,2021-02-26,-0.6745877804010826,0.6,0.15,0.9037629584661859,0.017890011277724552,0.017977834179941272
2021-03-01,2021-02-26,Equity,Risk Parity + Sentiment Tilt,Equity Risk Parity + Sentiment Tilt,EA,0.033027093290404326,Comm,2021-02-26,-0.6122689549066502,0.6,0.15,0.9122507849272243,0.03012899177803601,0.030276896408040654
2021-03-01,2021-02-26,Equity,Risk Parity + Sentiment Tilt,Equity Risk Parity + Sentiment Tilt,GE,0.014803272839624399,Industrials,2021-02-26,0.3006754132894272,0.6,0.15,1.04613384044483,0.015486204666868916,0.015562227169988294
2021-03-01,2021-02-26,Equity,Risk Parity + Sentiment Tilt,Equity Risk Parity + Sentiment Tilt,GILD,0.03613145766856099,Healthcare,2021-02-26,0.8893975316832364,0.6,0.15,1.1427179937608691,0.04128806681867379,0.041490751870049275
2021-03-01,2021-02-26,Equity,Risk Parity + Sentiment Tilt,Equity Risk Parity + Sentiment Tilt,GS,0.015017445560363515,Financials,2021-02-26,0.48263157490194075,0.8,0.15,1.0750796332042045,0.016144949864699717,0.01622420617880986
2021-03-01,2021-02-26,Equity,Risk Parity + Sentiment Tilt,Equity Risk Parity + Sentiment Tilt,INTC,0.016635025116598767,Tech,2021-02-26,-0.7956458917936966,0.6,0.15,0.8874998880538737,0.014763582928754782,0.014836058047959143
2021-03-01,2021-02-26,Equity,Risk Parity + Sentiment Tilt,Equity Risk Parity + Sentiment Tilt,KO,0.022748076604869872,Consumer,2021-02-26,0.23595030490328955,1.0,0.15,1.036026316700783,0.023567606016970586,0.023683300497347334
2021-03-01,2021-02-26,Equity,Risk Parity + Sentiment Tilt,Equity Risk Parity + Sentiment Tilt,MMM,0.02324410400250596,Industrials,2021-02-26,0.3006754132894272,0.6,0.15,1.04613384044483,0.024316443787840602,0.024435814347863495
2021-03-01,2021-02-26,Equity,Risk Parity + Sentiment Tilt,Equity Risk Parity + Sentiment Tilt,MRK,0.027351076331257728,Healthcare,2021-02-26,0.8893975316832364,0.6,0.15,1.1427179937608691,0.031254567072455226,0.03140799720423205
2021-03-01,2021-02-26,Equity,Risk Parity + Sentiment Tilt,Equity Risk Parity + Sentiment Tilt,MS,0.013242180429317588,Financials,2021-02-26,0.48263157490194075,0.8,0.15,1.0750796332042045,0.014236398478774647,0.014306285624853556
2021-03-01,2021-02-26,Equity,Risk Parity + Sentiment Tilt,Equity Risk Parity + Sentiment Tilt,NEE,0.01953290707448639,Utilities,2021-02-26,-0.6745877804010826,0.6,0.15,0.9037629584661859,0.017653117885082913,0.017739777866553813
2021-03-01,2021-02-26,Equity,Risk Parity + Sentiment Tilt,Equity Risk Parity + Sentiment Tilt,NEM,0.038365901682324614,Materials,2021-02-26,-0.42764798242741064,0.6,0.15,0.9378669378286837,0.03598211072783813,0.03615874859256305
2021-03-01,2021-02-26,Equity,Risk Parity + Sentiment Tilt,Equity Risk Parity + Sentiment Tilt,NKE,0.020699333877403726,Consumer,2021-02-26,0.23595030490328955,1.0,0.15,1.036026316700783,0.02144505463516632,0.02155032941152163
2021-03-01,2021-02-26,Equity,Risk Parity + Sentiment Tilt,Equity Risk Parity + Sentiment Tilt,NUE,0.01636423496791809,Materials,2021-02-26,-0.42764798242741064,0.6,0.15,0.9378669378286837,0.015347474939270408,0.015422816411667541
2021-03-01,2021-02-26,Equity,Risk Parity + Sentiment Tilt,Equity Risk Parity + Sentiment Tilt,NVDA,0.015289693907792003,Tech,2021-02-26,-0.7956458917936966,0.6,0.15,0.8874998880538737,0.013569601631543398,0.013636215440707996
2021-03-01,2021-02-26,Equity,Risk Parity + Sentiment Tilt,Equity Risk Parity + Sentiment Tilt,O,0.01591093747067396,RealEstate,2021-02-26,-0.2295607338785406,0.4,0.15,0.966151997265359,0.015372384015655887,0.015447847767874187
2021-03-01,2021-02-26,Equity,Risk Parity + Sentiment Tilt,Equity Risk Parity + Sentiment Tilt,OXY,0.0097672893396468,Energy,2021-02-26,0.2350061615373114,0.6,0.15,1.0358796034838178,0.010117735808265048,0.010167404246632676
2021-03-01,2021-02-26,Equity,Risk Parity + Sentiment Tilt,Equity Risk Parity + Sentiment Tilt,PLD,0.017157573762355712,RealEstate,2021-02-26,-0.2295607338785406,0.4,0.15,0.966151997265359,0.01657682415872769,0.016658200563949323
2021-03-01,2021-02-26,Equity,Risk Parity + Sentiment Tilt,Equity Risk Parity + Sentiment Tilt,PSA,0.026339091155252414,RealEstate,2021-02-26,-0.2295607338785406,0.4,0.15,0.966151997265359,0.025447565525801474,0.02557248881534734
2021-03-01,2021-02-26,Equity,Risk Parity + Sentiment Tilt,Equity Risk Parity + Sentiment Tilt,QCOM,0.01708438507041577,Tech,2021-02-26,-0.7956458917936966,0.6,0.15,0.8874998880538737,0.015162389837463267,0.015236822718437765
2021-03-01,2021-02-26,Equity,Risk Parity + Sentiment Tilt,Equity Risk Parity + Sentiment Tilt,SBUX,0.017166553973727888,Consumer,2021-02-26,0.23595030490328955,1.0,0.15,1.036026316700783,0.017785001683846495,0.017872309089054753
2021-03-01,2021-02-26,Equity,Risk Parity + Sentiment Tilt,Equity Risk Parity + Sentiment Tilt,SHW,0.02027843813339358,Materials,2021-02-26,-0.42764798242741064,0.6,0.15,0.9378669378286837,0.019018476676114244,0.019111839267758723
2021-03-01,2021-02-26,Equity,Risk Parity + Sentiment Tilt,Equity Risk Parity + Sentiment Tilt,SLB,0.012182290502827547,Energy,2021-02-26,0.2350061615373114,0.6,0.15,1.0358796034838178,0.01261938625559368,0.01268133541302881
2021-03-01,2021-02-26,Equity,Risk Parity + Sentiment Tilt,Equity Risk Parity + Sentiment Tilt,SO,0.017876261246327147,Utilities,2021-02-26,-0.6745877804010826,0.6,0.15,0.9037629584661859,0.01615590275029505,0.016235212832632934
2021-03-01,2021-02-26,Equity,Risk Parity + Sentiment Tilt,Equity Risk Parity + Sentiment Tilt,T,0.022154582847336072,Comm,2021-02-26,-0.6122689549066502,0.6,0.15,0.9122507849272243,0.02021053559221755,0.020309750056843007
2021-03-01,2021-02-26,Equity,Risk Parity + Sentiment Tilt,Equity Risk Parity + Sentiment Tilt,TMUS,0.022617765247502607,Comm,2021-02-26,-0.6122689549066502,0.6,0.15,0.9122507849272243,0.02063307410033395,0.02073436282626115
2021-03-01,2021-02-26,Equity,Risk Parity + Sentiment Tilt,Equity Risk Parity + Sentiment Tilt,TTWO,0.031067682289623127,Comm,2021-02-26,-0.6122689549066502,0.6,0.15,0.9122507849272243,0.028341517554578324,0.028480647390006
2021-03-01,2021-02-26,Equity,Risk Parity + Sentiment Tilt,Equity Risk Parity + Sentiment Tilt,UPS,0.023958518330435438,Industrials,2021-02-26,0.3006754132894272,0.6,0.15,1.04613384044483,0.02506381679238628,0.02518685624144891
2021-03-01,2021-02-26,Equity,Risk Parity + Sentiment Tilt,Equity Risk Parity + Sentiment Tilt,USB,0.01420808425967435,Financials,2021-02-26,0.48263157490194075,0.8,0.15,1.0750796332042045,0.015274822014425133,0.01534980683021566
2021-03-01,2021-02-26,Equity,Risk Parity + Sentiment Tilt,Equity Risk Parity + Sentiment Tilt,V,0.017342926344715712,Financials,2021-02-26,0.48263157490194075,0.8,0.15,1.0750796332042045,0.018645026893364502,0.018736556202556324
2021-03-01,2021-02-26,Equity,Risk Parity + Sentiment Tilt,Equity Risk Parity + Sentiment Tilt,WFC,0.013305501016788785,Financials,2021-02-26,0.48263157490194075,0.8,0.15,1.0750796332042045,0.014304473152727457,0.01437469448056518
2021-03-01,2021-02-26,Equity,Risk Parity + Sentiment Tilt,Equity Risk Parity + Sentiment Tilt,WMT,0.03616982711799375,Consumer,2021-02-26,0.23595030490328955,1.0,0.15,1.036026316700783,0.03747289276475916,0.037656848948238744
2021-03-01,2021-02-26,Equity,Risk Parity + Sentiment Tilt,Equity Risk Parity + Sentiment Tilt,XOM,0.016391516185953532,Energy,2021-02-26,0.2350061615373114,0.6,0.15,1.0358796034838178,0.016979637287204127,0.017062991120916138
2021-04-01,2021-03-31,Equity,Risk Parity + Sentiment Tilt,Equity Risk Parity + Sentiment Tilt,ABBV,0.02676787927104578,Healthcare,2021-03-31,-1.124119432001105,1.0,0.15,0.8448316393915456,0.02261435132759258,0.022595985886961486
2021-04-01,2021-03-31,Equity,Risk Parity + Sentiment Tilt,Equity Risk Parity + Sentiment Tilt,ABT,0.022553795830964663,Healthcare,2021-03-31,-1.124119432001105,1.0,0.15,0.8448316393915456,0.01905416030637608,0.019038686148182778
2021-04-01,2021-03-31,Equity,Risk Parity + Sentiment Tilt,Equity Risk Parity + Sentiment Tilt,ADBE,0.01900608707573004,Tech,2021-03-31,0.9999225232632446,0.6,0.15,1.1618207405378747,0.022081666161052005,0.022063733321721714
2021-04-01,2021-03-31,Equity,Risk Parity + Sentiment Tilt,Equity Risk Parity + Sentiment Tilt,AEP,0.02464312631273665,Utilities,2021-03-31,-0.22023313563428026,0.4,0.15,0.9675047250232717,0.023842341146918022,0.023822978438056867
2021-04-01,2021-03-31,Equity,Risk Parity + Sentiment Tilt,Equity Risk Parity + Sentiment Tilt,AMD,0.017028264864798758,Tech,2021-03-31,0.9999225232632446,0.6,0.15,1.1618207405378747,0.019783791295295564,0.01976772459326072
2021-04-01,2021-03-31,Equity,Risk Parity + Sentiment Tilt,Equity Risk Parity + Sentiment Tilt,AMGN,0.02368515486694608,Healthcare,2021-03-31,-1.124119432001105,1.0,0.15,0.8448316393915456,0.020009968215484703,0.01999371783191331
2021-04-01,2021-03-31,Equity,Risk Parity + Sentiment Tilt,Equity Risk Parity + Sentiment Tilt,AMT,0.01897050227679364,RealEstate,2021-03-31,0.01667358242791579,0.2,0.15,1.0025041675671769,0.01901800759332824,0.019002562795274236
2021-04-01,2021-03-31,Equity,Risk Parity + Sentiment Tilt,Equity Risk Parity + Sentiment Tilt,BA,0.011044328448506292,Industrials,2021-03-31,0.7698534231311361,0.6,0.15,1.1224098363790769,0.012396262886804732,0.012386195703059459
2021-04-01,2021-03-31,Equity,Risk Parity + Sentiment Tilt,Equity Risk Parity + Sentiment Tilt,CAT,0.018476500819533195,Industrials,2021-03-31,0.7698534231311361,0.6,0.15,1.1224098363790769,0.02073820626171013,0.020721364465526037
2021-04-01,2021-03-31,Equity,Risk Parity + Sentiment Tilt,Equity Risk Parity + Sentiment Tilt,CCI,0.02012929264921691,RealEstate,2021-03-31,0.01667358242791579,0.2,0.15,1.0025041675671769,0.02017969977101929,0.020163311546005477
2021-04-01,2021-03-31,Equity,Risk Parity + Sentiment Tilt,Equity Risk Parity + Sentiment Tilt,CMCSA,0.020833048533684194,Comm,2021-03-31,0.41317042748093313,0.6,0.15,1.0639363461917801,0.022165037536963982,0.022147036990537765
2021-04-01,2021-03-31,Equity,Risk Parity + Sentiment Tilt,Equity Risk Parity + Sentiment Tilt,COP,0.012581016605317344,Energy,2021-03-31,1.3960618238108553,0.8,0.15,1.2329495089309832,0.015511758245378563,0.015499160922952082
2021-04-01,2021-03-31,Equity,Risk Parity + Sentiment Tilt,Equity Risk Parity + Sentiment Tilt,CVX,0.013656615620532489,Energy,2021-03-31,1.3960618238108553,0.8,0.15,1.2329495089309832,0.016837917522994725,0.01682424320750629
2021-04-01,2021-03-31,Equity,Risk Parity + Sentiment Tilt,Equity Risk Parity + Sentiment Tilt,D,0.01979296163976044,Utilities,2021-03-31,-0.22023313563428026,0.4,0.15,0.9675047250232717,0.01914978390867259,0.019134232093173734
2021-04-01,2021-03-31,Equity,Risk Parity + Sentiment Tilt,Equity Risk Parity + Sentiment Tilt,DD,0.01594779856637694,Materials,2021-03-31,-1.1613813524362906,0.4,0.15,0.8401228037704124,0.013398109245550358,0.01338722844793854
2021-04-01,2021-03-31,Equity,Risk Parity + Sentiment Tilt,Equity Risk Parity + Sentiment Tilt,DIS,0.018195562268716495,Consumer,2021-03-31,0.011281935062530533,1.0,0.15,1.0016937229906255,0.01822638051085838,0.018211578604566975
2021-04-01,2021-03-31,Equity,Risk Parity + Sentiment Tilt,Equity Risk Parity + Sentiment Tilt,DOW,0.013646550142535826,Materials,2021-03-31,-1.1613813524362906,0.4,0.15,0.8401228037704124,0.011464777967540718,0.011455467256122936
2021-04-01,2021-03-31,Equity,Risk Parity + Sentiment Tilt,Equity Risk Parity + Sentiment Tilt,DUK,0.019924655955618115,Utilities,2021-03-31,-0.22023313563428026,0.4,0.15,0.9675047250232717,0.019277198781523598,0.019261543490570198
2021-04-01,2021-03-31,Equity,Risk Parity + Sentiment Tilt,Equity Risk Parity + Sentiment Tilt,EA,0.03261587669902865,Comm,2021-03-31,0.41317042748093313,0.6,0.15,1.0639363461917801,0.03470121668300616,0.03467303532482407
2021-04-01,2021-03-31,Equity,Risk Parity + Sentiment Tilt,Equity Risk Parity + Sentiment Tilt,GE,0.014935199764790852,Industrials,2021-03-31,0.7698534231311361,0.6,0.15,1.1224098363790769,0.016763415124287726,0.016749801313271008
2021-04-01,2021-03-31,Equity,Risk Parity + Sentiment Tilt,Equity Risk Parity + Sentiment Tilt,GILD,0.035981415204465406,Healthcare,2021-03-31,-1.124119432001105,1.0,0.15,0.8448316393915456,0.030398237994816394,0.0303735511476415
2021-04-01,2021-03-31,Equity,Risk Parity + Sentiment Tilt,Equity Risk Parity + Sentiment Tilt,GS,0.015186301747291672,Financials,2021-03-31,-0.6451339176373975,1.0,0.15,0.9077646884597872,0.013785588474486547,0.013774392999408561
2021-04-01,2021-03-31,Equity,Risk Parity + Sentiment Tilt,Equity Risk Parity + Sentiment Tilt,INTC,0.01642011887784805,Tech,2021-03-31,0.9999225232632446,0.6,0.15,1.1618207405378747,0.019077234674381355,0.019061741777161245
2021-04-01,2021-03-31,Equity,Risk Parity + Sentiment Tilt,Equity Risk Parity + Sentiment Tilt,KO,0.022804679910895905,Consumer,2021-03-31,0.011281935062530533,1.0,0.15,1.0016937229906255,0.022843304721554845,0.02282475334457284
2021-04-01,2021-03-31,Equity,Risk Parity + Sentiment Tilt,Equity Risk Parity + Sentiment Tilt,MMM,0.023425019477867695,Industrials,2021-03-31,0.7698534231311361,0.6,0.15,1.1224098363790769,0.026292472279330167,0.0262711197836651
2021-04-01,2021-03-31,Equity,Risk Parity + Sentiment Tilt,Equity Risk Parity + Sentiment Tilt,MRK,0.027459678857172962,Healthcare,2021-03-31,-1.124119432001105,1.0,0.15,0.8448316393915456,0.023198805506070796,0.023179965421778206
2021-04-01,2021-03-31,Equity,Risk Parity + Sentiment Tilt,Equity Risk Parity + Sentiment Tilt,MS,0.013396960978479436,Financials,2021-03-31,-0.6451339176373975,1.0,0.15,0.9077646884597872,0.012161288108937312,0.012151411751595599
2021-04-01,2021-03-31,Equity,Risk Parity + Sentiment Tilt,Equity Risk Parity + Sentiment Tilt,NEE,0.019506147325058048,Utilities,2021-03-31,-0.22023313563428026,0.4,0.15,0.9675047250232717,0.018872289703993714,0.018856963245537723
2021-04-01,2021-03-31,Equity,Risk Parity + Sentiment Tilt,Equity Risk Parity + Sentiment Tilt,NEM,0.03788586690449988,Materials,2021-03-31,-1.1613813524362906,0.4,0.15,0.8401228037704124,0.03182878072708111,0.031802932115536364
2021-04-01,2021-03-31,Equity,Risk Parity + Sentiment Tilt,Equity Risk Parity + Sentiment Tilt,NKE,0.020567826620622474,Consumer,2021-03-31,0.011281935062530533,1.0,0.15,1.0016937229906255,0.020602662821437023,0.020585931102034227
2021-04-01,2021-03-31,Equity,Risk Parity + Sentiment Tilt,Equity Risk Parity + Sentiment Tilt,NUE,0.016251744209768746,Materials,2021-03-31,-1.1613813524362906,0.4,0.15,0.8401228037704124,0.013653460911670483,0.013642372739290481
2021-04-01,2021-03-31,Equity,Risk Parity + Sentiment Tilt,Equity Risk Parity + Sentiment Tilt,NVDA,0.015220683210420104,Tech,2021-03-31,0.9999225232632446,0.6,0.15,1.1618207405378747,0.01768370543902268,0.017669344246978146
2021-04-01,2021-03-31,Equity,Risk Parity + Sentiment Tilt,Equity Risk Parity + Sentiment Tilt,O,0.016019340244103314,RealEstate,2021-03-31,0.01667358242791579,0.2,0.15,1.0025041675671769,0.016059455356390168,0.016046413241246425
2021-04-01,2021-03-31,Equity,Risk Parity + Sentiment Tilt,Equity Risk Parity + Sentiment Tilt,OXY,0.009838560901163928,Energy,2021-03-31,1.3960618238108553,0.8,0.15,1.2329495089309832,0.012130448831677637,0.012120597519357443
2021-04-01,2021-03-31,Equity,Risk Parity + Sentiment Tilt,Equity Risk Parity + Sentiment Tilt,PLD,0.0171985872101763,RealEstate,2021-03-31,0.01667358242791579,0.2,0.15,1.0025041675671769,0.01724165535446929,0.017227653157669245
2021-04-01,2021-03-31,Equity,Risk Parity + Sentiment Tilt,Equity Risk Parity + Sentiment Tilt,PSA,0.026507970121123787,RealEstate,2021-03-31,0.01667358242791579,0.2,0.15,1.0025041675671769,0.026574350520172797,0.026552769107125913
2021-04-01,2021-03-31,Equity,Risk Parity + Sentiment Tilt,Equity Risk Parity + Sentiment Tilt,QCOM,0.01693732993837641,Tech,2021-03-31,0.9999225232632446,0.6,0.15,1.1618207405378747,0.019678141211738793,0.019662160309659435
2021-04-01,2021-03-31,Equity,Risk Parity + Sentiment Tilt,Equity Risk Parity + Sentiment Tilt,SBUX,0.017248855593617465,Consumer,2021-03-31,0.011281935062530533,1.0,0.15,1.0016937229906255,0.017278070376898356,0.017264038606933783
2021-04-01,2021-03-31,Equity,Risk Parity + Sentiment Tilt,Equity Risk Parity + Sentiment Tilt,SHW,0.020186293179411084,Materials,2021-03-31,-1.1613813524362906,0.4,0.15,0.8401228037704124,0.01695896522361839,0.01694519260354774
2021-04-01,2021-03-31,Equity,Risk Parity + Sentiment Tilt,Equity Risk Parity + Sentiment Tilt,SLB,0.012232862880140586,Energy,2021-03-31,1.3960618238108553,0.8,0.15,1.2329495089309832,0.01508250228088939,0.015070253563418106
2021-04-01,2021-03-31,Equity,Risk Parity + Sentiment Tilt,Equity Risk Parity + Sentiment Tilt,SO,0.018012098778426147,Utilities,2021-03-31,-0.22023313563428026,0.4,0.15,0.9675047250232717,0.017426790675713198,0.017412638127850603
2021-04-01,2021-03-31,Equity,Risk Parity + Sentiment Tilt,Equity Risk Parity + Sentiment Tilt,T,0.02235740227573544,Comm,2021-03-31,0.41317042748093313,0.6,0.15,1.0639363461917801,0.023786852887585752,0.023767535241539697
2021-04-01,2021-03-31,Equity,Risk Parity + Sentiment Tilt,Equity Risk Parity + Sentiment Tilt,TMUS,0.022527570573909587,Comm,2021-03-31,0.41317042748093313,0.6,0.15,1.0639363461917801,0.02396790112498283,0.023948436447053918
2021-04-01,2021-03-31,Equity,Risk Parity + Sentiment Tilt,Equity Risk Parity + Sentiment Tilt,TTWO,0.030930740481152796,Comm,2021-03-31,0.41317042748093313,0.6,0.15,1.0639363461917801,0.032908339012523886,0.03288161367613694
2021-04-01,2021-03-31,Equity,Risk Parity + Sentiment Tilt,Equity Risk Parity + Sentiment Tilt,UPS,0.0238797019201602,Industrials,2021-03-31,0.7698534231311361,0.6,0.15,1.1224098363790769,0.02680281232498814,0.026781045374816972
2021-04-01,2021-03-31,Equity,Risk Parity + Sentiment Tilt,Equity Risk Parity + Sentiment Tilt,USB,0.014338754459382728,Financials,2021-03-31,-0.6451339176373975,1.0,0.15,0.9077646884597872,0.013016214974722946,0.013005644318952327
2021-04-01,2021-03-31,Equity,Risk Parity + Sentiment Tilt,Equity Risk Parity + Sentiment Tilt,V,0.01735487865093094,Financials,2021-03-31,-0.6451339176373975,1.0,0.15,0.9077646884597872,0.015754146011819736,0.015741351842794838
2021-04-01,2021-03-31,Equity,Risk Parity + Sentiment Tilt,Equity Risk Parity + Sentiment Tilt,WFC,0.013439076258727246,Financials,2021-03-31,-0.6451339176373975,1.0,0.15,0.9077646884597872,0.012199518873190861,0.012189611468094518
2021-04-01,2021-03-31,Equity,Risk Parity + Sentiment Tilt,Equity Risk Parity + Sentiment Tilt,WMT,0.036032091276768506,Consumer,2021-03-31,0.011281935062530533,1.0,0.15,1.0016937229906255,0.03609311965816429,0.03606380791551597
2021-04-01,2021-03-31,Equity,Risk Parity + Sentiment Tilt,Equity Risk Parity + Sentiment Tilt,XOM,0.016417223719669746,Energy,2021-03-31,1.3960618238108553,0.8,0.15,1.2329495089309832,0.0202416079231769,0.020225169421660503
2021-05-03,2021-04-30,Equity,Risk Parity + Sentiment Tilt,Equity Risk Parity + Sentiment Tilt,ABBV,0.02688535322918148,Healthcare,2021-04-30,0.4175283122743519,1.0,0.15,1.064632050355537,0.02862300873291634,0.027731068568881554
2021-05-03,2021-04-30,Equity,Risk Parity + Sentiment Tilt,Equity Risk Parity + Sentiment Tilt,ABT,0.022556870564242642,Healthcare,2021-04-30,0.4175283122743519,1.0,0.15,1.064632050355537,0.024014767358414103,0.023266427596623493
2021-05-03,2021-04-30,Equity,Risk Parity + Sentiment Tilt,Equity Risk Parity + Sentiment Tilt,ADBE,0.01897742957771947,Tech,2021-04-30,0.045955260723183684,0.4,0.15,1.0069171025119559,0.01910869840352198,0.01851323984262903
2021-05-03,2021-04-30,Equity,Risk Parity + Sentiment Tilt,Equity Risk Parity + Sentiment Tilt,AEP,0.02468764841463004,Utilities,2021-04-30,0.06789028672734805,1.0,0.15,1.0102355717455231,0.024940340611206237,0.024163158460181675
2021-05-03,2021-04-30,Equity,Risk Parity + Sentiment Tilt,Equity Risk Parity + Sentiment Tilt,AMD,0.016874803398005192,Tech,2021-04-30,0.045955260723183684,0.4,0.15,1.0069171025119559,0.016991528142978295,0.01646204409954784
2021-05-03,2021-04-30,Equity,Risk Parity + Sentiment Tilt,Equity Risk Parity + Sentiment Tilt,AMGN,0.02371906579820149,Healthcare,2021-04-30,0.4175283122743519,1.0,0.15,1.064632050355537,0.025252077653257144,0.02446518126181093
2021-05-03,2021-04-30,Equity,Risk Parity + Sentiment Tilt,Equity Risk Parity + Sentiment Tilt,AMT,0.019034838777374618,RealEstate,2021-04-30,0.11994526655848428,0.6,0.15,1.0181546172895497,0.019380408990546133,0.018776483479591377
2021-05-03,2021-04-30,Equity,Risk Parity + Sentiment Tilt,Equity Risk Parity + Sentiment Tilt,BA,0.011066351843572717,Industrials,2021-04-30,-0.8234789643934515,0.8,0.15,0.8838023346725664,0.009780467595657627,0.009475692093088755
2021-05-03,2021-04-30,Equity,Risk Parity + Sentiment Tilt,Equity Risk Parity + Sentiment Tilt,CAT,0.018519701440172176,Industrials,2021-04-30,-0.8234789643934515,0.8,0.15,0.8838023346725664,0.01636775537026306,0.015857709115305773
2021-05-03,2021-04-30,Equity,Risk Parity + Sentiment Tilt,Equity Risk Parity + Sentiment Tilt,CCI,0.02015847682361659,RealEstate,2021-04-30,0.11994526655848428,0.6,0.15,1.0181546172895497,0.020524446255489607,0.01988487065633912
2021-05-03,2021-04-30,Equity,Risk Parity + Sentiment Tilt,Equity Risk Parity + Sentiment Tilt,CMCSA,0.020783454026467113,Comm,2021-04-30,0.6572859259463752,0.6,0.15,1.103616913385573,0.022936971382180597,0.022222217520768524
2021-05-03,2021-04-30,Equity,Risk Parity + Sentiment Tilt,Equity Risk Parity + Sentiment Tilt,COP,0.012600452860180513,Energy,2021-04-30,0.4638648611287086,1.0,0.15,1.072057532053945,0.013508410396047194,0.013087466046802608
2021-05-03,2021-04-30,Equity,Risk Parity + Sentiment Tilt,Equity Risk Parity + Sentiment Tilt,CVX,0.013679195868561443,Energy,2021-04-30,0.4638648611287086,1.0,0.15,1.072057532053945,0.0146648849633325,0.014207902959036638
2021-05-03,2021-04-30,Equity,Risk Parity + Sentiment Tilt,Equity Risk Parity + Sentiment Tilt,D,0.019849327487737278,Utilities,2021-04-30,0.06789028672734805,1.0,0.15,1.0102355717455231,0.020052496703338397,0.019427627830685107
2021-05-03,2021-04-30,Equity,Risk Parity + Sentiment Tilt,Equity Risk Parity + Sentiment Tilt,DD,0.01591763590394639,Materials,2021-04-30,-0.16859697271981797,0.2,0.15,0.9750275559138011,0.015520133631350616,0.015036500667878497
2021-05-03,2021-04-30,Equity,Risk Parity + Sentiment Tilt,Equity Risk Parity + Sentiment Tilt,DIS,0.018234894848989176,Consumer,2021-04-30,0.24075181213981534,0.8,0.15,1.0367727586505286,0.018905442236288823,0.01831631747282558
2021-05-03,2021-04-30,Equity,Risk Parity + Sentiment Tilt,Equity Risk Parity + Sentiment Tilt,DOW,0.013598875677183195,Materials,2021-04-30,-0.16859697271981797,0.2,0.15,0.9750275559138011,0.013259278514699567,0.012846097525805704
2021-05-03,2021-04-30,Equity,Risk Parity + Sentiment Tilt,Equity Risk Parity + Sentiment Tilt,DUK,0.020002219876437088,Utilities,2021-04-30,0.06789028672734805,1.0,0.15,1.0102355717455231,0.020206954033052088,0.019577272015236923
2021-05-03,2021-04-30,Equity,Risk Parity + Sentiment Tilt,Equity Risk Parity + Sentiment Tilt,EA,0.03247181184427756,Comm,2021-04-30,0.6572859259463752,0.6,0.15,1.103616913385573,0.0358364407596187,0.03471971815551318
2021-05-03,2021-04-30,Equity,Risk Parity + Sentiment Tilt,Equity Risk Parity + Sentiment Tilt,GE,0.014964867762239854,Industrials,2021-04-30,-0.8234789643934515,0.8,0.15,0.8838023346725664,0.013225985066333807,0.012813841556206546
2021-05-03,2021-04-30,Equity,Risk Parity + Sentiment Tilt,Equity Risk Parity + Sentiment Tilt,GILD,0.03580438240677835,Healthcare,2021-04-30,0.4175283122743519,1.0,0.15,1.064632050355537,0.03811849305344216,0.03693065793575424
2021-05-03,2021-04-30,Equity,Risk Parity + Sentiment Tilt,Equity Risk Parity + Sentiment Tilt,GS,0.015199080228779013,Financials,2021-04-30,0.9185062612842346,0.6,0.15,1.1477183627594463,0.01744426347562372,0.016900671452468558
2021-05-03,2021-04-30,Equity,Risk Parity + Sentiment Tilt,Equity Risk Parity + Sentiment Tilt,INTC,0.016426210187490714,Tech,2021-04-30,0.045955260723183684,0.4,0.15,1.0069171025119559,0.01653983196724052,0.016024423521691505
2021-05-03,2021-04-30,Equity,Risk Parity + Sentiment Tilt,Equity Risk Parity + Sentiment Tilt,KO,0.02287037040667924,Consumer,2021-04-30,0.24075181213981534,0.8,0.15,1.0367727586505286,0.02371137701789225,0.02297249139953627
2021-05-03,2021-04-30,Equity,Risk Parity + Sentiment Tilt,Equity Risk Parity + Sentiment Tilt,MMM,0.023438684274960177,Industrials,2021-04-30,-0.8234789643934515,0.8,0.15,0.8838023346725664,0.020715163883862974,0.02006964520883521
2021-05-03,2021-04-30,Equity,Risk Parity + Sentiment Tilt,Equity Risk Parity + Sentiment Tilt,MRK,0.027658434092269917,Healthcare,2021-04-30,0.4175283122743519,1.0,0.15,1.064632050355537,0.02944605539727681,0.02852846774161499
2021-05-03,2021-04-30,Equity,Risk Parity + Sentiment Tilt,Equity Risk Parity + Sentiment Tilt,MS,0.013410793093551055,Financials,2021-04-30,0.9185062612842346,0.6,0.15,1.1477183627594463,0.015391813492636106,0.014912179196342617
2021-05-03,2021-04-30,Equity,Risk Parity + Sentiment Tilt,Equity Risk Parity + Sentiment Tilt,NEE,0.019614976345938676,Utilities,2021-04-30,0.06789028672734805,1.0,0.15,1.0102355717455231,0.01981574684361427,0.019198255487094522
2021-05-03,2021-04-30,Equity,Risk Parity + Sentiment Tilt,Equity Risk Parity + Sentiment Tilt,NEM,0.03756312111084434,Materials,2021-04-30,-0.16859697271981797,0.2,0.15,0.9750275559138011,0.03662507816920066,0.035483780322602985
2021-05-03,2021-04-30,Equity,Risk Parity + Sentiment Tilt,Equity Risk Parity + Sentiment Tilt,NKE,0.02050437014419658,Consumer,2021-04-30,0.24075181213981534,0.8,0.15,1.0367727586505286,0.021258372398790224,0.020595926450447825
2021-05-03,2021-04-30,Equity,Risk Parity + Sentiment Tilt,Equity Risk Parity + Sentiment Tilt,NUE,0.016246555337745067,Materials,2021-04-30,-0.16859697271981797,0.2,0.15,0.9750275559138011,0.01584083914297989,0.01534721246678111
2021-05-03,2021-04-30,Equity,Risk Parity + Sentiment Tilt,Equity Risk Parity + Sentiment Tilt,NVDA,0.015132632944071613,Tech,2021-04-30,0.045955260723183684,0.4,0.15,1.0069171025119559,0.015237306917421556,0.01476248730086098
2021-05-03,2021-04-30,Equity,Risk Parity + Sentiment Tilt,Equity Risk Parity + Sentiment Tilt,O,0.016033342530324592,RealEstate,2021-04-30,0.11994526655848428,0.6,0.15,1.0181546172895497,0.016324421727834895,0.015815725820651886
2021-05-03,2021-04-30,Equity,Risk Parity + Sentiment Tilt,Equity Risk Parity + Sentiment Tilt,OXY,0.00986625742345584,Energy,2021-04-30,0.4638648611287086,1.0,0.15,1.072057532053945,0.01057719558399898,0.010247592723158892
2021-05-03,2021-04-30,Equity,Risk Parity + Sentiment Tilt,Equity Risk Parity + Sentiment Tilt,PLD,0.01723570637153416,RealEstate,2021-04-30,0.11994526655848428,0.6,0.15,1.0181546172895497,0.017548614024424418,0.017001770266048724
2021-05-03,2021-04-30,Equity,Risk Parity + Sentiment Tilt,Equity Risk Parity + Sentiment Tilt,PSA,0.026533675919110877,RealEstate,2021-04-30,0.11994526655848428,0.6,0.15,1.0181546172895497,0.027015384650707276,0.026173540704752554
2021-05-03,2021-04-30,Equity,Risk Parity + Sentiment Tilt,Equity Risk Parity + Sentiment Tilt,QCOM,0.016803846596776997,Tech,2021-04-30,0.045955260723183684,0.4,0.15,1.0069171025119559,0.016920080526282084,0.016392822908436393
2021-05-03,2021-04-30,Equity,Risk Parity + Sentiment Tilt,Equity Risk Parity + Sentiment Tilt,SBUX,0.01724502255691231,Consumer,2021-04-30,0.24075181213981534,0.8,0.15,1.0367727586505286,0.01787916960932057,0.01732202519368812
2021-05-03,2021-04-30,Equity,Risk Parity + Sentiment Tilt,Equity Risk Parity + Sentiment Tilt,SHW,0.020140537089808494,Materials,2021-04-30,-0.16859697271981797,0.2,0.15,0.9750275559138011,0.019637578653467234,0.01902563931163009
2021-05-03,2021-04-30,Equity,Risk Parity + Sentiment Tilt,Equity Risk Parity + Sentiment Tilt,SLB,0.012245384281521575,Energy,2021-04-30,0.4638648611287086,1.0,0.15,1.072057532053945,0.01312775645190019,0.012718673907420822
2021-05-03,2021-04-30,Equity,Risk Parity + Sentiment Tilt,Equity Risk Parity + Sentiment Tilt,SO,0.01808984250562275,Utilities,2021-04-30,0.06789028672734805,1.0,0.15,1.0102355717455231,0.018275002386454266,0.017705523168584168
2021-05-03,2021-04-30,Equity,Risk Parity + Sentiment Tilt,Equity Risk Parity + Sentiment Tilt,T,0.022487797478694813,Comm,2021-04-30,0.6572859259463752,0.6,0.15,1.103616913385573,0.024817913642277045,0.024044546517540177
2021-05-03,2021-04-30,Equity,Risk Parity + Sentiment Tilt,Equity Risk Parity + Sentiment Tilt,TMUS,0.022436278281426282,Comm,2021-04-30,0.6572859259463752,0.6,0.15,1.103616913385573,0.024761056184807444,0.023989460832228256
2021-05-03,2021-04-30,Equity,Risk Parity + Sentiment Tilt,Equity Risk Parity + Sentiment Tilt,TTWO,0.03103450121542286,Comm,2021-04-30,0.6572859259463752,0.6,0.15,1.103616913385573,0.034250200439825795,0.03318290770049224
2021-05-03,2021-04-30,Equity,Risk Parity + Sentiment Tilt,Equity Risk Parity + Sentiment Tilt,UPS,0.023910297409135955,Industrials,2021-04-30,-0.8234789643934515,0.8,0.15,0.8838023346725664,0.021131976672909773,0.020473469423867893
2021-05-03,2021-04-30,Equity,Risk Parity + Sentiment Tilt,Equity Risk Parity + Sentiment Tilt,USB,0.01435646341001866,Financials,2021-04-30,0.9185062612842346,0.6,0.15,1.1477183627594463,0.016477176679962513,0.015963720676511178
2021-05-03,2021-04-30,Equity,Risk Parity + Sentiment Tilt,Equity Risk Parity + Sentiment Tilt,V,0.0173262791227409,Financials,2021-04-30,0.9185062612842346,0.6,0.15,1.1477183627594463,0.019885688707465363,0.01926601784710315
2021-05-03,2021-04-30,Equity,Risk Parity + Sentiment Tilt,Equity Risk Parity + Sentiment Tilt,WFC,0.013420985769616015,Financials,2021-04-30,0.9185062612842346,0.6,0.15,1.1477183627594463,0.01540351181412152,0.014923512978834874
2021-05-03,2021-04-30,Equity,Risk Parity + Sentiment Tilt,Equity Risk Parity + Sentiment Tilt,WMT,0.035963650029908256,Consumer,2021-04-30,0.24075181213981534,0.8,0.15,1.0367727586505286,0.03728613265265015,0.03612423525797891
2021-05-03,2021-04-30,Equity,Risk Parity + Sentiment Tilt,Equity Risk Parity + Sentiment Tilt,XOM,0.016417245411927725,Energy,2021-04-30,0.4638648611287086,1.0,0.15,1.072057532053945,0.017600231599435186,0.017051779352282095
2021-06-01,2021-05-28,Equity,Risk Parity + Sentiment Tilt,Equity Risk Parity + Sentiment Tilt,ABBV,0.026911142883059375,Healthcare,2021-05-28,0.18778096749514925,0.4,0.15,1.0285675901120976,0.02767992938239071,0.026274596667824723
2021-06-01,2021-05-28,Equity,Risk Parity + Sentiment Tilt,Equity Risk Parity + Sentiment Tilt,ABT,0.02261415442341063,Healthcare,2021-05-28,0.18778096749514925,0.4,0.15,1.0285675901120976,0.023260186317710305,0.0220792475830915
2021-06-01,2021-05-28,Equity,Risk Parity + Sentiment Tilt,Equity Risk Parity + Sentiment Tilt,ADBE,0.018982526122159702,Tech,2021-05-28,0.584662907915046,0.8,0.15,1.0916599592341714,0.020722463692678453,0.019670367216874093
2021-06-01,2021-05-28,Equity,Risk Parity + Sentiment Tilt,Equity Risk Parity + Sentiment Tilt,AEP,0.02474144549386852,Utilities,2021-05-28,0.3477513510206343,0.2,0.15,1.0535471434846961,0.026066279225747484,0.024742872852960316
2021-06-01,2021-05-28,Equity,Risk Parity + Sentiment Tilt,Equity Risk Parity + Sentiment Tilt,AMD,0.016962812951135397,Tech,2021-05-28,0.584662907915046,0.8,0.15,1.0916599592341714,0.01851762369473334,0.01757746875377506
2021-06-01,2021-05-28,Equity,Risk Parity + Sentiment Tilt,Equity Risk Parity + Sentiment Tilt,AMGN,0.023729864914919897,Healthcare,2021-05-28,0.18778096749514925,0.4,0.15,1.0285675901120976,0.024407769969224776,0.023168567471505464
2021-06-01,2021-05-28,Equity,Risk Parity + Sentiment Tilt,Equity Risk Parity + Sentiment Tilt,AMT,0.019081406300051725,RealEstate,2021-05-28,-0.193385118477147,0.4,0.15,0.9714089187547142,0.01853584826225264,0.017594768045055754
2021-06-01,2021-05-28,Equity,Risk Parity + Sentiment Tilt,Equity Risk Parity + Sentiment Tilt,BA,0.011081512602137923,Industrials,2021-05-28,-0.054377297743404586,0.8,0.15,0.9918765800977618,0.010991492822118813,0.010433445717610389
2021-06-01,2021-05-28,Equity,Risk Parity + Sentiment Tilt,Equity Risk Parity + Sentiment Tilt,CAT,0.018571754494890364,Industrials,2021-05-28,-0.054377297743404586,0.8,0.15,0.9918765800977618,0.01842088833480709,0.017485644727403226
2021-06-01,2021-05-28,Equity,Risk Parity + Sentiment Tilt,Equity Risk Parity + Sentiment Tilt,CCI,0.02021853625092476,RealEstate,2021-05-28,-0.193385118477147,0.4,0.15,0.9714089187547142,0.019640466438313815,0.018643303850440416
2021-06-01,2021-05-28,Equity,Risk Parity + Sentiment Tilt,Equity Risk Parity + Sentiment Tilt,CMCSA,0.02074541943791198,Comm,2021-05-28,0.368440251897108,1.0,0.15,1.0568217317921562,0.021924210097128798,0.020811099970839457
2021-06-01,2021-05-28,Equity,Risk Parity + Sentiment Tilt,Equity Risk Parity + Sentiment Tilt,COP,0.01259221419051907,Energy,2021-05-28,0.08163390955142706,0.8,0.15,1.0123203644517431,0.012747354858600677,0.012100161198548575
2021-06-01,2021-05-28,Equity,Risk Parity + Sentiment Tilt,Equity Risk Parity + Sentiment Tilt,CVX,0.013696818650432523,Energy,2021-05-28,0.08163390955142706,0.8,0.15,1.0123203644517431,0.013865568448035284,0.01316160216702034
2021-06-01,2021-05-28,Equity,Risk Parity + Sentiment Tilt,Equity Risk Parity + Sentiment Tilt,D,0.01990729321110175,Utilities,2021-05-28,0.3477513510206343,0.2,0.15,1.0535471434846961,0.020973271897068532,0.0199084416830439
2021-06-01,2021-05-28,Equity,Risk Parity + Sentiment Tilt,Equity Risk Parity + Sentiment Tilt,DD,0.015909008224759595,Materials,2021-05-28,0.4202627913316273,0.6,0.15,1.0650688220319489,0.016944188649641288,0.016083918296268665
2021-06-01,2021-05-28,Equity,Risk Parity + Sentiment Tilt,Equity Risk Parity + Sentiment Tilt,DIS,0.01833689774957454,Consumer,2021-05-28,1.6228861059274702,1.0,0.15,1.2756207410870406,0.023390927096549562,0.02220335054537088
2021-06-01,2021-05-28,Equity,Risk Parity + Sentiment Tilt,Equity Risk Parity + Sentiment Tilt,DOW,0.013620200745388056,Materials,2021-05-28,0.4202627913316273,0.6,0.15,1.0650688220319489,0.014506451163729128,0.013769946741661793
2021-06-01,2021-05-28,Equity,Risk Parity + Sentiment Tilt,Equity Risk Parity + Sentiment Tilt,DUK,0.020038621668583518,Utilities,2021-05-28,0.3477513510206343,0.2,0.15,1.0535471434846961,0.0211116326183067,0.02003977771699762
2021-06-01,2021-05-28,Equity,Risk Parity + Sentiment Tilt,Equity Risk Parity + Sentiment Tilt,EA,0.03247890379950429,Comm,2021-05-28,0.368440251897108,1.0,0.15,1.0568217317921562,0.03432441136010297,0.03258173284650603
2021-06-01,2021-05-28,Equity,Risk Parity + Sentiment Tilt,Equity Risk Parity + Sentiment Tilt,GE,0.014974457102458844,Industrials,2021-05-28,-0.054377297743404586,0.8,0.15,0.9918765800977618,0.014852813299607517,0.014098723787856156
2021-06-01,2021-05-28,Equity,Risk Parity + Sentiment Tilt,Equity Risk Parity + Sentiment Tilt,GILD,0.035778700519676625,Healthcare,2021-05-28,0.18778096749514925,0.4,0.15,1.0285675901120976,0.03680081177086624,0.03493240437756254
2021-06-01,2021-05-28,Equity,Risk Parity + Sentiment Tilt,Equity Risk Parity + Sentiment Tilt,GS,0.015169895984047993,Financials,2021-05-28,-0.6168903607542287,1.0,0.15,0.9116186218968956,0.013829159671297083,0.013127041893735333
2021-06-01,2021-05-28,Equity,Risk Parity + Sentiment Tilt,Equity Risk Parity + Sentiment Tilt,INTC,0.01641465701536134,Tech,2021-05-28,0.584662907915046,0.8,0.15,1.0916599592341714,0.017919223808232264,0.017009450120248838
2021-06-01,2021-05-28,Equity,Risk Parity + Sentiment Tilt,Equity Risk Parity + Sentiment Tilt,KO,0.02293671247607233,Consumer,2021-05-28,1.6228861059274702,1.0,0.15,1.2756207410870406,0.029258546166827753,0.027773065783520113
2021-06-01,2021-05-28,Equity,Risk Parity + Sentiment Tilt,Equity Risk Parity + Sentiment Tilt,MMM,0.023400760949093408,Industrials,2021-05-28,-0.054377297743404586,0.8,0.15,0.9918765800977618,0.023210666741872023,0.02203224215672866
2021-06-01,2021-05-28,Equity,Risk Parity + Sentiment Tilt,Equity Risk Parity + Sentiment Tilt,MRK,0.027737746373615983,Healthcare,2021-05-28,0.18778096749514925,0.4,0.15,1.0285675901120976,0.028530146942650766,0.02708164798530195
2021-06-01,2021-05-28,Equity,Risk Parity + Sentiment Tilt,Equity Risk Parity + Sentiment Tilt,MS,0.013404438644511662,Financials,2021-05-28,-0.6168903607542287,1.0,0.15,0.9116186218968956,0.012219735884411212,0.011599329872369725
2021-06-01,2021-05-28,Equity,Risk Parity + Sentiment Tilt,Equity Risk Parity + Sentiment Tilt,NEE,0.019623747339287047,Utilities,2021-05-28,0.3477513510206343,0.2,0.15,1.0535471434846961,0.020674542953771274,0.019624879453180186
2021-06-01,2021-05-28,Equity,Risk Parity + Sentiment Tilt,Equity Risk Parity + Sentiment Tilt,NEM,0.037175882843829215,Materials,2021-05-28,0.4202627913316273,0.6,0.15,1.0650688220319489,0.03959487374847492,0.03758460953720706
2021-06-01,2021-05-28,Equity,Risk Parity + Sentiment Tilt,Equity Risk Parity + Sentiment Tilt,NKE,0.020447971686026658,Consumer,2021-05-28,1.6228861059274702,1.0,0.15,1.2756207410870406,0.026083856795856147,0.02475955799541951
2021-06-01,2021-05-28,Equity,Risk Parity + Sentiment Tilt,Equity Risk Parity + Sentiment Tilt,NUE,0.01607808913115317,Materials,2021-05-28,0.4202627913316273,0.6,0.15,1.0650688220319489,0.017124271451441984,0.01625485814653921
2021-06-01,2021-05-28,Equity,Risk Parity + Sentiment Tilt,Equity Risk Parity + Sentiment Tilt,NVDA,0.015063945683319155,Tech,2021-05-28,0.584662907915046,0.8,0.15,1.0916599592341714,0.01644470633055796,0.015609795104141838
2021-06-01,2021-05-28,Equity,Risk Parity + Sentiment Tilt,Equity Risk Parity + Sentiment Tilt,O,0.01607997934879154,RealEstate,2021-05-28,-0.193385118477147,0.4,0.15,0.9714089187547142,0.015620235352807722,0.014827183194066092
2021-06-01,2021-05-28,Equity,Risk Parity + Sentiment Tilt,Equity Risk Parity + Sentiment Tilt,OXY,0.009879999650383062,Energy,2021-05-28,0.08163390955142706,0.8,0.15,1.0123203644517431,0.010001724846858876,0.009493929074145665
2021-06-01,2021-05-28,Equity,Risk Parity + Sentiment Tilt,Equity Risk Parity + Sentiment Tilt,PLD,0.017279357648307465,RealEstate,2021-05-28,-0.193385118477147,0.4,0.15,0.9714089187547142,0.016785322129918356,0.0159331175600357
2021-06-01,2021-05-28,Equity,Risk Parity + Sentiment Tilt,Equity Risk Parity + Sentiment Tilt,PSA,0.026594782945914677,RealEstate,2021-05-28,-0.193385118477147,0.4,0.15,0.9714089187547142,0.02583440934600729,0.024522775197166932
2021-06-01,2021-05-28,Equity,Risk Parity + Sentiment Tilt,Equity Risk Parity + Sentiment Tilt,QCOM,0.016762168967341572,Tech,2021-05-28,0.584662907915046,0.8,0.15,1.0916599592341714,0.018298588691564394,0.017369554337343742
2021-06-01,2021-05-28,Equity,Risk Parity + Sentiment Tilt,Equity Risk Parity + Sentiment Tilt,SBUX,0.01725526855897172,Consumer,2021-05-28,1.6228861059274702,1.0,0.15,1.2756207410870406,0.022011178466851418,0.020893652885110033
2021-06-01,2021-05-28,Equity,Risk Parity + Sentiment Tilt,Equity Risk Parity + Sentiment Tilt,SHW,0.0201700430226996,Materials,2021-05-28,0.4202627913316273,0.6,0.15,1.0650688220319489,0.021482483962520393,0.020391800634336935
2021-06-01,2021-05-28,Equity,Risk Parity + Sentiment Tilt,Equity Risk Parity + Sentiment Tilt,SLB,0.012267828451234492,Energy,2021-05-28,0.08163390955142706,0.8,0.15,1.0123203644517431,0.012418972568785165,0.011788451146887521
2021-06-01,2021-05-28,Equity,Risk Parity + Sentiment Tilt,Equity Risk Parity + Sentiment Tilt,SO,0.01815092441396491,Utilities,2021-05-28,0.3477513510206343,0.2,0.15,1.0535471434846961,0.019122854567939364,0.018151971559209244
2021-06-01,2021-05-28,Equity,Risk Parity + Sentiment Tilt,Equity Risk Parity + Sentiment Tilt,T,0.022470723677287006,Comm,2021-05-28,0.368440251897108,1.0,0.15,1.0568217317921562,0.02374754911125346,0.022541866567928837
2021-06-01,2021-05-28,Equity,Risk Parity + Sentiment Tilt,Equity Risk Parity + Sentiment Tilt,TMUS,0.02230400421816689,Comm,2021-05-28,0.368440251897108,1.0,0.15,1.0568217317921562,0.02357135636374269,0.022374619270701755
2021-06-01,2021-05-28,Equity,Risk Parity + Sentiment Tilt,Equity Risk Parity + Sentiment Tilt,TTWO,0.031035546457509278,Comm,2021-05-28,0.368440251897108,1.0,0.15,1.0568217317921562,0.03279903995434087,0.031133805797944666
2021-06-01,2021-05-28,Equity,Risk Parity + Sentiment Tilt,Equity Risk Parity + Sentiment Tilt,UPS,0.023841786786187247,Industrials,2021-05-28,-0.054377297743404586,0.8,0.15,0.9918765800977618,0.023648109940903415,0.022447476005805773
2021-06-01,2021-05-28,Equity,Risk Parity + Sentiment Tilt,Equity Risk Parity + Sentiment Tilt,USB,0.014395619473002113,Financials,2021-05-28,-0.6168903607542287,1.0,0.15,0.9116186218968956,0.013123314785330301,0.01245703333148003
2021-06-01,2021-05-28,Equity,Risk Parity + Sentiment Tilt,Equity Risk Parity + Sentiment Tilt,V,0.01735334791407882,Financials,2021-05-28,-0.6168903607542287,1.0,0.15,0.9116186218968956,0.015819635110729903,0.015016459262754338
2021-06-01,2021-05-28,Equity,Risk Parity + Sentiment Tilt,Equity Risk Parity + Sentiment Tilt,WFC,0.013464851502716353,Financials,2021-05-28,-0.6168903607542287,1.0,0.15,0.9116186218968956,0.012274809370952626,0.011651607232834637
2021-06-01,2021-05-28,Equity,Risk Parity + Sentiment Tilt,Equity Risk Parity + Sentiment Tilt,WMT,0.03586130933606567,Consumer,2021-05-28,1.6228861059274702,1.0,0.15,1.2756207410870406,0.0457454299916237,0.04342289699592845
2021-06-01,2021-05-28,Equity,Risk Parity + Sentiment Tilt,Equity Risk Parity + Sentiment Tilt,XOM,0.016404917764590684,Energy,2021-05-28,0.08163390955142706,0.8,0.15,1.0123203644517431,0.016607032330251317,0.015763879679710074
2021-07-01,2021-06-30,Equity,Risk Parity + Sentiment Tilt,Equity Risk Parity + Sentiment Tilt,ABBV,0.02693759192632553,Healthcare,2021-06-30,-0.4975087622394215,0.6,0.15,0.9280902355529158,0.025000516036131785,0.02404753742782182
2021-07-01,2021-06-30,Equity,Risk Parity + Sentiment Tilt,Equity Risk Parity + Sentiment Tilt,ABT,0.022715201023496275,Healthcare,2021-06-30,-0.4975087622394215,0.6,0.15,0.9280902355529158,0.02108175626852849,0.02027815434605311
2021-07-01,2021-06-30,Equity,Risk Parity + Sentiment Tilt,Equity Risk Parity + Sentiment Tilt,ADBE,0.019131018098689206,Tech,2021-06-30,1.2172954613362525,0.6,0.15,1.200327359531437,0.022963484439547745,0.022088154129904516
2021-07-01,2021-06-30,Equity,Risk Parity + Sentiment Tilt,Equity Risk Parity + Sentiment Tilt,AEP,0.024673499140740403,Utilities,2021-06-30,0.28009996750142585,0.2,0.15,1.0429101172013069,0.025732241880635918,0.024751371084982612
2021-07-01,2021-06-30,Equity,Risk Parity + Sentiment Tilt,Equity Risk Parity + Sentiment Tilt,AMD,0.0171112106660842,Tech,2021-06-30,1.2172954613362525,0.6,0.15,1.200327359531437,0.020539054317207008,0.019756139301735864
2021-07-01,2021-06-30,Equity,Risk Parity + Sentiment Tilt,Equity Risk Parity + Sentiment Tilt,AMGN,0.023793723441858625,Healthcare,2021-06-30,-0.4975087622394215,0.6,0.15,0.9280902355529158,0.022082722393835505,0.021240965286735858
2021-07-01,2021-06-30,Equity,Risk Parity + Sentiment Tilt,Equity Risk Parity + Sentiment Tilt,AMT,0.019137963106921695,RealEstate,2021-06-30,-0.13583671762963934,0.2,0.15,0.9798306703101463,0.018751963219425932,0.018037169181330824
2021-07-01,2021-06-30,Equity,Risk Parity + Sentiment Tilt,Equity Risk Parity + Sentiment Tilt,BA,0.011104143792684856,Industrials,2021-06-30,0.8097559969474016,0.6,0.15,1.1291480378336387,0.012538222175332684,0.012060285739858272
2021-07-01,2021-06-30,Equity,Risk Parity + Sentiment Tilt,Equity Risk Parity + Sentiment Tilt,CAT,0.018591737496714025,Industrials,2021-06-30,0.8097559969474016,0.6,0.15,1.1291480378336387,0.02099282391433273,0.020192611947129176
2021-07-01,2021-06-30,Equity,Risk Parity + Sentiment Tilt,Equity Risk Parity + Sentiment Tilt,CCI,0.020249854159870333,RealEstate,2021-06-30,-0.13583671762963934,0.2,0.15,0.9798306703101463,0.019841428175148453,0.019085105522371693
2021-07-01,2021-06-30,Equity,Risk Parity + Sentiment Tilt,Equity Risk Parity + Sentiment Tilt,CMCSA,0.020753055418276704,Comm,2021-06-30,0.37458342524327604,0.6,0.15,1.0577960164773537,0.021952499351186858,0.021115706132583505
2021-07-01,2021-06-30,Equity,Risk Parity + Sentiment Tilt,Equity Risk Parity + Sentiment Tilt,COP,0.012580457959553657,Energy,2021-06-30,3.1551948768385656,0.8,0.15,1.5683121854901687,0.019730085517014783,0.01897800706348737
2021-07-01,2021-06-30,Equity,Risk Parity + Sentiment Tilt,Equity Risk Parity + Sentiment Tilt,CVX,0.013687527754501135,Energy,2021-06-30,3.1551948768385656,0.8,0.15,1.5683121854901687,0.021466316566619015,0.02064805583721517
2021-07-01,2021-06-30,Equity,Risk Parity + Sentiment Tilt,Equity Risk Parity + Sentiment Tilt,D,0.019887909791000653,Utilities,2021-06-30,0.28009996750142585,0.2,0.15,1.0429101172013069,0.02074130233102151,0.019950677953453205
2021-07-01,2021-06-30,Equity,Risk Parity + Sentiment Tilt,Equity Risk Parity + Sentiment Tilt,DD,0.01592650198079343,Materials,2021-06-29,-0.28504147701935806,0.2,0.15,0.9581449366838163,0.015259897231981994,0.014678215013660179
2021-07-01,2021-06-30,Equity,Risk Parity + Sentiment Tilt,Equity Risk Parity + Sentiment Tilt,DIS,0.018387520772308805,Consumer,2021-06-30,-1.4690754135094939,1.0,0.15,0.8022288906459971,0.014751000390899521,0.01418871648430404
2021-07-01,2021-06-30,Equity,Risk Parity + Sentiment Tilt,Equity Risk Parity + Sentiment Tilt,DOW,0.013625852254400253,Materials,2021-06-29,-0.28504147701935806,0.2,0.15,0.9581449366838163,0.013055541345555366,0.012557885553001349
2021-07-01,2021-06-30,Equity,Risk Parity + Sentiment Tilt,Equity Risk Parity + Sentiment Tilt,DUK,0.02003473771782114,Utilities,2021-06-30,0.28009996750142585,0.2,0.15,1.0429101172013069,0.02089443066139029,0.020097969283379404
2021-07-01,2021-06-30,Equity,Risk Parity + Sentiment Tilt,Equity Risk Parity + Sentiment Tilt,EA,0.03247009764152797,Comm,2021-06-30,0.37458342524327604,0.6,0.15,1.0577960164773537,0.034346739939839006,0.033037498627357824
2021-07-01,2021-06-30,Equity,Risk Parity + Sentiment Tilt,Equity Risk Parity + Sentiment Tilt,GE,0.014964848127423913,Industrials,2021-06-30,0.8097559969474016,0.6,0.15,1.1291480378336387,0.016897528899559113,0.016253422851855676
2021-07-01,2021-06-30,Equity,Risk Parity + Sentiment Tilt,Equity Risk Parity + Sentiment Tilt,GILD,0.0356389245224295,Healthcare,2021-06-30,-0.4975087622394215,0.6,0.15,0.9280902355529158,0.03307613785487418,0.03181532980692624
2021-07-01,2021-06-30,Equity,Risk Parity + Sentiment Tilt,Equity Risk Parity + Sentiment Tilt,GS,0.015152668188507336,Financials,2021-06-30,0.08463420934136165,1.0,0.15,1.0127760566715687,0.01534625953600918,0.014761285328506688
2021-07-01,2021-06-30,Equity,Risk Parity + Sentiment Tilt,Equity Risk Parity + Sentiment Tilt,INTC,0.016438111929909842,Tech,2021-06-30,1.2172954613362525,0.6,0.15,1.200327359531437,0.019731115488510895,0.018978997774161763
2021-07-01,2021-06-30,Equity,Risk Parity + Sentiment Tilt,Equity Risk Parity + Sentiment Tilt,KO,0.02292299521804362,Consumer,2021-06-30,-1.4690754135094939,1.0,0.15,0.8022288906459971,0.018389489024054628,0.01768851190692843
2021-07-01,2021-06-30,Equity,Risk Parity + Sentiment Tilt,Equity Risk Parity + Sentiment Tilt,MMM,0.023306286674738143,Industrials,2021-06-30,0.8097559969474016,0.6,0.15,1.1291480378336387,0.026316247867968854,0.025313115723299837
2021-07-01,2021-06-30,Equity,Risk Parity + Sentiment Tilt,Equity Risk Parity + Sentiment Tilt,MRK,0.02784320117626575,Healthcare,2021-06-30,-0.4975087622394215,0.6,0.15,0.9280902355529158,0.0258410031382277,0.024855986542073796
2021-07-01,2021-06-30,Equity,Risk Parity + Sentiment Tilt,Equity Risk Parity + Sentiment Tilt,MS,0.01339076848855539,Financials,2021-06-30,0.08463420934136165,1.0,0.15,1.0127760566715687,0.013561849705641029,0.013044894270004733
2021-07-01,2021-06-30,Equity,Risk Parity + Sentiment Tilt,Equity Risk Parity + Sentiment Tilt,NEE,0.019687890251374792,Utilities,2021-06-30,0.28009996750142585,0.2,0.15,1.0429101172013069,0.02053269992950775,0.01975002713285871
2021-07-01,2021-06-30,Equity,Risk Parity + Sentiment Tilt,Equity Risk Parity + Sentiment Tilt,NEM,0.03671446178522702,Materials,2021-06-29,-0.28504147701935806,0.2,0.15,0.9581449366838163,0.03517777566258674,0.03383685663331861
2021-07-01,2021-06-30,Equity,Risk Parity + Sentiment Tilt,Equity Risk Parity + Sentiment Tilt,NKE,0.020361814735576533,Consumer,2021-06-30,-1.4690754135094939,1.0,0.15,0.8022288906459971,0.016334836046860878,0.015712178926487394
2021-07-01,2021-06-30,Equity,Risk Parity + Sentiment Tilt,Equity Risk Parity + Sentiment Tilt,NUE,0.016025720820066737,Materials,2021-06-29,-0.28504147701935806,0.2,0.15,0.9581449366838163,0.01535496326045536,0.01476965728127272
2021-07-01,2021-06-30,Equity,Risk Parity + Sentiment Tilt,Equity Risk Parity + Sentiment Tilt,NVDA,0.015188468049254233,Tech,2021-06-30,1.2172954613362525,0.6,0.15,1.200327359531437,0.01823113374888893,0.01753619287475579
2021-07-01,2021-06-30,Equity,Risk Parity + Sentiment Tilt,Equity Risk Parity + Sentiment Tilt,O,0.016096710570938488,RealEstate,2021-06-30,-0.13583671762963934,0.2,0.15,0.9798306703101463,0.015772050708511075,0.015170846040868676
2021-07-01,2021-06-30,Equity,Risk Parity + Sentiment Tilt,Equity Risk Parity + Sentiment Tilt,OXY,0.009898315822102008,Energy,2021-06-30,3.1551948768385656,0.8,0.15,1.5683121854901687,0.015523649319632715,0.014931913304938657
2021-07-01,2021-06-30,Equity,Risk Parity + Sentiment Tilt,Equity Risk Parity + Sentiment Tilt,PLD,0.017273721250163156,RealEstate,2021-06-30,-0.13583671762963934,0.2,0.15,0.9798306703101463,0.016925321871297982,0.016280156401161414
2021-07-01,2021-06-30,Equity,Risk Parity + Sentiment Tilt,Equity Risk Parity + Sentiment Tilt,PSA,0.026787270746506695,RealEstate,2021-06-30,-0.13583671762963934,0.2,0.15,0.9798306703101463,0.026246989451329028,0.02524649732374637
2021-07-01,2021-06-30,Equity,Risk Parity + Sentiment Tilt,Equity Risk Parity + Sentiment Tilt,QCOM,0.01680913629616936,Tech,2021-06-30,1.2172954613362525,0.6,0.15,1.200327359531437,0.020176466186385005,0.019407372434915016
2021-07-01,2021-06-30,Equity,Risk Parity + Sentiment Tilt,Equity Risk Parity + Sentiment Tilt,SBUX,0.01730256360105232,Consumer,2021-06-30,-1.4690754135094939,1.0,0.15,0.8022288906459971,0.01388061640300401,0.013351510104433946
2021-07-01,2021-06-30,Equity,Risk Parity + Sentiment Tilt,Equity Risk Parity + Sentiment Tilt,SHW,0.020200342518072897,Materials,2021-06-29,-0.28504147701935806,0.2,0.15,0.9581449366838163,0.01935485590297036,0.018617080586021083
2021-07-01,2021-06-30,Equity,Risk Parity + Sentiment Tilt,Equity Risk Parity + Sentiment Tilt,SLB,0.012227389745462221,Energy,2021-06-30,3.1551948768385656,0.8,0.15,1.5683121854901687,0.019176364334545934,0.018445392823015168
2021-07-01,2021-06-30,Equity,Risk Parity + Sentiment Tilt,Equity Risk Parity + Sentiment Tilt,SO,0.018147886078074504,Utilities,2021-06-30,0.28009996750142585,0.2,0.15,1.0429101172013069,0.018926613996640647,0.018205162557779497
2021-07-01,2021-06-30,Equity,Risk Parity + Sentiment Tilt,Equity Risk Parity + Sentiment Tilt,T,0.02253302424941216,Comm,2021-06-30,0.37458342524327604,0.6,0.15,1.0577960164773537,0.023835343290215794,0.0229267791532007
2021-07-01,2021-06-30,Equity,Risk Parity + Sentiment Tilt,Equity Risk Parity + Sentiment Tilt,TMUS,0.022398341693232716,Comm,2021-06-30,0.37458342524327604,0.6,0.15,1.0577960164773537,0.023692876618800193,0.022789743077300008
2021-07-01,2021-06-30,Equity,Risk Parity + Sentiment Tilt,Equity Risk Parity + Sentiment Tilt,TTWO,0.030822229123034613,Comm,2021-06-30,0.37458342524327604,0.6,0.15,1.0577960164773537,0.03260363118529829,0.031360834315509185
2021-07-01,2021-06-30,Equity,Risk Parity + Sentiment Tilt,Equity Risk Parity + Sentiment Tilt,UPS,0.023822881379133323,Industrials,2021-06-30,0.8097559969474016,0.6,0.15,1.1291480378336387,0.02689955976479192,0.025874192728697395
2021-07-01,2021-06-30,Equity,Risk Parity + Sentiment Tilt,Equity Risk Parity + Sentiment Tilt,USB,0.014392508101670221,Financials,2021-06-30,0.08463420934136165,1.0,0.15,1.0127760566715687,0.01457638760082317,0.014020759646986408
2021-07-01,2021-06-30,Equity,Risk Parity + Sentiment Tilt,Equity Risk Parity + Sentiment Tilt,V,0.01740854185220307,Financials,2021-06-30,0.08463420934136165,1.0,0.15,1.0127760566715687,0.017630954369476193,0.016958891347500286
2021-07-01,2021-06-30,Equity,Risk Parity + Sentiment Tilt,Equity Risk Parity + Sentiment Tilt,WFC,0.013431790120991943,Financials,2021-06-30,0.08463420934136165,1.0,0.15,1.0127760566715687,0.013603395432778352,0.013084856342261841
2021-07-01,2021-06-30,Equity,Risk Parity + Sentiment Tilt,Equity Risk Parity + Sentiment Tilt,WMT,0.035609174640478275,Consumer,2021-06-30,-1.4690754135094939,1.0,0.15,0.8022288906459971,0.02856670866865046,0.027477792654608903
2021-07-01,2021-06-30,Equity,Risk Parity + Sentiment Tilt,Equity Risk Parity + Sentiment Tilt,XOM,0.01640240810036017,Energy,2021-06-30,3.1551948768385656,0.8,0.15,1.5683121854901687,0.0257240964951775,0.02474353618823919
2021-08-02,2021-07-30,Equity,Risk Parity + Sentiment Tilt,Equity Risk Parity + Sentiment Tilt,ABBV,0.026911408660236252,Healthcare,2021-07-30,-0.16693279318971388,0.6,0.15,0.9752709794300454,0.026245915881910813,0.02481197228920158
2021-08-02,2021-07-30,Equity,Risk Parity + Sentiment Tilt,Equity Risk Parity + Sentiment Tilt,ABT,0.022838021624252122,Healthcare,2021-07-30,-0.16693279318971388,0.6,0.15,0.9752709794300454,0.02227325971772892,0.021056361888569956
2021-08-02,2021-07-30,Equity,Risk Parity + Sentiment Tilt,Equity Risk Parity + Sentiment Tilt,ADBE,0.019217010658296858,Tech,2021-07-30,0.11765087792693574,0.4,0.15,1.0178042712234,0.019559155528160142,0.01849054257235398
2021-08-02,2021-07-30,Equity,Risk Parity + Sentiment Tilt,Equity Risk Parity + Sentiment Tilt,AEP,0.024707123981942053,Utilities,2021-07-30,0.14631954662569416,0.4,0.15,1.0221905596604528,0.025255388890701544,0.023875562663865185
2021-08-02,2021-07-30,Equity,Risk Parity + Sentiment Tilt,Equity Risk Parity + Sentiment Tilt,AMD,0.017131154360833737,Tech,2021-07-30,0.11765087792693574,0.4,0.15,1.0178042712234,0.01743616207944395,0.016483538707192325
2021-08-02,2021-07-30,Equity,Risk Parity + Sentiment Tilt,Equity Risk Parity + Sentiment Tilt,AMGN,0.023873735909870172,Healthcare,2021-07-30,-0.16693279318971388,0.6,0.15,0.9752709794300454,0.02328336180347333,0.022011277124659265
2021-08-02,2021-07-30,Equity,Risk Parity + Sentiment Tilt,Equity Risk Parity + Sentiment Tilt,AMT,0.019234812718460174,RealEstate,2021-07-30,-0.5786616790992599,0.4,0.15,0.9168611353227938,0.01763565222676871,0.01667212972568302
2021-08-02,2021-07-30,Equity,Risk Parity + Sentiment Tilt,Equity Risk Parity + Sentiment Tilt,BA,0.011081015600678252,Industrials,2021-07-30,0.4968800552052079,0.6,0.15,1.0773798280464009,0.011938462682438221,0.011286205693301127
2021-08-02,2021-07-30,Equity,Risk Parity + Sentiment Tilt,Equity Risk Parity + Sentiment Tilt,CAT,0.018497629816557896,Industrials,2021-07-30,0.4968800552052079,0.6,0.15,1.0773798280464009,0.019928973231029122,0.018840155313510614
2021-08-02,2021-07-30,Equity,Risk Parity + Sentiment Tilt,Equity Risk Parity + Sentiment Tilt,CCI,0.020339929963920873,RealEstate,2021-07-30,-0.5786616790992599,0.4,0.15,0.9168611353227938,0.018648891279106603,0.017630010540437592
2021-08-02,2021-07-30,Equity,Risk Parity + Sentiment Tilt,Equity Risk Parity + Sentiment Tilt,CMCSA,0.020767443925110294,Comm,2021-07-30,0.5651846759446095,0.6,0.15,1.0884750733080233,0.02260484504880469,0.02136983108062159
2021-08-02,2021-07-30,Equity,Risk Parity + Sentiment Tilt,Equity Risk Parity + Sentiment Tilt,COP,0.012549933126409254,Energy,2021-07-30,-0.046862958162378024,0.4,0.15,0.9929952050256965,0.012462023417917537,0.011781161728322947
2021-08-02,2021-07-30,Equity,Risk Parity + Sentiment Tilt,Equity Risk Parity + Sentiment Tilt,CVX,0.013662626949082636,Energy,2021-07-30,-0.046862958162378024,0.4,0.15,0.9929952050256965,0.013566923048493919,0.01282569525268378
2021-08-02,2021-07-30,Equity,Risk Parity + Sentiment Tilt,Equity Risk Parity + Sentiment Tilt,D,0.020007526904789248,Utilities,2021-07-30,0.14631954662569416,0.4,0.15,1.0221905596604528,0.020451505124228088,0.019334138716970827
2021-08-02,2021-07-30,Equity,Risk Parity + Sentiment Tilt,Equity Risk Parity + Sentiment Tilt,DD,0.015821713220751293,Materials,2021-07-30,0.6924014548695384,0.2,0.15,1.1094453638401847,0.017553326380771478,0.01659430174594099
2021-08-02,2021-07-30,Equity,Risk Parity + Sentiment Tilt,Equity Risk Parity + Sentiment Tilt,DIS,0.018276900188323952,Consumer,2021-07-30,1.1003072733127472,1.0,0.15,1.1794474793687422,0.021556643857792775,0.020378898280946616
2021-08-02,2021-07-30,Equity,Risk Parity + Sentiment Tilt,Equity Risk Parity + Sentiment Tilt,DOW,0.01357479357334472,Materials,2021-07-30,0.6924014548695384,0.2,0.15,1.1094453638401847,0.015060491795034834,0.014237662985794288
2021-08-02,2021-07-30,Equity,Risk Parity + Sentiment Tilt,Equity Risk Parity + Sentiment Tilt,DUK,0.02013535794011685,Utilities,2021-07-30,0.14631954662569416,0.4,0.15,1.0221905596604528,0.020582172801771582,0.019457667376015952
2021-08-02,2021-07-30,Equity,Risk Parity + Sentiment Tilt,Equity Risk Parity + Sentiment Tilt,EA,0.0324492005331505,Comm,2021-07-30,0.5651846759446095,0.6,0.15,1.0884750733080233,0.03532014592910774,0.03339043247668042
2021-08-02,2021-07-30,Equity,Risk Parity + Sentiment Tilt,Equity Risk Parity + Sentiment Tilt,GE,0.014845532035189646,Industrials,2021-07-30,0.4968800552052079,0.6,0.15,1.0773798280464009,0.015994276751329955,0.015120430672923714
2021-08-02,2021-07-30,Equity,Risk Parity + Sentiment Tilt,Equity Risk Parity + Sentiment Tilt,GILD,0.035581067413127054,Healthcare,2021-07-30,-0.16693279318971388,0.6,0.15,0.9752709794300454,0.034701182465166895,0.03280528603391851
2021-08-02,2021-07-30,Equity,Risk Parity + Sentiment Tilt,Equity Risk Parity + Sentiment Tilt,GS,0.01508103649467496,Financials,2021-07-30,1.3058621522246334,0.4,0.15,1.2163801071724178,0.018344272787663873,0.017342034856812672
2021-08-02,2021-07-30,Equity,Risk Parity + Sentiment Tilt,Equity Risk Parity + Sentiment Tilt,INTC,0.016462849358562612,Tech,2021-07-30,0.11765087792693574,0.4,0.15,1.0178042712234,0.016755958393652435,0.015840497897383742
2021-08-02,2021-07-30,Equity,Risk Parity + Sentiment Tilt,Equity Risk Parity + Sentiment Tilt,KO,0.022970992265026923,Consumer,2021-07-30,1.1003072733127472,1.0,0.15,1.1794474793687422,0.02709307892558488,0.025612850645234254
2021-08-02,2021-07-30,Equity,Risk Parity + Sentiment Tilt,Equity Risk Parity + Sentiment Tilt,MMM,0.023272089573802685,Industrials,2021-07-30,0.4968800552052079,0.6,0.15,1.0773798280464009,0.025072879863303976,0.023703025003122373
2021-08-02,2021-07-30,Equity,Risk Parity + Sentiment Tilt,Equity Risk Parity + Sentiment Tilt,MRK,0.027957172998702175,Healthcare,2021-07-30,-0.16693279318971388,0.6,0.15,0.9752709794300454,0.02726581949253949,0.02577615354461803
2021-08-02,2021-07-30,Equity,Risk Parity + Sentiment Tilt,Equity Risk Parity + Sentiment Tilt,MS,0.013350970334821051,Financials,2021-07-30,1.3058621522246334,0.4,0.15,1.2163801071724178,0.0162398547267254,0.015352591514548205
2021-08-02,2021-07-30,Equity,Risk Parity + Sentiment Tilt,Equity Risk Parity + Sentiment Tilt,NEE,0.01979555142036871,Utilities,2021-07-30,0.14631954662569416,0.4,0.15,1.0221905596604528,0.020234825785173962,0.019129297636916964
2021-08-02,2021-07-30,Equity,Risk Parity + Sentiment Tilt,Equity Risk Parity + Sentiment Tilt,NEM,0.03657611507421663,Materials,2021-07-30,0.6924014548695384,0.2,0.15,1.1094453638401847,0.04057920129637473,0.038362159759016946
2021-08-02,2021-07-30,Equity,Risk Parity + Sentiment Tilt,Equity Risk Parity + Sentiment Tilt,NKE,0.020372251570245706,Consumer,2021-07-30,1.1003072733127472,1.0,0.15,1.1794474793687422,0.024028000763592197,0.022715232792545222
2021-08-02,2021-07-30,Equity,Risk Parity + Sentiment Tilt,Equity Risk Parity + Sentiment Tilt,NUE,0.015910367747543674,Materials,2021-07-30,0.6924014548695384,0.2,0.15,1.1094453638401847,0.017651683734504733,0.016687285353228658
2021-08-02,2021-07-30,Equity,Risk Parity + Sentiment Tilt,Equity Risk Parity + Sentiment Tilt,NVDA,0.015225262700814502,Tech,2021-07-30,0.11765087792693574,0.4,0.15,1.0178042712234,0.015496337407387317,0.014649696206685364
2021-08-02,2021-07-30,Equity,Risk Parity + Sentiment Tilt,Equity Risk Parity + Sentiment Tilt,O,0.016136286706202284,RealEstate,2021-07-30,-0.5786616790992599,0.4,0.15,0.9168611353227938,0.014794734149342731,0.01398642498860553
2021-08-02,2021-07-30,Equity,Risk Parity + Sentiment Tilt,Equity Risk Parity + Sentiment Tilt,OXY,0.009859281846668157,Energy,2021-07-30,-0.046862958162378024,0.4,0.15,0.9929952050256965,0.009790219598738374,0.009255331705018386
2021-08-02,2021-07-30,Equity,Risk Parity + Sentiment Tilt,Equity Risk Parity + Sentiment Tilt,PLD,0.017337644619849657,RealEstate,2021-07-30,-0.5786616790992599,0.4,0.15,0.9168611353227938,0.015896212529978485,0.01502772418275273
2021-08-02,2021-07-30,Equity,Risk Parity + Sentiment Tilt,Equity Risk Parity + Sentiment Tilt,PSA,0.02679876354041781,RealEstate,2021-07-30,-0.5786616790992599,0.4,0.15,0.9168611353227938,0.024570744764914568,0.023228324017158287
2021-08-02,2021-07-30,Equity,Risk Parity + Sentiment Tilt,Equity Risk Parity + Sentiment Tilt,QCOM,0.01676521711034591,Tech,2021-07-30,0.11765087792693574,0.4,0.15,1.0178042712234,0.017063709582897692,0.016131435124108032
2021-08-02,2021-07-30,Equity,Risk Parity + Sentiment Tilt,Equity Risk Parity + Sentiment Tilt,SBUX,0.017270730738310383,Consumer,2021-07-30,1.1003072733127472,1.0,0.15,1.1794474793687422,0.020369919836156436,0.019257010834829152
2021-08-02,2021-07-30,Equity,Risk Parity + Sentiment Tilt,Equity Risk Parity + Sentiment Tilt,SHW,0.02027943489599779,Materials,2021-07-30,0.6924014548695384,0.2,0.15,1.1094453638401847,0.022498925026663605,0.021269697990732066
2021-08-02,2021-07-30,Equity,Risk Parity + Sentiment Tilt,Equity Risk Parity + Sentiment Tilt,SLB,0.012146666879511442,Energy,2021-07-30,-0.046862958162378024,0.4,0.15,0.9929952050256965,0.012061581968399302,0.011402598366556552
2021-08-02,2021-07-30,Equity,Risk Parity + Sentiment Tilt,Equity Risk Parity + Sentiment Tilt,SO,0.018227487302635844,Utilities,2021-07-30,0.14631954662569416,0.4,0.15,1.0221905596604528,0.01863196544708513,0.01761400944994496
2021-08-02,2021-07-30,Equity,Risk Parity + Sentiment Tilt,Equity Risk Parity + Sentiment Tilt,T,0.02251967068839827,Comm,2021-07-30,0.5651846759446095,0.6,0.15,1.0884750733080233,0.02451210020342685,0.02317288349677056
2021-08-02,2021-07-30,Equity,Risk Parity + Sentiment Tilt,Equity Risk Parity + Sentiment Tilt,TMUS,0.02242655543816952,Comm,2021-07-30,0.5651846759446095,0.6,0.15,1.0884750733080233,0.024410746574608014,0.023077067315655835
2021-08-02,2021-07-30,Equity,Risk Parity + Sentiment Tilt,Equity Risk Parity + Sentiment Tilt,TTWO,0.03080264571348528,Comm,2021-07-30,0.5651846759446095,0.6,0.15,1.0884750733080233,0.03352791205106696,0.03169611715852592
2021-08-02,2021-07-30,Equity,Risk Parity + Sentiment Tilt,Equity Risk Parity + Sentiment Tilt,UPS,0.023854297325686377,Industrials,2021-07-30,0.4968800552052079,0.6,0.15,1.0773798280464009,0.02570013875091571,0.024296013649721837
2021-08-02,2021-07-30,Equity,Risk Parity + Sentiment Tilt,Equity Risk Parity + Sentiment Tilt,USB,0.014290449027060694,Financials,2021-07-30,1.3058621522246334,0.4,0.15,1.2163801071724178,0.017382617919078063,0.01643291992790398
2021-08-02,2021-07-30,Equity,Risk Parity + Sentiment Tilt,Equity Risk Parity + Sentiment Tilt,V,0.01740220354016779,Financials,2021-07-30,1.3058621522246334,0.4,0.15,1.2163801071724178,0.021167694207225526,0.020011198864580637
2021-08-02,2021-07-30,Equity,Risk Parity + Sentiment Tilt,Equity Risk Parity + Sentiment Tilt,WFC,0.013367470855565644,Financials,2021-07-30,1.3058621522246334,0.4,0.15,1.2163801071724178,0.01625992563191711,0.015371565847380657
2021-08-02,2021-07-30,Equity,Risk Parity + Sentiment Tilt,Equity Risk Parity + Sentiment Tilt,WMT,0.03572225589922654,Consumer,2021-07-30,1.1003072733127472,1.0,0.15,1.1794474793687422,0.04213252467770792,0.03983061743705024
2021-08-02,2021-07-30,Equity,Risk Parity + Sentiment Tilt,Equity Risk Parity + Sentiment Tilt,XOM,0.016314339229077206,Energy,2021-07-30,-0.046862958162378024,0.4,0.15,0.9929952050256965,0.016200060627636282,0.01531497156299782
2021-09-01,2021-08-31,Equity,Risk Parity + Sentiment Tilt,Equity Risk Parity + Sentiment Tilt,ABBV,0.02693860260631878,Healthcare,2021-08-31,0.6700606329729174,1.0,0.15,1.1057336982465524,0.02978692068547908,0.02876072676298277
2021-09-01,2021-08-31,Equity,Risk Parity + Sentiment Tilt,Equity Risk Parity + Sentiment Tilt,ABT,0.022938354793923588,Healthcare,2021-08-31,0.6700606329729174,1.0,0.15,1.1057336982465524,0.025363711877976664,0.02448990262270122
2021-09-01,2021-08-31,Equity,Risk Parity + Sentiment Tilt,Equity Risk Parity + Sentiment Tilt,ADBE,0.019236637574059065,Tech,2021-08-31,1.2727141895551644,0.6,0.15,1.2103470400355494,0.02328300734799902,0.02248088077404936
2021-09-01,2021-08-31,Equity,Risk Parity + Sentiment Tilt,Equity Risk Parity + Sentiment Tilt,AEP,0.02478012956681888,Utilities,2021-08-31,0.5279514601808399,0.4,0.15,1.0824129035325782,0.026822331994333915,0.025898271586398493
2021-09-01,2021-08-31,Equity,Risk Parity + Sentiment Tilt,Equity Risk Parity + Sentiment Tilt,AMD,0.01711913773008022,Tech,2021-08-31,1.2727141895551644,0.6,0.15,1.2103470400355494,0.02072009767956349,0.02000626631254127
2021-09-01,2021-08-31,Equity,Risk Parity + Sentiment Tilt,Equity Risk Parity + Sentiment Tilt,AMGN,0.02370528470233159,Healthcare,2021-08-31,0.6700606329729174,1.0,0.15,1.1057336982465524,0.026211732121896533,0.02530870758687958
2021-09-01,2021-08-31,Equity,Risk Parity + Sentiment Tilt,Equity Risk Parity + Sentiment Tilt,AMT,0.019314547928686,RealEstate,2021-08-31,-0.17554075635565344,0.4,0.15,0.9740125275577751,0.018812611646655243,0.01816449538308013
2021-09-01,2021-08-31,Equity,Risk Parity + Sentiment Tilt,Equity Risk Parity + Sentiment Tilt,BA,0.011067985093298842,Industrials,2021-08-31,-0.20718076077379674,0.4,0.15,0.9694008157066185,0.010729313777672592,0.010359676489298201
2021-09-01,2021-08-31,Equity,Risk Parity + Sentiment Tilt,Equity Risk Parity + Sentiment Tilt,CAT,0.01840620131069651,Industrials,2021-08-31,-0.20718076077379674,0.4,0.15,0.9694008157066185,0.01784298656464943,0.017228275008353756
2021-09-01,2021-08-31,Equity,Risk Parity + Sentiment Tilt,Equity Risk Parity + Sentiment Tilt,CCI,0.020408901397063563,RealEstate,2021-08-31,-0.17554075635565344,0.4,0.15,0.9740125275577751,0.01987852563443129,0.01919368739923281
2021-09-01,2021-08-31,Equity,Risk Parity + Sentiment Tilt,Equity Risk Parity + Sentiment Tilt,CMCSA,0.020782330350656894,Comm,2021-08-31,0.12411412679908751,0.4,0.15,1.018791498044231,0.021172861470795824,0.02044343186668844
2021-09-01,2021-08-31,Equity,Risk Parity + Sentiment Tilt,Equity Risk Parity + Sentiment Tilt,COP,0.012514466435513572,Energy,2021-08-31,-1.6480137910835968,1.0,0.15,0.7809828654227738,0.009773583856044515,0.009436872570578533
2021-09-01,2021-08-31,Equity,Risk Parity + Sentiment Tilt,Equity Risk Parity + Sentiment Tilt,CVX,0.013636662979277996,Energy,2021-08-31,-1.6480137910835968,1.0,0.15,0.7809828654227738,0.01065000012836119,0.010283095287081743
2021-09-01,2021-08-31,Equity,Risk Parity + Sentiment Tilt,Equity Risk Parity + Sentiment Tilt,D,0.020085865609498762,Utilities,2021-08-31,0.5279514601808399,0.4,0.15,1.0824129035325782,0.021741200114342715,0.02099219058560714
2021-09-01,2021-08-31,Equity,Risk Parity + Sentiment Tilt,Equity Risk Parity + Sentiment Tilt,DD,0.015818601566645402,Materials,2021-08-31,0.11423741178024659,0.4,0.15,1.017283268553089,0.01609199870565605,0.015537610709430145
2021-09-01,2021-08-31,Equity,Risk Parity + Sentiment Tilt,Equity Risk Parity + Sentiment Tilt,DIS,0.018274379585333803,Consumer,2021-08-31,0.5847805794604028,1.0,0.15,1.0916792280013858,0.01994976059792149,0.01926246823571288
2021-09-01,2021-08-31,Equity,Risk Parity + Sentiment Tilt,Equity Risk Parity + Sentiment Tilt,DOW,0.013562087200796668,Materials,2021-08-31,0.11423741178024659,0.4,0.15,1.017283268553089,0.013796484396028449,0.013321179526870845
2021-09-01,2021-08-31,Equity,Risk Parity + Sentiment Tilt,Equity Risk Parity + Sentiment Tilt,DUK,0.020212382003265368,Utilities,2021-08-31,0.5279514601808399,0.4,0.15,1.0824129035325782,0.021878143091464096,0.021124415718533268
2021-09-01,2021-08-31,Equity,Risk Parity + Sentiment Tilt,Equity Risk Parity + Sentiment Tilt,EA,0.03249774805844714,Comm,2021-08-31,0.12411412679908751,0.4,0.15,1.018791498044231,0.03310842942752936,0.03196780568126573
2021-09-01,2021-08-31,Equity,Risk Parity + Sentiment Tilt,Equity Risk Parity + Sentiment Tilt,GE,0.014846287915458,Industrials,2021-08-31,-0.20718076077379674,0.4,0.15,0.9694008157066185,0.0143920036154603,0.013896182419349548
2021-09-01,2021-08-31,Equity,Risk Parity + Sentiment Tilt,Equity Risk Parity + Sentiment Tilt,GILD,0.03547844593113752,Healthcare,2021-08-31,0.6700606329729174,1.0,0.15,1.1057336982465524,0.03922971322747704,0.03787820416346911
2021-09-01,2021-08-31,Equity,Risk Parity + Sentiment Tilt,Equity Risk Parity + Sentiment Tilt,GS,0.015079711139206134,Financials,2021-08-31,-0.032855760924080324,0.8,0.15,0.9950837603218331,0.015005575664968273,0.01448861620099603
2021-09-01,2021-08-31,Equity,Risk Parity + Sentiment Tilt,Equity Risk Parity + Sentiment Tilt,INTC,0.016479855218036608,Tech,2021-08-31,1.2727141895551644,0.6,0.15,1.2103470400355494,0.019946343983365013,0.019259169327485646
2021-09-01,2021-08-31,Equity,Risk Parity + Sentiment Tilt,Equity Risk Parity + Sentiment Tilt,KO,0.0229941320404106,Consumer,2021-08-31,0.5847805794604028,1.0,0.15,1.0916792280013858,0.025102216314437372,0.024237415884239794
2021-09-01,2021-08-31,Equity,Risk Parity + Sentiment Tilt,Equity Risk Parity + Sentiment Tilt,MMM,0.023250518368314453,Industrials,2021-08-31,-0.20718076077379674,0.4,0.15,0.9694008157066185,0.022539071471845747,0.02176257435059771
2021-09-01,2021-08-31,Equity,Risk Parity + Sentiment Tilt,Equity Risk Parity + Sentiment Tilt,MRK,0.02799185577021542,Healthcare,2021-08-31,0.6700606329729174,1.0,0.15,1.1057336982465524,0.030951538201584392,0.029885221856576556
2021-09-01,2021-08-31,Equity,Risk Parity + Sentiment Tilt,Equity Risk Parity + Sentiment Tilt,MS,0.013358221081914567,Financials,2021-08-31,-0.032855760924080324,0.8,0.15,0.9950837603218331,0.013292548865401934,0.01283460515902847
2021-09-01,2021-08-31,Equity,Risk Parity + Sentiment Tilt,Equity Risk Parity + Sentiment Tilt,NEE,0.019893281692083126,Utilities,2021-08-31,0.5279514601808399,0.4,0.15,1.0824129035325782,0.021532744797119176,0.020790916795534582
2021-09-01,2021-08-31,Equity,Risk Parity + Sentiment Tilt,Equity Risk Parity + Sentiment Tilt,NEM,0.036140376960583066,Materials,2021-08-31,0.11423741178024659,0.4,0.15,1.017283268553089,0.036765000801202694,0.035498403935379015
2021-09-01,2021-08-31,Equity,Risk Parity + Sentiment Tilt,Equity Risk Parity + Sentiment Tilt,NKE,0.020369299151101954,Consumer,2021-08-31,0.5847805794604028,1.0,0.15,1.0916792280013858,0.022236740772204264,0.021470659293775844
2021-09-01,2021-08-31,Equity,Risk Parity + Sentiment Tilt,Equity Risk Parity + Sentiment Tilt,NUE,0.01584429759109774,Materials,2021-08-31,0.11423741178024659,0.4,0.15,1.017283268553089,0.016118138841399746,0.015562850287216988
2021-09-01,2021-08-31,Equity,Risk Parity + Sentiment Tilt,Equity Risk Parity + Sentiment Tilt,NVDA,0.01522051036082275,Tech,2021-08-31,1.2727141895551644,0.6,0.15,1.2103470400355494,0.01842209966305223,0.017787436989677555
2021-09-01,2021-08-31,Equity,Risk Parity + Sentiment Tilt,Equity Risk Parity + Sentiment Tilt,O,0.016177874996796005,RealEstate,2021-08-31,-0.17554075635565344,0.4,0.15,0.9740125275577751,0.01575745291614301,0.015214590409900444
2021-09-01,2021-08-31,Equity,Risk Parity + Sentiment Tilt,Equity Risk Parity + Sentiment Tilt,OXY,0.009810047165863426,Energy,2021-08-31,-1.6480137910835968,1.0,0.15,0.7809828654227738,0.00766147874552858,0.007397531927762054
2021-09-01,2021-08-31,Equity,Risk Parity + Sentiment Tilt,Equity Risk Parity + Sentiment Tilt,PLD,0.01738798405291757,RealEstate,2021-08-31,-0.17554075635565344,0.4,0.15,0.9740125275577751,0.01693611429651653,0.016352645540370123
2021-09-01,2021-08-31,Equity,Risk Parity + Sentiment Tilt,Equity Risk Parity + Sentiment Tilt,PSA,0.026908641022982027,RealEstate,2021-08-31,-0.17554075635565344,0.4,0.15,0.9740125275577751,0.026209353455939558,0.025306410868720246
2021-09-01,2021-08-31,Equity,Risk Parity + Sentiment Tilt,Equity Risk Parity + Sentiment Tilt,QCOM,0.016766311916814113,Tech,2021-08-31,1.2727141895551644,0.6,0.15,1.2103470400355494,0.02029305600082872,0.019593936714319873
2021-09-01,2021-08-31,Equity,Risk Parity + Sentiment Tilt,Equity Risk Parity + Sentiment Tilt,SBUX,0.017302315908868403,Consumer,2021-08-31,0.5847805794604028,1.0,0.15,1.0916792280013858,0.018888578874029553,0.018237845451471692
2021-09-01,2021-08-31,Equity,Risk Parity + Sentiment Tilt,Equity Risk Parity + Sentiment Tilt,SHW,0.020306681907336557,Materials,2021-08-31,0.11423741178024659,0.4,0.15,1.017283268553089,0.020657647744163208,0.01994596784975693
2021-09-01,2021-08-31,Equity,Risk Parity + Sentiment Tilt,Equity Risk Parity + Sentiment Tilt,SLB,0.012111965379267696,Energy,2021-08-31,-1.6480137910835968,1.0,0.15,0.7809828654227738,0.00945923742780192,0.009133355740924764
2021-09-01,2021-08-31,Equity,Risk Parity + Sentiment Tilt,Equity Risk Parity + Sentiment Tilt,SO,0.018301545622598486,Utilities,2021-08-31,0.5279514601808399,0.4,0.15,1.0824129035325782,0.019809829136490775,0.019127357575223707
2021-09-01,2021-08-31,Equity,Risk Parity + Sentiment Tilt,Equity Risk Parity + Sentiment Tilt,T,0.022516810415649582,Comm,2021-08-31,0.12411412679908751,0.4,0.15,1.018791498044231,0.02293993501453758,0.02214962767988735
2021-09-01,2021-08-31,Equity,Risk Parity + Sentiment Tilt,Equity Risk Parity + Sentiment Tilt,TMUS,0.02242885197389915,Comm,2021-08-31,0.12411412679908751,0.4,0.15,1.018791498044231,0.02285032370190102,0.022063103580775997
2021-09-01,2021-08-31,Equity,Risk Parity + Sentiment Tilt,Equity Risk Parity + Sentiment Tilt,TTWO,0.030932258216205284,Comm,2021-08-31,0.12411412679908751,0.4,0.15,1.018791498044231,0.031513521685978756,0.03042784435893729
2021-09-01,2021-08-31,Equity,Risk Parity + Sentiment Tilt,Equity Risk Parity + Sentiment Tilt,UPS,0.023838365923527855,Industrials,2021-08-31,-0.20718076077379674,0.4,0.15,0.9694008157066185,0.023108931371380762,0.022312801916473533
2021-09-01,2021-08-31,Equity,Risk Parity + Sentiment Tilt,Equity Risk Parity + Sentiment Tilt,USB,0.014281395557366511,Financials,2021-08-31,-0.032855760924080324,0.8,0.15,0.9950837603218331,0.01421118479386779,0.013721593015619678
2021-09-01,2021-08-31,Equity,Risk Parity + Sentiment Tilt,Equity Risk Parity + Sentiment Tilt,V,0.017436867581849296,Financials,2021-08-31,-0.032855760924080324,0.8,0.15,0.9950837603218331,0.017351143761580468,0.01675337675959648
2021-09-01,2021-08-31,Equity,Risk Parity + Sentiment Tilt,Equity Risk Parity + Sentiment Tilt,WFC,0.01336217712818266,Financials,2021-08-31,-0.032855760924080324,0.8,0.15,0.9950837603218331,0.013296485462798394,0.012838406136084505
2021-09-01,2021-08-31,Equity,Risk Parity + Sentiment Tilt,Equity Risk Parity + Sentiment Tilt,WMT,0.03562672954802731,Consumer,2021-08-31,0.5847805794604028,1.0,0.15,1.0916792280013858,0.038892960609204615,0.03755305306298716
2021-09-01,2021-08-31,Equity,Risk Parity + Sentiment Tilt,Equity Risk Parity + Sentiment Tilt,XOM,0.016256075968753527,Energy,2021-08-31,-1.6480137910835968,1.0,0.15,0.7809828654227738,0.012695716790607424,0.012258334640575148
2021-10-01,2021-09-30,Equity,Risk Parity + Sentiment Tilt,Equity Risk Parity + Sentiment Tilt,ABBV,0.02678995482103937,Healthcare,2021-09-30,1.0906848681104786,0.8,0.15,1.177746339109447,0.0315517712153866,0.030729017540835655
2021-10-01,2021-09-30,Equity,Risk Parity + Sentiment Tilt,Equity Risk Parity + Sentiment Tilt,ABT,0.02298763987269422,Healthcare,2021-09-30,1.0906848681104786,0.8,0.15,1.177746339109447,0.02707360870483197,0.026367628970978163
2021-10-01,2021-09-30,Equity,Risk Parity + Sentiment Tilt,Equity Risk Parity + Sentiment Tilt,ADBE,0.019235656485756068,Tech,2021-09-30,0.5229256334234725,1.0,0.15,1.0815972080770495,0.02080523235052295,0.02026270872326201
2021-10-01,2021-09-30,Equity,Risk Parity + Sentiment Tilt,Equity Risk Parity + Sentiment Tilt,AEP,0.024772505953284465,Utilities,2021-09-30,0.06481356929782384,0.6,0.15,1.00976944790492,0.025014519659669398,0.024362233364024502
2021-10-01,2021-09-30,Equity,Risk Parity + Sentiment Tilt,Equity Risk Parity + Sentiment Tilt,AMD,0.017123659049790876,Tech,2021-09-30,0.5229256334234725,1.0,0.15,1.0815972080770495,0.018520901820317112,0.01803794509739209
2021-10-01,2021-09-30,Equity,Risk Parity + Sentiment Tilt,Equity Risk Parity + Sentiment Tilt,AMGN,0.023662604420529382,Healthcare,2021-09-30,1.0906848681104786,0.8,0.15,1.177746339109447,0.027868545730073496,0.027141836974254825
2021-10-01,2021-09-30,Equity,Risk Parity + Sentiment Tilt,Equity Risk Parity + Sentiment Tilt,AMT,0.019351345862291015,RealEstate,2021-09-30,-0.13813399358063902,0.4,0.15,0.9794930872623497,0.018954509501336925,0.018460245891377347
2021-10-01,2021-09-30,Equity,Risk Parity + Sentiment Tilt,Equity Risk Parity + Sentiment Tilt,BA,0.011081470288996309,Industrials,2021-09-30,0.3747733162185586,0.8,0.15,1.057826146794045,0.01172226901662166,0.01141659553028512
2021-10-01,2021-09-30,Equity,Risk Parity + Sentiment Tilt,Equity Risk Parity + Sentiment Tilt,CAT,0.018283529313346567,Industrials,2021-09-30,0.3747733162185586,0.8,0.15,1.057826146794045,0.01934079536333337,0.018836458844622806
2021-10-01,2021-09-30,Equity,Risk Parity + Sentiment Tilt,Equity Risk Parity + Sentiment Tilt,CCI,0.020472955316160106,RealEstate,2021-09-30,-0.13813399358063902,0.4,0.15,0.9794930872623497,0.0200531182080098,0.01953020694007443
2021-10-01,2021-09-30,Equity,Risk Parity + Sentiment Tilt,Equity Risk Parity + Sentiment Tilt,CMCSA,0.020641501955946086,Comm,2021-09-30,-1.1406822768820255,1.0,0.15,0.8427353222339493,0.01739532280223692,0.016941717023409495
2021-10-01,2021-09-30,Equity,Risk Parity + Sentiment Tilt,Equity Risk Parity + Sentiment Tilt,COP,0.012552366955646366,Energy,2021-09-30,-0.2658528768115478,1.0,0.15,0.9609067284156116,0.01206165386522238,0.011747130475361661
2021-10-01,2021-09-30,Equity,Risk Parity + Sentiment Tilt,Equity Risk Parity + Sentiment Tilt,CVX,0.013657901106524541,Energy,2021-09-30,-0.2658528768115478,1.0,0.15,0.9609067284156116,0.013123969069294458,0.01278174442197611
2021-10-01,2021-09-30,Equity,Risk Parity + Sentiment Tilt,Equity Risk Parity + Sentiment Tilt,D,0.020172854621205362,Utilities,2021-09-30,0.06481356929782384,0.6,0.15,1.00976944790492,0.02036993227352075,0.019838759664731673
2021-10-01,2021-09-30,Equity,Risk Parity + Sentiment Tilt,Equity Risk Parity + Sentiment Tilt,DD,0.01579625858850558,Materials,2021-09-30,-0.28216836942505885,0.6,0.15,0.9585579536997019,0.015141629308709251,0.014746791533441866
2021-10-01,2021-09-30,Equity,Risk Parity + Sentiment Tilt,Equity Risk Parity + Sentiment Tilt,DIS,0.018298911066775145,Consumer,2021-09-30,1.146130532146308,1.0,0.15,1.1875823237915821,0.021731463327536327,0.021164787016908788
2021-10-01,2021-09-30,Equity,Risk Parity + Sentiment Tilt,Equity Risk Parity + Sentiment Tilt,DOW,0.013560851908126469,Materials,2021-09-30,-0.28216836942505885,0.6,0.15,0.9585579536997019,0.012998862455478405,0.012659900126637365
2021-10-01,2021-09-30,Equity,Risk Parity + Sentiment Tilt,Equity Risk Parity + Sentiment Tilt,DUK,0.020239344325663988,Utilities,2021-09-30,0.06481356929782384,0.6,0.15,1.00976944790492,0.020437071545683298,0.019904148192617415
2021-10-01,2021-09-30,Equity,Risk Parity + Sentiment Tilt,Equity Risk Parity + Sentiment Tilt,EA,0.03269774887890778,Comm,2021-09-30,-1.1406822768820255,1.0,0.15,0.8427353222339493,0.0275555479377911,0.026837001008513602
2021-10-01,2021-09-30,Equity,Risk Parity + Sentiment Tilt,Equity Risk Parity + Sentiment Tilt,GE,0.01481103198710199,Industrials,2021-09-30,0.3747733162185586,0.8,0.15,1.057826146794045,0.015667496896959447,0.015258946436987088
2021-10-01,2021-09-30,Equity,Risk Parity + Sentiment Tilt,Equity Risk Parity + Sentiment Tilt,GILD,0.03537123928197413,Healthcare,2021-09-30,1.0906848681104786,0.8,0.15,1.177746339109447,0.04165834757410929,0.04057205171108642
2021-10-01,2021-09-30,Equity,Risk Parity + Sentiment Tilt,Equity Risk Parity + Sentiment Tilt,GS,0.015056834947640383,Financials,2021-09-30,-0.29250375621323277,1.0,0.15,0.9570730449485277,0.014410490870625587,0.014034718485774237
2021-10-01,2021-09-30,Equity,Risk Parity + Sentiment Tilt,Equity Risk Parity + Sentiment Tilt,INTC,0.016528376636348242,Tech,2021-09-30,0.5229256334234725,1.0,0.15,1.0815972080770495,0.017877046023920193,0.017410878682445435
2021-10-01,2021-09-30,Equity,Risk Parity + Sentiment Tilt,Equity Risk Parity + Sentiment Tilt,KO,0.02299139640182223,Consumer,2021-09-30,1.146130532146308,1.0,0.15,1.1875823237915821,0.027304175966089462,0.026592183889532744
2021-10-01,2021-09-30,Equity,Risk Parity + Sentiment Tilt,Equity Risk Parity + Sentiment Tilt,MMM,0.02309406988250352,Industrials,2021-09-30,0.3747733162185586,0.8,0.15,1.057826146794045,0.024429510957601104,0.02379247952850507
2021-10-01,2021-09-30,Equity,Risk Parity + Sentiment Tilt,Equity Risk Parity + Sentiment Tilt,MRK,0.028003230171839286,Healthcare,2021-09-30,1.0906848681104786,0.8,0.15,1.177746339109447,0.032980701818122925,0.03212068691040526
2021-10-01,2021-09-30,Equity,Risk Parity + Sentiment Tilt,Equity Risk Parity + Sentiment Tilt,MS,0.013350008656944344,Financials,2021-09-30,-0.29250375621323277,1.0,0.15,0.9570730449485277,0.012776933435390929,0.012443758195823579
2021-10-01,2021-09-30,Equity,Risk Parity + Sentiment Tilt,Equity Risk Parity + Sentiment Tilt,NEE,0.019942873358572588,Utilities,2021-09-30,0.06481356929782384,0.6,0.15,1.00976944790492,0.02013770422092358,0.019612587262142354
2021-10-01,2021-09-30,Equity,Risk Parity + Sentiment Tilt,Equity Risk Parity + Sentiment Tilt,NEM,0.03610345176393642,Materials,2021-09-30,-0.28216836942505885,0.6,0.15,0.9585579536997019,0.03460725084433479,0.03370482154475882
2021-10-01,2021-09-30,Equity,Risk Parity + Sentiment Tilt,Equity Risk Parity + Sentiment Tilt,NKE,0.020408502376746084,Consumer,2021-09-30,1.146130532146308,1.0,0.15,1.1875823237915821,0.02423677667768214,0.02360477104685058
2021-10-01,2021-09-30,Equity,Risk Parity + Sentiment Tilt,Equity Risk Parity + Sentiment Tilt,NUE,0.015740121476331016,Materials,2021-09-30,-0.28216836942505885,0.6,0.15,0.9585579536997019,0.01508781863333659,0.014694384041763415
2021-10-01,2021-09-30,Equity,Risk Parity + Sentiment Tilt,Equity Risk Parity + Sentiment Tilt,NVDA,0.015192810056241955,Tech,2021-09-30,0.5229256334234725,1.0,0.15,1.0815972080770495,0.01643250093967622,0.016004001999382584
2021-10-01,2021-09-30,Equity,Risk Parity + Sentiment Tilt,Equity Risk Parity + Sentiment Tilt,O,0.016193988730460955,RealEstate,2021-09-30,-0.13813399358063902,0.4,0.15,0.9794930872623497,0.0158619000166909,0.015448280241274683
2021-10-01,2021-09-30,Equity,Risk Parity + Sentiment Tilt,Equity Risk Parity + Sentiment Tilt,OXY,0.009778597439870912,Energy,2021-09-30,-0.2658528768115478,1.0,0.15,0.9609067284156116,0.009396320074439635,0.009151298746929123
2021-10-01,2021-09-30,Equity,Risk Parity + Sentiment Tilt,Equity Risk Parity + Sentiment Tilt,PLD,0.01743394451350755,RealEstate,2021-09-30,-0.13813399358063902,0.4,0.15,0.9794930872623497,0.017076428134696012,0.016631137951139702
2021-10-01,2021-09-30,Equity,Risk Parity + Sentiment Tilt,Equity Risk Parity + Sentiment Tilt,PSA,0.026971745352763532,RealEstate,2021-09-30,-0.13813399358063902,0.4,0.15,0.9794930872623497,0.026418638124432285,0.02572973760454932
2021-10-01,2021-09-30,Equity,Risk Parity + Sentiment Tilt,Equity Risk Parity + Sentiment Tilt,QCOM,0.01679614304843662,Tech,2021-09-30,0.5229256334234725,1.0,0.15,1.0815972080770495,0.01816666142765179,0.017692941985979545
2021-10-01,2021-09-30,Equity,Risk Parity + Sentiment Tilt,Equity Risk Parity + Sentiment Tilt,SBUX,0.01737971446610306,Consumer,2021-09-30,1.146130532146308,1.0,0.15,1.1875823237915821,0.020639841692488847,0.02010163084281193
2021-10-01,2021-09-30,Equity,Risk Parity + Sentiment Tilt,Equity Risk Parity + Sentiment Tilt,SHW,0.02028969147435524,Materials,2021-09-30,-0.28216836942505885,0.6,0.15,0.9585579536997019,0.019448845140856246,0.018941691082969052
2021-10-01,2021-09-30,Equity,Risk Parity + Sentiment Tilt,Equity Risk Parity + Sentiment Tilt,SLB,0.012095311184618608,Energy,2021-09-30,-0.2658528768115478,1.0,0.15,0.9609067284156116,0.011622465899580622,0.011319394909969752
2021-10-01,2021-09-30,Equity,Risk Parity + Sentiment Tilt,Equity Risk Parity + Sentiment Tilt,SO,0.018380530642148462,Utilities,2021-09-30,0.06481356929782384,0.6,0.15,1.00976944790492,0.018560098278721716,0.018076119456911607
2021-10-01,2021-09-30,Equity,Risk Parity + Sentiment Tilt,Equity Risk Parity + Sentiment Tilt,T,0.022545911993803965,Comm,2021-09-30,-1.1406822768820255,1.0,0.15,0.8427353222339493,0.019000236409156646,0.018504780410307783
2021-10-01,2021-09-30,Equity,Risk Parity + Sentiment Tilt,Equity Risk Parity + Sentiment Tilt,TMUS,0.022392756969855796,Comm,2021-09-30,-1.1406822768820255,1.0,0.15,0.8427353222339493,0.01887116726069794,0.01837907690859647
2021-10-01,2021-09-30,Equity,Risk Parity + Sentiment Tilt,Equity Risk Parity + Sentiment Tilt,TTWO,0.030907808009229685,Comm,2021-09-30,-1.1406822768820255,1.0,0.15,0.8427353222339493,0.02604710154220322,0.02536788932432309
2021-10-01,2021-09-30,Equity,Risk Parity + Sentiment Tilt,Equity Risk Parity + Sentiment Tilt,UPS,0.02385233685150845,Industrials,2021-09-30,0.3747733162185586,0.8,0.15,1.057826146794045,0.025231625583664787,0.02457367796728089
2021-10-01,2021-09-30,Equity,Risk Parity + Sentiment Tilt,Equity Risk Parity + Sentiment Tilt,USB,0.01430635546993918,Financials,2021-09-30,-0.29250375621323277,1.0,0.15,0.9570730449485277,0.013692227191730716,0.01333518447112145
2021-10-01,2021-09-30,Equity,Risk Parity + Sentiment Tilt,Equity Risk Parity + Sentiment Tilt,V,0.01750375035171284,Financials,2021-09-30,-0.29250375621323277,1.0,0.15,0.9570730449485277,0.01675236764713267,0.016315527764356606
2021-10-01,2021-09-30,Equity,Risk Parity + Sentiment Tilt,Equity Risk Parity + Sentiment Tilt,WFC,0.013394914474654273,Financials,2021-09-30,-0.29250375621323277,1.0,0.15,0.9570730449485277,0.012819911583082474,0.012485615632138979
2021-10-01,2021-09-30,Equity,Risk Parity + Sentiment Tilt,Equity Risk Parity + Sentiment Tilt,WMT,0.035569989261823746,Consumer,2021-09-30,1.146130532146308,1.0,0.15,1.1875823237915821,0.04224229050479827,0.041140767566608276
2021-10-01,2021-09-30,Equity,Risk Parity + Sentiment Tilt,Equity Risk Parity + Sentiment Tilt,XOM,0.016233501976015217,Energy,2021-09-30,-0.2658528768115478,1.0,0.15,0.9609067284156116,0.01559888127450115,0.015192120056569237
2021-11-01,2021-10-29,Equity,Risk Parity + Sentiment Tilt,Equity Risk Parity + Sentiment Tilt,ABBV,0.026796445298428236,Healthcare,2021-10-29,0.054957409900381504,0.8,0.15,1.0082776836116536,0.027018257794525605,0.026996956448998737
2021-11-01,2021-10-29,Equity,Risk Parity + Sentiment Tilt,Equity Risk Parity + Sentiment Tilt,ABT,0.022986018439450726,Healthcare,2021-10-29,0.054957409900381504,0.8,0.15,1.0082776836116536,0.023176289427584134,0.02315801711140142
2021-11-01,2021-10-29,Equity,Risk Parity + Sentiment Tilt,Equity Risk Parity + Sentiment Tilt,ADBE,0.019263147221095886,Tech,2021-10-29,0.8210135286131768,0.8,0.15,1.131056361574988,0.021787705208376053,0.021770527659756497
2021-11-01,2021-10-29,Equity,Risk Parity + Sentiment Tilt,Equity Risk Parity + Sentiment Tilt,AEP,0.024864502986422996,Utilities,2021-10-29,-0.8618139433100555,0.2,0.15,0.8787348367378389,0.02184930497234192,0.021832078858123993
2021-11-01,2021-10-29,Equity,Risk Parity + Sentiment Tilt,Equity Risk Parity + Sentiment Tilt,AMD,0.017158913527639718,Tech,2021-10-29,0.8210135286131768,0.8,0.15,1.131056361574988,0.019407698303152022,0.019392397165285152
2021-11-01,2021-10-29,Equity,Risk Parity + Sentiment Tilt,Equity Risk Parity + Sentiment Tilt,AMGN,0.023636502414645072,Healthcare,2021-10-29,0.054957409900381504,0.8,0.15,1.0082776836116536,0.02383215790331959,0.023813368496763094
2021-11-01,2021-10-29,Equity,Risk Parity + Sentiment Tilt,Equity Risk Parity + Sentiment Tilt,AMT,0.019394667025152013,RealEstate,2021-10-29,0.27323156208679167,0.6,0.15,1.041836201078752,0.020206066214671716,0.020190135639079062
2021-11-01,2021-10-29,Equity,Risk Parity + Sentiment Tilt,Equity Risk Parity + Sentiment Tilt,BA,0.011151569287935812,Industrials,2021-10-29,0.5180708015129366,0.6,0.15,1.0808098489030602,0.012052725917125912,0.012043223480615983
2021-11-01,2021-10-29,Equity,Risk Parity + Sentiment Tilt,Equity Risk Parity + Sentiment Tilt,CAT,0.01821154064653688,Industrials,2021-10-29,0.5180708015129366,0.6,0.15,1.0808098489030602,0.019683212494475466,0.019667694139679524
2021-11-01,2021-10-29,Equity,Risk Parity + Sentiment Tilt,Equity Risk Parity + Sentiment Tilt,CCI,0.020495768586350497,RealEstate,2021-10-29,0.27323156208679167,0.6,0.15,1.041836201078752,0.021353233682192628,0.021336398673353806
2021-11-01,2021-10-29,Equity,Risk Parity + Sentiment Tilt,Equity Risk Parity + Sentiment Tilt,CMCSA,0.020497881002287274,Comm,2021-10-29,0.03438172401708011,0.8,0.15,1.0051705801517548,0.02060386693895073,0.020587622735042617
2021-11-01,2021-10-29,Equity,Risk Parity + Sentiment Tilt,Equity Risk Parity + Sentiment Tilt,COP,0.012579340112403685,Energy,2021-10-29,-0.03133616854288192,1.0,0.15,0.9953106044292701,0.012520350610597874,0.012510479496164732
2021-11-01,2021-10-29,Equity,Risk Parity + Sentiment Tilt,Equity Risk Parity + Sentiment Tilt,CVX,0.013676182790074137,Energy,2021-10-29,-0.03133616854288192,1.0,0.15,0.9953106044292701,0.01361204975907387,0.013601317942927467
2021-11-01,2021-10-29,Equity,Risk Parity + Sentiment Tilt,Equity Risk Parity + Sentiment Tilt,D,0.02020247753204433,Utilities,2021-10-29,-0.8618139433100555,0.2,0.15,0.8787348367378389,0.017752620795820833,0.017738624530315664
2021-11-01,2021-10-29,Equity,Risk Parity + Sentiment Tilt,Equity Risk Parity + Sentiment Tilt,DD,0.0157672785136658,Materials,2021-10-29,-0.2164250909029989,0.2,0.15,0.9680575280812411,0.01526363266250778,0.01525159872916493
2021-11-01,2021-10-29,Equity,Risk Parity + Sentiment Tilt,Equity Risk Parity + Sentiment Tilt,DIS,0.018274062211365672,Consumer,2021-10-29,-0.7795295363377477,0.8,0.15,0.889647973004737,0.01625748240490393,0.01624466491486673
2021-11-01,2021-10-29,Equity,Risk Parity + Sentiment Tilt,Equity Risk Parity + Sentiment Tilt,DOW,0.013536938530322963,Materials,2021-10-29,-0.2164250909029989,0.2,0.15,0.9680575280812411,0.013104535251452156,0.0130942035625815
2021-11-01,2021-10-29,Equity,Risk Parity + Sentiment Tilt,Equity Risk Parity + Sentiment Tilt,DUK,0.020323855373106253,Utilities,2021-10-29,-0.8618139433100555,0.2,0.15,0.8787348367378389,0.017859279733169975,0.017845199377162183
2021-11-01,2021-10-29,Equity,Risk Parity + Sentiment Tilt,Equity Risk Parity + Sentiment Tilt,EA,0.03264842911628469,Comm,2021-10-29,0.03438172401708011,0.8,0.15,1.0051705801517548,0.032817240435859325,0.03279136713999107
2021-11-01,2021-10-29,Equity,Risk Parity + Sentiment Tilt,Equity Risk Parity + Sentiment Tilt,GE,0.014801325008277692,Industrials,2021-10-29,0.5180708015129366,0.6,0.15,1.0808098489030602,0.015997417845761697,0.01598480539207716
2021-11-01,2021-10-29,Equity,Risk Parity + Sentiment Tilt,Equity Risk Parity + Sentiment Tilt,GILD,0.03533464147934592,Healthcare,2021-10-29,0.054957409900381504,0.8,0.15,1.0082776836116536,0.035627130462043154,0.03559904183316581
2021-11-01,2021-10-29,Equity,Risk Parity + Sentiment Tilt,Equity Risk Parity + Sentiment Tilt,GS,0.015096949061814736,Financials,2021-10-29,0.44686325609204336,0.8,0.15,1.0693270104670585,0.016143575407443815,0.01613084772232036
2021-11-01,2021-10-29,Equity,Risk Parity + Sentiment Tilt,Equity Risk Parity + Sentiment Tilt,INTC,0.016569364383492487,Tech,2021-10-29,0.8210135286131768,0.8,0.15,1.131056361574988,0.018740884993203206,0.01872610957467861
2021-11-01,2021-10-29,Equity,Risk Parity + Sentiment Tilt,Equity Risk Parity + Sentiment Tilt,KO,0.023157296325470957,Consumer,2021-10-29,-0.7795295363377477,0.8,0.15,0.889647973004737,0.02060184173622528,0.020585599128998322
2021-11-01,2021-10-29,Equity,Risk Parity + Sentiment Tilt,Equity Risk Parity + Sentiment Tilt,MMM,0.023080083381877368,Industrials,2021-10-29,0.5180708015129366,0.6,0.15,1.0808098489030602,0.02494518143263691,0.024925514512106055
2021-11-01,2021-10-29,Equity,Risk Parity + Sentiment Tilt,Equity Risk Parity + Sentiment Tilt,MRK,0.027630253151562457,Healthcare,2021-10-29,0.054957409900381504,0.8,0.15,1.0082776836116536,0.027858967645260985,0.027837003479386686
2021-11-01,2021-10-29,Equity,Risk Parity + Sentiment Tilt,Equity Risk Parity + Sentiment Tilt,MS,0.013368629762180612,Financials,2021-10-29,0.44686325609204336,0.8,0.15,1.0693270104670585,0.014295436897633537,0.014284166295245704
2021-11-01,2021-10-29,Equity,Risk Parity + Sentiment Tilt,Equity Risk Parity + Sentiment Tilt,NEE,0.019897625234697836,Utilities,2021-10-29,-0.8618139433100555,0.2,0.15,0.8787348367378389,0.017484736462082907,0.01747095139808442
2021-11-01,2021-10-29,Equity,Risk Parity + Sentiment Tilt,Equity Risk Parity + Sentiment Tilt,NEM,0.0363061460177289,Materials,2021-10-29,-0.2164250909029989,0.2,0.15,0.9680575280812411,0.03514643796807924,0.03511872831985209
2021-11-01,2021-10-29,Equity,Risk Parity + Sentiment Tilt,Equity Risk Parity + Sentiment Tilt,NKE,0.020454121397844655,Consumer,2021-10-29,-0.7795295363377477,0.8,0.15,0.889647973004737,0.018196967641185315,0.018182621050142546
2021-11-01,2021-10-29,Equity,Risk Parity + Sentiment Tilt,Equity Risk Parity + Sentiment Tilt,NUE,0.01573862646643471,Materials,2021-10-29,-0.2164250909029989,0.2,0.15,0.9680575280812411,0.015235895832490782,0.015223883767019816
2021-11-01,2021-10-29,Equity,Risk Parity + Sentiment Tilt,Equity Risk Parity + Sentiment Tilt,NVDA,0.015174400950553694,Tech,2021-10-29,0.8210135286131768,0.8,0.15,1.131056361574988,0.0171631027282133,0.017149571242049123
2021-11-01,2021-10-29,Equity,Risk Parity + Sentiment Tilt,Equity Risk Parity + Sentiment Tilt,O,0.016245275258606254,RealEstate,2021-10-29,0.27323156208679167,0.6,0.15,1.041836201078752,0.01692491586090498,0.01691157216259889
2021-11-01,2021-10-29,Equity,Risk Parity + Sentiment Tilt,Equity Risk Parity + Sentiment Tilt,OXY,0.009790415621326449,Energy,2021-10-29,-0.03133616854288192,1.0,0.15,0.9953106044292701,0.009744504489676196,0.009736821867846865
2021-11-01,2021-10-29,Equity,Risk Parity + Sentiment Tilt,Equity Risk Parity + Sentiment Tilt,PLD,0.01745264585909284,RealEstate,2021-10-29,0.27323156208679167,0.6,0.15,1.041836201078752,0.0181827982606101,0.018168462840786208
2021-11-01,2021-10-29,Equity,Risk Parity + Sentiment Tilt,Equity Risk Parity + Sentiment Tilt,PSA,0.027018239104553685,RealEstate,2021-10-29,0.27323156208679167,0.6,0.15,1.041836201078752,0.028148579588525596,0.028126387090975764
2021-11-01,2021-10-29,Equity,Risk Parity + Sentiment Tilt,Equity Risk Parity + Sentiment Tilt,QCOM,0.016812625522700683,Tech,2021-10-29,0.8210135286131768,0.8,0.15,1.131056361574988,0.019016027052228615,0.019001034710166134
2021-11-01,2021-10-29,Equity,Risk Parity + Sentiment Tilt,Equity Risk Parity + Sentiment Tilt,SBUX,0.01741230245912797,Consumer,2021-10-29,-0.7795295363377477,0.8,0.15,0.889647973004737,0.015490819588108594,0.015478606539323207
2021-11-01,2021-10-29,Equity,Risk Parity + Sentiment Tilt,Equity Risk Parity + Sentiment Tilt,SHW,0.020320532485642667,Materials,2021-10-29,-0.2164250909029989,0.2,0.15,0.9680575280812411,0.0196714444473458,0.019655935370544022
2021-11-01,2021-10-29,Equity,Risk Parity + Sentiment Tilt,Equity Risk Parity + Sentiment Tilt,SLB,0.012095370789010344,Energy,2021-10-29,-0.03133616854288192,1.0,0.15,0.9953106044292701,0.012038650810806023,0.012029159471188622
2021-11-01,2021-10-29,Equity,Risk Parity + Sentiment Tilt,Equity Risk Parity + Sentiment Tilt,SO,0.01844647468892386,Utilities,2021-10-29,-0.8618139433100555,0.2,0.15,0.8787348367378389,0.016209559924160184,0.016196780216474777
2021-11-01,2021-10-29,Equity,Risk Parity + Sentiment Tilt,Equity Risk Parity + Sentiment Tilt,T,0.02246189695419896,Comm,2021-10-29,0.03438172401708011,0.8,0.15,1.0051705801517548,0.022578037992761105,0.022560237341354927
2021-11-01,2021-10-29,Equity,Risk Parity + Sentiment Tilt,Equity Risk Parity + Sentiment Tilt,TMUS,0.02242701752466701,Comm,2021-10-29,0.03438172401708011,0.8,0.15,1.0051705801517548,0.022542978216343112,0.02252520520626071
2021-11-01,2021-10-29,Equity,Risk Parity + Sentiment Tilt,Equity Risk Parity + Sentiment Tilt,TTWO,0.030764732343200533,Comm,2021-10-29,0.03438172401708011,0.8,0.15,1.0051705801517548,0.030923803857628333,0.03089942335774614
2021-11-01,2021-10-29,Equity,Risk Parity + Sentiment Tilt,Equity Risk Parity + Sentiment Tilt,UPS,0.02368884429940877,Industrials,2021-10-29,0.5180708015129366,0.6,0.15,1.0808098489030602,0.02560313622793211,0.02558295057216147
2021-11-01,2021-10-29,Equity,Risk Parity + Sentiment Tilt,Equity Risk Parity + Sentiment Tilt,USB,0.014336242231371968,Financials,2021-10-29,0.44686325609204336,0.8,0.15,1.0693270104670585,0.015330131046604578,0.015318044685563857
2021-11-01,2021-10-29,Equity,Risk Parity + Sentiment Tilt,Equity Risk Parity + Sentiment Tilt,V,0.017406869412768207,Financials,2021-10-29,0.44686325609204336,0.8,0.15,1.0693270104670585,0.018613635630745907,0.018598960536330228
2021-11-01,2021-10-29,Equity,Risk Parity + Sentiment Tilt,Equity Risk Parity + Sentiment Tilt,WFC,0.013442299358990856,Financials,2021-10-29,0.44686325609204336,0.8,0.15,1.0693270104670585,0.014374213787352949,0.014362881076824754
2021-11-01,2021-10-29,Equity,Risk Parity + Sentiment Tilt,Equity Risk Parity + Sentiment Tilt,WMT,0.03558309713647472,Consumer,2021-10-29,-0.7795295363377477,0.8,0.15,0.889647973004737,0.03165643024069539,0.031631472134076064
2021-11-01,2021-10-29,Equity,Risk Parity + Sentiment Tilt,Equity Risk Parity + Sentiment Tilt,XOM,0.01622013571343961,Energy,2021-10-29,-0.03133616854288192,1.0,0.15,0.9953106044292701,0.01614407308086837,0.016131345003376405
2021-12-01,2021-11-30,Equity,Risk Parity + Sentiment Tilt,Equity Risk Parity + Sentiment Tilt,ABBV,0.026775017204287054,Healthcare,2021-11-30,-0.07814430014276641,0.6,0.15,0.9883467858245929,0.02646300219425529,0.02853818920679651
2021-12-01,2021-11-30,Equity,Risk Parity + Sentiment Tilt,Equity Risk Parity + Sentiment Tilt,ABT,0.02308844381782324,Healthcare,2021-11-30,-0.07814430014276641,0.6,0.15,0.9883467858245929,0.02281938923703729,0.024608849851944493
2021-12-01,2021-11-30,Equity,Risk Parity + Sentiment Tilt,Equity Risk Parity + Sentiment Tilt,ADBE,0.019288382270560383,Tech,2021-11-30,0.01345031189157344,1.0,0.15,1.0020195834006747,0.019327336767219875,0.020842956119549137
2021-12-01,2021-11-30,Equity,Risk Parity + Sentiment Tilt,Equity Risk Parity + Sentiment Tilt,AEP,0.024912263303440322,Utilities,2021-11-30,0.04274362264582354,0.4,0.15,1.0064321413392419,0.025072502502088458,0.02703864871567023
2021-12-01,2021-11-30,Equity,Risk Parity + Sentiment Tilt,Equity Risk Parity + Sentiment Tilt,AMD,0.017071028403681063,Tech,2021-11-30,0.01345031189157344,1.0,0.15,1.0020195834006747,0.017105504769277583,0.018446891550701523
2021-12-01,2021-11-30,Equity,Risk Parity + Sentiment Tilt,Equity Risk Parity + Sentiment Tilt,AMGN,0.023619261082693896,Healthcare,2021-11-30,-0.07814430014276641,0.6,0.15,0.9883467858245929,0.023344020774632407,0.025174622169606628
2021-12-01,2021-11-30,Equity,Risk Parity + Sentiment Tilt,Equity Risk Parity + Sentiment Tilt,AMT,0.019435573762122904,RealEstate,2021-11-30,-0.3470089781134838,1.0,0.15,0.9492801231736269,0.01844980385485814,0.019896608456334765
2021-12-01,2021-11-30,Equity,Risk Parity + Sentiment Tilt,Equity Risk Parity + Sentiment Tilt,BA,0.011175469487812563,Industrials,2021-11-30,-0.515080894608826,0.4,0.15,0.9256471780266383,0.0103445417945165,0.01115574449272474
2021-12-01,2021-11-30,Equity,Risk Parity + Sentiment Tilt,Equity Risk Parity + Sentiment Tilt,CAT,0.018192582797860225,Industrials,2021-11-30,-0.515080894608826,0.4,0.15,0.9256471780266383,0.01683991292785528,0.018160472414782903
2021-12-01,2021-11-30,Equity,Risk Parity + Sentiment Tilt,Equity Risk Parity + Sentiment Tilt,CCI,0.02053363114477723,RealEstate,2021-11-30,-0.3470089781134838,1.0,0.15,0.9492801231736269,0.01949216790231595,0.02102071305302224
2021-12-01,2021-11-30,Equity,Risk Parity + Sentiment Tilt,Equity Risk Parity + Sentiment Tilt,CMCSA,0.020466131107193034,Comm,2021-11-30,-1.6169851527425176,0.6,0.15,0.7846262628024337,0.016058263964661507,0.01731752776922932
2021-12-01,2021-11-30,Equity,Risk Parity + Sentiment Tilt,Equity Risk Parity + Sentiment Tilt,COP,0.01255907013848917,Energy,2021-11-30,-0.9335395334501231,0.8,0.15,0.8693313465491935,0.010917993354898556,0.011774165222579363
2021-12-01,2021-11-30,Equity,Risk Parity + Sentiment Tilt,Equity Risk Parity + Sentiment Tilt,CVX,0.013718480803918102,Energy,2021-11-30,-0.9335395334501231,0.8,0.15,0.8693313465491935,0.011925905389879386,0.012861116134155618
2021-12-01,2021-11-30,Equity,Risk Parity + Sentiment Tilt,Equity Risk Parity + Sentiment Tilt,D,0.020158880280739984,Utilities,2021-11-30,0.04274362264582354,0.4,0.15,1.0064321413392419,0.020288545047946558,0.021879540841915693
2021-12-01,2021-11-30,Equity,Risk Parity + Sentiment Tilt,Equity Risk Parity + Sentiment Tilt,DD,0.0157135866118778,Materials,2021-11-30,-0.27442017996522633,0.4,0.15,0.9596726646436181,0.015079899534929051,0.01626244153963419
2021-12-01,2021-11-30,Equity,Risk Parity + Sentiment Tilt,Equity Risk Parity + Sentiment Tilt,DIS,0.01831468523834034,Consumer,2021-11-30,-0.843607544964375,0.8,0.15,0.8811379060587828,0.016137763401036908,0.017403261426373003
2021-12-01,2021-11-30,Equity,Risk Parity + Sentiment Tilt,Equity Risk Parity + Sentiment Tilt,DOW,0.013551410499172382,Materials,2021-11-30,-0.27442017996522633,0.4,0.15,0.9596726646436181,0.013004918223420262,0.014024743457091631
2021-12-01,2021-11-30,Equity,Risk Parity + Sentiment Tilt,Equity Risk Parity + Sentiment Tilt,DUK,0.020350908990370453,Utilities,2021-11-30,0.04274362264582354,0.4,0.15,1.0064321413392419,0.020481808913378564,0.02208796015572026
2021-12-01,2021-11-30,Equity,Risk Parity + Sentiment Tilt,Equity Risk Parity + Sentiment Tilt,EA,0.03258208972126358,Comm,2021-11-30,-1.6169851527425176,0.6,0.15,0.7846262628024337,0.02556476329228863,0.02756951182283762
2021-12-01,2021-11-30,Equity,Risk Parity + Sentiment Tilt,Equity Risk Parity + Sentiment Tilt,GE,0.014755701029265085,Industrials,2021-11-30,-0.515080894608826,0.4,0.15,0.9256471780266383,0.013658573017543987,0.014729656832138775
2021-12-01,2021-11-30,Equity,Risk Parity + Sentiment Tilt,Equity Risk Parity + Sentiment Tilt,GILD,0.03541248771738131,Healthcare,2021-11-30,-0.07814430014276641,0.6,0.15,0.9883467858245929,0.03499981841352669,0.03774444912775528
2021-12-01,2021-11-30,Equity,Risk Parity + Sentiment Tilt,Equity Risk Parity + Sentiment Tilt,GS,0.015120219313658572,Financials,2021-11-30,-0.592610940758947,0.8,0.15,0.9149447105929025,0.013834164684036558,0.014919018120956926
2021-12-01,2021-11-30,Equity,Risk Parity + Sentiment Tilt,Equity Risk Parity + Sentiment Tilt,INTC,0.01660244886128632,Tech,2021-11-30,0.01345031189157344,1.0,0.15,1.0020195834006747,0.016635978891417123,0.01794054619194333
2021-12-01,2021-11-30,Equity,Risk Parity + Sentiment Tilt,Equity Risk Parity + Sentiment Tilt,KO,0.023036395128091844,Consumer,2021-11-30,-0.843607544964375,0.8,0.15,0.8811379060587828,0.020298240966309593,0.02188999709894756
2021-12-01,2021-11-30,Equity,Risk Parity + Sentiment Tilt,Equity Risk Parity + Sentiment Tilt,MMM,0.0230485316447591,Industrials,2021-11-30,-0.515080894608826,0.4,0.15,0.9256471780266383,0.021334808274628934,0.02300785038533012
2021-12-01,2021-11-30,Equity,Risk Parity + Sentiment Tilt,Equity Risk Parity + Sentiment Tilt,MRK,0.027627163130416195,Healthcare,2021-11-30,-0.07814430014276641,0.6,0.15,0.9883467858245929,0.027305217881398544,0.02944645012353573
2021-12-01,2021-11-30,Equity,Risk Parity + Sentiment Tilt,Equity Risk Parity + Sentiment Tilt,MS,0.013379474045005613,Financials,2021-11-30,-0.592610940758947,0.8,0.15,0.9149447105929025,0.012241479007992911,0.01320143653908504
2021-12-01,2021-11-30,Equity,Risk Parity + Sentiment Tilt,Equity Risk Parity + Sentiment Tilt,NEE,0.019958862447717687,Utilities,2021-11-30,0.04274362264582354,0.4,0.15,1.0064321413392419,0.020087240671951893,0.02166245049335581
2021-12-01,2021-11-30,Equity,Risk Parity + Sentiment Tilt,Equity Risk Parity + Sentiment Tilt,NEM,0.03653715679378659,Materials,2021-11-30,-0.27442017996522633,0.4,0.15,0.9596726646436181,0.035063710618794854,0.03781335165927448
2021-12-01,2021-11-30,Equity,Risk Parity + Sentiment Tilt,Equity Risk Parity + Sentiment Tilt,NKE,0.020517563093172236,Consumer,2021-11-30,-0.843607544964375,0.8,0.15,0.8811379060587828,0.018078802581346747,0.019496513846444696
2021-12-01,2021-11-30,Equity,Risk Parity + Sentiment Tilt,Equity Risk Parity + Sentiment Tilt,NUE,0.0157232878186803,Materials,2021-11-30,-0.27442017996522633,0.4,0.15,0.9596726646436181,0.015089209517911465,0.016272481596839864
2021-12-01,2021-11-30,Equity,Risk Parity + Sentiment Tilt,Equity Risk Parity + Sentiment Tilt,NVDA,0.015117521002951634,Tech,2021-11-30,0.01345031189157344,1.0,0.15,1.0020195834006747,0.015148052097428545,0.01633593851889835
2021-12-01,2021-11-30,Equity,Risk Parity + Sentiment Tilt,Equity Risk Parity + Sentiment Tilt,O,0.016305301658027075,RealEstate,2021-11-30,-0.3470089781134838,1.0,0.15,0.9492801231736269,0.015478298766315084,0.01669208261216545
2021-12-01,2021-11-30,Equity,Risk Parity + Sentiment Tilt,Equity Risk Parity + Sentiment Tilt,OXY,0.00976285268956384,Energy,2021-11-30,-0.9335395334501231,0.8,0.15,0.8693313465491935,0.008487153874779949,0.009152703133518462
2021-12-01,2021-11-30,Equity,Risk Parity + Sentiment Tilt,Equity Risk Parity + Sentiment Tilt,PLD,0.01746541838424876,RealEstate,2021-11-30,-0.3470089781134838,1.0,0.15,0.9492801231736269,0.01657957451507859,0.01787971867312198
2021-12-01,2021-11-30,Equity,Risk Parity + Sentiment Tilt,Equity Risk Parity + Sentiment Tilt,PSA,0.027020911727683547,RealEstate,2021-11-30,-0.3470089781134838,1.0,0.15,0.9492801231736269,0.025650414413119136,0.02766187956985635
2021-12-01,2021-11-30,Equity,Risk Parity + Sentiment Tilt,Equity Risk Parity + Sentiment Tilt,QCOM,0.016748720535089717,Tech,2021-11-30,0.01345031189157344,1.0,0.15,1.0020195834006747,0.016782545973064923,0.01809860683362143
2021-12-01,2021-11-30,Equity,Risk Parity + Sentiment Tilt,Equity Risk Parity + Sentiment Tilt,SBUX,0.01740949057188766,Consumer,2021-11-30,-0.843607544964375,0.8,0.15,0.8811379060587828,0.015340162068063212,0.01654311345129035
2021-12-01,2021-11-30,Equity,Risk Parity + Sentiment Tilt,Equity Risk Parity + Sentiment Tilt,SHW,0.020386372611006967,Materials,2021-11-30,-0.27442017996522633,0.4,0.15,0.9596726646436181,0.01956424452602273,0.02109844181220202
2021-12-01,2021-11-30,Equity,Risk Parity + Sentiment Tilt,Equity Risk Parity + Sentiment Tilt,SLB,0.0120406973143538,Energy,2021-11-30,-0.9335395334501231,0.8,0.15,0.8693313465491935,0.010467355609678446,0.011288189174116975
2021-12-01,2021-11-30,Equity,Risk Parity + Sentiment Tilt,Equity Risk Parity + Sentiment Tilt,SO,0.01850386121492879,Utilities,2021-11-30,0.04274362264582354,0.4,0.15,1.0064321413392419,0.01862288066558493,0.020083257678353204
2021-12-01,2021-11-30,Equity,Risk Parity + Sentiment Tilt,Equity Risk Parity + Sentiment Tilt,T,0.022431430869354483,Comm,2021-11-30,-1.6169851527425176,0.6,0.15,0.7846262628024337,0.017600289772332755,0.018980476815526053
2021-12-01,2021-11-30,Equity,Risk Parity + Sentiment Tilt,Equity Risk Parity + Sentiment Tilt,TMUS,0.02229400307251851,Comm,2021-11-30,-1.6169851527425176,0.6,0.15,0.7846262628024337,0.01749246031369617,0.01886419154033134
2021-12-01,2021-11-30,Equity,Risk Parity + Sentiment Tilt,Equity Risk Parity + Sentiment Tilt,TTWO,0.03076017415142947,Comm,2021-11-30,-1.6169851527425176,0.6,0.15,0.7846262628024337,0.02413524048758813,0.02602788808806615
2021-12-01,2021-11-30,Equity,Risk Parity + Sentiment Tilt,Equity Risk Parity + Sentiment Tilt,UPS,0.02367270514041532,Industrials,2021-11-30,-0.515080894608826,0.4,0.15,0.9256471780266383,0.021912572709482134,0.023630922198488863
2021-12-01,2021-11-30,Equity,Risk Parity + Sentiment Tilt,Equity Risk Parity + Sentiment Tilt,USB,0.014309212599021194,Financials,2021-11-30,-0.592610940758947,0.8,0.15,0.9149447105929025,0.01309213838022376,0.014118803281416667
2021-12-01,2021-11-30,Equity,Risk Parity + Sentiment Tilt,Equity Risk Parity + Sentiment Tilt,V,0.017417737168229364,Financials,2021-11-30,-0.592610940758947,0.8,0.15,0.9149447105929025,0.015936266492568855,0.01718596344724597
2021-12-01,2021-11-30,Equity,Risk Parity + Sentiment Tilt,Equity Risk Parity + Sentiment Tilt,WFC,0.013413636018017257,Financials,2021-11-30,-0.592610940758947,0.8,0.15,0.9149447105929025,0.012272735324503332,0.013235143926778017
2021-12-01,2021-11-30,Equity,Risk Parity + Sentiment Tilt,Equity Risk Parity + Sentiment Tilt,WMT,0.03555535271122301,Consumer,2021-11-30,-0.843607544964375,0.8,0.15,0.8811379060587828,0.03132916903714851,0.03378595320027391
2021-12-01,2021-11-30,Equity,Risk Parity + Sentiment Tilt,Equity Risk Parity + Sentiment Tilt,XOM,0.016158412870405002,Energy,2021-11-30,-0.9335395334501231,0.8,0.15,0.8693313465491935,0.014047014818727,0.015148559628450985
2022-01-03,2021-12-31,Equity,Risk Parity + Sentiment Tilt,Equity Risk Parity + Sentiment Tilt,ABBV,0.02685189500964369,Healthcare,2021-12-31,0.25667461413326687,0.8,0.15,1.0392519672702905,0.027905884713707498,0.026650853317718392
2022-01-03,2021-12-31,Equity,Risk Parity + Sentiment Tilt,Equity Risk Parity + Sentiment Tilt,ABT,0.023141208945401448,Healthcare,2021-12-31,0.25667461413326687,0.8,0.15,1.0392519672702905,0.0240495469215213,0.02296794937478606
2022-01-03,2021-12-31,Equity,Risk Parity + Sentiment Tilt,Equity Risk Parity + Sentiment Tilt,ADBE,0.019229255779247622,Tech,2021-12-31,0.2526412831358461,1.0,0.15,1.0386234103517622,0.019971955215968496,0.0190737421296435
2022-01-03,2021-12-31,Equity,Risk Parity + Sentiment Tilt,Equity Risk Parity + Sentiment Tilt,AEP,0.024917065903504176,Utilities,2021-12-31,0.492386810028844,0.4,0.15,1.0766539329384093,0.02682705700229331,0.02562054449981281
2022-01-03,2021-12-31,Equity,Risk Parity + Sentiment Tilt,Equity Risk Parity + Sentiment Tilt,AMD,0.016905569791496905,Tech,2021-12-31,0.2526412831358461,1.0,0.15,1.0386234103517622,0.017558520550784246,0.016768848595050487
2022-01-03,2021-12-31,Equity,Risk Parity + Sentiment Tilt,Equity Risk Parity + Sentiment Tilt,AMGN,0.023658532341001872,Healthcare,2021-12-31,0.25667461413326687,0.8,0.15,1.0392519672702905,0.024587176278113985,0.023481399540184793
2022-01-03,2021-12-31,Equity,Risk Parity + Sentiment Tilt,Equity Risk Parity + Sentiment Tilt,AMT,0.019394954546565184,RealEstate,2021-12-31,0.3468823033520104,0.4,0.15,1.0534098150324387,0.020430835481459787,0.019511984843374658
2022-01-03,2021-12-31,Equity,Risk Parity + Sentiment Tilt,Equity Risk Parity + Sentiment Tilt,BA,0.011135001274491919,Industrials,2021-12-31,0.026189164429569912,0.4,0.15,1.0039361008419814,0.01117882976238391,0.010676076222542984
2022-01-03,2021-12-31,Equity,Risk Parity + Sentiment Tilt,Equity Risk Parity + Sentiment Tilt,CAT,0.01813336743919556,Industrials,2021-12-31,0.026189164429569912,0.4,0.15,1.0039361008419814,0.018204742202040936,0.01738600725585138
2022-01-03,2021-12-31,Equity,Risk Parity + Sentiment Tilt,Equity Risk Parity + Sentiment Tilt,CCI,0.020528741305428904,RealEstate,2021-12-31,0.3468823033520104,0.4,0.15,1.0534098150324387,0.021625177581400645,0.020652612938246145
2022-01-03,2021-12-31,Equity,Risk Parity + Sentiment Tilt,Equity Risk Parity + Sentiment Tilt,CMCSA,0.020491155810224128,Comm,2021-12-31,0.2750947430632871,0.6,0.15,1.0421274111787118,0.02135439515656849,0.020394008605889212
2022-01-03,2021-12-31,Equity,Risk Parity + Sentiment Tilt,Equity Risk Parity + Sentiment Tilt,COP,0.01251795127556518,Energy,2021-12-31,-0.35541565733241764,0.6,0.15,0.9480838335712037,0.011868067233795375,0.011334316122123708
2022-01-03,2021-12-31,Equity,Risk Parity + Sentiment Tilt,Equity Risk Parity + Sentiment Tilt,CVX,0.013743403049244426,Energy,2021-12-31,-0.35541565733241764,0.6,0.15,0.9480838335712037,0.013029898249241827,0.012443895276854095
2022-01-03,2021-12-31,Equity,Risk Parity + Sentiment Tilt,Equity Risk Parity + Sentiment Tilt,D,0.020204120013669405,Utilities,2021-12-31,0.492386810028844,0.4,0.15,1.0766539329384093,0.021752845274276792,0.02077453894027619
2022-01-03,2021-12-31,Equity,Risk Parity + Sentiment Tilt,Equity Risk Parity + Sentiment Tilt,DD,0.015705636189330522,Materials,2021-12-30,0.6608340044593588,0.4,0.15,1.104204427631248,0.017342233019024322,0.016562288317799947
2022-01-03,2021-12-31,Equity,Risk Parity + Sentiment Tilt,Equity Risk Parity + Sentiment Tilt,DIS,0.01828253395619545,Consumer,2021-12-31,-0.44819624699727995,1.0,0.15,0.9349806575220804,0.01709381561953338,0.016325043172436392
2022-01-03,2021-12-31,Equity,Risk Parity + Sentiment Tilt,Equity Risk Parity + Sentiment Tilt,DOW,0.013570192187604573,Materials,2021-12-30,0.6608340044593588,0.4,0.15,1.104204427631248,0.01498426629735994,0.014310368127064314
2022-01-03,2021-12-31,Equity,Risk Parity + Sentiment Tilt,Equity Risk Parity + Sentiment Tilt,DUK,0.020454081599314645,Utilities,2021-12-31,0.492386810028844,0.4,0.15,1.0766539329384093,0.022021967398545263,0.021031557641959162
2022-01-03,2021-12-31,Equity,Risk Parity + Sentiment Tilt,Equity Risk Parity + Sentiment Tilt,EA,0.03236258653982567,Comm,2021-12-31,0.2750947430632871,0.6,0.15,1.0421274111787118,0.033725938529795545,0.032209157673415784
2022-01-03,2021-12-31,Equity,Risk Parity + Sentiment Tilt,Equity Risk Parity + Sentiment Tilt,GE,0.014738574608661386,Industrials,2021-12-31,0.026189164429569912,0.4,0.15,1.0039361008419814,0.014796587124588144,0.014131129584525831
2022-01-03,2021-12-31,Equity,Risk Parity + Sentiment Tilt,Equity Risk Parity + Sentiment Tilt,GILD,0.03560867194153674,Healthcare,2021-12-31,0.25667461413326687,0.8,0.15,1.0392519672702905,0.037006382367124446,0.035342067753945196
2022-01-03,2021-12-31,Equity,Risk Parity + Sentiment Tilt,Equity Risk Parity + Sentiment Tilt,GS,0.015086507224108134,Financials,2021-12-31,1.5678610205718686,1.0,0.15,1.2651354013424003,0.019086474371827065,0.018228084651481877
2022-01-03,2021-12-31,Equity,Risk Parity + Sentiment Tilt,Equity Risk Parity + Sentiment Tilt,INTC,0.016533832356280035,Tech,2021-12-31,0.2526412831358461,1.0,0.15,1.0386234103517622,0.01717242534806388,0.016400117529186062
2022-01-03,2021-12-31,Equity,Risk Parity + Sentiment Tilt,Equity Risk Parity + Sentiment Tilt,KO,0.023029395461529937,Consumer,2021-12-31,-0.44819624699727995,1.0,0.15,0.9349806575220804,0.021532039310957273,0.020563663442133843
2022-01-03,2021-12-31,Equity,Risk Parity + Sentiment Tilt,Equity Risk Parity + Sentiment Tilt,MMM,0.02310848495609883,Industrials,2021-12-31,0.026189164429569912,0.4,0.15,1.0039361008419814,0.023199442283191447,0.022156077102923912
2022-01-03,2021-12-31,Equity,Risk Parity + Sentiment Tilt,Equity Risk Parity + Sentiment Tilt,MRK,0.027955472445649925,Healthcare,2021-12-31,0.25667461413326687,0.8,0.15,1.0392519672702905,0.029052779735112083,0.027746168205594394
2022-01-03,2021-12-31,Equity,Risk Parity + Sentiment Tilt,Equity Risk Parity + Sentiment Tilt,MS,0.013383853553332272,Financials,2021-12-31,1.5678610205718686,1.0,0.15,1.2651354013424003,0.016932386936702935,0.016170874537701316
2022-01-03,2021-12-31,Equity,Risk Parity + Sentiment Tilt,Equity Risk Parity + Sentiment Tilt,NEE,0.020040623662820105,Utilities,2021-12-31,0.492386810028844,0.4,0.15,1.0766539329384093,0.021576816285113817,0.02060642662927161
2022-01-03,2021-12-31,Equity,Risk Parity + Sentiment Tilt,Equity Risk Parity + Sentiment Tilt,NEM,0.036552081160877145,Materials,2021-12-30,0.6608340044593588,0.4,0.15,1.104204427631248,0.04036096985697727,0.0385457869712616
2022-01-03,2021-12-31,Equity,Risk Parity + Sentiment Tilt,Equity Risk Parity + Sentiment Tilt,NKE,0.020468298962966775,Consumer,2021-12-31,-0.44819624699727995,1.0,0.15,0.9349806575220804,0.01913746362275319,0.018276780726204245
2022-01-03,2021-12-31,Equity,Risk Parity + Sentiment Tilt,Equity Risk Parity + Sentiment Tilt,NUE,0.01581271153800402,Materials,2021-12-30,0.6608340044593588,0.4,0.15,1.104204427631248,0.01746046609311976,0.016675204010935904
2022-01-03,2021-12-31,Equity,Risk Parity + Sentiment Tilt,Equity Risk Parity + Sentiment Tilt,NVDA,0.014998383867751148,Tech,2021-12-31,0.2526412831358461,1.0,0.15,1.0386234103517622,0.015577672602488551,0.014877086744231953
2022-01-03,2021-12-31,Equity,Risk Parity + Sentiment Tilt,Equity Risk Parity + Sentiment Tilt,O,0.016301024583818723,RealEstate,2021-12-31,0.3468823033520104,0.4,0.15,1.0534098150324387,0.017171659291679717,0.016399385925205866
2022-01-03,2021-12-31,Equity,Risk Parity + Sentiment Tilt,Equity Risk Parity + Sentiment Tilt,OXY,0.00975561464565248,Energy,2021-12-31,-0.35541565733241764,0.6,0.15,0.9480838335712037,0.009249140532093584,0.00883317229196139
2022-01-03,2021-12-31,Equity,Risk Parity + Sentiment Tilt,Equity Risk Parity + Sentiment Tilt,PLD,0.01750642097473679,RealEstate,2021-12-31,0.3468823033520104,0.4,0.15,1.0534098150324387,0.018441435680877485,0.01761205574886457
2022-01-03,2021-12-31,Equity,Risk Parity + Sentiment Tilt,Equity Risk Parity + Sentiment Tilt,PSA,0.02700476436091853,RealEstate,2021-12-31,0.3468823033520104,0.4,0.15,1.0534098150324387,0.028447083830429782,0.027167712697860513
2022-01-03,2021-12-31,Equity,Risk Parity + Sentiment Tilt,Equity Risk Parity + Sentiment Tilt,QCOM,0.016774967880550218,Tech,2021-12-31,0.2526412831358461,1.0,0.15,1.0386234103517622,0.01742287434863834,0.016639302906978452
2022-01-03,2021-12-31,Equity,Risk Parity + Sentiment Tilt,Equity Risk Parity + Sentiment Tilt,SBUX,0.01733558308193599,Consumer,2021-12-31,-0.44819624699727995,1.0,0.15,0.9349806575220804,0.016208434868477166,0.01547948128580178
2022-01-03,2021-12-31,Equity,Risk Parity + Sentiment Tilt,Equity Risk Parity + Sentiment Tilt,SHW,0.020416706812450804,Materials,2021-12-30,0.6608340044593588,0.4,0.15,1.104204427631248,0.022544218059957242,0.02153032074928094
2022-01-03,2021-12-31,Equity,Risk Parity + Sentiment Tilt,Equity Risk Parity + Sentiment Tilt,SLB,0.012033016616004966,Energy,2021-12-31,-0.35541565733241764,0.6,0.15,0.9480838335712037,0.011408308522727981,0.010895234469780262
2022-01-03,2021-12-31,Equity,Risk Parity + Sentiment Tilt,Equity Risk Parity + Sentiment Tilt,SO,0.0186003903924843,Utilities,2021-12-31,0.492386810028844,0.4,0.15,1.0766539329384093,0.020026183470258023,0.019125531537704667
2022-01-03,2021-12-31,Equity,Risk Parity + Sentiment Tilt,Equity Risk Parity + Sentiment Tilt,T,0.0223950992514874,Comm,2021-12-31,0.2750947430632871,0.6,0.15,1.0421274111787118,0.02333854680604287,0.022288925578160517
2022-01-03,2021-12-31,Equity,Risk Parity + Sentiment Tilt,Equity Risk Parity + Sentiment Tilt,TMUS,0.022206506399542334,Comm,2021-12-31,0.2750947430632871,0.6,0.15,1.0421274111787118,0.023142009025478548,0.022101226832360252
2022-01-03,2021-12-31,Equity,Risk Parity + Sentiment Tilt,Equity Risk Parity + Sentiment Tilt,TTWO,0.03080384448183099,Comm,2021-12-31,0.2750947430632871,0.6,0.15,1.0421274111787118,0.03210153070420217,0.030657805507656365
2022-01-03,2021-12-31,Equity,Risk Parity + Sentiment Tilt,Equity Risk Parity + Sentiment Tilt,UPS,0.02349783343915876,Industrials,2021-12-31,0.026189164429569912,0.4,0.15,1.0039361008419814,0.023590323281143372,0.022529378729013665
2022-01-03,2021-12-31,Equity,Risk Parity + Sentiment Tilt,Equity Risk Parity + Sentiment Tilt,USB,0.01431485354173905,Financials,2021-12-31,1.5678610205718686,1.0,0.15,1.2651354013424003,0.018110227980685713,0.01729574369045583
2022-01-03,2021-12-31,Equity,Risk Parity + Sentiment Tilt,Equity Risk Parity + Sentiment Tilt,V,0.0173078176940585,Financials,2021-12-31,1.5678610205718686,1.0,0.15,1.2651354013424003,0.0218967328847338,0.02091195538988415
2022-01-03,2021-12-31,Equity,Risk Parity + Sentiment Tilt,Equity Risk Parity + Sentiment Tilt,WFC,0.013368753322926287,Financials,2021-12-31,1.5678610205718686,1.0,0.15,1.2651354013424003,0.016913283100647897,0.016152629872186075
2022-01-03,2021-12-31,Equity,Risk Parity + Sentiment Tilt,Equity Risk Parity + Sentiment Tilt,WMT,0.035651894524103604,Consumer,2021-12-31,-0.44819624699727995,1.0,0.15,0.9349806575220804,0.033333831784054246,0.031834685425972356
2022-01-03,2021-12-31,Equity,Risk Parity + Sentiment Tilt,Equity Risk Parity + Sentiment Tilt,XOM,0.016180763300032597,Energy,2021-12-31,-0.35541565733241764,0.6,0.15,0.9480838335712037,0.015340720099603146,0.014650790876444495
2022-02-01,2022-01-31,Equity,Risk Parity + Sentiment Tilt,Equity Risk Parity + Sentiment Tilt,ABBV,0.027065350371992817,Healthcare,2022-01-31,0.9095266977396598,1.0,0.15,1.1461735019107684,0.031021587416308925,0.031531845416472415
2022-02-01,2022-01-31,Equity,Risk Parity + Sentiment Tilt,Equity Risk Parity + Sentiment Tilt,ABT,0.02307785561527302,Healthcare,2022-01-31,0.9095266977396598,1.0,0.15,1.1461735019107684,0.02645122658714857,0.026886309092730928
2022-02-01,2022-01-31,Equity,Risk Parity + Sentiment Tilt,Equity Risk Parity + Sentiment Tilt,ADBE,0.019059755352363674,Tech,2022-01-31,0.49086350356056974,1.0,0.15,1.0764079499575188,0.02051607218552963,0.020853530414991304
2022-02-01,2022-01-31,Equity,Risk Parity + Sentiment Tilt,Equity Risk Parity + Sentiment Tilt,AEP,0.025137165635909793,Utilities,2022-01-31,0.15339405602129455,0.8,0.15,1.0232758599138816,0.025722254781883266,0.026145346808366714
2022-02-01,2022-01-31,Equity,Risk Parity + Sentiment Tilt,Equity Risk Parity + Sentiment Tilt,AMD,0.016591193776618152,Tech,2022-01-31,0.49086350356056974,1.0,0.15,1.0764079499575188,0.017858892880437488,0.018152644545818584
2022-02-01,2022-01-31,Equity,Risk Parity + Sentiment Tilt,Equity Risk Parity + Sentiment Tilt,AMGN,0.023721591805424564,Healthcare,2022-01-31,0.9095266977396598,1.0,0.15,1.1461735019107684,0.02718905995052126,0.027636278694375245
2022-02-01,2022-01-31,Equity,Risk Parity + Sentiment Tilt,Equity Risk Parity + Sentiment Tilt,AMT,0.019276596497685292,RealEstate,2022-01-31,-0.5238993536423514,1.0,0.15,0.9244235702223604,0.01781974015612609,0.018112847818653948
2022-02-01,2022-01-31,Equity,Risk Parity + Sentiment Tilt,Equity Risk Parity + Sentiment Tilt,BA,0.011108026906849434,Industrials,2022-01-31,0.5757727780900509,1.0,0.15,1.0902051796238734,0.012110028469248607,0.012309220045930887
2022-02-01,2022-01-31,Equity,Risk Parity + Sentiment Tilt,Equity Risk Parity + Sentiment Tilt,CAT,0.018337601674189238,Industrials,2022-01-31,0.5757727780900509,1.0,0.15,1.0902051796238734,0.01999174832708052,0.020320582225367263
2022-02-01,2022-01-31,Equity,Risk Parity + Sentiment Tilt,Equity Risk Parity + Sentiment Tilt,CCI,0.02037338339738054,RealEstate,2022-01-31,-0.5238993536423514,1.0,0.15,0.9244235702223604,0.018833635817715483,0.01914342052406171
2022-02-01,2022-01-31,Equity,Risk Parity + Sentiment Tilt,Equity Risk Parity + Sentiment Tilt,CMCSA,0.020469445536004587,Comm,2022-01-31,-2.0301008646054965,1.0,0.15,0.7374808702926396,0.015095824508300451,0.015344127895263003
2022-02-01,2022-01-31,Equity,Risk Parity + Sentiment Tilt,Equity Risk Parity + Sentiment Tilt,COP,0.012596661561729906,Energy,2022-01-31,0.5193005955945612,1.0,0.15,1.0810092433268825,0.013617107583290471,0.013841088322580686
2022-02-01,2022-01-31,Equity,Risk Parity + Sentiment Tilt,Equity Risk Parity + Sentiment Tilt,CVX,0.013915708382026966,Energy,2022-01-31,0.5193005955945612,1.0,0.15,1.0810092433268825,0.015043009388412527,0.015290444046863841
2022-02-01,2022-01-31,Equity,Risk Parity + Sentiment Tilt,Equity Risk Parity + Sentiment Tilt,D,0.02034415619232623,Utilities,2022-01-31,0.15339405602129455,0.8,0.15,1.0232758599138816,0.020817683921924943,0.021160103206389173
2022-02-01,2022-01-31,Equity,Risk Parity + Sentiment Tilt,Equity Risk Parity + Sentiment Tilt,DD,0.015729212118178678,Materials,2022-01-31,-0.13770401215929484,0.6,0.15,0.9795562638741643,0.015407648256167335,0.015661080670212053
2022-02-01,2022-01-31,Equity,Risk Parity + Sentiment Tilt,Equity Risk Parity + Sentiment Tilt,DIS,0.018162015668431362,Consumer,2022-01-31,-0.9782481048991786,1.0,0.15,0.8635208673000001,0.01568327952192004,0.015941245651682076
2022-02-01,2022-01-31,Equity,Risk Parity + Sentiment Tilt,Equity Risk Parity + Sentiment Tilt,DOW,0.01365616216956968,Materials,2022-01-31,-0.13770401215929484,0.6,0.15,0.9795562638741643,0.013376979193683377,0.01359701018565025
2022-02-01,2022-01-31,Equity,Risk Parity + Sentiment Tilt,Equity Risk Parity + Sentiment Tilt,DUK,0.020615418577669922,Utilities,2022-01-31,0.15339405602129455,0.8,0.15,1.0232758599138816,0.0210952601725498,0.021442245164778623
2022-02-01,2022-01-31,Equity,Risk Parity + Sentiment Tilt,Equity Risk Parity + Sentiment Tilt,EA,0.03249196374958817,Comm,2022-01-31,-2.0301008646054965,1.0,0.15,0.7374808702926396,0.023962201703563182,0.02435634352992073
2022-02-01,2022-01-31,Equity,Risk Parity + Sentiment Tilt,Equity Risk Parity + Sentiment Tilt,GE,0.01466757621419209,Industrials,2022-01-31,0.5757727780900509,1.0,0.15,1.0902051796238734,0.01599066756124014,0.016253689757415313
2022-02-01,2022-01-31,Equity,Risk Parity + Sentiment Tilt,Equity Risk Parity + Sentiment Tilt,GILD,0.035510905979719266,Healthcare,2022-01-31,0.9095266977396598,1.0,0.15,1.1461735019107684,0.04070165946279888,0.0413711399468925
2022-02-01,2022-01-31,Equity,Risk Parity + Sentiment Tilt,Equity Risk Parity + Sentiment Tilt,GS,0.015057066984958713,Financials,2022-01-31,0.022381118760743238,1.0,0.15,1.003362809413476,0.015107701031555072,0.015356199769288153
2022-02-01,2022-01-31,Equity,Risk Parity + Sentiment Tilt,Equity Risk Parity + Sentiment Tilt,INTC,0.016615953528747285,Tech,2022-01-31,0.49086350356056974,1.0,0.15,1.0764079499575188,0.017885544474468263,0.01817973451809509
2022-02-01,2022-01-31,Equity,Risk Parity + Sentiment Tilt,Equity Risk Parity + Sentiment Tilt,KO,0.023136259003253563,Consumer,2022-01-31,-0.9782481048991786,1.0,0.15,0.8635208673000001,0.019978642440566952,0.020307260766924608
2022-02-01,2022-01-31,Equity,Risk Parity + Sentiment Tilt,Equity Risk Parity + Sentiment Tilt,MMM,0.023227964530507215,Industrials,2022-01-31,0.5757727780900509,1.0,0.15,1.0902051796238734,0.025323247243278578,0.025739776201729226
2022-02-01,2022-01-31,Equity,Risk Parity + Sentiment Tilt,Equity Risk Parity + Sentiment Tilt,MRK,0.028337498435727318,Healthcare,2022-01-31,0.9095266977396598,1.0,0.15,1.1461735019107684,0.0324796898174685,0.0330139313876945
2022-02-01,2022-01-31,Equity,Risk Parity + Sentiment Tilt,Equity Risk Parity + Sentiment Tilt,MS,0.01346586766591729,Financials,2022-01-31,0.022381118760743238,1.0,0.15,1.003362809413476,0.01351115081246486,0.013733388723792737
2022-02-01,2022-01-31,Equity,Risk Parity + Sentiment Tilt,Equity Risk Parity + Sentiment Tilt,NEE,0.01985307299430448,Utilities,2022-01-31,0.15339405602129455,0.8,0.15,1.0232758599138816,0.020315170340179975,0.020649324039397544
2022-02-01,2022-01-31,Equity,Risk Parity + Sentiment Tilt,Equity Risk Parity + Sentiment Tilt,NEM,0.03665369736661329,Materials,2022-01-31,-0.13770401215929484,0.6,0.15,0.9795562638741643,0.03590435884961401,0.036494931024335306
2022-02-01,2022-01-31,Equity,Risk Parity + Sentiment Tilt,Equity Risk Parity + Sentiment Tilt,NKE,0.020425375387823186,Consumer,2022-01-31,-0.9782481048991786,1.0,0.15,0.8635208673000001,0.017637737869821153,0.01792785187114822
2022-02-01,2022-01-31,Equity,Risk Parity + Sentiment Tilt,Equity Risk Parity + Sentiment Tilt,NUE,0.015694820101954794,Materials,2022-01-31,-0.13770401215929484,0.6,0.15,0.9795562638741643,0.015373959341247967,0.015626837623805998
2022-02-01,2022-01-31,Equity,Risk Parity + Sentiment Tilt,Equity Risk Parity + Sentiment Tilt,NVDA,0.01482046661869052,Tech,2022-01-31,0.49086350356056974,1.0,0.15,1.0764079499575188,0.015952868090438502,0.016215268542725467
2022-02-01,2022-01-31,Equity,Risk Parity + Sentiment Tilt,Equity Risk Parity + Sentiment Tilt,O,0.01633612639109359,RealEstate,2022-01-31,-0.5238993536423514,1.0,0.15,0.9244235702223604,0.015101500282058462,0.015349897026879472
2022-02-01,2022-01-31,Equity,Risk Parity + Sentiment Tilt,Equity Risk Parity + Sentiment Tilt,OXY,0.009774470485430462,Energy,2022-01-31,0.5193005955945612,1.0,0.15,1.0810092433268825,0.01056629294337613,0.010740092415146367
2022-02-01,2022-01-31,Equity,Risk Parity + Sentiment Tilt,Equity Risk Parity + Sentiment Tilt,PLD,0.017574278066865293,RealEstate,2022-01-31,-0.5238993536423514,1.0,0.15,0.9244235702223604,0.016246076874652137,0.01651330016613993
2022-02-01,2022-01-31,Equity,Risk Parity + Sentiment Tilt,Equity Risk Parity + Sentiment Tilt,PSA,0.026987912885567594,RealEstate,2022-01-31,-0.5238993536423514,1.0,0.15,0.9244235702223604,0.024948262782526442,0.02535862381609085
2022-02-01,2022-01-31,Equity,Risk Parity + Sentiment Tilt,Equity Risk Parity + Sentiment Tilt,QCOM,0.016606820470181912,Tech,2022-01-31,0.49086350356056974,1.0,0.15,1.0764079499575188,0.01787571357762107,0.018169741917925055
2022-02-01,2022-01-31,Equity,Risk Parity + Sentiment Tilt,Equity Risk Parity + Sentiment Tilt,SBUX,0.017354223385348255,Consumer,2022-01-31,-0.9782481048991786,1.0,0.15,0.8635208673000001,0.01498573402903387,0.01523222659480814
2022-02-01,2022-01-31,Equity,Risk Parity + Sentiment Tilt,Equity Risk Parity + Sentiment Tilt,SHW,0.020465533808564734,Materials,2022-01-31,-0.13770401215929484,0.6,0.15,0.9795562638741643,0.020047141835708066,0.020376886873084987
2022-02-01,2022-01-31,Equity,Risk Parity + Sentiment Tilt,Equity Risk Parity + Sentiment Tilt,SLB,0.012111143971055553,Energy,2022-01-31,0.5193005955945612,1.0,0.15,1.0810092433268825,0.013092258579973698,0.013307606350253454
2022-02-01,2022-01-31,Equity,Risk Parity + Sentiment Tilt,Equity Risk Parity + Sentiment Tilt,SO,0.018746115829384003,Utilities,2022-01-31,0.15339405602129455,0.8,0.15,1.0232758599138816,0.019182447795358142,0.0194979699289919
2022-02-01,2022-01-31,Equity,Risk Parity + Sentiment Tilt,Equity Risk Parity + Sentiment Tilt,T,0.022242376746614986,Comm,2022-01-31,-2.0301008646054965,1.0,0.15,0.7374808702926396,0.016403327360470392,0.016673137183631805
2022-02-01,2022-01-31,Equity,Risk Parity + Sentiment Tilt,Equity Risk Parity + Sentiment Tilt,TMUS,0.022119219933508752,Comm,2022-01-31,-2.0301008646054965,1.0,0.15,0.7374808702926396,0.016312501566758338,0.016580817443551346
2022-02-01,2022-01-31,Equity,Risk Parity + Sentiment Tilt,Equity Risk Parity + Sentiment Tilt,TTWO,0.030193746722275063,Comm,2022-01-31,-2.0301008646054965,1.0,0.15,0.7374808702926396,0.02226731061013895,0.02263357405205989
2022-02-01,2022-01-31,Equity,Risk Parity + Sentiment Tilt,Equity Risk Parity + Sentiment Tilt,UPS,0.023415217512945164,Industrials,2022-01-31,0.5757727780900509,1.0,0.15,1.0902051796238734,0.02552739141463245,0.025947278234665815
2022-02-01,2022-01-31,Equity,Risk Parity + Sentiment Tilt,Equity Risk Parity + Sentiment Tilt,USB,0.0143535621700446,Financials,2022-01-31,0.022381118760743238,1.0,0.15,1.003362809413476,0.014401830464026941,0.014638718702937778
2022-02-01,2022-01-31,Equity,Risk Parity + Sentiment Tilt,Equity Risk Parity + Sentiment Tilt,V,0.017205425225514274,Financials,2022-01-31,0.022381118760743238,1.0,0.15,1.003362809413476,0.017263283791425492,0.017547238591850586
2022-02-01,2022-01-31,Equity,Risk Parity + Sentiment Tilt,Equity Risk Parity + Sentiment Tilt,WFC,0.013419330164192597,Financials,2022-01-31,0.022381118760743238,1.0,0.15,1.003362809413476,0.013464456813991287,0.013685926679958976
2022-02-01,2022-01-31,Equity,Risk Parity + Sentiment Tilt,Equity Risk Parity + Sentiment Tilt,WMT,0.035617798540467496,Consumer,2022-01-31,-0.9782481048991786,1.0,0.15,0.8635208673000001,0.03075671228698117,0.03126261349353607
2022-02-01,2022-01-31,Equity,Risk Parity + Sentiment Tilt,Equity Risk Parity + Sentiment Tilt,XOM,0.016280907889324604,Energy,2022-01-31,0.5193005955945612,1.0,0.15,1.0810092433268825,0.017599811918113464,0.01788930209513351
2022-03-01,2022-02-28,Equity,Risk Parity + Sentiment Tilt,Equity Risk Parity + Sentiment Tilt,ABBV,0.0272219755889174,Healthcare,2022-02-28,-0.8219203544755335,0.6,0.15,0.884008984290731,0.024064470990745945,0.02553526265247847
2022-03-01,2022-02-28,Equity,Risk Parity + Sentiment Tilt,Equity Risk Parity + Sentiment Tilt,ABT,0.022887631764033328,Healthcare,2022-02-28,-0.8219203544755335,0.6,0.15,0.884008984290731,0.020232872108543375,0.021469481033027517
2022-03-01,2022-02-28,Equity,Risk Parity + Sentiment Tilt,Equity Risk Parity + Sentiment Tilt,ADBE,0.01885005247327926,Tech,2022-02-28,-1.1402635222669317,1.0,0.15,0.8427882587923122,0.015886602902098746,0.01685757305517828
2022-03-01,2022-02-28,Equity,Risk Parity + Sentiment Tilt,Equity Risk Parity + Sentiment Tilt,AEP,0.025150674516075347,Utilities,2022-02-28,-0.08690655960825286,0.6,0.15,0.9870486164818284,0.02482493848467695,0.026342209009357364
2022-03-01,2022-02-28,Equity,Risk Parity + Sentiment Tilt,Equity Risk Parity + Sentiment Tilt,AMD,0.016249481385440457,Tech,2022-02-28,-1.1402635222669317,1.0,0.15,0.8427882587923122,0.013694872123113452,0.01453188631448771
2022-03-01,2022-02-28,Equity,Risk Parity + Sentiment Tilt,Equity Risk Parity + Sentiment Tilt,AMGN,0.023625986417343123,Healthcare,2022-02-28,-0.8219203544755335,0.6,0.15,0.884008984290731,0.0208855842556621,0.022162086165280342
2022-03-01,2022-02-28,Equity,Risk Parity + Sentiment Tilt,Equity Risk Parity + Sentiment Tilt,AMT,0.01929559408229188,RealEstate,2022-02-28,-0.18305928362624374,0.6,0.15,0.9729146757787265,0.01877296666053092,0.019920347911542402
2022-03-01,2022-02-28,Equity,Risk Parity + Sentiment Tilt,Equity Risk Parity + Sentiment Tilt,BA,0.01116345216214017,Industrials,2022-02-28,-0.3962150787533699,0.8,0.15,0.9422993610797521,0.01051931383982906,0.01116224171007885
2022-03-01,2022-02-28,Equity,Risk Parity + Sentiment Tilt,Equity Risk Parity + Sentiment Tilt,CAT,0.018329248020760688,Industrials,2022-02-28,-0.3962150787533699,0.8,0.15,0.9422993610797521,0.017271638699035106,0.01832726058213266
2022-03-01,2022-02-28,Equity,Risk Parity + Sentiment Tilt,Equity Risk Parity + Sentiment Tilt,CCI,0.02033739467386637,RealEstate,2022-02-28,-0.18305928362624374,0.6,0.15,0.9729146757787265,0.019786549745308697,0.020995879981200734
2022-03-01,2022-02-28,Equity,Risk Parity + Sentiment Tilt,Equity Risk Parity + Sentiment Tilt,CMCSA,0.02038306427816505,Comm,2022-02-28,-0.06391869420869592,0.8,0.15,0.9904580123194231,0.020188569329930392,0.021422470521616225
2022-03-01,2022-02-28,Equity,Risk Parity + Sentiment Tilt,Equity Risk Parity + Sentiment Tilt,COP,0.01267867969423279,Energy,2022-02-28,0.6495482308603943,1.0,0.15,1.102336738774219,0.013976174426103483,0.014830381477517049
2022-03-01,2022-02-28,Equity,Risk Parity + Sentiment Tilt,Equity Risk Parity + Sentiment Tilt,CVX,0.014030412717133728,Energy,2022-02-28,0.6495482308603943,1.0,0.15,1.102336738774219,0.01546623939826152,0.01641151743716251
2022-03-01,2022-02-28,Equity,Risk Parity + Sentiment Tilt,Equity Risk Parity + Sentiment Tilt,D,0.020410314798929834,Utilities,2022-02-28,-0.08690655960825286,0.6,0.15,0.9870486164818284,0.02014597298424228,0.021377270738267572
2022-03-01,2022-02-28,Equity,Risk Parity + Sentiment Tilt,Equity Risk Parity + Sentiment Tilt,DD,0.015625992893719715,Materials,2022-02-28,-0.4134240691836671,0.6,0.15,0.9398700947171995,0.014686403421070634,0.015584018818511005
2022-03-01,2022-02-28,Equity,Risk Parity + Sentiment Tilt,Equity Risk Parity + Sentiment Tilt,DIS,0.018304877242249745,Consumer,2022-02-28,-0.5871258480573689,1.0,0.15,0.9156978038425538,0.016761735890335635,0.0177861931241202
2022-03-01,2022-02-28,Equity,Risk Parity + Sentiment Tilt,Equity Risk Parity + Sentiment Tilt,DOW,0.0137131769162284,Materials,2022-02-28,-0.4134240691836671,0.6,0.15,0.9398700947171995,0.0128886048871293,0.013676340990143766
2022-03-01,2022-02-28,Equity,Risk Parity + Sentiment Tilt,Equity Risk Parity + Sentiment Tilt,DUK,0.020624596183173558,Utilities,2022-02-28,-0.08690655960825286,0.6,0.15,0.9870486164818284,0.02035747912809786,0.02160170388446231
2022-03-01,2022-02-28,Equity,Risk Parity + Sentiment Tilt,Equity Risk Parity + Sentiment Tilt,EA,0.03243623633849207,Comm,2022-02-28,-0.06391869420869592,0.8,0.15,0.9904580123194231,0.032126730170945896,0.03409027746323122
2022-03-01,2022-02-28,Equity,Risk Parity + Sentiment Tilt,Equity Risk Parity + Sentiment Tilt,GE,0.014641789439553896,Industrials,2022-02-28,-0.3962150787533699,0.8,0.15,0.9422993610797521,0.013796948833955897,0.014640201831710808
2022-03-01,2022-02-28,Equity,Risk Parity + Sentiment Tilt,Equity Risk Parity + Sentiment Tilt,GILD,0.03576982644814447,Healthcare,2022-02-28,-0.8219203544755335,0.6,0.15,0.884008984290731,0.03162084794667992,0.033553476322960185
2022-03-01,2022-02-28,Equity,Risk Parity + Sentiment Tilt,Equity Risk Parity + Sentiment Tilt,GS,0.015071050290812028,Financials,2022-02-28,-0.8618956247315002,0.8,0.15,0.8787240703572143,0.013243294656100624,0.014052708973230224
2022-03-01,2022-02-28,Equity,Risk Parity + Sentiment Tilt,Equity Risk Parity + Sentiment Tilt,INTC,0.016564079599977608,Tech,2022-02-28,-1.1402635222669317,1.0,0.15,0.8427882587923122,0.013960011804562389,0.014813231015894053
2022-03-01,2022-02-28,Equity,Risk Parity + Sentiment Tilt,Equity Risk Parity + Sentiment Tilt,KO,0.02332872519477786,Consumer,2022-02-28,-0.5871258480573689,1.0,0.15,0.9156978038425538,0.02136206242730454,0.0226676861124282
2022-03-01,2022-02-28,Equity,Risk Parity + Sentiment Tilt,Equity Risk Parity + Sentiment Tilt,MMM,0.0229867503469074,Industrials,2022-02-28,-0.3962150787533699,0.8,0.15,0.9422993610797521,0.02166040016519061,0.022984257895742977
2022-03-01,2022-02-28,Equity,Risk Parity + Sentiment Tilt,Equity Risk Parity + Sentiment Tilt,MRK,0.028309398840897854,Healthcare,2022-02-28,-0.8219203544755335,0.6,0.15,0.884008984290731,0.02502576291522331,0.02655530758871146
2022-03-01,2022-02-28,Equity,Risk Parity + Sentiment Tilt,Equity Risk Parity + Sentiment Tilt,MS,0.013455563015381086,Financials,2022-02-28,-0.8618956247315002,0.8,0.15,0.8787240703572143,0.01182372710182366,0.01254637914926117
2022-03-01,2022-02-28,Equity,Risk Parity + Sentiment Tilt,Equity Risk Parity + Sentiment Tilt,NEE,0.019877264314808733,Utilities,2022-02-28,-0.08690655960825286,0.6,0.15,0.9870486164818284,0.01961982624137558,0.020818966536275605
2022-03-01,2022-02-28,Equity,Risk Parity + Sentiment Tilt,Equity Risk Parity + Sentiment Tilt,NEM,0.03718870768696986,Materials,2022-02-28,-0.4134240691836671,0.6,0.15,0.9398700947171995,0.034952554216162605,0.037088812491574315
2022-03-01,2022-02-28,Equity,Risk Parity + Sentiment Tilt,Equity Risk Parity + Sentiment Tilt,NKE,0.020389667390181634,Consumer,2022-02-28,-0.5871258480573689,1.0,0.15,0.9156978038425538,0.018670773650269458,0.019811908986819005
2022-03-01,2022-02-28,Equity,Risk Parity + Sentiment Tilt,Equity Risk Parity + Sentiment Tilt,NUE,0.015542443763621606,Materials,2022-02-28,-0.4134240691836671,0.6,0.15,0.9398700947171995,0.014607878092251786,0.015500694115589731
2022-03-01,2022-02-28,Equity,Risk Parity + Sentiment Tilt,Equity Risk Parity + Sentiment Tilt,NVDA,0.014563755182886605,Tech,2022-02-28,-1.1402635222669317,1.0,0.15,0.8427882587923122,0.012274161872062515,0.013024343953485666
2022-03-01,2022-02-28,Equity,Risk Parity + Sentiment Tilt,Equity Risk Parity + Sentiment Tilt,O,0.01638879669568215,RealEstate,2022-02-28,-0.18305928362624374,0.6,0.15,0.9729146757787265,0.015944900823583064,0.016919434075840987
2022-03-01,2022-02-28,Equity,Risk Parity + Sentiment Tilt,Equity Risk Parity + Sentiment Tilt,OXY,0.009951580167342659,Energy,2022-02-28,0.6495482308603943,1.0,0.15,1.102336738774219,0.010969992427318703,0.011640465233372652
2022-03-01,2022-02-28,Equity,Risk Parity + Sentiment Tilt,Equity Risk Parity + Sentiment Tilt,PLD,0.01749269527571408,RealEstate,2022-02-28,-0.18305928362624374,0.6,0.15,0.9729146757787265,0.017018899952667425,0.01805907474611579
2022-03-01,2022-02-28,Equity,Risk Parity + Sentiment Tilt,Equity Risk Parity + Sentiment Tilt,PSA,0.026832545879152073,RealEstate,2022-02-28,-0.18305928362624374,0.6,0.15,0.9729146757787265,0.026105777674333044,0.027701331557118063
2022-03-01,2022-02-28,Equity,Risk Parity + Sentiment Tilt,Equity Risk Parity + Sentiment Tilt,QCOM,0.01636894149123987,Tech,2022-02-28,-1.1402635222669317,1.0,0.15,0.8427882587923122,0.013795551697675285,0.0146387193041331
2022-03-01,2022-02-28,Equity,Risk Parity + Sentiment Tilt,Equity Risk Parity + Sentiment Tilt,SBUX,0.017369039386250208,Consumer,2022-02-28,-0.5871258480573689,1.0,0.15,0.9156978038425538,0.015904791220844136,0.01687687302219393
2022-03-01,2022-02-28,Equity,Risk Parity + Sentiment Tilt,Equity Risk Parity + Sentiment Tilt,SHW,0.020307653874482967,Materials,2022-02-28,-0.4134240691836671,0.6,0.15,0.9398700947171995,0.01908655657049441,0.020253104061435084
2022-03-01,2022-02-28,Equity,Risk Parity + Sentiment Tilt,Equity Risk Parity + Sentiment Tilt,SLB,0.012188331425405938,Energy,2022-02-28,0.6495482308603943,1.0,0.15,1.102336738774219,0.01343564551458131,0.01425681608593687
2022-03-01,2022-02-28,Equity,Risk Parity + Sentiment Tilt,Equity Risk Parity + Sentiment Tilt,SO,0.018808875035924766,Utilities,2022-02-28,-0.08690655960825286,0.6,0.15,0.9870486164818284,0.01856527408178914,0.019699961410996374
2022-03-01,2022-02-28,Equity,Risk Parity + Sentiment Tilt,Equity Risk Parity + Sentiment Tilt,T,0.02230817118050973,Comm,2022-02-28,-0.06391869420869592,0.8,0.15,0.9904580123194231,0.022095306885929106,0.02344574559466876
2022-03-01,2022-02-28,Equity,Risk Parity + Sentiment Tilt,Equity Risk Parity + Sentiment Tilt,TMUS,0.022249795008582325,Comm,2022-02-28,-0.06391869420869592,0.8,0.15,0.9904580123194231,0.02203748773871507,0.02338439261038664
2022-03-01,2022-02-28,Equity,Risk Parity + Sentiment Tilt,Equity Risk Parity + Sentiment Tilt,TTWO,0.030180671725265562,Comm,2022-02-28,-0.06391869420869592,0.8,0.15,0.9904580123194231,0.02989268812747154,0.03171969344421269
2022-03-01,2022-02-28,Equity,Risk Parity + Sentiment Tilt,Equity Risk Parity + Sentiment Tilt,UPS,0.023143099871397444,Industrials,2022-02-28,-0.3962150787533699,0.8,0.15,0.9422993610797521,0.021807728222222704,0.02314059046726888
2022-03-01,2022-02-28,Equity,Risk Parity + Sentiment Tilt,Equity Risk Parity + Sentiment Tilt,USB,0.014397665651365944,Financials,2022-02-28,-0.8618956247315002,0.8,0.15,0.8787240703572143,0.012651575364810536,0.01342482450714571
2022-03-01,2022-02-28,Equity,Risk Parity + Sentiment Tilt,Equity Risk Parity + Sentiment Tilt,V,0.01721773930376247,Financials,2022-02-28,-0.8618956247315002,0.8,0.15,0.8787240703572143,0.015129641963351547,0.01605434756993867
2022-03-01,2022-02-28,Equity,Risk Parity + Sentiment Tilt,Equity Risk Parity + Sentiment Tilt,WFC,0.013463241681854117,Financials,2022-02-28,-0.8618956247315002,0.8,0.15,0.8787240703572143,0.011830474530881758,0.012553538973106612
2022-03-01,2022-02-28,Equity,Risk Parity + Sentiment Tilt,Equity Risk Parity + Sentiment Tilt,WMT,0.03592286034828836,Consumer,2022-02-28,-0.5871258480573689,1.0,0.15,0.9156978038425538,0.032894484328670405,0.034904955836072525
2022-03-01,2022-02-28,Equity,Risk Parity + Sentiment Tilt,Equity Risk Parity + Sentiment Tilt,XOM,0.01640043233638584,Energy,2022-02-28,0.6495482308603943,1.0,0.15,1.102336738774219,0.018078799096178808,0.019183753656577106
2022-04-01,2022-03-31,Equity,Risk Parity + Sentiment Tilt,Equity Risk Parity + Sentiment Tilt,ABBV,0.02728443200200935,Healthcare,2022-03-31,-0.4608912544673565,0.8,0.15,0.933201913682315,0.02546188415801012,0.023582416143526755
2022-04-01,2022-03-31,Equity,Risk Parity + Sentiment Tilt,Equity Risk Parity + Sentiment Tilt,ABT,0.022715249811253963,Healthcare,2022-03-31,-0.4608912544673565,0.8,0.15,0.933201913682315,0.021197914593634043,0.01963319133100182
2022-04-01,2022-03-31,Equity,Risk Parity + Sentiment Tilt,Equity Risk Parity + Sentiment Tilt,ADBE,0.018525950260069344,Tech,2022-03-31,0.16001047370646063,1.0,0.15,1.0242919271093036,0.018975981293417533,0.017575269953161395
2022-04-01,2022-03-31,Equity,Risk Parity + Sentiment Tilt,Equity Risk Parity + Sentiment Tilt,AEP,0.025424919878985146,Utilities,2022-03-31,1.2052032166995192,0.8,0.15,1.1981521350674458,0.030462922036924796,0.028214302600876942
2022-04-01,2022-03-31,Equity,Risk Parity + Sentiment Tilt,Equity Risk Parity + Sentiment Tilt,AMD,0.015966874320203814,Tech,2022-03-31,0.16001047370646063,1.0,0.15,1.0242919271093036,0.016354740467353617,0.015147515919365962
2022-04-01,2022-03-31,Equity,Risk Parity + Sentiment Tilt,Equity Risk Parity + Sentiment Tilt,AMGN,0.023799281141979975,Healthcare,2022-03-31,-0.4608912544673565,0.8,0.15,0.933201913682315,0.022209534705959145,0.020570138743061534
2022-04-01,2022-03-31,Equity,Risk Parity + Sentiment Tilt,Equity Risk Parity + Sentiment Tilt,AMT,0.019294215602655422,RealEstate,2022-03-31,0.8675167192288035,0.8,0.15,1.1389736021804615,0.02197560224620291,0.020353473998959523
2022-04-01,2022-03-31,Equity,Risk Parity + Sentiment Tilt,Equity Risk Parity + Sentiment Tilt,BA,0.01114423934533384,Industrials,2022-03-31,1.8769154204694898,1.0,0.15,1.3251654413904796,0.014767960851020468,0.01367786438029626
2022-04-01,2022-03-31,Equity,Risk Parity + Sentiment Tilt,Equity Risk Parity + Sentiment Tilt,CAT,0.018513848844301684,Industrials,2022-03-31,1.8769154204694898,1.0,0.15,1.3251654413904796,0.02453391267559566,0.022722942840929912
2022-04-01,2022-03-31,Equity,Risk Parity + Sentiment Tilt,Equity Risk Parity + Sentiment Tilt,CCI,0.02041185473694192,RealEstate,2022-03-31,0.8675167192288035,0.8,0.15,1.1389736021804615,0.023248563716919055,0.021532471866941735
2022-04-01,2022-03-31,Equity,Risk Parity + Sentiment Tilt,Equity Risk Parity + Sentiment Tilt,CMCSA,0.02046559284516818,Comm,2022-03-31,-0.03209520433286507,0.8,0.15,0.9951972894245166,0.02036730252597715,0.01886389086165074
2022-04-01,2022-03-31,Equity,Risk Parity + Sentiment Tilt,Equity Risk Parity + Sentiment Tilt,COP,0.012866923577698556,Energy,2022-03-31,1.658125201852672,1.0,0.15,1.2823813514295188,0.016500302846309413,0.01528233361683386
2022-04-01,2022-03-31,Equity,Risk Parity + Sentiment Tilt,Equity Risk Parity + Sentiment Tilt,CVX,0.014309947637949062,Energy,2022-03-31,1.658125201852672,1.0,0.15,1.2823813514295188,0.018350809990838768,0.016996245646597456
2022-04-01,2022-03-31,Equity,Risk Parity + Sentiment Tilt,Equity Risk Parity + Sentiment Tilt,D,0.020569813350248843,Utilities,2022-03-31,1.2052032166995192,0.8,0.15,1.1981521350674458,0.0246457657835395,0.022826539515948506
2022-04-01,2022-03-31,Equity,Risk Parity + Sentiment Tilt,Equity Risk Parity + Sentiment Tilt,DD,0.015491784017835472,Materials,2022-03-31,0.01209460724935849,0.6,0.15,1.0018158377276773,0.015519914583724087,0.01437431267670862
2022-04-01,2022-03-31,Equity,Risk Parity + Sentiment Tilt,Equity Risk Parity + Sentiment Tilt,DIS,0.018116737223517934,Consumer,2022-03-31,0.35294769142413523,1.0,0.15,1.0543686520442654,0.019101719805800773,0.017691727082016752
2022-04-01,2022-03-31,Equity,Risk Parity + Sentiment Tilt,Equity Risk Parity + Sentiment Tilt,DOW,0.013738184037586773,Materials,2022-03-31,0.01209460724935849,0.6,0.15,1.0018158377276773,0.013763130350471997,0.012747205405077112
2022-04-01,2022-03-31,Equity,Risk Parity + Sentiment Tilt,Equity Risk Parity + Sentiment Tilt,DUK,0.020883052644584732,Utilities,2022-03-31,1.2052032166995192,0.8,0.15,1.1981521350674458,0.025021074112835065,0.02317414447513592
2022-04-01,2022-03-31,Equity,Risk Parity + Sentiment Tilt,Equity Risk Parity + Sentiment Tilt,EA,0.03198541459688182,Comm,2022-03-31,-0.03209520433286507,0.8,0.15,0.9951972894245166,0.03183179790793615,0.02948213495133035
2022-04-01,2022-03-31,Equity,Risk Parity + Sentiment Tilt,Equity Risk Parity + Sentiment Tilt,GE,0.014650162634591,Industrials,2022-03-31,1.8769154204694898,1.0,0.15,1.3251654413904796,0.019413889234110096,0.017980853735802164
2022-04-01,2022-03-31,Equity,Risk Parity + Sentiment Tilt,Equity Risk Parity + Sentiment Tilt,GILD,0.035697741292059985,Healthcare,2022-03-31,-0.4608912544673565,0.8,0.15,0.933201913682315,0.03331320048788657,0.03085418785596564
2022-04-01,2022-03-31,Equity,Risk Parity + Sentiment Tilt,Equity Risk Parity + Sentiment Tilt,GS,0.015050337430716305,Financials,2022-03-31,-0.17176765607229924,0.8,0.15,0.9745639406248741,0.014667516154212924,0.01358483400497815
2022-04-01,2022-03-31,Equity,Risk Parity + Sentiment Tilt,Equity Risk Parity + Sentiment Tilt,INTC,0.016442293270214042,Tech,2022-03-31,0.16001047370646063,1.0,0.15,1.0242919271093036,0.016841708259843876,0.015598538202702645
2022-04-01,2022-03-31,Equity,Risk Parity + Sentiment Tilt,Equity Risk Parity + Sentiment Tilt,KO,0.023396140392902158,Consumer,2022-03-31,0.35294769142413523,1.0,0.15,1.0543686520442654,0.02466815700910264,0.022847277934045007
2022-04-01,2022-03-31,Equity,Risk Parity + Sentiment Tilt,Equity Risk Parity + Sentiment Tilt,MMM,0.022915407070697304,Industrials,2022-03-31,1.8769154204694898,1.0,0.15,1.3251654413904796,0.030366705525483113,0.0281251883075821
2022-04-01,2022-03-31,Equity,Risk Parity + Sentiment Tilt,Equity Risk Parity + Sentiment Tilt,MRK,0.02854130689111052,Healthcare,2022-03-31,-0.4608912544673565,0.8,0.15,0.933201913682315,0.026634802209778582,0.0246687552937407
2022-04-01,2022-03-31,Equity,Risk Parity + Sentiment Tilt,Equity Risk Parity + Sentiment Tilt,MS,0.013388536822723276,Financials,2022-03-31,-0.17176765607229924,0.8,0.15,0.9745639406248741,0.013047985205154426,0.012084848671567415
2022-04-01,2022-03-31,Equity,Risk Parity + Sentiment Tilt,Equity Risk Parity + Sentiment Tilt,NEE,0.020153598284748133,Utilities,2022-03-31,1.2052032166995192,0.8,0.15,1.1981521350674458,0.024147076814162588,0.02236466125395299
2022-04-01,2022-03-31,Equity,Risk Parity + Sentiment Tilt,Equity Risk Parity + Sentiment Tilt,NEM,0.03814018519786992,Materials,2022-03-31,0.01209460724935849,0.6,0.15,1.0018158377276773,0.03820944158509282,0.035389013102078905
2022-04-01,2022-03-31,Equity,Risk Parity + Sentiment Tilt,Equity Risk Parity + Sentiment Tilt,NKE,0.019928859735331796,Consumer,2022-03-31,0.35294769142413523,1.0,0.15,1.0543686520442654,0.021012364975921023,0.01946133805129062
2022-04-01,2022-03-31,Equity,Risk Parity + Sentiment Tilt,Equity Risk Parity + Sentiment Tilt,NUE,0.015508051553952714,Materials,2022-03-31,0.01209460724935849,0.6,0.15,1.0018158377276773,0.015536211659047146,0.014389406784034133
2022-04-01,2022-03-31,Equity,Risk Parity + Sentiment Tilt,Equity Risk Parity + Sentiment Tilt,NVDA,0.01424304219199594,Tech,2022-03-31,0.16001047370646063,1.0,0.15,1.0242919271093036,0.01458903313473864,0.01351214420661298
2022-04-01,2022-03-31,Equity,Risk Parity + Sentiment Tilt,Equity Risk Parity + Sentiment Tilt,O,0.016477063639524833,RealEstate,2022-03-31,0.8675167192288035,0.8,0.15,1.1389736021804615,0.018766940526866303,0.0173816595228735
2022-04-01,2022-03-31,Equity,Risk Parity + Sentiment Tilt,Equity Risk Parity + Sentiment Tilt,OXY,0.010025506253915233,Energy,2022-03-31,1.658125201852672,1.0,0.15,1.2823813514295188,0.012856522258660909,0.011907518555215619
2022-04-01,2022-03-31,Equity,Risk Parity + Sentiment Tilt,Equity Risk Parity + Sentiment Tilt,PLD,0.017492734285419927,RealEstate,2022-03-31,0.8675167192288035,0.8,0.15,1.1389736021804615,0.019923762581050396,0.018453090800954954
2022-04-01,2022-03-31,Equity,Risk Parity + Sentiment Tilt,Equity Risk Parity + Sentiment Tilt,PSA,0.026684260804074836,RealEstate,2022-03-31,0.8675167192288035,0.8,0.15,1.1389736021804615,0.030392668649540013,0.02814923496462037
2022-04-01,2022-03-31,Equity,Risk Parity + Sentiment Tilt,Equity Risk Parity + Sentiment Tilt,QCOM,0.016113390694568377,Tech,2022-03-31,0.16001047370646063,1.0,0.15,1.0242919271093036,0.016504816006804562,0.015286513638558045
2022-04-01,2022-03-31,Equity,Risk Parity + Sentiment Tilt,Equity Risk Parity + Sentiment Tilt,SBUX,0.017064622712590162,Consumer,2022-03-31,0.35294769142413523,1.0,0.15,1.0543686520442654,0.017992403247117646,0.016664294683085636
2022-04-01,2022-03-31,Equity,Risk Parity + Sentiment Tilt,Equity Risk Parity + Sentiment Tilt,SHW,0.020153582256554364,Materials,2022-03-31,0.01209460724935849,0.6,0.15,1.0018158377276773,0.020190177891563663,0.018699840675416
2022-04-01,2022-03-31,Equity,Risk Parity + Sentiment Tilt,Equity Risk Parity + Sentiment Tilt,SLB,0.012413178236183724,Energy,2022-03-31,1.658125201852672,1.0,0.15,1.2823813514295188,0.015918428282052775,0.014743410101493128
2022-04-01,2022-03-31,Equity,Risk Parity + Sentiment Tilt,Equity Risk Parity + Sentiment Tilt,SO,0.019042005376189577,Utilities,2022-03-31,1.2052032166995192,0.8,0.15,1.1981521350674458,0.022815219397447323,0.021131114841994276
2022-04-01,2022-03-31,Equity,Risk Parity + Sentiment Tilt,Equity Risk Parity + Sentiment Tilt,T,0.022335407399960518,Comm,2022-03-31,-0.03209520433286507,0.8,0.15,0.9951972894245166,0.022228136902632995,0.02058736781929266
2022-04-01,2022-03-31,Equity,Risk Parity + Sentiment Tilt,Equity Risk Parity + Sentiment Tilt,TMUS,0.022361322777087723,Comm,2022-03-31,-0.03209520433286507,0.8,0.15,0.9951972894245166,0.022253927815704407,0.020611254977092812
2022-04-01,2022-03-31,Equity,Risk Parity + Sentiment Tilt,Equity Risk Parity + Sentiment Tilt,TTWO,0.029611562423789164,Comm,2022-03-31,-0.03209520433286507,0.8,0.15,0.9951972894245166,0.029469346659779846,0.02729406795255369
2022-04-01,2022-03-31,Equity,Risk Parity + Sentiment Tilt,Equity Risk Parity + Sentiment Tilt,UPS,0.02286069036531635,Industrials,2022-03-31,1.8769154204694898,1.0,0.15,1.3251654413904796,0.030294196838445527,0.028058031846531155
2022-04-01,2022-03-31,Equity,Risk Parity + Sentiment Tilt,Equity Risk Parity + Sentiment Tilt,USB,0.0143371758028488,Financials,2022-03-31,-0.17176765607229924,0.8,0.15,0.9745639406248741,0.013972494547855919,0.01294111539216304
2022-04-01,2022-03-31,Equity,Risk Parity + Sentiment Tilt,Equity Risk Parity + Sentiment Tilt,V,0.01713204950659849,Financials,2022-03-31,-0.17176765607229924,0.8,0.15,0.9745639406248741,0.016696277678131054,0.015463842573869223
2022-04-01,2022-03-31,Equity,Risk Parity + Sentiment Tilt,Equity Risk Parity + Sentiment Tilt,WFC,0.01338612897651643,Financials,2022-03-31,-0.17176765607229924,0.8,0.15,0.9745639406248741,0.013045638605066665,0.01208267528567623
2022-04-01,2022-03-31,Equity,Risk Parity + Sentiment Tilt,Equity Risk Parity + Sentiment Tilt,WMT,0.0362179164479039,Consumer,2022-03-31,0.35294769142413523,1.0,0.15,1.0543686520442654,0.03818703574502826,0.035368261148249855
2022-04-01,2022-03-31,Equity,Risk Parity + Sentiment Tilt,Equity Risk Parity + Sentiment Tilt,XOM,0.01672742339683871,Energy,2022-03-31,1.658125201852672,1.0,0.15,1.2823813514295188,0.021450935821571777,0.019867535806585207
2022-05-02,2022-04-29,Equity,Risk Parity + Sentiment Tilt,Equity Risk Parity + Sentiment Tilt,ABBV,0.02728559210932259,Healthcare,2022-04-29,0.21557026036840848,1.0,0.15,1.0328640133836349,0.02818230617358377,0.027303857367464796
2022-05-02,2022-04-29,Equity,Risk Parity + Sentiment Tilt,Equity Risk Parity + Sentiment Tilt,ABT,0.02259141379101581,Healthcare,2022-04-29,0.21557026036840848,1.0,0.15,1.0328640133836349,0.023333858316198986,0.022606536717541904
2022-05-02,2022-04-29,Equity,Risk Parity + Sentiment Tilt,Equity Risk Parity + Sentiment Tilt,ADBE,0.018441186432298827,Tech,2022-04-29,-0.30138105722073605,1.0,0.15,0.9557994592610521,0.01762607602012347,0.017076667276173584
2022-05-02,2022-04-29,Equity,Risk Parity + Sentiment Tilt,Equity Risk Parity + Sentiment Tilt,AEP,0.025378494810347194,Utilities,2022-04-29,0.47582615914535503,0.6,0.15,1.073982738579945,0.0272560653574536,0.026406487685375134
2022-05-02,2022-04-29,Equity,Risk Parity + Sentiment Tilt,Equity Risk Parity + Sentiment Tilt,AMD,0.015809328384897358,Tech,2022-04-29,-0.30138105722073605,1.0,0.15,0.9557994592610521,0.015110547521565298,0.014639548365273217
2022-05-02,2022-04-29,Equity,Risk Parity + Sentiment Tilt,Equity Risk Parity + Sentiment Tilt,AMGN,0.02417054265321744,Healthcare,2022-04-29,0.21557026036840848,1.0,0.15,1.0328640133836349,0.024964883690462496,0.02418672266496977
2022-05-02,2022-04-29,Equity,Risk Parity + Sentiment Tilt,Equity Risk Parity + Sentiment Tilt,AMT,0.01936429647309098,RealEstate,2022-04-29,0.4267742143554714,0.8,0.15,1.0661095972662602,0.020644462314271486,0.020000969792359328
2022-05-02,2022-04-29,Equity,Risk Parity + Sentiment Tilt,Equity Risk Parity + Sentiment Tilt,BA,0.011214226807803065,Industrials,2022-04-29,-0.14260943860389722,1.0,0.15,0.9788357578057689,0.010976886195621682,0.010634734190244417
2022-05-02,2022-04-29,Equity,Risk Parity + Sentiment Tilt,Equity Risk Parity + Sentiment Tilt,CAT,0.018583852379836497,Industrials,2022-04-29,-0.14260943860389722,1.0,0.15,0.9788357578057689,0.0181905392271678,0.017623536038417265
2022-05-02,2022-04-29,Equity,Risk Parity + Sentiment Tilt,Equity Risk Parity + Sentiment Tilt,CCI,0.020480601624587733,RealEstate,2022-04-29,0.4267742143554714,0.8,0.15,1.0661095972662602,0.02183456594975994,0.021153977630530365
2022-05-02,2022-04-29,Equity,Risk Parity + Sentiment Tilt,Equity Risk Parity + Sentiment Tilt,CMCSA,0.020545998975504527,Comm,2022-04-29,0.1108126734757907,0.8,0.15,1.016760813413544,0.020890366630727825,0.020239209216103195
2022-05-02,2022-04-29,Equity,Risk Parity + Sentiment Tilt,Equity Risk Parity + Sentiment Tilt,COP,0.012940090252322936,Energy,2022-04-29,1.1454185500330198,1.0,0.15,1.1874554999580358,0.015365781340074238,0.014886826488397634
2022-05-02,2022-04-29,Equity,Risk Parity + Sentiment Tilt,Equity Risk Parity + Sentiment Tilt,CVX,0.014357991886138158,Energy,2022-04-29,1.1454185500330198,1.0,0.15,1.1874554999580358,0.01704947643354761,0.016518040428071163
2022-05-02,2022-04-29,Equity,Risk Parity + Sentiment Tilt,Equity Risk Parity + Sentiment Tilt,D,0.020747219331781402,Utilities,2022-04-29,0.47582615914535503,0.6,0.15,1.073982738579945,0.022282155435865366,0.021587615651937373
2022-05-02,2022-04-29,Equity,Risk Parity + Sentiment Tilt,Equity Risk Parity + Sentiment Tilt,DD,0.015564269794815731,Materials,2022-04-29,-0.20997225041281997,0.2,0.15,0.9689949898269874,0.015081699451491957,0.014611599496016113
2022-05-02,2022-04-29,Equity,Risk Parity + Sentiment Tilt,Equity Risk Parity + Sentiment Tilt,DIS,0.018103058238893684,Consumer,2022-04-29,0.7140028139374713,1.0,0.15,1.113046023275818,0.020149536981931147,0.019521471393664325
2022-05-02,2022-04-29,Equity,Risk Parity + Sentiment Tilt,Equity Risk Parity + Sentiment Tilt,DOW,0.013946855164116253,Materials,2022-04-29,-0.20997225041281997,0.2,0.15,0.9689949898269874,0.013514432777871295,0.013093184876227817
2022-05-02,2022-04-29,Equity,Risk Parity + Sentiment Tilt,Equity Risk Parity + Sentiment Tilt,DUK,0.02110149321067269,Utilities,2022-04-29,0.47582615914535503,0.6,0.15,1.073982738579945,0.022662639466524373,0.02195623990999931
2022-05-02,2022-04-29,Equity,Risk Parity + Sentiment Tilt,Equity Risk Parity + Sentiment Tilt,EA,0.03201787264513668,Comm,2022-04-29,0.1108126734757907,0.8,0.15,1.016760813413544,0.03255451823444043,0.03153978659748064
2022-05-02,2022-04-29,Equity,Risk Parity + Sentiment Tilt,Equity Risk Parity + Sentiment Tilt,GE,0.014594558287642634,Industrials,2022-04-29,-0.14260943860389722,1.0,0.15,0.9788357578057689,0.014285675521325144,0.01384038781034023
2022-05-02,2022-04-29,Equity,Risk Parity + Sentiment Tilt,Equity Risk Parity + Sentiment Tilt,GILD,0.0352739390693582,Healthcare,2022-04-29,0.21557026036840848,1.0,0.15,1.0328640133836349,0.03643318227502711,0.03529755180974561
2022-05-02,2022-04-29,Equity,Risk Parity + Sentiment Tilt,Equity Risk Parity + Sentiment Tilt,GS,0.015064109943110525,Financials,2022-04-29,-0.5460615306516509,0.6,0.15,0.9213555867180405,0.013879401855019666,0.013446777785360816
2022-05-02,2022-04-29,Equity,Risk Parity + Sentiment Tilt,Equity Risk Parity + Sentiment Tilt,INTC,0.016356694209450618,Tech,2022-04-29,-0.30138105722073605,1.0,0.15,0.9557994592610521,0.015633719480691283,0.015146412937059837
2022-05-02,2022-04-29,Equity,Risk Parity + Sentiment Tilt,Equity Risk Parity + Sentiment Tilt,KO,0.02357906263713202,Consumer,2022-04-29,0.7140028139374713,1.0,0.15,1.113046023275818,0.026244581900831215,0.025426532395021552
2022-05-02,2022-04-29,Equity,Risk Parity + Sentiment Tilt,Equity Risk Parity + Sentiment Tilt,MMM,0.02298627479486858,Industrials,2022-04-29,-0.14260943860389722,1.0,0.15,0.9788357578057689,0.022499787707966835,0.021798464277291735
2022-05-02,2022-04-29,Equity,Risk Parity + Sentiment Tilt,Equity Risk Parity + Sentiment Tilt,MRK,0.028683184753411244,Healthcare,2022-04-29,0.21557026036840848,1.0,0.15,1.0328640133836349,0.029625829321032623,0.028702385574553863
2022-05-02,2022-04-29,Equity,Risk Parity + Sentiment Tilt,Equity Risk Parity + Sentiment Tilt,MS,0.013404063650128934,Financials,2022-04-29,-0.5460615306516509,0.6,0.15,0.9213555867180405,0.012349908928770505,0.011964959496763928
2022-05-02,2022-04-29,Equity,Risk Parity + Sentiment Tilt,Equity Risk Parity + Sentiment Tilt,NEE,0.020165298219844353,Utilities,2022-04-29,0.47582615914535503,0.6,0.15,1.073982738579945,0.021657182206429728,0.020982122978275723
2022-05-02,2022-04-29,Equity,Risk Parity + Sentiment Tilt,Equity Risk Parity + Sentiment Tilt,NEM,0.037692485277525715,Materials,2022-04-29,-0.20997225041281997,0.2,0.15,0.9689949898269874,0.036523829388049905,0.035385373431918846
2022-05-02,2022-04-29,Equity,Risk Parity + Sentiment Tilt,Equity Risk Parity + Sentiment Tilt,NKE,0.019710427266949403,Consumer,2022-04-29,0.7140028139374713,1.0,0.15,1.113046023275818,0.021938612686545282,0.021254781207187268
2022-05-02,2022-04-29,Equity,Risk Parity + Sentiment Tilt,Equity Risk Parity + Sentiment Tilt,NUE,0.015556090574189368,Materials,2022-04-29,-0.20997225041281997,0.2,0.15,0.9689949898269874,0.01507377382768432,0.014603920915680671
2022-05-02,2022-04-29,Equity,Risk Parity + Sentiment Tilt,Equity Risk Parity + Sentiment Tilt,NVDA,0.0139905123940377,Tech,2022-04-29,-0.30138105722073605,1.0,0.15,0.9557994592610521,0.013372124181006282,0.012955312070253959
2022-05-02,2022-04-29,Equity,Risk Parity + Sentiment Tilt,Equity Risk Parity + Sentiment Tilt,O,0.016570890031683463,RealEstate,2022-04-29,0.4267742143554714,0.8,0.15,1.0661095972662602,0.017666384898021543,0.017115719717304294
2022-05-02,2022-04-29,Equity,Risk Parity + Sentiment Tilt,Equity Risk Parity + Sentiment Tilt,OXY,0.01007315527225239,Energy,2022-04-29,1.1454185500330198,1.0,0.15,1.1874554999580358,0.011961423629967384,0.011588583371881012
2022-05-02,2022-04-29,Equity,Risk Parity + Sentiment Tilt,Equity Risk Parity + Sentiment Tilt,PLD,0.017378041956218095,RealEstate,2022-04-29,0.4267742143554714,0.8,0.15,1.0661095972662602,0.018526897311219846,0.017949409765527613
2022-05-02,2022-04-29,Equity,Risk Parity + Sentiment Tilt,Equity Risk Parity + Sentiment Tilt,PSA,0.026191306078624795,RealEstate,2022-04-29,0.4267742143554714,0.8,0.15,1.0661095972662602,0.027922802775360033,0.027052442748383167
2022-05-02,2022-04-29,Equity,Risk Parity + Sentiment Tilt,Equity Risk Parity + Sentiment Tilt,QCOM,0.01597028970566813,Tech,2022-04-29,-0.30138105722073605,1.0,0.15,0.9557994592610521,0.015264394264919946,0.014788599671122048
2022-05-02,2022-04-29,Equity,Risk Parity + Sentiment Tilt,Equity Risk Parity + Sentiment Tilt,SBUX,0.017113159681835136,Consumer,2022-04-29,0.7140028139374713,1.0,0.15,1.113046023275818,0.01904773432955066,0.018454012177147493
2022-05-02,2022-04-29,Equity,Risk Parity + Sentiment Tilt,Equity Risk Parity + Sentiment Tilt,SHW,0.020581666825875245,Materials,2022-04-29,-0.20997225041281997,0.2,0.15,0.9689949898269874,0.019943532036561427,0.019321887668658902
2022-05-02,2022-04-29,Equity,Risk Parity + Sentiment Tilt,Equity Risk Parity + Sentiment Tilt,SLB,0.012646405217280653,Energy,2022-04-29,1.1454185500330198,1.0,0.15,1.1874554999580358,0.01501704342995791,0.014548958817178834
2022-05-02,2022-04-29,Equity,Risk Parity + Sentiment Tilt,Equity Risk Parity + Sentiment Tilt,SO,0.019167144854390604,Utilities,2022-04-29,0.47582615914535503,0.6,0.15,1.073982738579945,0.02058518272147692,0.019943537957771523
2022-05-02,2022-04-29,Equity,Risk Parity + Sentiment Tilt,Equity Risk Parity + Sentiment Tilt,T,0.02263345533908995,Comm,2022-04-29,0.1108126734757907,0.8,0.15,1.016760813413544,0.023012810460932218,0.022295495995950747
2022-05-02,2022-04-29,Equity,Risk Parity + Sentiment Tilt,Equity Risk Parity + Sentiment Tilt,TMUS,0.022012035385178094,Comm,2022-04-29,0.1108126734757907,0.8,0.15,1.016760813413544,0.02238097500312139,0.0216833549911119
2022-05-02,2022-04-29,Equity,Risk Parity + Sentiment Tilt,Equity Risk Parity + Sentiment Tilt,TTWO,0.02942805527521523,Comm,2022-04-29,0.1108126734757907,0.8,0.15,1.016760813413544,0.02992129341880657,0.028988639990112954
2022-05-02,2022-04-29,Equity,Risk Parity + Sentiment Tilt,Equity Risk Parity + Sentiment Tilt,UPS,0.022699910111024194,Industrials,2022-04-29,-0.14260943860389722,1.0,0.15,0.9788357578057689,0.022219483715647203,0.021526897423298785
2022-05-02,2022-04-29,Equity,Risk Parity + Sentiment Tilt,Equity Risk Parity + Sentiment Tilt,USB,0.014475851058488698,Financials,2022-04-29,-0.5460615306516509,0.6,0.15,0.9213555867180405,0.013337406245236822,0.012921676300331388
2022-05-02,2022-04-29,Equity,Risk Parity + Sentiment Tilt,Equity Risk Parity + Sentiment Tilt,V,0.017092136782639187,Financials,2022-04-29,-0.5460615306516509,0.6,0.15,0.9213555867180405,0.01574793571363353,0.015257069024396911
2022-05-02,2022-04-29,Equity,Risk Parity + Sentiment Tilt,Equity Risk Parity + Sentiment Tilt,WFC,0.013457703869683774,Financials,2022-04-29,-0.5460615306516509,0.6,0.15,0.9213555867180405,0.012399330644730137,0.012012840726749357
2022-05-02,2022-04-29,Equity,Risk Parity + Sentiment Tilt,Equity Risk Parity + Sentiment Tilt,WMT,0.03597354824637272,Consumer,2022-04-29,0.7140028139374713,1.0,0.15,1.113046023275818,0.04004021481874593,0.038792152339840506
2022-05-02,2022-04-29,Equity,Risk Parity + Sentiment Tilt,Equity Risk Parity + Sentiment Tilt,XOM,0.01683415826503083,Energy,2022-04-29,1.1454185500330198,1.0,0.15,1.1874554999580358,0.019989813818974883,0.019366726837531233
2022-06-01,2022-05-31,Equity,Risk Parity + Sentiment Tilt,Equity Risk Parity + Sentiment Tilt,ABBV,0.02799652082049063,Healthcare,2022-05-31,-0.9793879128445879,1.0,0.15,0.8633732427282979,0.024171446965897302,0.02460528915310095
2022-06-01,2022-05-31,Equity,Risk Parity + Sentiment Tilt,Equity Risk Parity + Sentiment Tilt,ABT,0.022412341218287696,Healthcare,2022-05-31,-0.9793879128445879,1.0,0.15,0.8633732427282979,0.01935021571476614,0.019697523839116358
2022-06-01,2022-05-31,Equity,Risk Parity + Sentiment Tilt,Equity Risk Parity + Sentiment Tilt,ADBE,0.01822164396300546,Tech,2022-05-31,-1.0763503762234143,1.0,0.15,0.8509069005658507,0.015504922587775421,0.015783213313911686
2022-06-01,2022-05-31,Equity,Risk Parity + Sentiment Tilt,Equity Risk Parity + Sentiment Tilt,AEP,0.025798418352606895,Utilities,2022-05-31,0.2002383881198389,1.0,0.15,1.0304913818301595,0.02658504777721043,0.027062210575567146
2022-06-01,2022-05-31,Equity,Risk Parity + Sentiment Tilt,Equity Risk Parity + Sentiment Tilt,AMD,0.01524403559286774,Tech,2022-05-31,-1.0763503762234143,1.0,0.15,0.8509069005658507,0.012971255078442599,0.013204070171471478
2022-06-01,2022-05-31,Equity,Risk Parity + Sentiment Tilt,Equity Risk Parity + Sentiment Tilt,AMGN,0.024799883728880194,Healthcare,2022-05-31,-0.9793879128445879,1.0,0.15,0.8633732427282979,0.021411556034288043,0.02179586220819873
2022-06-01,2022-05-31,Equity,Risk Parity + Sentiment Tilt,Equity Risk Parity + Sentiment Tilt,AMT,0.01935926064156614,RealEstate,2022-05-31,0.43024279539830196,0.6,0.15,1.0666644247193418,0.02064983461522794,0.02102046900163864
2022-06-01,2022-05-31,Equity,Risk Parity + Sentiment Tilt,Equity Risk Parity + Sentiment Tilt,BA,0.01114432865677025,Industrials,2022-05-31,0.1973189108051599,0.8,0.15,1.0300402061953133,0.011479106587527967,0.011685139793405267
2022-06-01,2022-05-31,Equity,Risk Parity + Sentiment Tilt,Equity Risk Parity + Sentiment Tilt,CAT,0.018462439876630196,Industrials,2022-05-31,0.1973189108051599,0.8,0.15,1.0300402061953133,0.019017055377392744,0.019358383760039476
2022-06-01,2022-05-31,Equity,Risk Parity + Sentiment Tilt,Equity Risk Parity + Sentiment Tilt,CCI,0.020601750419052826,RealEstate,2022-05-31,0.43024279539830196,0.6,0.15,1.0666644247193418,0.02197515425895044,0.02236957619824483
2022-06-01,2022-05-31,Equity,Risk Parity + Sentiment Tilt,Equity Risk Parity + Sentiment Tilt,CMCSA,0.02069762975011197,Comm,2022-05-31,-0.10192223571888875,0.6,0.15,0.9848279379452788,0.02038360402715763,0.0207494599631598
2022-06-01,2022-05-31,Equity,Risk Parity + Sentiment Tilt,Equity Risk Parity + Sentiment Tilt,COP,0.012918748560914744,Energy,2022-05-31,1.1319074528508124,1.0,0.15,1.1850513629716382,0.015309380589999907,0.015584161622731189
2022-06-01,2022-05-31,Equity,Risk Parity + Sentiment Tilt,Equity Risk Parity + Sentiment Tilt,CVX,0.014428909636244241,Energy,2022-05-31,1.1319074528508124,1.0,0.15,1.1850513629716382,0.017098999030625842,0.01740590110185501
2022-06-01,2022-05-31,Equity,Risk Parity + Sentiment Tilt,Equity Risk Parity + Sentiment Tilt,D,0.02113745738819669,Utilities,2022-05-31,0.2002383881198389,1.0,0.15,1.0304913818301595,0.02178196767233892,0.022172922194420255
2022-06-01,2022-05-31,Equity,Risk Parity + Sentiment Tilt,Equity Risk Parity + Sentiment Tilt,DD,0.01557180662985464,Materials,2022-05-31,-0.7676782315462083,0.6,0.15,0.8912309029645666,0.013878075283514976,0.014127166475435415
2022-06-01,2022-05-31,Equity,Risk Parity + Sentiment Tilt,Equity Risk Parity + Sentiment Tilt,DIS,0.017994684433102294,Consumer,2022-05-31,0.05945453817662373,1.0,0.15,1.0089580661806212,0.01815588200715342,0.018481753584957922
2022-06-01,2022-05-31,Equity,Risk Parity + Sentiment Tilt,Equity Risk Parity + Sentiment Tilt,DOW,0.01410305595059534,Materials,2022-05-31,-0.7676782315462083,0.6,0.15,0.8912309029645666,0.01256907928940889,0.012794675914126752
2022-06-01,2022-05-31,Equity,Risk Parity + Sentiment Tilt,Equity Risk Parity + Sentiment Tilt,DUK,0.021512204042824303,Utilities,2022-05-31,0.2002383881198389,1.0,0.15,1.0304913818301595,0.02216814087030236,0.022566026637545818
2022-06-01,2022-05-31,Equity,Risk Parity + Sentiment Tilt,Equity Risk Parity + Sentiment Tilt,EA,0.03194654377711406,Comm,2022-05-31,-0.10192223571888875,0.6,0.15,0.9848279379452788,0.03146184883249382,0.03202654309056688
2022-06-01,2022-05-31,Equity,Risk Parity + Sentiment Tilt,Equity Risk Parity + Sentiment Tilt,GE,0.014598551606629836,Industrials,2022-05-31,0.1973189108051599,0.8,0.15,1.0300402061953133,0.01503709510704592,0.015306989012844534
2022-06-01,2022-05-31,Equity,Risk Parity + Sentiment Tilt,Equity Risk Parity + Sentiment Tilt,GILD,0.03573513370778335,Healthcare,2022-05-31,-0.9793879128445879,1.0,0.15,0.8633732427282979,0.030852758268618212,0.03140652024022908
2022-06-01,2022-05-31,Equity,Risk Parity + Sentiment Tilt,Equity Risk Parity + Sentiment Tilt,GS,0.015150577411091997,Financials,2022-05-31,0.04086370062481973,1.0,0.15,1.0061483792581436,0.015243728906995255,0.015517331587855896
2022-06-01,2022-05-31,Equity,Risk Parity + Sentiment Tilt,Equity Risk Parity + Sentiment Tilt,INTC,0.016342316787304252,Tech,2022-05-31,-1.0763503762234143,1.0,0.15,0.8509069005658507,0.013905790125550332,0.01415537875842677
2022-06-01,2022-05-31,Equity,Risk Parity + Sentiment Tilt,Equity Risk Parity + Sentiment Tilt,KO,0.023448689561920727,Consumer,2022-05-31,0.05945453817662373,1.0,0.15,1.0089580661806212,0.023658744474865254,0.024083384400805524
2022-06-01,2022-05-31,Equity,Risk Parity + Sentiment Tilt,Equity Risk Parity + Sentiment Tilt,MMM,0.023153828263128992,Industrials,2022-05-31,0.1973189108051599,0.8,0.15,1.0300402061953133,0.02384937403836426,0.024277435486685494
2022-06-01,2022-05-31,Equity,Risk Parity + Sentiment Tilt,Equity Risk Parity + Sentiment Tilt,MRK,0.02926636330705792,Healthcare,2022-05-31,-0.9793879128445879,1.0,0.15,0.8633732427282979,0.02526779499127907,0.02572131502507333
2022-06-01,2022-05-31,Equity,Risk Parity + Sentiment Tilt,Equity Risk Parity + Sentiment Tilt,MS,0.013420834672431483,Financials,2022-05-31,0.04086370062481973,1.0,0.15,1.0061483792581436,0.013503351053958435,0.013745716492986284
2022-06-01,2022-05-31,Equity,Risk Parity + Sentiment Tilt,Equity Risk Parity + Sentiment Tilt,NEE,0.020155207225073964,Utilities,2022-05-31,0.2002383881198389,1.0,0.15,1.0304913818301595,0.020769767344439683,0.02114255434826017
2022-06-01,2022-05-31,Equity,Risk Parity + Sentiment Tilt,Equity Risk Parity + Sentiment Tilt,NEM,0.037408837062568374,Materials,2022-05-31,-0.7676782315462083,0.6,0.15,0.8912309029645666,0.03333991163412716,0.033938314377865805
2022-06-01,2022-05-31,Equity,Risk Parity + Sentiment Tilt,Equity Risk Parity + Sentiment Tilt,NKE,0.019368434553466245,Consumer,2022-05-31,0.05945453817662373,1.0,0.15,1.0089580661806212,0.019541938272011228,0.019892687536384585
2022-06-01,2022-05-31,Equity,Risk Parity + Sentiment Tilt,Equity Risk Parity + Sentiment Tilt,NUE,0.015316890328208242,Materials,2022-05-31,-0.7676782315462083,0.6,0.15,0.8912309029645666,0.013650885997818269,0.013895899473714717
2022-06-01,2022-05-31,Equity,Risk Parity + Sentiment Tilt,Equity Risk Parity + Sentiment Tilt,NVDA,0.013640988447562511,Tech,2022-05-31,-1.0763503762234143,1.0,0.15,0.8509069005658507,0.011607211200569992,0.011815543697242395
2022-06-01,2022-05-31,Equity,Risk Parity + Sentiment Tilt,Equity Risk Parity + Sentiment Tilt,O,0.016779842906926468,RealEstate,2022-05-31,0.43024279539830196,0.6,0.15,1.0666644247193418,0.01789846148119765,0.01821971273634752
2022-06-01,2022-05-31,Equity,Risk Parity + Sentiment Tilt,Equity Risk Parity + Sentiment Tilt,OXY,0.010071704592097044,Energy,2022-05-31,1.1319074528508124,1.0,0.15,1.1850513629716382,0.011935487254312309,0.01214971182692717
2022-06-01,2022-05-31,Equity,Risk Parity + Sentiment Tilt,Equity Risk Parity + Sentiment Tilt,PLD,0.017227490242243088,RealEstate,2022-05-31,0.43024279539830196,0.6,0.15,1.0666644247193418,0.018375950968600296,0.01870577246300286
2022-06-01,2022-05-31,Equity,Risk Parity + Sentiment Tilt,Equity Risk Parity + Sentiment Tilt,PSA,0.025876324497379623,RealEstate,2022-05-31,0.43024279539830196,0.6,0.15,1.0666644247193418,0.027601354783848446,0.02809675880935438
2022-06-01,2022-05-31,Equity,Risk Parity + Sentiment Tilt,Equity Risk Parity + Sentiment Tilt,QCOM,0.01585540638041704,Tech,2022-05-31,-1.0763503762234143,1.0,0.15,0.8509069005658507,0.013491474700372678,0.013733626976190938
2022-06-01,2022-05-31,Equity,Risk Parity + Sentiment Tilt,Equity Risk Parity + Sentiment Tilt,SBUX,0.016756472301591094,Consumer,2022-05-31,0.05945453817662373,1.0,0.15,1.0089580661806212,0.016906577889422493,0.017210026282066273
2022-06-01,2022-05-31,Equity,Risk Parity + Sentiment Tilt,Equity Risk Parity + Sentiment Tilt,SHW,0.020688500991648193,Materials,2022-05-31,-0.7676782315462083,0.6,0.15,0.8912309029645666,0.01843823141976995,0.01876917075735309
2022-06-01,2022-05-31,Equity,Risk Parity + Sentiment Tilt,Equity Risk Parity + Sentiment Tilt,SLB,0.012445962815059617,Energy,2022-05-31,1.1319074528508124,1.0,0.15,1.1850513629716382,0.014749105197480725,0.015013830104814555
2022-06-01,2022-05-31,Equity,Risk Parity + Sentiment Tilt,Equity Risk Parity + Sentiment Tilt,SO,0.019586741672740927,Utilities,2022-05-31,0.2002383881198389,1.0,0.15,1.0304913818301595,0.02018396849189317,0.020546241261468236
2022-06-01,2022-05-31,Equity,Risk Parity + Sentiment Tilt,Equity Risk Parity + Sentiment Tilt,T,0.022766445969004227,Comm,2022-05-31,-0.10192223571888875,0.6,0.15,0.9848279379452788,0.022421032037997037,0.022823456832526363
2022-06-01,2022-05-31,Equity,Risk Parity + Sentiment Tilt,Equity Risk Parity + Sentiment Tilt,TMUS,0.021786527642556248,Comm,2022-05-31,-0.10192223571888875,0.6,0.15,0.9848279379452788,0.021455981093206487,0.0218410846320724
2022-06-01,2022-05-31,Equity,Risk Parity + Sentiment Tilt,Equity Risk Parity + Sentiment Tilt,TTWO,0.027954399657924338,Comm,2022-05-31,-0.10192223571888875,0.6,0.15,0.9848279379452788,0.02753027377161183,0.028024401996713227
2022-06-01,2022-05-31,Equity,Risk Parity + Sentiment Tilt,Equity Risk Parity + Sentiment Tilt,UPS,0.022633501508644273,Industrials,2022-05-31,0.1973189108051599,0.8,0.15,1.0300402061953133,0.023313416560885883,0.023731858354884998
2022-06-01,2022-05-31,Equity,Risk Parity + Sentiment Tilt,Equity Risk Parity + Sentiment Tilt,USB,0.014715970365879117,Financials,2022-05-31,0.04086370062481973,1.0,0.15,1.0061483792581436,0.014806449732840144,0.015072203890871279
2022-06-01,2022-05-31,Equity,Risk Parity + Sentiment Tilt,Equity Risk Parity + Sentiment Tilt,V,0.016995620066693442,Financials,2022-05-31,0.04086370062481973,1.0,0.15,1.0061483792581436,0.017100115584590788,0.01740703769633366
2022-06-01,2022-05-31,Equity,Risk Parity + Sentiment Tilt,Equity Risk Parity + Sentiment Tilt,WFC,0.013491314733575514,Financials,2022-05-31,0.04086370062481973,1.0,0.15,1.0061483792581436,0.013574264453248516,0.013817902684273195
2022-06-01,2022-05-31,Equity,Risk Parity + Sentiment Tilt,Equity Risk Parity + Sentiment Tilt,WMT,0.03625390301664469,Consumer,2022-05-31,0.05945453817662373,1.0,0.15,1.0089580661806212,0.03657866787917362,0.03723520156952679
2022-06-01,2022-05-31,Equity,Risk Parity + Sentiment Tilt,Equity Risk Parity + Sentiment Tilt,XOM,0.01675555426563078,Energy,2022-05-31,1.1319074528508124,1.0,0.15,1.1850513629716382,0.019856192419831,0.02021258208740489
2022-07-01,2022-06-30,Equity,Risk Parity + Sentiment Tilt,Equity Risk Parity + Sentiment Tilt,ABBV,0.028011033914815433,Healthcare,2022-06-30,1.511623646242772,0.6,0.15,1.2545081042367763,0.03514006905418716,0.03401575101566335
2022-07-01,2022-06-30,Equity,Risk Parity + Sentiment Tilt,Equity Risk Parity + Sentiment Tilt,ABT,0.022260432669241013,Healthcare,2022-06-30,1.511623646242772,0.6,0.15,1.2545081042367763,0.027925893187379945,0.027032395072619717
2022-07-01,2022-06-30,Equity,Risk Parity + Sentiment Tilt,Equity Risk Parity + Sentiment Tilt,ADBE,0.018007343677397362,Tech,2022-06-30,0.31002734867724335,1.0,0.15,1.0476023766406106,0.01886453603342575,0.018260959013754647
2022-07-01,2022-06-30,Equity,Risk Parity + Sentiment Tilt,Equity Risk Parity + Sentiment Tilt,AEP,0.025718900472750755,Utilities,2022-06-30,-0.05275160655281711,1.0,0.15,0.9921184823437016,0.02551619650457419,0.02469979742577976
2022-07-01,2022-06-30,Equity,Risk Parity + Sentiment Tilt,Equity Risk Parity + Sentiment Tilt,AMD,0.014889349616813959,Tech,2022-06-30,0.31002734867724335,1.0,0.15,1.0476023766406106,0.015598118045207268,0.015099051140751068
2022-07-01,2022-06-30,Equity,Risk Parity + Sentiment Tilt,Equity Risk Parity + Sentiment Tilt,AMGN,0.025243247554817654,Healthcare,2022-06-30,1.511623646242772,0.6,0.15,1.2545081042367763,0.031667858634773935,0.030654635107819714
2022-07-01,2022-06-30,Equity,Risk Parity + Sentiment Tilt,Equity Risk Parity + Sentiment Tilt,AMT,0.019281755111095363,RealEstate,2022-06-30,0.18803456914963626,0.4,0.15,1.0286067178226974,0.019833342838684823,0.019198768527422812
2022-07-01,2022-06-30,Equity,Risk Parity + Sentiment Tilt,Equity Risk Parity + Sentiment Tilt,BA,0.011171004513311298,Industrials,2022-06-30,0.5762559864944792,0.8,0.15,1.0902842019334589,0.012179569740590675,0.0117898804107351
2022-07-01,2022-06-30,Equity,Risk Parity + Sentiment Tilt,Equity Risk Parity + Sentiment Tilt,CAT,0.018427108236263624,Industrials,2022-06-30,0.5762559864944792,0.8,0.15,1.0902842019334589,0.020090784997316154,0.019447973739724313
2022-07-01,2022-06-30,Equity,Risk Parity + Sentiment Tilt,Equity Risk Parity + Sentiment Tilt,CCI,0.02042186610697245,RealEstate,2022-06-30,0.18803456914963626,0.4,0.15,1.0286067178226974,0.021006068668107516,0.02033397260917251
2022-07-01,2022-06-30,Equity,Risk Parity + Sentiment Tilt,Equity Risk Parity + Sentiment Tilt,CMCSA,0.02084290573367436,Comm,2022-06-30,-0.30080587036612094,1.0,0.15,0.9558819273112836,0.01992335690347205,0.01928590256267438
2022-07-01,2022-06-30,Equity,Risk Parity + Sentiment Tilt,Equity Risk Parity + Sentiment Tilt,COP,0.013002148192353184,Energy,2022-06-30,0.785725578043746,1.0,0.15,1.1250852794135444,0.014628525531969992,0.01416048105808925
2022-07-01,2022-06-30,Equity,Risk Parity + Sentiment Tilt,Equity Risk Parity + Sentiment Tilt,CVX,0.014583380637301493,Energy,2022-06-30,0.785725578043746,1.0,0.15,1.1250852794135444,0.016407546879112424,0.015882582033549236
2022-07-01,2022-06-30,Equity,Risk Parity + Sentiment Tilt,Equity Risk Parity + Sentiment Tilt,D,0.021322592443846454,Utilities,2022-06-30,-0.05275160655281711,1.0,0.15,0.9921184823437016,0.021154538055022223,0.020477691669341436
2022-07-01,2022-06-30,Equity,Risk Parity + Sentiment Tilt,Equity Risk Parity + Sentiment Tilt,DD,0.015516253267591127,Materials,2022-06-30,-0.07095493404292262,0.4,0.15,0.9894131987652564,0.015351985778339199,0.014860793956515187
2022-07-01,2022-06-30,Equity,Risk Parity + Sentiment Tilt,Equity Risk Parity + Sentiment Tilt,DIS,0.01804060426544186,Consumer,2022-06-30,-0.9808935302372421,1.0,0.15,0.8631782782791758,0.015572257728960062,0.015074018233806724
2022-07-01,2022-06-30,Equity,Risk Parity + Sentiment Tilt,Equity Risk Parity + Sentiment Tilt,DOW,0.01418632622802729,Materials,2022-06-30,-0.07095493404292262,0.4,0.15,0.9894131987652564,0.014036138411999934,0.013587047558379427
2022-07-01,2022-06-30,Equity,Risk Parity + Sentiment Tilt,Equity Risk Parity + Sentiment Tilt,DUK,0.021708964994678035,Utilities,2022-06-30,-0.05275160655281711,1.0,0.15,0.9921184823437016,0.021537865403772515,0.020848754333802264
2022-07-01,2022-06-30,Equity,Risk Parity + Sentiment Tilt,Equity Risk Parity + Sentiment Tilt,EA,0.03167629462660961,Comm,2022-06-30,-0.30080587036612094,1.0,0.15,0.9558819273112836,0.030278797557763654,0.029310017495706605
2022-07-01,2022-06-30,Equity,Risk Parity + Sentiment Tilt,Equity Risk Parity + Sentiment Tilt,GE,0.014589245669677509,Industrials,2022-06-30,0.5762559864944792,0.8,0.15,1.0902842019334589,0.01590642407177551,0.015397492814846874
2022-07-01,2022-06-30,Equity,Risk Parity + Sentiment Tilt,Equity Risk Parity + Sentiment Tilt,GILD,0.03563796617142003,Healthcare,2022-06-30,1.511623646242772,0.6,0.15,1.2545081042367763,0.044708117380562504,0.043277666496647216
2022-07-01,2022-06-30,Equity,Risk Parity + Sentiment Tilt,Equity Risk Parity + Sentiment Tilt,GS,0.015196973125192914,Financials,2022-06-30,-0.2559527608575986,1.0,0.15,0.9623347516777071,0.014624575358685311,0.014156657271894827
2022-07-01,2022-06-30,Equity,Risk Parity + Sentiment Tilt,Equity Risk Parity + Sentiment Tilt,INTC,0.01634560918547394,Tech,2022-06-30,0.31002734867724335,1.0,0.15,1.0476023766406106,0.017123699030341093,0.016575820661736376
2022-07-01,2022-06-30,Equity,Risk Parity + Sentiment Tilt,Equity Risk Parity + Sentiment Tilt,KO,0.02378556849885096,Consumer,2022-06-30,-0.9808935302372421,1.0,0.15,0.8631782782791758,0.020531186064729572,0.01987428403049428
2022-07-01,2022-06-30,Equity,Risk Parity + Sentiment Tilt,Equity Risk Parity + Sentiment Tilt,MMM,0.023238765454694752,Industrials,2022-06-30,0.5762559864944792,0.8,0.15,1.0902842019334589,0.025336858847690703,0.024526197736067307
2022-07-01,2022-06-30,Equity,Risk Parity + Sentiment Tilt,Equity Risk Parity + Sentiment Tilt,MRK,0.029352787937850906,Healthcare,2022-06-30,1.511623646242772,0.6,0.15,1.2545081042367763,0.036823310349977455,0.03564513645393877
2022-07-01,2022-06-30,Equity,Risk Parity + Sentiment Tilt,Equity Risk Parity + Sentiment Tilt,MS,0.01350346374790635,Financials,2022-06-30,-0.2559527608575986,1.0,0.15,0.9623347516777071,0.012994852432630377,0.0125790778655562
2022-07-01,2022-06-30,Equity,Risk Parity + Sentiment Tilt,Equity Risk Parity + Sentiment Tilt,NEE,0.020084523112819323,Utilities,2022-06-30,-0.05275160655281711,1.0,0.15,0.9921184823437016,0.019926226589287305,0.019288680431950457
2022-07-01,2022-06-30,Equity,Risk Parity + Sentiment Tilt,Equity Risk Parity + Sentiment Tilt,NEM,0.0373305761446374,Materials,2022-06-30,-0.07095493404292262,0.4,0.15,0.9894131987652564,0.03693536475501566,0.03575360564152375
2022-07-01,2022-06-30,Equity,Risk Parity + Sentiment Tilt,Equity Risk Parity + Sentiment Tilt,NKE,0.019057187519034586,Consumer,2022-06-30,-0.9808935302372421,1.0,0.15,0.8631782782791758,0.01644975031152367,0.015923435153293922
2022-07-01,2022-06-30,Equity,Risk Parity + Sentiment Tilt,Equity Risk Parity + Sentiment Tilt,NUE,0.015228675175842196,Materials,2022-06-30,-0.07095493404292262,0.4,0.15,0.9894131987652564,0.01506745221868708,0.014585364141456994
2022-07-01,2022-06-30,Equity,Risk Parity + Sentiment Tilt,Equity Risk Parity + Sentiment Tilt,NVDA,0.013384856888955307,Tech,2022-06-30,0.31002734867724335,1.0,0.15,1.0476023766406106,0.01402200788786403,0.013573369144999346
2022-07-01,2022-06-30,Equity,Risk Parity + Sentiment Tilt,Equity Risk Parity + Sentiment Tilt,O,0.016989712041489448,RealEstate,2022-06-30,0.18803456914963626,0.4,0.15,1.0286067178226974,0.01747573193974922,0.016916590162709213
2022-07-01,2022-06-30,Equity,Risk Parity + Sentiment Tilt,Equity Risk Parity + Sentiment Tilt,OXY,0.010198880840362485,Energy,2022-06-30,0.785725578043746,1.0,0.15,1.1250852794135444,0.01147461069998467,0.011107476765923894
2022-07-01,2022-06-30,Equity,Risk Parity + Sentiment Tilt,Equity Risk Parity + Sentiment Tilt,PLD,0.016996205476636536,RealEstate,2022-06-30,0.18803456914963626,0.4,0.15,1.0286067178226974,0.01748241113076326,0.01692305565081538
2022-07-01,2022-06-30,Equity,Risk Parity + Sentiment Tilt,Equity Risk Parity + Sentiment Tilt,PSA,0.025827010632579785,RealEstate,2022-06-30,0.18803456914963626,0.4,0.15,1.0286067178226974,0.0265658366379498,0.025715853978710696
2022-07-01,2022-06-30,Equity,Risk Parity + Sentiment Tilt,Equity Risk Parity + Sentiment Tilt,QCOM,0.015840984317113213,Tech,2022-06-30,0.31002734867724335,1.0,0.15,1.0476023766406106,0.016595052818934444,0.016064088659307665
2022-07-01,2022-06-30,Equity,Risk Parity + Sentiment Tilt,Equity Risk Parity + Sentiment Tilt,SBUX,0.01673786894911145,Consumer,2022-06-30,-0.9808935302372421,1.0,0.15,0.8631782782791758,0.014447764901556498,0.013985503923351744
2022-07-01,2022-06-30,Equity,Risk Parity + Sentiment Tilt,Equity Risk Parity + Sentiment Tilt,SHW,0.020515913519982026,Materials,2022-06-30,-0.07095493404292262,0.4,0.15,0.9894131987652564,0.020298715621396787,0.019649251555267352
2022-07-01,2022-06-30,Equity,Risk Parity + Sentiment Tilt,Equity Risk Parity + Sentiment Tilt,SLB,0.012583036623639557,Energy,2022-06-30,0.785725578043746,1.0,0.15,1.1250852794135444,0.014156989275578374,0.013704031758927612
2022-07-01,2022-06-30,Equity,Risk Parity + Sentiment Tilt,Equity Risk Parity + Sentiment Tilt,SO,0.019743922635536402,Utilities,2022-06-30,-0.05275160655281711,1.0,0.15,0.9921184823437016,0.019588310560679834,0.018961576137545438
2022-07-01,2022-06-30,Equity,Risk Parity + Sentiment Tilt,Equity Risk Parity + Sentiment Tilt,T,0.022794516234028894,Comm,2022-06-30,-0.30080587036612094,1.0,0.15,0.9558819273112836,0.021788866109911882,0.02109172418999767
2022-07-01,2022-06-30,Equity,Risk Parity + Sentiment Tilt,Equity Risk Parity + Sentiment Tilt,TMUS,0.02179708145347602,Comm,2022-06-30,-0.30080587036612094,1.0,0.15,0.9558819273112836,0.020835436229509695,0.020168799611430567
2022-07-01,2022-06-30,Equity,Risk Parity + Sentiment Tilt,Equity Risk Parity + Sentiment Tilt,TTWO,0.027520776803225053,Comm,2022-06-30,-0.30080587036612094,1.0,0.15,0.9558819273112836,0.02630661317177043,0.025464924452380584
2022-07-01,2022-06-30,Equity,Risk Parity + Sentiment Tilt,Equity Risk Parity + Sentiment Tilt,UPS,0.022849374650840654,Industrials,2022-06-30,0.5762559864944792,0.8,0.15,1.0902842019334589,0.02491231220587041,0.02411523460334192
2022-07-01,2022-06-30,Equity,Risk Parity + Sentiment Tilt,Equity Risk Parity + Sentiment Tilt,USB,0.014802610453820744,Financials,2022-06-30,-0.2559527608575986,1.0,0.15,0.9623347516777071,0.014245066455259418,0.013789290880347443
2022-07-01,2022-06-30,Equity,Risk Parity + Sentiment Tilt,Equity Risk Parity + Sentiment Tilt,V,0.016940396485249552,Financials,2022-06-30,-0.2559527608575986,1.0,0.15,0.9623347516777071,0.01630233224495453,0.015780733776131182
2022-07-01,2022-06-30,Equity,Risk Parity + Sentiment Tilt,Equity Risk Parity + Sentiment Tilt,WFC,0.01350051355054051,Financials,2022-06-30,-0.2559527608575986,1.0,0.15,0.9623347516777071,0.012992013355180921,0.012576329625321216
2022-07-01,2022-06-30,Equity,Risk Parity + Sentiment Tilt,Equity Risk Parity + Sentiment Tilt,WMT,0.03650413980126129,Consumer,2022-06-30,-0.9808935302372421,1.0,0.15,0.8631782782791758,0.031509580543715054,0.030501421176213857
2022-07-01,2022-06-30,Equity,Risk Parity + Sentiment Tilt,Equity Risk Parity + Sentiment Tilt,XOM,0.01680934463574769,Energy,2022-06-30,0.785725578043746,1.0,0.15,1.1250852794135444,0.018911946206268754,0.018306852282562697
2022-08-01,2022-07-29,Equity,Risk Parity + Sentiment Tilt,Equity Risk Parity + Sentiment Tilt,ABBV,0.028264395013432364,Healthcare,2022-07-29,0.3998245704549915,0.8,0.15,1.0618086052876554,0.03001137784851198,0.02926612991812253
2022-08-01,2022-07-29,Equity,Risk Parity + Sentiment Tilt,Equity Risk Parity + Sentiment Tilt,ABT,0.022179929795619207,Healthcare,2022-07-29,0.3998245704549915,0.8,0.15,1.0618086052876554,0.023550840321664542,0.022966021620662344
2022-08-01,2022-07-29,Equity,Risk Parity + Sentiment Tilt,Equity Risk Parity + Sentiment Tilt,ADBE,0.01791202549716717,Tech,2022-07-29,-0.5259014445448891,1.0,0.15,0.9241459949012685,0.016553326623776444,0.016142271440982108
2022-08-01,2022-07-29,Equity,Risk Parity + Sentiment Tilt,Equity Risk Parity + Sentiment Tilt,AEP,0.025775340613957608,Utilities,2022-07-29,0.8504664238087901,1.0,0.15,1.1360643485798396,0.029282445544019233,0.02855529859166749
2022-08-01,2022-07-29,Equity,Risk Parity + Sentiment Tilt,Equity Risk Parity + Sentiment Tilt,AMD,0.014815509052352209,Tech,2022-07-29,-0.5259014445448891,1.0,0.15,0.9241459949012685,0.013691693353154781,0.013351698762220945
2022-08-01,2022-07-29,Equity,Risk Parity + Sentiment Tilt,Equity Risk Parity + Sentiment Tilt,AMGN,0.02534560259149882,Healthcare,2022-07-29,0.3998245704549915,0.8,0.15,1.0618086052876554,0.026912178937854546,0.026243890872010175
2022-08-01,2022-07-29,Equity,Risk Parity + Sentiment Tilt,Equity Risk Parity + Sentiment Tilt,AMT,0.01928296525931272,RealEstate,2022-07-29,0.25266570348045003,1.0,0.15,1.0386272148899693,0.020027812502100006,0.019530478261307792
2022-08-01,2022-07-29,Equity,Risk Parity + Sentiment Tilt,Equity Risk Parity + Sentiment Tilt,BA,0.011194712053971764,Industrials,2022-07-29,-0.004690493095047929,0.4,0.15,0.9992966734858678,0.01118683851616613,0.0109090449308847
2022-08-01,2022-07-29,Equity,Risk Parity + Sentiment Tilt,Equity Risk Parity + Sentiment Tilt,CAT,0.018269813201363096,Industrials,2022-07-29,-0.004690493095047929,0.4,0.15,0.9992966734858678,0.018256963557330336,0.017803603355910236
2022-08-01,2022-07-29,Equity,Risk Parity + Sentiment Tilt,Equity Risk Parity + Sentiment Tilt,CCI,0.020420200601314484,RealEstate,2022-07-29,0.25266570348045003,1.0,0.15,1.0386272148899693,0.02120897607803774,0.020682310970969998
2022-08-01,2022-07-29,Equity,Risk Parity + Sentiment Tilt,Equity Risk Parity + Sentiment Tilt,CMCSA,0.020994570062195548,Comm,2022-07-29,0.022228752778245733,0.8,0.15,1.003339877921487,0.021064689363217388,0.02054160720979294
2022-08-01,2022-07-29,Equity,Risk Parity + Sentiment Tilt,Equity Risk Parity + Sentiment Tilt,COP,0.01297936663623094,Energy,2022-07-29,0.8954483102050211,1.0,0.15,1.1437556145946441,0.014845223464071538,0.014476584206033713
2022-08-01,2022-07-29,Equity,Risk Parity + Sentiment Tilt,Equity Risk Parity + Sentiment Tilt,CVX,0.014549573825506052,Energy,2022-07-29,0.8954483102050211,1.0,0.15,1.1437556145946441,0.016641156752881824,0.016227920556530828
2022-08-01,2022-07-29,Equity,Risk Parity + Sentiment Tilt,Equity Risk Parity + Sentiment Tilt,D,0.021428606387479513,Utilities,2022-07-29,0.8504664238087901,1.0,0.15,1.1360643485798396,0.024344275756565704,0.023739754324194673
2022-08-01,2022-07-29,Equity,Risk Parity + Sentiment Tilt,Equity Risk Parity + Sentiment Tilt,DD,0.015481720000983221,Materials,2022-07-29,0.7851889990362058,0.2,0.15,1.124994728486279,0.017416853389006712,0.0169843549543273
2022-08-01,2022-07-29,Equity,Risk Parity + Sentiment Tilt,Equity Risk Parity + Sentiment Tilt,DIS,0.01790553390996514,Consumer,2022-07-29,-0.5100542625501578,1.0,0.15,0.926345374378786,0.016586708513278703,0.016174824385402617
2022-08-01,2022-07-29,Equity,Risk Parity + Sentiment Tilt,Equity Risk Parity + Sentiment Tilt,DOW,0.014201401976666026,Materials,2022-07-29,0.7851889990362058,0.2,0.15,1.124994728486279,0.0159765023608639,0.015579770981871705
2022-08-01,2022-07-29,Equity,Risk Parity + Sentiment Tilt,Equity Risk Parity + Sentiment Tilt,DUK,0.021816069257513095,Utilities,2022-07-29,0.8504664238087901,1.0,0.15,1.1360643485798396,0.02478445850960928,0.02416900637997554
2022-08-01,2022-07-29,Equity,Risk Parity + Sentiment Tilt,Equity Risk Parity + Sentiment Tilt,EA,0.03162739047782949,Comm,2022-07-29,0.022228752778245733,0.8,0.15,1.003339877921487,0.031733022101000645,0.03094502199100416
2022-08-01,2022-07-29,Equity,Risk Parity + Sentiment Tilt,Equity Risk Parity + Sentiment Tilt,GE,0.014583348832293341,Industrials,2022-07-29,-0.004690493095047929,0.4,0.15,0.9992966734858678,0.014573091976394751,0.014211210336384618
2022-08-01,2022-07-29,Equity,Risk Parity + Sentiment Tilt,Equity Risk Parity + Sentiment Tilt,GILD,0.03557731166547287,Healthcare,2022-07-29,0.3998245704549915,0.8,0.15,1.0618086052876554,0.03777629567939998,0.03683822791340274
2022-08-01,2022-07-29,Equity,Risk Parity + Sentiment Tilt,Equity Risk Parity + Sentiment Tilt,GS,0.0151191148223229,Financials,2022-07-29,-1.0173096213796555,1.0,0.15,0.8584760957760327,0.012979398664257309,0.01265709190309949
2022-08-01,2022-07-29,Equity,Risk Parity + Sentiment Tilt,Equity Risk Parity + Sentiment Tilt,INTC,0.01641108442052643,Tech,2022-07-29,-0.5259014445448891,1.0,0.15,0.9241459949012685,0.015166237939216103,0.014789627192017265
2022-08-01,2022-07-29,Equity,Risk Parity + Sentiment Tilt,Equity Risk Parity + Sentiment Tilt,KO,0.023852401365432613,Consumer,2022-07-29,-0.5100542625501578,1.0,0.15,0.926345374378786,0.02209556167269474,0.021546880712743924
2022-08-01,2022-07-29,Equity,Risk Parity + Sentiment Tilt,Equity Risk Parity + Sentiment Tilt,MMM,0.02333938422385958,Industrials,2022-07-29,-0.004690493095047929,0.4,0.15,0.9992966734858678,0.023322969016111424,0.022743808856337016
2022-08-01,2022-07-29,Equity,Risk Parity + Sentiment Tilt,Equity Risk Parity + Sentiment Tilt,MRK,0.029584044267756862,Healthcare,2022-07-29,0.3998245704549915,0.8,0.15,1.0618086052876554,0.031412592782715174,0.030632549631159377
2022-08-01,2022-07-29,Equity,Risk Parity + Sentiment Tilt,Equity Risk Parity + Sentiment Tilt,MS,0.013479810882173593,Financials,2022-07-29,-1.0173096213796555,1.0,0.15,0.8584760957760327,0.011572095417927666,0.011284735063997516
2022-08-01,2022-07-29,Equity,Risk Parity + Sentiment Tilt,Equity Risk Parity + Sentiment Tilt,NEE,0.020087067550199938,Utilities,2022-07-29,0.8504664238087901,1.0,0.15,1.1360643485798396,0.02282020131129713,0.02225352596955976
2022-08-01,2022-07-29,Equity,Risk Parity + Sentiment Tilt,Equity Risk Parity + Sentiment Tilt,NEM,0.037427596415076266,Materials,2022-07-29,0.7851889990362058,0.2,0.15,1.124994728486279,0.042105848666872746,0.04106026866269329
2022-08-01,2022-07-29,Equity,Risk Parity + Sentiment Tilt,Equity Risk Parity + Sentiment Tilt,NKE,0.01889473466162295,Consumer,2022-07-29,-0.5100542625501578,1.0,0.15,0.926345374378786,0.017503050053908936,0.017068411168149635
2022-08-01,2022-07-29,Equity,Risk Parity + Sentiment Tilt,Equity Risk Parity + Sentiment Tilt,NUE,0.015169365065269745,Materials,2022-07-29,0.7851889990362058,0.2,0.15,1.124994728486279,0.01706545573291238,0.01664168326800583
2022-08-01,2022-07-29,Equity,Risk Parity + Sentiment Tilt,Equity Risk Parity + Sentiment Tilt,NVDA,0.013356018552228913,Tech,2022-07-29,-0.5259014445448891,1.0,0.15,0.9241459949012685,0.012342911052869388,0.012036409666509745
2022-08-01,2022-07-29,Equity,Risk Parity + Sentiment Tilt,Equity Risk Parity + Sentiment Tilt,O,0.017052777730549012,RealEstate,2022-07-29,0.25266570348045003,1.0,0.15,1.0386272148899693,0.017711479040417814,0.017271664408592704
2022-08-01,2022-07-29,Equity,Risk Parity + Sentiment Tilt,Equity Risk Parity + Sentiment Tilt,OXY,0.010198288703352397,Energy,2022-07-29,0.8954483102050211,1.0,0.15,1.1437556145946441,0.011664349963716437,0.011374698728319095
2022-08-01,2022-07-29,Equity,Risk Parity + Sentiment Tilt,Equity Risk Parity + Sentiment Tilt,PLD,0.016928113214029684,RealEstate,2022-07-29,0.25266570348045003,1.0,0.15,1.0386272148899693,0.01758199908082974,0.017145399718639934
2022-08-01,2022-07-29,Equity,Risk Parity + Sentiment Tilt,Equity Risk Parity + Sentiment Tilt,PSA,0.02570812182330994,RealEstate,2022-07-29,0.25266570348045003,1.0,0.15,1.0386272148899693,0.026701154969396446,0.02603810708867619
2022-08-01,2022-07-29,Equity,Risk Parity + Sentiment Tilt,Equity Risk Parity + Sentiment Tilt,QCOM,0.015903804494352882,Tech,2022-07-29,-0.5259014445448891,1.0,0.15,0.9241459949012685,0.014697437227149009,0.014332467823516487
2022-08-01,2022-07-29,Equity,Risk Parity + Sentiment Tilt,Equity Risk Parity + Sentiment Tilt,SBUX,0.016712540928239972,Consumer,2022-07-29,-0.5100542625501578,1.0,0.15,0.926345374378786,0.01548158498299124,0.015097143481306082
2022-08-01,2022-07-29,Equity,Risk Parity + Sentiment Tilt,Equity Risk Parity + Sentiment Tilt,SHW,0.020664148578209463,Materials,2022-07-29,0.7851889990362058,0.2,0.15,1.124994728486279,0.023247058219142882,0.02266978308992657
2022-08-01,2022-07-29,Equity,Risk Parity + Sentiment Tilt,Equity Risk Parity + Sentiment Tilt,SLB,0.012579172670378275,Energy,2022-07-29,0.8954483102050211,1.0,0.15,1.1437556145946441,0.014387499368700655,0.014030226397691917
2022-08-01,2022-07-29,Equity,Risk Parity + Sentiment Tilt,Equity Risk Parity + Sentiment Tilt,SO,0.01983381792363473,Utilities,2022-07-29,0.8504664238087901,1.0,0.15,1.1360643485798396,0.02253249343926524,0.0219729625111323
2022-08-01,2022-07-29,Equity,Risk Parity + Sentiment Tilt,Equity Risk Parity + Sentiment Tilt,T,0.02285019484827294,Comm,2022-07-29,0.022228752778245733,0.8,0.15,1.003339877921487,0.02292651170954836,0.02235719644888839
2022-08-01,2022-07-29,Equity,Risk Parity + Sentiment Tilt,Equity Risk Parity + Sentiment Tilt,TMUS,0.02178100163474655,Comm,2022-07-29,0.022228752778245733,0.8,0.15,1.003339877921487,0.021853747521214315,0.021311071333748096
2022-08-01,2022-07-29,Equity,Risk Parity + Sentiment Tilt,Equity Risk Parity + Sentiment Tilt,TTWO,0.027466124931022136,Comm,2022-07-29,0.022228752778245733,0.8,0.15,1.003339877921487,0.027557858435268062,0.026873536740059146
2022-08-01,2022-07-29,Equity,Risk Parity + Sentiment Tilt,Equity Risk Parity + Sentiment Tilt,UPS,0.022675216064710794,Industrials,2022-07-29,-0.004690493095047929,0.4,0.15,0.9992966734858678,0.022659267984038806,0.022096588967617632
2022-08-01,2022-07-29,Equity,Risk Parity + Sentiment Tilt,Equity Risk Parity + Sentiment Tilt,USB,0.01482946364688912,Financials,2022-07-29,-1.0173096213796555,1.0,0.15,0.8584760957760327,0.01273074005403398,0.01241460802819081
2022-08-01,2022-07-29,Equity,Risk Parity + Sentiment Tilt,Equity Risk Parity + Sentiment Tilt,V,0.01698451840175274,Financials,2022-07-29,-1.0173096213796555,1.0,0.15,0.8584760957760327,0.014580803046172874,0.014218729923491661
2022-08-01,2022-07-29,Equity,Risk Parity + Sentiment Tilt,Equity Risk Parity + Sentiment Tilt,WFC,0.01346389268717467,Financials,2022-07-29,-1.0173096213796555,1.0,0.15,0.8584760957760327,0.011558430028033188,0.011271409015521757
2022-08-01,2022-07-29,Equity,Risk Parity + Sentiment Tilt,Equity Risk Parity + Sentiment Tilt,WMT,0.0362767699898875,Consumer,2022-07-29,-0.5100542625501578,1.0,0.15,0.926345374378786,0.033604818077535445,0.03277033719332509
2022-08-01,2022-07-29,Equity,Risk Parity + Sentiment Tilt,Equity Risk Parity + Sentiment Tilt,XOM,0.016766022790892725,Energy,2022-07-29,0.8954483102050211,1.0,0.15,1.1437556145946441,0.01917623270150532,0.01870004504342444
2022-09-01,2022-08-31,Equity,Risk Parity + Sentiment Tilt,Equity Risk Parity + Sentiment Tilt,ABBV,0.028343829156314913,Healthcare,2022-08-31,-0.5210383420364119,1.0,0.15,0.9248203733451275,0.02621295066237367,0.027254530101206532
2022-09-01,2022-08-31,Equity,Risk Parity + Sentiment Tilt,Equity Risk Parity + Sentiment Tilt,ABT,0.022174940163025278,Healthcare,2022-08-31,-0.5210383420364119,1.0,0.15,0.9248203733451275,0.020507836440474898,0.02132272145843692
2022-09-01,2022-08-31,Equity,Risk Parity + Sentiment Tilt,Equity Risk Parity + Sentiment Tilt,ADBE,0.01780586607999471,Tech,2022-08-31,-0.10315209420266223,0.8,0.15,0.9846462748531052,0.017532479706200053,0.018229138033945852
2022-09-01,2022-08-31,Equity,Risk Parity + Sentiment Tilt,Equity Risk Parity + Sentiment Tilt,AEP,0.025820338132862334,Utilities,2022-08-31,-0.727862054649298,0.6,0.15,0.8965696407982457,0.02314973128506963,0.024069592785272483
2022-09-01,2022-08-31,Equity,Risk Parity + Sentiment Tilt,Equity Risk Parity + Sentiment Tilt,AMD,0.01473418271258481,Tech,2022-08-31,-0.10315209420266223,0.8,0.15,0.9846462748531052,0.014507958120951655,0.015084436178415145
2022-09-01,2022-08-31,Equity,Risk Parity + Sentiment Tilt,Equity Risk Parity + Sentiment Tilt,AMGN,0.025461281931976828,Healthcare,2022-08-31,-0.5210383420364119,1.0,0.15,0.9248203733451275,0.02354711226217636,0.02448276381442138
2022-09-01,2022-08-31,Equity,Risk Parity + Sentiment Tilt,Equity Risk Parity + Sentiment Tilt,AMT,0.019344105625552162,RealEstate,2022-08-31,0.3086375747116865,1.0,0.15,1.0473840098260434,0.020260706916589346,0.021065772168965907
2022-09-01,2022-08-31,Equity,Risk Parity + Sentiment Tilt,Equity Risk Parity + Sentiment Tilt,BA,0.011220939385881971,Industrials,2022-08-31,0.498622180038204,0.6,0.15,1.0776614043583312,0.012092373296809277,0.012572867368418214
2022-09-01,2022-08-31,Equity,Risk Parity + Sentiment Tilt,Equity Risk Parity + Sentiment Tilt,CAT,0.018168115669427568,Industrials,2022-08-31,0.498622180038204,0.6,0.15,1.0776614043583312,0.019579077046859916,0.020357057532384055
2022-09-01,2022-08-31,Equity,Risk Parity + Sentiment Tilt,Equity Risk Parity + Sentiment Tilt,CCI,0.02046430304352761,RealEstate,2022-08-31,0.3086375747116865,1.0,0.15,1.0473840098260434,0.021433983780025253,0.022285669539675243
2022-09-01,2022-08-31,Equity,Risk Parity + Sentiment Tilt,Equity Risk Parity + Sentiment Tilt,CMCSA,0.020973120406160638,Comm,2022-08-31,-1.173142714251318,1.0,0.15,0.8386419621684059,0.01758893885021679,0.018287840598945577
2022-09-01,2022-08-31,Equity,Risk Parity + Sentiment Tilt,Equity Risk Parity + Sentiment Tilt,COP,0.013123338612655135,Energy,2022-08-31,-0.15462786435150447,0.8,0.15,0.977072737706565,0.012822456386117228,0.013331960527758238
2022-09-01,2022-08-31,Equity,Risk Parity + Sentiment Tilt,Equity Risk Parity + Sentiment Tilt,CVX,0.014716164258684659,Energy,2022-08-31,-0.15462786435150447,0.8,0.15,0.977072737706565,0.014378762900772522,0.014950107347500338
2022-09-01,2022-08-31,Equity,Risk Parity + Sentiment Tilt,Equity Risk Parity + Sentiment Tilt,D,0.021566976177635994,Utilities,2022-08-31,-0.727862054649298,0.6,0.15,0.8965696407982457,0.019336296084687427,0.020104629596027084
2022-09-01,2022-08-31,Equity,Risk Parity + Sentiment Tilt,Equity Risk Parity + Sentiment Tilt,DD,0.015412423841841424,Materials,2022-08-31,-0.28469515851336397,0.6,0.15,0.9581947114750996,0.01476810301626519,0.015354918008992701
2022-09-01,2022-08-31,Equity,Risk Parity + Sentiment Tilt,Equity Risk Parity + Sentiment Tilt,DIS,0.017765115661347988,Consumer,2022-08-31,0.4702050043078702,1.0,0.15,1.0730775667519454,0.019063347086946177,0.019820834888180205
2022-09-01,2022-08-31,Equity,Risk Parity + Sentiment Tilt,Equity Risk Parity + Sentiment Tilt,DOW,0.014228923740053422,Materials,2022-08-31,-0.28469515851336397,0.6,0.15,0.9581947114750996,0.013634079477701684,0.014175833705766187
2022-09-01,2022-08-31,Equity,Risk Parity + Sentiment Tilt,Equity Risk Parity + Sentiment Tilt,DUK,0.021941702196466392,Utilities,2022-08-31,-0.727862054649298,0.6,0.15,0.8965696407982457,0.019672264056787955,0.020453947356037932
2022-09-01,2022-08-31,Equity,Risk Parity + Sentiment Tilt,Equity Risk Parity + Sentiment Tilt,EA,0.0317644131145879,Comm,2022-08-31,-1.173142714251318,1.0,0.15,0.8386419621684059,0.026638969741545844,0.02769747717597644
2022-09-01,2022-08-31,Equity,Risk Parity + Sentiment Tilt,Equity Risk Parity + Sentiment Tilt,GE,0.014563120043547116,Industrials,2022-08-31,0.498622180038204,0.6,0.15,1.0776614043583312,0.015694112397967946,0.016317722650587063
2022-09-01,2022-08-31,Equity,Risk Parity + Sentiment Tilt,Equity Risk Parity + Sentiment Tilt,GILD,0.03540388531246466,Healthcare,2022-08-31,-0.5210383420364119,1.0,0.15,0.9248203733451275,0.03274223443254164,0.034043256915879755
2022-09-01,2022-08-31,Equity,Risk Parity + Sentiment Tilt,Equity Risk Parity + Sentiment Tilt,GS,0.015162659855097458,Financials,2022-08-31,-0.8670299924851167,1.0,0.15,0.8780475770133978,0.01331353674684664,0.013842554113577741
2022-09-01,2022-08-31,Equity,Risk Parity + Sentiment Tilt,Equity Risk Parity + Sentiment Tilt,INTC,0.016309833362462958,Tech,2022-08-31,-0.10315209420266223,0.8,0.15,0.9846462748531052,0.016059416663824048,0.016697542390764788
2022-09-01,2022-08-31,Equity,Risk Parity + Sentiment Tilt,Equity Risk Parity + Sentiment Tilt,KO,0.023889806132033335,Consumer,2022-08-31,0.4702050043078702,1.0,0.15,1.0730775667519454,0.025635615034338036,0.02665425386922238
2022-09-01,2022-08-31,Equity,Risk Parity + Sentiment Tilt,Equity Risk Parity + Sentiment Tilt,MMM,0.022951782569192756,Industrials,2022-08-31,0.498622180038204,0.6,0.15,1.0776614043583312,0.024734250236043333,0.025717073070932718
2022-09-01,2022-08-31,Equity,Risk Parity + Sentiment Tilt,Equity Risk Parity + Sentiment Tilt,MRK,0.029709964083024183,Healthcare,2022-08-31,-0.5210383420364119,1.0,0.15,0.9248203733451275,0.027476380075332752,0.028568162259972624
2022-09-01,2022-08-31,Equity,Risk Parity + Sentiment Tilt,Equity Risk Parity + Sentiment Tilt,MS,0.013522571800432365,Financials,2022-08-31,-0.8670299924851167,1.0,0.15,0.8780475770133978,0.011873461404359338,0.012345256946412076
2022-09-01,2022-08-31,Equity,Risk Parity + Sentiment Tilt,Equity Risk Parity + Sentiment Tilt,NEE,0.020219513331691103,Utilities,2022-08-31,-0.727862054649298,0.6,0.15,0.8965696407982457,0.018128201804909632,0.018848531328518357
2022-09-01,2022-08-31,Equity,Risk Parity + Sentiment Tilt,Equity Risk Parity + Sentiment Tilt,NEM,0.03698324317494252,Materials,2022-08-31,-0.28469515851336397,0.6,0.15,0.9581947114750996,0.03543714802342749,0.03684525370475625
2022-09-01,2022-08-31,Equity,Risk Parity + Sentiment Tilt,Equity Risk Parity + Sentiment Tilt,NKE,0.0187836112196428,Consumer,2022-08-31,0.4702050043078702,1.0,0.15,1.0730775667519454,0.020156271822388837,0.02095718731504499
2022-09-01,2022-08-31,Equity,Risk Parity + Sentiment Tilt,Equity Risk Parity + Sentiment Tilt,NUE,0.015158477107067688,Materials,2022-08-31,-0.28469515851336397,0.6,0.15,0.9581947114750996,0.014524772598008625,0.01510191878374973
2022-09-01,2022-08-31,Equity,Risk Parity + Sentiment Tilt,Equity Risk Parity + Sentiment Tilt,NVDA,0.013171096471495525,Tech,2022-08-31,-0.10315209420266223,0.8,0.15,0.9846462748531052,0.012968871076388947,0.013484193049562712
2022-09-01,2022-08-31,Equity,Risk Parity + Sentiment Tilt,Equity Risk Parity + Sentiment Tilt,O,0.017194129447711856,RealEstate,2022-08-31,0.3086375747116865,1.0,0.15,1.0473840098260434,0.018008856246412498,0.018724443538540008
2022-09-01,2022-08-31,Equity,Risk Parity + Sentiment Tilt,Equity Risk Parity + Sentiment Tilt,OXY,0.010334234567489253,Energy,2022-08-31,-0.15462786435150447,0.8,0.15,0.977072737706565,0.010097298860958543,0.010498518052830037
2022-09-01,2022-08-31,Equity,Risk Parity + Sentiment Tilt,Equity Risk Parity + Sentiment Tilt,PLD,0.016940200126334487,RealEstate,2022-08-31,0.3086375747116865,1.0,0.15,1.0473840098260434,0.017742894735575863,0.018447913967480915
2022-09-01,2022-08-31,Equity,Risk Parity + Sentiment Tilt,Equity Risk Parity + Sentiment Tilt,PSA,0.025656980341747716,RealEstate,2022-08-31,0.3086375747116865,1.0,0.15,1.0473840098260434,0.026872710950367692,0.02794050616167822
2022-09-01,2022-08-31,Equity,Risk Parity + Sentiment Tilt,Equity Risk Parity + Sentiment Tilt,QCOM,0.015798408998122737,Tech,2022-08-31,-0.10315209420266223,0.8,0.15,0.9846462748531052,0.01555584456860733,0.016173960707649957
2022-09-01,2022-08-31,Equity,Risk Parity + Sentiment Tilt,Equity Risk Parity + Sentiment Tilt,SBUX,0.01669243679485948,Consumer,2022-08-31,0.4702050043078702,1.0,0.15,1.0730775667519454,0.01791227945898845,0.018624029243566924
2022-09-01,2022-08-31,Equity,Risk Parity + Sentiment Tilt,Equity Risk Parity + Sentiment Tilt,SHW,0.020561057034844305,Materials,2022-08-31,-0.28469515851336397,0.6,0.15,0.9581947114750996,0.019701496113125706,0.020484340956881997
2022-09-01,2022-08-31,Equity,Risk Parity + Sentiment Tilt,Equity Risk Parity + Sentiment Tilt,SLB,0.012711199490278732,Energy,2022-08-31,-0.15462786435150447,0.8,0.15,0.977072737706565,0.012419766485500933,0.01291326962343542
2022-09-01,2022-08-31,Equity,Risk Parity + Sentiment Tilt,Equity Risk Parity + Sentiment Tilt,SO,0.01998979540734891,Utilities,2022-08-31,-0.727862054649298,0.6,0.15,0.8965696407982457,0.017922243687997233,0.01863438940419718
2022-09-01,2022-08-31,Equity,Risk Parity + Sentiment Tilt,Equity Risk Parity + Sentiment Tilt,T,0.022982004898780998,Comm,2022-08-31,-1.173142714251318,1.0,0.15,0.8386419621684059,0.019273673682877614,0.020039518874341515
2022-09-01,2022-08-31,Equity,Risk Parity + Sentiment Tilt,Equity Risk Parity + Sentiment Tilt,TMUS,0.0218750842720653,Comm,2022-08-31,-1.173142714251318,1.0,0.15,0.8386419621684059,0.01834536359652408,0.019074322108908588
2022-09-01,2022-08-31,Equity,Risk Parity + Sentiment Tilt,Equity Risk Parity + Sentiment Tilt,TTWO,0.02734898996901955,Comm,2022-08-31,-1.173142714251318,1.0,0.15,0.8386419621684059,0.022936010610942605,0.023847379856202798
2022-09-01,2022-08-31,Equity,Risk Parity + Sentiment Tilt,Equity Risk Parity + Sentiment Tilt,UPS,0.02267476475968712,Industrials,2022-08-31,0.498622180038204,0.6,0.15,1.0776614043583312,0.02443571883441922,0.025406679434729115
2022-09-01,2022-08-31,Equity,Risk Parity + Sentiment Tilt,Equity Risk Parity + Sentiment Tilt,USB,0.01489251873430991,Financials,2022-08-31,-0.8670299924851167,1.0,0.15,0.8780475770133978,0.01307633999028745,0.0135959322729152
2022-09-01,2022-08-31,Equity,Risk Parity + Sentiment Tilt,Equity Risk Parity + Sentiment Tilt,V,0.017019469648376247,Financials,2022-08-31,-0.8670299924851167,1.0,0.15,0.8780475770133978,0.01494390408680983,0.015537704587684156
2022-09-01,2022-08-31,Equity,Risk Parity + Sentiment Tilt,Equity Risk Parity + Sentiment Tilt,WFC,0.013507829209126392,Financials,2022-08-31,-0.8670299924851167,1.0,0.15,0.8780475770133978,0.01186051670778423,0.012331797888444837
2022-09-01,2022-08-31,Equity,Risk Parity + Sentiment Tilt,Equity Risk Parity + Sentiment Tilt,WMT,0.036036115424486946,Consumer,2022-08-31,0.4702050043078702,1.0,0.15,1.0730775667519454,0.0386695470549007,0.04020609307904514
2022-09-01,2022-08-31,Equity,Risk Parity + Sentiment Tilt,Equity Risk Parity + Sentiment Tilt,XOM,0.016925136501733874,Energy,2022-08-31,-0.15462786435150447,0.8,0.15,0.977072737706565,0.01653708945780643,0.017194195656160337
2022-10-03,2022-09-30,Equity,Risk Parity + Sentiment Tilt,Equity Risk Parity + Sentiment Tilt,ABBV,0.028440891268104066,Healthcare,2022-09-30,0.4761885555243405,0.6,0.15,1.0740411212850898,0.03054668674794181,0.03042272167761093
2022-10-03,2022-09-30,Equity,Risk Parity + Sentiment Tilt,Equity Risk Parity + Sentiment Tilt,ABT,0.02234433014531584,Healthcare,2022-09-30,0.4761885555243405,0.6,0.15,1.0740411212850898,0.023998729403639257,0.023901337362305205
2022-10-03,2022-09-30,Equity,Risk Parity + Sentiment Tilt,Equity Risk Parity + Sentiment Tilt,ADBE,0.017530978764693898,Tech,2022-09-30,-0.31631002593123325,1.0,0.15,0.9536614889482563,0.016718619311458245,0.016650771533534513
2022-10-03,2022-09-30,Equity,Risk Parity + Sentiment Tilt,Equity Risk Parity + Sentiment Tilt,AEP,0.025550844056018995,Utilities,2022-09-30,0.20396148358207622,0.2,0.15,1.0310670352242735,0.026344633028317254,0.026237720802021004
2022-10-03,2022-09-30,Equity,Risk Parity + Sentiment Tilt,Equity Risk Parity + Sentiment Tilt,AMD,0.014644238457856262,Tech,2022-09-30,-0.31631002593123325,1.0,0.15,0.9536614889482563,0.01396564625223252,0.013908970635195564
2022-10-03,2022-09-30,Equity,Risk Parity + Sentiment Tilt,Equity Risk Parity + Sentiment Tilt,AMGN,0.025645495622971786,Healthcare,2022-09-30,0.4761885555243405,0.6,0.15,1.0740411212850898,0.02754431687480848,0.027432536071647175
2022-10-03,2022-09-30,Equity,Risk Parity + Sentiment Tilt,Equity Risk Parity + Sentiment Tilt,AMT,0.019354756573333572,RealEstate,2022-09-30,-0.1653578100307194,0.4,0.15,0.9755014119537332,0.0188805923653077,0.018803970832512108
2022-10-03,2022-09-30,Equity,Risk Parity + Sentiment Tilt,Equity Risk Parity + Sentiment Tilt,BA,0.011244648679650431,Industrials,2022-09-30,-0.33784092113989295,0.6,0.15,0.9505864793618153,0.010689011000049388,0.010645632678487952
2022-10-03,2022-09-30,Equity,Risk Parity + Sentiment Tilt,Equity Risk Parity + Sentiment Tilt,CAT,0.018119283337219926,Industrials,2022-09-30,-0.33784092113989295,0.6,0.15,0.9505864793618153,0.017223945756087093,0.017154047254012313
2022-10-03,2022-09-30,Equity,Risk Parity + Sentiment Tilt,Equity Risk Parity + Sentiment Tilt,CCI,0.0204104533516904,RealEstate,2022-09-30,-0.1653578100307194,0.4,0.15,0.9755014119537332,0.019910426063189792,0.019829625242216715
2022-10-03,2022-09-30,Equity,Risk Parity + Sentiment Tilt,Equity Risk Parity + Sentiment Tilt,CMCSA,0.020653793012037326,Comm,2022-09-30,-0.24768100924647818,0.6,0.15,0.9635295218424755,0.019900539305121787,0.01981977860675413
2022-10-03,2022-09-30,Equity,Risk Parity + Sentiment Tilt,Equity Risk Parity + Sentiment Tilt,COP,0.013240627269550196,Energy,2022-09-30,0.4201572579346324,0.6,0.15,1.0650519621157721,0.014101956053078036,0.014044727261348583
2022-10-03,2022-09-30,Equity,Risk Parity + Sentiment Tilt,Equity Risk Parity + Sentiment Tilt,CVX,0.01487574469837242,Energy,2022-09-30,0.4201572579346324,0.6,0.15,1.0650519621157721,0.01584344107893484,0.015779144963816376
2022-10-03,2022-09-30,Equity,Risk Parity + Sentiment Tilt,Equity Risk Parity + Sentiment Tilt,D,0.021559626296577712,Utilities,2022-09-30,0.20396148358207622,0.2,0.15,1.0310670352242735,0.022229419966155663,0.022139208165698945
2022-10-03,2022-09-30,Equity,Risk Parity + Sentiment Tilt,Equity Risk Parity + Sentiment Tilt,DD,0.015448059765357907,Materials,2022-09-30,-0.14471950679587883,0.6,0.15,0.9785259953001976,0.015116328057353783,0.015054982724348043
2022-10-03,2022-09-30,Equity,Risk Parity + Sentiment Tilt,Equity Risk Parity + Sentiment Tilt,DIS,0.01768480380464871,Consumer,2022-09-30,0.1974089432907144,1.0,0.15,1.0300541168512416,0.018216304964684904,0.01814237925402602
2022-10-03,2022-09-30,Equity,Risk Parity + Sentiment Tilt,Equity Risk Parity + Sentiment Tilt,DOW,0.014327519111671048,Materials,2022-09-30,-0.14471950679587883,0.6,0.15,0.9785259953001976,0.014019849898930514,0.013962954311756353
2022-10-03,2022-09-30,Equity,Risk Parity + Sentiment Tilt,Equity Risk Parity + Sentiment Tilt,DUK,0.021889496273443238,Utilities,2022-09-30,0.20396148358207622,0.2,0.15,1.0310670352242735,0.022569538025211902,0.022477945952012034
2022-10-03,2022-09-30,Equity,Risk Parity + Sentiment Tilt,Equity Risk Parity + Sentiment Tilt,EA,0.031449518481014224,Comm,2022-09-30,-0.24768100924647818,0.6,0.15,0.9635295218424755,0.030302539504187733,0.03017956523624707
2022-10-03,2022-09-30,Equity,Risk Parity + Sentiment Tilt,Equity Risk Parity + Sentiment Tilt,GE,0.014688670679697095,Industrials,2022-09-30,-0.33784092113989295,0.6,0.15,0.9505864793618153,0.013962851747918384,0.013906187471585141
2022-10-03,2022-09-30,Equity,Risk Parity + Sentiment Tilt,Equity Risk Parity + Sentiment Tilt,GILD,0.03471615776309392,Healthcare,2022-09-30,0.4761885555243405,0.6,0.15,1.0740411212850898,0.037286581010583464,0.03713526398967328
2022-10-03,2022-09-30,Equity,Risk Parity + Sentiment Tilt,Equity Risk Parity + Sentiment Tilt,GS,0.015265522356514087,Financials,2022-09-30,-0.03980752748378292,0.6,0.15,0.9940466626390159,0.015174641551934114,0.015113059570138391
2022-10-03,2022-09-30,Equity,Risk Parity + Sentiment Tilt,Equity Risk Parity + Sentiment Tilt,INTC,0.01632694274730894,Tech,2022-09-30,-0.31631002593123325,1.0,0.15,0.9536614889482563,0.015570376530371579,0.01550718857032888
2022-10-03,2022-09-30,Equity,Risk Parity + Sentiment Tilt,Equity Risk Parity + Sentiment Tilt,KO,0.024056955536746485,Consumer,2022-09-30,0.1974089432907144,1.0,0.15,1.0300541168512416,0.02477996608953299,0.024679403620534848
2022-10-03,2022-09-30,Equity,Risk Parity + Sentiment Tilt,Equity Risk Parity + Sentiment Tilt,MMM,0.022964085043244084,Industrials,2022-09-30,-0.33784092113989295,0.6,0.15,0.9505864793618153,0.021829348753022712,0.021740760528192467
2022-10-03,2022-09-30,Equity,Risk Parity + Sentiment Tilt,Equity Risk Parity + Sentiment Tilt,MRK,0.030137522331550284,Healthcare,2022-09-30,0.4761885555243405,0.6,0.15,1.0740411212850898,0.0323689382777327,0.03223757811604821
2022-10-03,2022-09-30,Equity,Risk Parity + Sentiment Tilt,Equity Risk Parity + Sentiment Tilt,MS,0.013671691431304865,Financials,2022-09-30,-0.03980752748378292,0.6,0.15,0.9940466626390159,0.013590299239919031,0.013535146862347091
2022-10-03,2022-09-30,Equity,Risk Parity + Sentiment Tilt,Equity Risk Parity + Sentiment Tilt,NEE,0.020281174357520606,Utilities,2022-09-30,0.20396148358207622,0.2,0.15,1.0310670352242735,0.02091125031567533,0.02082638793313677
2022-10-03,2022-09-30,Equity,Risk Parity + Sentiment Tilt,Equity Risk Parity + Sentiment Tilt,NEM,0.03642534218191266,Materials,2022-09-30,-0.14471950679587883,0.6,0.15,0.9785259953001976,0.035643144212706354,0.0354984966142417
2022-10-03,2022-09-30,Equity,Risk Parity + Sentiment Tilt,Equity Risk Parity + Sentiment Tilt,NKE,0.018393447657666265,Consumer,2022-09-30,0.1974089432907144,1.0,0.15,1.0300541168512416,0.018946246482866965,0.01886935851144358
2022-10-03,2022-09-30,Equity,Risk Parity + Sentiment Tilt,Equity Risk Parity + Sentiment Tilt,NUE,0.01528499695068024,Materials,2022-09-30,-0.14471950679587883,0.6,0.15,0.9785259953001976,0.014956766854324866,0.014896069055237248
2022-10-03,2022-09-30,Equity,Risk Parity + Sentiment Tilt,Equity Risk Parity + Sentiment Tilt,NVDA,0.013199975100043225,Tech,2022-09-30,-0.31631002593123325,1.0,0.15,0.9536614889482563,0.01258830790798713,0.012537221828241818
2022-10-03,2022-09-30,Equity,Risk Parity + Sentiment Tilt,Equity Risk Parity + Sentiment Tilt,O,0.01740937968992032,RealEstate,2022-09-30,-0.1653578100307194,0.4,0.15,0.9755014119537332,0.016982874468755918,0.01691395428617403
2022-10-03,2022-09-30,Equity,Risk Parity + Sentiment Tilt,Equity Risk Parity + Sentiment Tilt,OXY,0.010498587033460514,Energy,2022-09-30,0.4201572579346324,0.6,0.15,1.0650519621157721,0.011181540719430325,0.01113616360560029
2022-10-03,2022-09-30,Equity,Risk Parity + Sentiment Tilt,Equity Risk Parity + Sentiment Tilt,PLD,0.017020855734583493,RealEstate,2022-09-30,-0.1653578100307194,0.4,0.15,0.9755014119537332,0.016603868801746993,0.01653648670624323
2022-10-03,2022-09-30,Equity,Risk Parity + Sentiment Tilt,Equity Risk Parity + Sentiment Tilt,PSA,0.02574064366455026,RealEstate,2022-09-30,-0.1653578100307194,0.4,0.15,0.9755014119537332,0.025110034239366693,0.02500813228233354
2022-10-03,2022-09-30,Equity,Risk Parity + Sentiment Tilt,Equity Risk Parity + Sentiment Tilt,QCOM,0.015900720083544793,Tech,2022-09-30,-0.31631002593123325,1.0,0.15,0.9536614889482563,0.01516390439022277,0.015102365982154623
2022-10-03,2022-09-30,Equity,Risk Parity + Sentiment Tilt,Equity Risk Parity + Sentiment Tilt,SBUX,0.016870905731789537,Consumer,2022-09-30,0.1974089432907144,1.0,0.15,1.0300541168512416,0.017377945904039023,0.017307422436011983
2022-10-03,2022-09-30,Equity,Risk Parity + Sentiment Tilt,Equity Risk Parity + Sentiment Tilt,SHW,0.020546507320686733,Materials,2022-09-30,-0.14471950679587883,0.6,0.15,0.9785259953001976,0.020105291525917782,0.020023699898694867
2022-10-03,2022-09-30,Equity,Risk Parity + Sentiment Tilt,Equity Risk Parity + Sentiment Tilt,SLB,0.012795436220832929,Energy,2022-09-30,0.4201572579346324,0.6,0.15,1.0650519621157721,0.013627804453125331,0.01357249987127568
2022-10-03,2022-09-30,Equity,Risk Parity + Sentiment Tilt,Equity Risk Parity + Sentiment Tilt,SO,0.020020653536840207,Utilities,2022-09-30,0.20396148358207622,0.2,0.15,1.0310670352242735,0.020642635885482197,0.020558863598475294
2022-10-03,2022-09-30,Equity,Risk Parity + Sentiment Tilt,Equity Risk Parity + Sentiment Tilt,T,0.02308993452265991,Comm,2022-09-30,-0.24768100924647818,0.6,0.15,0.9635295218424755,0.022247833569992572,0.022157547043143645
2022-10-03,2022-09-30,Equity,Risk Parity + Sentiment Tilt,Equity Risk Parity + Sentiment Tilt,TMUS,0.021906791889498133,Comm,2022-09-30,-0.24768100924647818,0.6,0.15,0.9635295218424755,0.021107840714390758,0.021022180525438555
2022-10-03,2022-09-30,Equity,Risk Parity + Sentiment Tilt,Equity Risk Parity + Sentiment Tilt,TTWO,0.02686110240252353,Comm,2022-09-30,-0.24768100924647818,0.6,0.15,0.9635295218424755,0.025881465154065267,0.025776432563311177
2022-10-03,2022-09-30,Equity,Risk Parity + Sentiment Tilt,Equity Risk Parity + Sentiment Tilt,UPS,0.022590276010803316,Industrials,2022-09-30,-0.33784092113989295,0.6,0.15,0.9505864793618153,0.021474010940921197,0.021386864753888107
2022-10-03,2022-09-30,Equity,Risk Parity + Sentiment Tilt,Equity Risk Parity + Sentiment Tilt,USB,0.015035369899280332,Financials,2022-09-30,-0.03980752748378292,0.6,0.15,0.9940466626390159,0.01494585926992273,0.014885205736174877
2022-10-03,2022-09-30,Equity,Risk Parity + Sentiment Tilt,Equity Risk Parity + Sentiment Tilt,V,0.017231413958442035,Financials,2022-09-30,-0.03980752748378292,0.6,0.15,0.9940466626390159,0.01712882953794066,0.017059317038078475
2022-10-03,2022-09-30,Equity,Risk Parity + Sentiment Tilt,Equity Risk Parity + Sentiment Tilt,WFC,0.013654465632487636,Financials,2022-09-30,-0.03980752748378292,0.6,0.15,0.9940466626390159,0.013573175992093473,0.013518093104369596
2022-10-03,2022-09-30,Equity,Risk Parity + Sentiment Tilt,Equity Risk Parity + Sentiment Tilt,WMT,0.03595882950176802,Consumer,2022-09-30,0.1974089432907144,1.0,0.15,1.0300541168512416,0.03703954036544803,0.036889225888977493
2022-10-03,2022-09-30,Equity,Risk Parity + Sentiment Tilt,Equity Risk Parity + Sentiment Tilt,XOM,0.01704053405951759,Energy,2022-09-30,0.4201572579346324,0.6,0.15,1.0650519621157721,0.01814905423558985,0.01807540144295415
2022-11-01,2022-10-31,Equity,Risk Parity + Sentiment Tilt,Equity Risk Parity + Sentiment Tilt,ABBV,0.028745649197725917,Healthcare,2022-10-31,-0.24486027501818242,0.6,0.15,0.9639372872065565,0.027709003106647246,0.028066947086272716
2022-11-01,2022-10-31,Equity,Risk Parity + Sentiment Tilt,Equity Risk Parity + Sentiment Tilt,ABT,0.02223431517904431,Healthcare,2022-10-31,-0.24486027501818242,0.6,0.15,0.9639372872065565,0.021432485456583536,0.0217093495901674
2022-11-01,2022-10-31,Equity,Risk Parity + Sentiment Tilt,Equity Risk Parity + Sentiment Tilt,ADBE,0.017663319495463105,Tech,2022-10-31,-0.2870079238368048,1.0,0.15,0.95786235720247,0.016919028847944634,0.01713758829932304
2022-11-01,2022-10-31,Equity,Risk Parity + Sentiment Tilt,Equity Risk Parity + Sentiment Tilt,AEP,0.025259377301409477,Utilities,2022-10-31,0.09405398163028816,1.0,0.15,1.01420808611269,0.025618264709260832,0.02594920059987509
2022-11-01,2022-10-31,Equity,Risk Parity + Sentiment Tilt,Equity Risk Parity + Sentiment Tilt,AMD,0.014453276504542483,Tech,2022-10-31,-0.2870079238368048,1.0,0.15,0.95786235720247,0.01384424950194014,0.014023089056094422
2022-11-01,2022-10-31,Equity,Risk Parity + Sentiment Tilt,Equity Risk Parity + Sentiment Tilt,AMGN,0.02593387024287652,Healthcare,2022-10-31,-0.24486027501818242,0.6,0.15,0.9639372872065565,0.02499862452868523,0.025321555928076278
2022-11-01,2022-10-31,Equity,Risk Parity + Sentiment Tilt,Equity Risk Parity + Sentiment Tilt,AMT,0.01934167929815885,RealEstate,2022-10-31,-0.16639861271456338,1.0,0.15,0.9753491281681972,0.018864890040768103,0.019108586062252526
2022-11-01,2022-10-31,Equity,Risk Parity + Sentiment Tilt,Equity Risk Parity + Sentiment Tilt,BA,0.01137495839268959,Industrials,2022-10-31,0.5794790080766367,0.6,0.15,1.0908114307954675,0.012407934639568644,0.012568219926149541
2022-11-01,2022-10-31,Equity,Risk Parity + Sentiment Tilt,Equity Risk Parity + Sentiment Tilt,CAT,0.01807083996268067,Industrials,2022-10-31,0.5794790080766367,0.6,0.15,1.0908114307954675,0.019711878795367614,0.019966516189385452
2022-11-01,2022-10-31,Equity,Risk Parity + Sentiment Tilt,Equity Risk Parity + Sentiment Tilt,CCI,0.020427227007521857,RealEstate,2022-10-31,-0.16639861271456338,1.0,0.15,0.9753491281681972,0.019923678052680294,0.020181051462452738
2022-11-01,2022-10-31,Equity,Risk Parity + Sentiment Tilt,Equity Risk Parity + Sentiment Tilt,CMCSA,0.020632596879253295,Comm,2022-10-31,0.09288044393170425,0.8,0.15,1.014029570111806,0.02092206334375941,0.02119233386148312
2022-11-01,2022-10-31,Equity,Risk Parity + Sentiment Tilt,Equity Risk Parity + Sentiment Tilt,COP,0.013360668119238533,Energy,2022-10-31,0.5173136311420289,1.0,0.15,1.0806871022945732,0.014438701714499376,0.014625220382544607
2022-11-01,2022-10-31,Equity,Risk Parity + Sentiment Tilt,Equity Risk Parity + Sentiment Tilt,CVX,0.015033311194129304,Energy,2022-10-31,0.5173136311420289,1.0,0.15,1.0806871022945732,0.01624630551227617,0.016456174746001157
2022-11-01,2022-10-31,Equity,Risk Parity + Sentiment Tilt,Equity Risk Parity + Sentiment Tilt,D,0.021476420305518974,Utilities,2022-10-31,0.09405398163028816,1.0,0.15,1.01420808611269,0.021781559134612112,0.022062932590347164
2022-11-01,2022-10-31,Equity,Risk Parity + Sentiment Tilt,Equity Risk Parity + Sentiment Tilt,DD,0.015425322536866277,Materials,2022-10-31,-0.2895568854250496,0.2,0.15,0.9574961940538156,0.014769687621102008,0.014960481954069333
2022-11-01,2022-10-31,Equity,Risk Parity + Sentiment Tilt,Equity Risk Parity + Sentiment Tilt,DIS,0.01768712101905598,Consumer,2022-10-31,-0.7281796629767981,1.0,0.15,0.8965269281180813,0.015856980274467004,0.016061820217731643
2022-11-01,2022-10-31,Equity,Risk Parity + Sentiment Tilt,Equity Risk Parity + Sentiment Tilt,DOW,0.014444111262405248,Materials,2022-10-31,-0.2895568854250496,0.2,0.15,0.9574961940538156,0.013830181560242879,0.014008839385194673
2022-11-01,2022-10-31,Equity,Risk Parity + Sentiment Tilt,Equity Risk Parity + Sentiment Tilt,DUK,0.021770937073324666,Utilities,2022-10-31,0.09405398163028816,1.0,0.15,1.01420808611269,0.02208026042201642,0.0223654924910376
2022-11-01,2022-10-31,Equity,Risk Parity + Sentiment Tilt,Equity Risk Parity + Sentiment Tilt,EA,0.03150170283398227,Comm,2022-10-31,0.09288044393170425,0.8,0.15,1.014029570111806,0.031943658182532905,0.03235630529544577
2022-11-01,2022-10-31,Equity,Risk Parity + Sentiment Tilt,Equity Risk Parity + Sentiment Tilt,GE,0.014714296728248427,Industrials,2022-10-31,0.5794790080766367,0.6,0.15,1.0908114307954675,0.016050523067289733,0.016257863189908503
2022-11-01,2022-10-31,Equity,Risk Parity + Sentiment Tilt,Equity Risk Parity + Sentiment Tilt,GILD,0.03357428408145964,Healthcare,2022-10-31,-0.24486027501818242,0.6,0.15,0.9639372872065565,0.03236350431738448,0.03278157498868957
2022-11-01,2022-10-31,Equity,Risk Parity + Sentiment Tilt,Equity Risk Parity + Sentiment Tilt,GS,0.015293731583514873,Financials,2022-10-31,-0.263487812044957,1.0,0.15,0.9612476798870626,0.014701064001469165,0.014890971856802736
2022-11-01,2022-10-31,Equity,Risk Parity + Sentiment Tilt,Equity Risk Parity + Sentiment Tilt,INTC,0.016133324943020045,Tech,2022-10-31,-0.2870079238368048,1.0,0.15,0.95786235720247,0.015453504659434587,0.01565313251813701
2022-11-01,2022-10-31,Equity,Risk Parity + Sentiment Tilt,Equity Risk Parity + Sentiment Tilt,KO,0.024264514391775814,Consumer,2022-10-31,-0.7281796629767981,1.0,0.15,0.8965269281180813,0.021753790549935745,0.022034805292018435
2022-11-01,2022-10-31,Equity,Risk Parity + Sentiment Tilt,Equity Risk Parity + Sentiment Tilt,MMM,0.022724920289176047,Industrials,2022-10-31,0.5794790080766367,0.6,0.15,1.0908114307954675,0.024788602815349073,0.025108821161239425
2022-11-01,2022-10-31,Equity,Risk Parity + Sentiment Tilt,Equity Risk Parity + Sentiment Tilt,MRK,0.03044431212884944,Healthcare,2022-10-31,-0.24486027501818242,0.6,0.15,0.9639372872065565,0.02934640764435279,0.029725503561282802
2022-11-01,2022-10-31,Equity,Risk Parity + Sentiment Tilt,Equity Risk Parity + Sentiment Tilt,MS,0.013742177128038257,Financials,2022-10-31,-0.263487812044957,1.0,0.15,0.9612476798870626,0.013209635880923831,0.013380277517449794
2022-11-01,2022-10-31,Equity,Risk Parity + Sentiment Tilt,Equity Risk Parity + Sentiment Tilt,NEE,0.020154184360355695,Utilities,2022-10-31,0.09405398163028816,1.0,0.15,1.01420808611269,0.02044053674727866,0.02070458692046033
2022-11-01,2022-10-31,Equity,Risk Parity + Sentiment Tilt,Equity Risk Parity + Sentiment Tilt,NEM,0.03593300945108805,Materials,2022-10-31,-0.2895568854250496,0.2,0.15,0.9574961940538156,0.03440571979031659,0.034850171733110245
2022-11-01,2022-10-31,Equity,Risk Parity + Sentiment Tilt,Equity Risk Parity + Sentiment Tilt,NKE,0.018447866873929533,Consumer,2022-10-31,-0.7281796629767981,1.0,0.15,0.8965269281180813,0.016539009418815358,0.01675265979186013
2022-11-01,2022-10-31,Equity,Risk Parity + Sentiment Tilt,Equity Risk Parity + Sentiment Tilt,NUE,0.015197035481547346,Materials,2022-10-31,-0.2895568854250496,0.2,0.15,0.9574961940538156,0.014551103634482379,0.014739074306787793
2022-11-01,2022-10-31,Equity,Risk Parity + Sentiment Tilt,Equity Risk Parity + Sentiment Tilt,NVDA,0.013266377285270619,Tech,2022-10-31,-0.2870079238368048,1.0,0.15,0.95786235720247,0.01270736341800662,0.012871516715578601
2022-11-01,2022-10-31,Equity,Risk Parity + Sentiment Tilt,Equity Risk Parity + Sentiment Tilt,O,0.01766823951911429,RealEstate,2022-10-31,-0.16639861271456338,1.0,0.15,0.9753491281681972,0.01723270201123501,0.017455313482093792
2022-11-01,2022-10-31,Equity,Risk Parity + Sentiment Tilt,Equity Risk Parity + Sentiment Tilt,OXY,0.010708774560384911,Energy,2022-10-31,0.5173136311420289,1.0,0.15,1.0806871022945732,0.011572834548788212,0.011722332040199105
2022-11-01,2022-10-31,Equity,Risk Parity + Sentiment Tilt,Equity Risk Parity + Sentiment Tilt,PLD,0.017129362950075683,RealEstate,2022-10-31,-0.16639861271456338,1.0,0.15,0.9753491281681972,0.016707109219432935,0.016922931100105596
2022-11-01,2022-10-31,Equity,Risk Parity + Sentiment Tilt,Equity Risk Parity + Sentiment Tilt,PSA,0.0258414494334941,RealEstate,2022-10-31,-0.16639861271456338,1.0,0.15,0.9753491281681972,0.025204435175561025,0.025530025230036432
2022-11-01,2022-10-31,Equity,Risk Parity + Sentiment Tilt,Equity Risk Parity + Sentiment Tilt,QCOM,0.015841306150746963,Tech,2022-10-31,-0.2870079238368048,1.0,0.15,0.95786235720247,0.015173790850720473,0.015369805375754341
2022-11-01,2022-10-31,Equity,Risk Parity + Sentiment Tilt,Equity Risk Parity + Sentiment Tilt,SBUX,0.017046505894310383,Consumer,2022-10-31,-0.7281796629767981,1.0,0.15,0.8965269281180813,0.015282651564572853,0.015480072348684005
2022-11-01,2022-10-31,Equity,Risk Parity + Sentiment Tilt,Equity Risk Parity + Sentiment Tilt,SHW,0.02029040932501258,Materials,2022-10-31,-0.2895568854250496,0.2,0.15,0.9574961940538156,0.019427989704493595,0.01967895982868694
2022-11-01,2022-10-31,Equity,Risk Parity + Sentiment Tilt,Equity Risk Parity + Sentiment Tilt,SLB,0.012894850063344615,Energy,2022-10-31,0.5173136311420289,1.0,0.15,1.0806871022945732,0.013935298149478886,0.014115313867030823
2022-11-01,2022-10-31,Equity,Risk Parity + Sentiment Tilt,Equity Risk Parity + Sentiment Tilt,SO,0.0200617190444113,Utilities,2022-10-31,0.09405398163028816,1.0,0.15,1.01420808611269,0.02034675767616289,0.02060959641442604
2022-11-01,2022-10-31,Equity,Risk Parity + Sentiment Tilt,Equity Risk Parity + Sentiment Tilt,T,0.022954238531227477,Comm,2022-10-31,0.09288044393170425,0.8,0.15,1.014029570111806,0.023276276630064454,0.023576958796642646
2022-11-01,2022-10-31,Equity,Risk Parity + Sentiment Tilt,Equity Risk Parity + Sentiment Tilt,TMUS,0.021835406048848684,Comm,2022-10-31,0.09288044393170425,0.8,0.15,1.014029570111806,0.02214174740893076,0.022427773764801835
2022-11-01,2022-10-31,Equity,Risk Parity + Sentiment Tilt,Equity Risk Parity + Sentiment Tilt,TTWO,0.02713137212270998,Comm,2022-10-31,0.09288044393170425,0.8,0.15,1.014029570111806,0.027512013610135038,0.027867412886002866
2022-11-01,2022-10-31,Equity,Risk Parity + Sentiment Tilt,Equity Risk Parity + Sentiment Tilt,UPS,0.022604852000644538,Industrials,2022-10-31,0.5794790080766367,0.6,0.15,1.0908114307954675,0.024657630953742855,0.02497615740948538
2022-11-01,2022-10-31,Equity,Risk Parity + Sentiment Tilt,Equity Risk Parity + Sentiment Tilt,USB,0.015154140651987896,Financials,2022-10-31,-0.263487812044957,1.0,0.15,0.9612476798870626,0.014566882542405584,0.014755057046118228
2022-11-01,2022-10-31,Equity,Risk Parity + Sentiment Tilt,Equity Risk Parity + Sentiment Tilt,V,0.017427956565168476,Financials,2022-10-31,-0.263487812044957,1.0,0.15,0.9612476798870626,0.0167525828134407,0.016968992120486814
2022-11-01,2022-10-31,Equity,Risk Parity + Sentiment Tilt,Equity Risk Parity + Sentiment Tilt,WFC,0.01382538658294055,Financials,2022-10-31,-0.263487812044957,1.0,0.15,0.9612476798870626,0.013289620776393328,0.013461295655136056
2022-11-01,2022-10-31,Equity,Risk Parity + Sentiment Tilt,Equity Risk Parity + Sentiment Tilt,WMT,0.03565341871336467,Consumer,2022-10-31,-0.7281796629767981,1.0,0.15,0.8965269281180813,0.03196424995600054,0.03237716307275751
2022-11-01,2022-10-31,Equity,Risk Parity + Sentiment Tilt,Equity Risk Parity + Sentiment Tilt,XOM,0.01720387331005183,Energy,2022-10-31,0.5173136311420289,1.0,0.15,1.0806871022945732,0.01859200399568286,0.01883217488432197
2022-12-01,2022-11-30,Equity,Risk Parity + Sentiment Tilt,Equity Risk Parity + Sentiment Tilt,ABBV,0.028959808151221907,Healthcare,2022-11-30,0.5337363813016393,1.0,0.15,1.0833525621525026,0.03137368236007118,0.03014914414319312
2022-12-01,2022-11-30,Equity,Risk Parity + Sentiment Tilt,Equity Risk Parity + Sentiment Tilt,ABT,0.02224737172619001,Healthcare,2022-11-30,0.5337363813016393,1.0,0.15,1.0833525621525026,0.02410174716072709,0.023161037997131935
2022-12-01,2022-11-30,Equity,Risk Parity + Sentiment Tilt,Equity Risk Parity + Sentiment Tilt,ADBE,0.017339451333293027,Tech,2022-11-30,-1.8192963807688767,1.0,0.15,0.7611731197964108,0.013198324266920688,0.012683183829209032
2022-12-01,2022-11-30,Equity,Risk Parity + Sentiment Tilt,Equity Risk Parity + Sentiment Tilt,AEP,0.025331165930838787,Utilities,2022-11-30,-0.1080109165652105,0.6,0.15,0.9839289031025843,0.02492406630863976,0.023951261415524144
2022-12-01,2022-11-30,Equity,Risk Parity + Sentiment Tilt,Equity Risk Parity + Sentiment Tilt,AMD,0.014202301712715283,Tech,2022-11-30,-1.8192963807688767,1.0,0.15,0.7611731197964108,0.0108104103029574,0.010388471927851289
2022-12-01,2022-11-30,Equity,Risk Parity + Sentiment Tilt,Equity Risk Parity + Sentiment Tilt,AMGN,0.02641570911588737,Healthcare,2022-11-30,0.5337363813016393,1.0,0.15,1.0833525621525026,0.028617526151771804,0.02750056276688234
2022-12-01,2022-11-30,Equity,Risk Parity + Sentiment Tilt,Equity Risk Parity + Sentiment Tilt,AMT,0.01913441994796105,RealEstate,2022-11-30,0.780515647187231,0.6,0.15,1.1242063804064901,0.021511036990875032,0.02067144517701999
2022-12-01,2022-11-30,Equity,Risk Parity + Sentiment Tilt,Equity Risk Parity + Sentiment Tilt,BA,0.011529951339359492,Industrials,2022-11-30,0.28529844748186545,0.8,0.15,1.043723666456398,0.012034083085980146,0.011564383849698493
2022-12-01,2022-11-30,Equity,Risk Parity + Sentiment Tilt,Equity Risk Parity + Sentiment Tilt,CAT,0.01820787289181226,Industrials,2022-11-30,0.28529844748186545,0.8,0.15,1.043723666456398,0.01900398785301435,0.018262248036437403
2022-12-01,2022-11-30,Equity,Risk Parity + Sentiment Tilt,Equity Risk Parity + Sentiment Tilt,CCI,0.02021651861870108,RealEstate,2022-11-30,0.780515647187231,0.6,0.15,1.1242063804064901,0.022727539220750357,0.02184046641775597
2022-12-01,2022-11-30,Equity,Risk Parity + Sentiment Tilt,Equity Risk Parity + Sentiment Tilt,CMCSA,0.020590292287140696,Comm,2022-11-30,0.786171393053134,0.6,0.15,1.1251605189148945,0.023167383954408576,0.022263143683481177
2022-12-01,2022-11-30,Equity,Risk Parity + Sentiment Tilt,Equity Risk Parity + Sentiment Tilt,COP,0.013508368240855174,Energy,2022-11-30,-0.5615943983198659,0.8,0.15,0.9192113914400678,0.012417045966761306,0.011932399403679435
2022-12-01,2022-11-30,Equity,Risk Parity + Sentiment Tilt,Equity Risk Parity + Sentiment Tilt,CVX,0.015174428209172216,Energy,2022-11-30,-0.5615943983198659,0.8,0.15,0.9192113914400678,0.013948507268460609,0.013404086628811068
2022-12-01,2022-11-30,Equity,Risk Parity + Sentiment Tilt,Equity Risk Parity + Sentiment Tilt,D,0.021666730171114906,Utilities,2022-11-30,-0.1080109165652105,0.6,0.15,0.9839289031025843,0.021318522051084757,0.020486444238882042
2022-12-01,2022-11-30,Equity,Risk Parity + Sentiment Tilt,Equity Risk Parity + Sentiment Tilt,DD,0.015597439092476037,Materials,2022-11-30,-0.43070534643919595,1.0,0.15,0.9374369263453087,0.014621615361708898,0.014050922811264422
2022-12-01,2022-11-30,Equity,Risk Parity + Sentiment Tilt,Equity Risk Parity + Sentiment Tilt,DIS,0.01745202363960748,Consumer,2022-11-30,0.3243474062712735,0.8,0.15,1.0498550541151759,0.018322095222579438,0.017606970183834173
2022-12-01,2022-11-30,Equity,Risk Parity + Sentiment Tilt,Equity Risk Parity + Sentiment Tilt,DOW,0.014465485558717026,Materials,2022-11-30,-0.43070534643919595,1.0,0.15,0.9374369263453087,0.013560480320256139,0.013031204661734465
2022-12-01,2022-11-30,Equity,Risk Parity + Sentiment Tilt,Equity Risk Parity + Sentiment Tilt,DUK,0.02199494074744822,Utilities,2022-11-30,-0.1080109165652105,0.6,0.15,0.9839289031025843,0.02164145792344306,0.020796775683339114
2022-12-01,2022-11-30,Equity,Risk Parity + Sentiment Tilt,Equity Risk Parity + Sentiment Tilt,EA,0.03149494682689366,Comm,2022-11-30,0.786171393053134,0.6,0.15,1.1251605189148945,0.03543687071494468,0.03405374322678462
2022-12-01,2022-11-30,Equity,Risk Parity + Sentiment Tilt,Equity Risk Parity + Sentiment Tilt,GE,0.014860738988060763,Industrials,2022-11-30,0.28529844748186545,0.8,0.15,1.043723666456398,0.015510504982870323,0.014905118407694987
2022-12-01,2022-11-30,Equity,Risk Parity + Sentiment Tilt,Equity Risk Parity + Sentiment Tilt,GILD,0.033922631898229416,Healthcare,2022-11-30,0.5337363813016393,1.0,0.15,1.0833525621525026,0.036750170181903054,0.03531578363626166
2022-12-01,2022-11-30,Equity,Risk Parity + Sentiment Tilt,Equity Risk Parity + Sentiment Tilt,GS,0.015463147760237677,Financials,2022-11-30,1.7648106330129743,0.6,0.15,1.3030681445242922,0.020149535260437876,0.019363083874350654
2022-12-01,2022-11-30,Equity,Risk Parity + Sentiment Tilt,Equity Risk Parity + Sentiment Tilt,INTC,0.015959775253244,Tech,2022-11-30,-1.8192963807688767,1.0,0.15,0.7611731197964108,0.012148151920761288,0.0116740004928006
2022-12-01,2022-11-30,Equity,Risk Parity + Sentiment Tilt,Equity Risk Parity + Sentiment Tilt,KO,0.02436664511476443,Consumer,2022-11-30,0.3243474062712735,0.8,0.15,1.0498550541151759,0.025581445525566297,0.02458298263142711
2022-12-01,2022-11-30,Equity,Risk Parity + Sentiment Tilt,Equity Risk Parity + Sentiment Tilt,MMM,0.022705406369820606,Industrials,2022-11-30,0.28529844748186545,0.8,0.15,1.043723666456398,0.023698169984691618,0.022773212739211887
2022-12-01,2022-11-30,Equity,Risk Parity + Sentiment Tilt,Equity Risk Parity + Sentiment Tilt,MRK,0.031220980308223845,Healthcare,2022-11-30,0.5337363813016393,1.0,0.15,1.0833525621525026,0.03382332900982713,0.03250317925758492
2022-12-01,2022-11-30,Equity,Risk Parity + Sentiment Tilt,Equity Risk Parity + Sentiment Tilt,MS,0.013846249839332301,Financials,2022-11-30,1.7648106330129743,0.6,0.15,1.3030681445242922,0.01804260708675852,0.017338390678359825
2022-12-01,2022-11-30,Equity,Risk Parity + Sentiment Tilt,Equity Risk Parity + Sentiment Tilt,NEE,0.020195092885318375,Utilities,2022-11-30,-0.1080109165652105,0.6,0.15,0.9839289031025843,0.019870535590706114,0.019094973769769766
2022-12-01,2022-11-30,Equity,Risk Parity + Sentiment Tilt,Equity Risk Parity + Sentiment Tilt,NEM,0.03411923862808296,Materials,2022-11-30,-0.43070534643919595,1.0,0.15,0.9374369263453087,0.03198463418875221,0.03073625006643324
2022-12-01,2022-11-30,Equity,Risk Parity + Sentiment Tilt,Equity Risk Parity + Sentiment Tilt,NKE,0.018165117851743233,Consumer,2022-11-30,0.3243474062712735,0.8,0.15,1.0498550541151759,0.01907074078525044,0.018326395551952767
2022-12-01,2022-11-30,Equity,Risk Parity + Sentiment Tilt,Equity Risk Parity + Sentiment Tilt,NUE,0.015226987707715708,Materials,2022-11-30,-0.43070534643919595,1.0,0.15,0.9374369263453087,0.014274340554218811,0.013717202398462533
2022-12-01,2022-11-30,Equity,Risk Parity + Sentiment Tilt,Equity Risk Parity + Sentiment Tilt,NVDA,0.012959683291559578,Tech,2022-11-30,-1.8192963807688767,1.0,0.15,0.7611731197964108,0.009864562562609822,0.009479541330098278
2022-12-01,2022-11-30,Equity,Risk Parity + Sentiment Tilt,Equity Risk Parity + Sentiment Tilt,O,0.017802888713226456,RealEstate,2022-11-30,0.780515647187231,0.6,0.15,1.1242063804064901,0.02001412108107587,0.019232955011383227
2022-12-01,2022-11-30,Equity,Risk Parity + Sentiment Tilt,Equity Risk Parity + Sentiment Tilt,OXY,0.010764873257315287,Energy,2022-11-30,-0.5615943983198659,0.8,0.15,0.9192113914400678,0.009895194125532759,0.009508977320279343
2022-12-01,2022-11-30,Equity,Risk Parity + Sentiment Tilt,Equity Risk Parity + Sentiment Tilt,PLD,0.01703506622650158,RealEstate,2022-11-30,0.780515647187231,0.6,0.15,1.1242063804064901,0.019150930142480187,0.018403455058775164
2022-12-01,2022-11-30,Equity,Risk Parity + Sentiment Tilt,Equity Risk Parity + Sentiment Tilt,PSA,0.025324327081664218,RealEstate,2022-11-30,0.780515647187231,0.6,0.15,1.1242063804064901,0.028469770084707784,0.027358573729292863
2022-12-01,2022-11-30,Equity,Risk Parity + Sentiment Tilt,Equity Risk Parity + Sentiment Tilt,QCOM,0.015560844325114741,Tech,2022-11-30,-1.8192963807688767,1.0,0.15,0.7611731197964108,0.011844496421613861,0.011382196894211216
2022-12-01,2022-11-30,Equity,Risk Parity + Sentiment Tilt,Equity Risk Parity + Sentiment Tilt,SBUX,0.01701843324809196,Consumer,2022-11-30,0.3243474062712735,0.8,0.15,1.0498550541151759,0.017866888158631092,0.01716953019102527
2022-12-01,2022-11-30,Equity,Risk Parity + Sentiment Tilt,Equity Risk Parity + Sentiment Tilt,SHW,0.02009143078718529,Materials,2022-11-30,-0.43070534643919595,1.0,0.15,0.9374369263453087,0.018834449123018484,0.018099326529492955
2022-12-01,2022-11-30,Equity,Risk Parity + Sentiment Tilt,Equity Risk Parity + Sentiment Tilt,SLB,0.013090994563559723,Energy,2022-11-30,-0.5615943983198659,0.8,0.15,0.9192113914400678,0.012033391328104097,0.011563719091648168
2022-12-01,2022-11-30,Equity,Risk Parity + Sentiment Tilt,Equity Risk Parity + Sentiment Tilt,SO,0.02022108200482336,Utilities,2022-11-30,-0.1080109165652105,0.6,0.15,0.9839289031025843,0.019896107036553253,0.019119547143017675
2022-12-01,2022-11-30,Equity,Risk Parity + Sentiment Tilt,Equity Risk Parity + Sentiment Tilt,T,0.02319558479829329,Comm,2022-11-30,0.786171393053134,0.6,0.15,1.1251605189148945,0.02609875622818212,0.025080102311577576
2022-12-01,2022-11-30,Equity,Risk Parity + Sentiment Tilt,Equity Risk Parity + Sentiment Tilt,TMUS,0.022244381163832344,Comm,2022-11-30,0.786171393053134,0.6,0.15,1.1251605189148945,0.025028499453238307,0.024051618456616512
2022-12-01,2022-11-30,Equity,Risk Parity + Sentiment Tilt,Equity Risk Parity + Sentiment Tilt,TTWO,0.027142721212151825,Comm,2022-11-30,0.786171393053134,0.6,0.15,1.1251605189148945,0.030539918283827062,0.02934792250055636
2022-12-01,2022-11-30,Equity,Risk Parity + Sentiment Tilt,Equity Risk Parity + Sentiment Tilt,UPS,0.022361225340460963,Industrials,2022-11-30,0.28529844748186545,0.8,0.15,1.043723666456398,0.023338940098803634,0.022428003863636498
2022-12-01,2022-11-30,Equity,Risk Parity + Sentiment Tilt,Equity Risk Parity + Sentiment Tilt,USB,0.015229450462116174,Financials,2022-11-30,1.7648106330129743,0.6,0.15,1.3030681445242922,0.019845011755794346,0.019070446149166923
2022-12-01,2022-11-30,Equity,Risk Parity + Sentiment Tilt,Equity Risk Parity + Sentiment Tilt,V,0.0173774490366028,Financials,2022-11-30,1.7648106330129743,0.6,0.15,1.3030681445242922,0.02264400027269146,0.02176018805713217
2022-12-01,2022-11-30,Equity,Risk Parity + Sentiment Tilt,Equity Risk Parity + Sentiment Tilt,WFC,0.013974477617950407,Financials,2022-11-30,1.7648106330129743,0.6,0.15,1.3030681445242922,0.018209696620318887,0.017498958582831944
2022-12-01,2022-11-30,Equity,Risk Parity + Sentiment Tilt,Equity Risk Parity + Sentiment Tilt,WMT,0.03567423776250178,Consumer,2022-11-30,0.3243474062712735,0.8,0.15,1.0498550541151759,0.03745277881666896,0.035990968932099576
2022-12-01,2022-11-30,Equity,Risk Parity + Sentiment Tilt,Equity Risk Parity + Sentiment Tilt,XOM,0.017349610960869333,Energy,2022-11-30,-0.5615943983198659,0.8,0.15,0.9192113914400678,0.01594796003228455,0.015325499260334158
2023-01-03,2022-12-30,Equity,Risk Parity + Sentiment Tilt,Equity Risk Parity + Sentiment Tilt,ABBV,0.02910258866813814,Healthcare,2022-12-30,0.1427248032096732,0.6,0.15,1.0216395313165783,0.02973235504701581,0.030018015164644973
2023-01-03,2022-12-30,Equity,Risk Parity + Sentiment Tilt,Equity Risk Parity + Sentiment Tilt,ABT,0.02219211043371139,Healthcare,2022-12-30,0.1427248032096732,0.6,0.15,1.0216395313165783,0.02267233730242265,0.02289016675220881
2023-01-03,2022-12-30,Equity,Risk Parity + Sentiment Tilt,Equity Risk Parity + Sentiment Tilt,ADBE,0.01733149619430108,Tech,2022-12-30,0.4673246982871228,1.0,0.15,1.072614048123381,0.018590006293004255,0.01876861385288268
2023-01-03,2022-12-30,Equity,Risk Parity + Sentiment Tilt,Equity Risk Parity + Sentiment Tilt,AEP,0.025307685092400282,Utilities,2022-12-30,-0.4378905935299532,1.0,0.15,0.9364271132326468,0.023698802493677288,0.02392649393276138
2023-01-03,2022-12-30,Equity,Risk Parity + Sentiment Tilt,Equity Risk Parity + Sentiment Tilt,AMD,0.01412011933534284,Tech,2022-12-30,0.4673246982871228,1.0,0.15,1.072614048123381,0.015145438360267308,0.015290951478777355
2023-01-03,2022-12-30,Equity,Risk Parity + Sentiment Tilt,Equity Risk Parity + Sentiment Tilt,AMGN,0.02660399719189183,Healthcare,2022-12-30,0.1427248032096732,0.6,0.15,1.0216395313165783,0.027179695222271934,0.027440830101162005
2023-01-03,2022-12-30,Equity,Risk Parity + Sentiment Tilt,Equity Risk Parity + Sentiment Tilt,AMT,0.01916686397664297,RealEstate,2022-12-30,-0.19673337545081815,0.4,0.15,0.9709211622470506,0.01860951384883332,0.018788308831829897
2023-01-03,2022-12-30,Equity,Risk Parity + Sentiment Tilt,Equity Risk Parity + Sentiment Tilt,BA,0.011583844872414257,Industrials,2022-12-30,-0.27858044357497846,0.6,0.15,0.9590739777755874,0.011109764179721683,0.011216503674033288
2023-01-03,2022-12-30,Equity,Risk Parity + Sentiment Tilt,Equity Risk Parity + Sentiment Tilt,CAT,0.018206869094679622,Industrials,2022-12-30,-0.27858044357497846,0.6,0.15,0.9590739777755874,0.017461734365473793,0.017629501805522276
2023-01-03,2022-12-30,Equity,Risk Parity + Sentiment Tilt,Equity Risk Parity + Sentiment Tilt,CCI,0.020270494708453716,RealEstate,2022-12-30,-0.19673337545081815,0.4,0.15,0.9709211622470506,0.019681052281654572,0.019870142304996247
2023-01-03,2022-12-30,Equity,Risk Parity + Sentiment Tilt,Equity Risk Parity + Sentiment Tilt,CMCSA,0.02054223050953465,Comm,2022-12-30,-0.5366355611731114,0.6,0.15,0.9226592085392232,0.018953478143557523,0.019135577838903177
2023-01-03,2022-12-30,Equity,Risk Parity + Sentiment Tilt,Equity Risk Parity + Sentiment Tilt,COP,0.013515389526794678,Energy,2022-12-30,-0.4713043231599048,1.0,0.15,0.9317454271208506,0.012592902387347978,0.01271389145705248
2023-01-03,2022-12-30,Equity,Risk Parity + Sentiment Tilt,Equity Risk Parity + Sentiment Tilt,CVX,0.015196715886708475,Energy,2022-12-30,-0.4713043231599048,1.0,0.15,0.9317454271208506,0.014159470534695405,0.014295510751224224
2023-01-03,2022-12-30,Equity,Risk Parity + Sentiment Tilt,Equity Risk Parity + Sentiment Tilt,D,0.021752896295205593,Utilities,2022-12-30,-0.4378905935299532,1.0,0.15,0.9364271132326468,0.02037000188216851,0.02056571113979594
2023-01-03,2022-12-30,Equity,Risk Parity + Sentiment Tilt,Equity Risk Parity + Sentiment Tilt,DD,0.015639876550382792,Materials,2022-12-30,0.18889826069971974,0.2,0.15,1.0287399862948063,0.016089366388093256,0.01624394850201372
2023-01-03,2022-12-30,Equity,Risk Parity + Sentiment Tilt,Equity Risk Parity + Sentiment Tilt,DIS,0.017377392186206344,Consumer,2022-12-30,0.678639848259625,1.0,0.15,1.1071575633404935,0.01923951119009235,0.01942435901062317
2023-01-03,2022-12-30,Equity,Risk Parity + Sentiment Tilt,Equity Risk Parity + Sentiment Tilt,DOW,0.01451014950209579,Materials,2022-12-30,0.18889826069971974,0.2,0.15,1.0287399862948063,0.014927170999921614,0.015070587066928934
2023-01-03,2022-12-30,Equity,Risk Parity + Sentiment Tilt,Equity Risk Parity + Sentiment Tilt,DUK,0.022105278573697037,Utilities,2022-12-30,-0.4378905935299532,1.0,0.15,0.9364271132326468,0.020699982201970595,0.020898861817843138
2023-01-03,2022-12-30,Equity,Risk Parity + Sentiment Tilt,Equity Risk Parity + Sentiment Tilt,EA,0.03129623001764424,Comm,2022-12-30,-0.5366355611731114,0.6,0.15,0.9226592085392232,0.028875754818341117,0.029153184961530066
2023-01-03,2022-12-30,Equity,Risk Parity + Sentiment Tilt,Equity Risk Parity + Sentiment Tilt,GE,0.014863759912698917,Industrials,2022-12-30,-0.27858044357497846,0.6,0.15,0.9590739777755874,0.01425544534417347,0.01439240765971939
2023-01-03,2022-12-30,Equity,Risk Parity + Sentiment Tilt,Equity Risk Parity + Sentiment Tilt,GILD,0.03392765057392173,Healthcare,2022-12-30,0.1427248032096732,0.6,0.15,1.0216395313165783,0.03466182903101404,0.034994850150349664
2023-01-03,2022-12-30,Equity,Risk Parity + Sentiment Tilt,Equity Risk Parity + Sentiment Tilt,GS,0.01550169860448564,Financials,2022-12-30,-0.4590246313355468,0.4,0.15,0.9334632407073472,0.014470265815811727,0.014609292066121654
2023-01-03,2022-12-30,Equity,Risk Parity + Sentiment Tilt,Equity Risk Parity + Sentiment Tilt,INTC,0.015966817269042845,Tech,2022-12-30,0.4673246982871228,1.0,0.15,1.072614048123381,0.01712623250659435,0.017290776539000866
2023-01-03,2022-12-30,Equity,Risk Parity + Sentiment Tilt,Equity Risk Parity + Sentiment Tilt,KO,0.0244197111440508,Consumer,2022-12-30,0.678639848259625,1.0,0.15,1.1071575633404935,0.027036467887725978,0.027296226678607902
2023-01-03,2022-12-30,Equity,Risk Parity + Sentiment Tilt,Equity Risk Parity + Sentiment Tilt,MMM,0.022690982497163153,Industrials,2022-12-30,-0.27858044357497846,0.6,0.15,0.9590739777755874,0.021762330843190496,0.02197141720647118
2023-01-03,2022-12-30,Equity,Risk Parity + Sentiment Tilt,Equity Risk Parity + Sentiment Tilt,MRK,0.03128753758506996,Healthcare,2022-12-30,0.1427248032096732,0.6,0.15,1.0216395313165783,0.031964585234460705,0.032271691992859244
2023-01-03,2022-12-30,Equity,Risk Parity + Sentiment Tilt,Equity Risk Parity + Sentiment Tilt,MS,0.01387336026610597,Financials,2022-12-30,-0.4590246313355468,0.4,0.15,0.9334632407073472,0.012950271833499824,0.01307469440848379
2023-01-03,2022-12-30,Equity,Risk Parity + Sentiment Tilt,Equity Risk Parity + Sentiment Tilt,NEE,0.02023511275572638,Utilities,2022-12-30,-0.4378905935299532,1.0,0.15,0.9364271132326468,0.018948708223781963,0.01913076209107794
2023-01-03,2022-12-30,Equity,Risk Parity + Sentiment Tilt,Equity Risk Parity + Sentiment Tilt,NEM,0.033950274539542545,Materials,2022-12-30,0.18889826069971974,0.2,0.15,1.0287399862948063,0.03492600496451391,0.03526156421203074
2023-01-03,2022-12-30,Equity,Risk Parity + Sentiment Tilt,Equity Risk Parity + Sentiment Tilt,NKE,0.01792811414497265,Consumer,2022-12-30,0.678639848259625,1.0,0.15,1.1071575633404935,0.019849247172038155,0.020039953164652888
2023-01-03,2022-12-30,Equity,Risk Parity + Sentiment Tilt,Equity Risk Parity + Sentiment Tilt,NUE,0.015174062398888228,Materials,2022-12-30,0.18889826069971974,0.2,0.15,1.0287399862948063,0.015610164744268813,0.015760142823368403
2023-01-03,2022-12-30,Equity,Risk Parity + Sentiment Tilt,Equity Risk Parity + Sentiment Tilt,NVDA,0.012882308776176528,Tech,2022-12-30,0.4673246982871228,1.0,0.15,1.072614048123381,0.013817745365590064,0.01395050238265994
2023-01-03,2022-12-30,Equity,Risk Parity + Sentiment Tilt,Equity Risk Parity + Sentiment Tilt,O,0.017929689308253418,RealEstate,2022-12-30,-0.19673337545081815,0.4,0.15,0.9709211622470506,0.017408314781897926,0.0175755689815891
2023-01-03,2022-12-30,Equity,Risk Parity + Sentiment Tilt,Equity Risk Parity + Sentiment Tilt,OXY,0.010797586785249518,Energy,2022-12-30,-0.4713043231599048,1.0,0.15,0.9317454271208506,0.010060602111096764,0.010157261550886568
2023-01-03,2022-12-30,Equity,Risk Parity + Sentiment Tilt,Equity Risk Parity + Sentiment Tilt,PLD,0.016997150831999215,RealEstate,2022-12-30,-0.19673337545081815,0.4,0.15,0.9709211622470506,0.0165028934406931,0.016661448606405182
2023-01-03,2022-12-30,Equity,Risk Parity + Sentiment Tilt,Equity Risk Parity + Sentiment Tilt,PSA,0.02522279694994129,RealEstate,2022-12-30,-0.19673337545081815,0.4,0.15,0.9709211622470506,0.02448934732975836,0.0247246341016208
2023-01-03,2022-12-30,Equity,Risk Parity + Sentiment Tilt,Equity Risk Parity + Sentiment Tilt,QCOM,0.015482901105021384,Tech,2022-12-30,0.4673246982871228,1.0,0.15,1.072614048123381,0.016607177230950957,0.01676673432603408
2023-01-03,2022-12-30,Equity,Risk Parity + Sentiment Tilt,Equity Risk Parity + Sentiment Tilt,SBUX,0.01708492628603608,Consumer,2022-12-30,0.678639848259625,1.0,0.15,1.1071575633404935,0.018915705356699654,0.019097442141716815
2023-01-03,2022-12-30,Equity,Risk Parity + Sentiment Tilt,Equity Risk Parity + Sentiment Tilt,SHW,0.020090149548124922,Materials,2022-12-30,0.18889826069971974,0.2,0.15,1.0287399862948063,0.02066754017079864,0.020866108092746298
2023-01-03,2022-12-30,Equity,Risk Parity + Sentiment Tilt,Equity Risk Parity + Sentiment Tilt,SLB,0.013064925927528849,Energy,2022-12-30,-0.4713043231599048,1.0,0.15,0.9317454271208506,0.012173184988647643,0.012290141531453615
2023-01-03,2022-12-30,Equity,Risk Parity + Sentiment Tilt,Equity Risk Parity + Sentiment Tilt,SO,0.020303213331730307,Utilities,2022-12-30,-0.4378905935299532,1.0,0.15,0.9364271132326468,0.0190124794495788,0.01919514601290352
2023-01-03,2022-12-30,Equity,Risk Parity + Sentiment Tilt,Equity Risk Parity + Sentiment Tilt,T,0.023312414889137094,Comm,2022-12-30,-0.5366355611731114,0.6,0.15,0.9226592085392232,0.021509414270749233,0.021716070682627826
2023-01-03,2022-12-30,Equity,Risk Parity + Sentiment Tilt,Equity Risk Parity + Sentiment Tilt,TMUS,0.02241918944783706,Comm,2022-12-30,-0.5366355611731114,0.6,0.15,0.9226592085392232,0.020685271592032248,0.020884009872495647
2023-01-03,2022-12-30,Equity,Risk Parity + Sentiment Tilt,Equity Risk Parity + Sentiment Tilt,TTWO,0.026995977601191115,Comm,2022-12-30,-0.5366355611731114,0.6,0.15,0.9226592085392232,0.02490808732725759,0.0251473972354223
2023-01-03,2022-12-30,Equity,Risk Parity + Sentiment Tilt,Equity Risk Parity + Sentiment Tilt,UPS,0.02219868105923301,Industrials,2022-12-30,-0.27858044357497846,0.6,0.15,0.9590739777755874,0.021290177344850194,0.021494727389912503
2023-01-03,2022-12-30,Equity,Risk Parity + Sentiment Tilt,Equity Risk Parity + Sentiment Tilt,USB,0.015260331885127282,Financials,2022-12-30,-0.4590246313355468,0.4,0.15,0.9334632407073472,0.014244958855760574,0.014381820420070718
2023-01-03,2022-12-30,Equity,Risk Parity + Sentiment Tilt,Equity Risk Parity + Sentiment Tilt,V,0.01741784767279466,Financials,2022-12-30,-0.4590246313355468,0.4,0.15,0.9334632407073472,0.01625892053479383,0.01641513167734033
2023-01-03,2022-12-30,Equity,Risk Parity + Sentiment Tilt,Equity Risk Parity + Sentiment Tilt,WFC,0.01406423948943265,Financials,2022-12-30,-0.4590246313355468,0.4,0.15,0.9334632407073472,0.013128450571890047,0.013254585038154978
2023-01-03,2022-12-30,Equity,Risk Parity + Sentiment Tilt,Equity Risk Parity + Sentiment Tilt,WMT,0.035489997033825556,Consumer,2022-12-30,0.678639848259625,1.0,0.15,1.1071575633404935,0.03929301863893164,0.0396705349274548
2023-01-03,2022-12-30,Equity,Risk Parity + Sentiment Tilt,Equity Risk Parity + Sentiment Tilt,XOM,0.017344361763445528,Energy,2022-12-30,-0.4713043231599048,1.0,0.15,0.9317454271208506,0.016160529759420103,0.016315795591027644
2023-02-01,2023-01-31,Equity,Risk Parity + Sentiment Tilt,Equity Risk Parity + Sentiment Tilt,ABBV,0.029169775291056802,Healthcare,2023-01-31,0.38924891214445956,1.0,0.15,1.0601255418532871,0.030923623836170217,0.03105768774844388
2023-02-01,2023-01-31,Equity,Risk Parity + Sentiment Tilt,Equity Risk Parity + Sentiment Tilt,ABT,0.022273764832887566,Healthcare,2023-01-31,0.38924891214445956,1.0,0.15,1.0601255418532871,0.02361298701257762,0.02371535694943058
2023-02-01,2023-01-31,Equity,Risk Parity + Sentiment Tilt,Equity Risk Parity + Sentiment Tilt,ADBE,0.017342591219832067,Tech,2023-01-31,-0.2111273592247306,0.8,0.15,0.9688271101736354,0.016801972534432563,0.016874814520346452
2023-02-01,2023-01-31,Equity,Risk Parity + Sentiment Tilt,Equity Risk Parity + Sentiment Tilt,AEP,0.025303835649307636,Utilities,2023-01-31,-0.27244455701018,0.8,0.15,0.9599570994885773,0.02429059667584502,0.024395904269776378
2023-02-01,2023-01-31,Equity,Risk Parity + Sentiment Tilt,Equity Risk Parity + Sentiment Tilt,AMD,0.014068460662977702,Tech,2023-01-31,-0.2111273592247306,0.8,0.15,0.9688271101736354,0.013629906088704154,0.013688996140499345
2023-02-01,2023-01-31,Equity,Risk Parity + Sentiment Tilt,Equity Risk Parity + Sentiment Tilt,AMGN,0.026629203835542816,Healthcare,2023-01-31,0.38924891214445956,1.0,0.15,1.0601255418532871,0.028230299145276458,0.028352686623798456
2023-02-01,2023-01-31,Equity,Risk Parity + Sentiment Tilt,Equity Risk Parity + Sentiment Tilt,AMT,0.019136494375978367,RealEstate,2023-01-31,0.4193568789105233,0.8,0.15,1.0649241030035974,0.02037891410797215,0.020467263292649793
2023-02-01,2023-01-31,Equity,Risk Parity + Sentiment Tilt,Equity Risk Parity + Sentiment Tilt,BA,0.011610937557367912,Industrials,2023-01-31,-0.6108718978274933,0.6,0.15,0.9124419749218322,0.010594306795538853,0.01064023654246509
2023-02-01,2023-01-31,Equity,Risk Parity + Sentiment Tilt,Equity Risk Parity + Sentiment Tilt,CAT,0.018244193387567626,Industrials,2023-01-31,-0.6108718978274933,0.6,0.15,0.9124419749218322,0.01664676784540804,0.016718936968790548
2023-02-01,2023-01-31,Equity,Risk Parity + Sentiment Tilt,Equity Risk Parity + Sentiment Tilt,CCI,0.02014166453169088,RealEstate,2023-01-31,0.4193568789105233,0.8,0.15,1.0649241030035974,0.021449344034410282,0.021542333879073745
2023-02-01,2023-01-31,Equity,Risk Parity + Sentiment Tilt,Equity Risk Parity + Sentiment Tilt,CMCSA,0.020474795891776514,Comm,2023-01-31,-0.015934868444830285,1.0,0.15,0.9976126240590213,0.02042591485666804,0.02051446780479473
2023-02-01,2023-01-31,Equity,Risk Parity + Sentiment Tilt,Equity Risk Parity + Sentiment Tilt,COP,0.013608961219746005,Energy,2023-01-31,0.2862702052546252,1.0,0.15,1.0438758145327833,0.014206065478207422,0.014267653367327864
2023-02-01,2023-01-31,Equity,Risk Parity + Sentiment Tilt,Equity Risk Parity + Sentiment Tilt,CVX,0.015318306846341868,Energy,2023-01-31,0.2862702052546252,1.0,0.15,1.0438758145327833,0.01599041003648823,0.016059733636455326
2023-02-01,2023-01-31,Equity,Risk Parity + Sentiment Tilt,Equity Risk Parity + Sentiment Tilt,D,0.02183132717613447,Utilities,2023-01-31,-0.27244455701018,0.8,0.15,0.9599570994885773,0.0209571375139882,0.02104799348417033
2023-02-01,2023-01-31,Equity,Risk Parity + Sentiment Tilt,Equity Risk Parity + Sentiment Tilt,DD,0.015668653185009748,Materials,2023-01-31,0.3359466262308637,0.6,0.15,1.0516832690487707,0.016478460403202486,0.016549899859380192
2023-02-01,2023-01-31,Equity,Risk Parity + Sentiment Tilt,Equity Risk Parity + Sentiment Tilt,DIS,0.017332430648475627,Consumer,2023-01-31,-1.1402234885449114,1.0,0.15,0.8427933198001392,0.014607656766434452,0.014670985683693122
2023-02-01,2023-01-31,Equity,Risk Parity + Sentiment Tilt,Equity Risk Parity + Sentiment Tilt,DOW,0.01450853436700524,Materials,2023-01-31,0.3359466262308637,0.6,0.15,1.0516832690487707,0.015258382852198509,0.015324532877531001
2023-02-01,2023-01-31,Equity,Risk Parity + Sentiment Tilt,Equity Risk Parity + Sentiment Tilt,DUK,0.022203440672602055,Utilities,2023-01-31,-0.27244455701018,0.8,0.15,0.9599570994885773,0.021314350506737776,0.021406755110792076
2023-02-01,2023-01-31,Equity,Risk Parity + Sentiment Tilt,Equity Risk Parity + Sentiment Tilt,EA,0.03142734309010293,Comm,2023-01-31,-0.015934868444830285,1.0,0.15,0.9976126240590213,0.031352314207320736,0.03148823663102291
2023-02-01,2023-01-31,Equity,Risk Parity + Sentiment Tilt,Equity Risk Parity + Sentiment Tilt,GE,0.014850917813671653,Industrials,2023-01-31,-0.6108718978274933,0.6,0.15,0.9124419749218322,0.013550600779308381,0.01360934701693425
2023-02-01,2023-01-31,Equity,Risk Parity + Sentiment Tilt,Equity Risk Parity + Sentiment Tilt,GILD,0.033923971136830496,Healthcare,2023-01-31,0.38924891214445956,1.0,0.15,1.0601255418532871,0.0359636682832477,0.03611958241851554
2023-02-01,2023-01-31,Equity,Risk Parity + Sentiment Tilt,Equity Risk Parity + Sentiment Tilt,GS,0.015591254298275944,Financials,2023-01-31,0.4159634129181509,0.8,0.15,1.0643821733825791,0.01659505313575943,0.01666699805914732
2023-02-01,2023-01-31,Equity,Risk Parity + Sentiment Tilt,Equity Risk Parity + Sentiment Tilt,INTC,0.015882971860628637,Tech,2023-01-31,-0.2111273592247306,0.8,0.15,0.9688271101736354,0.015387853728702012,0.015454565052164424
2023-02-01,2023-01-31,Equity,Risk Parity + Sentiment Tilt,Equity Risk Parity + Sentiment Tilt,KO,0.024510571386129394,Consumer,2023-01-31,-1.1402234885449114,1.0,0.15,0.8427933198001392,0.020657345828714292,0.020746902104966373
2023-02-01,2023-01-31,Equity,Risk Parity + Sentiment Tilt,Equity Risk Parity + Sentiment Tilt,MMM,0.022441625735924647,Industrials,2023-01-31,-0.6108718978274933,0.6,0.15,0.9124419749218322,0.020476681306943703,0.020565454344053893
2023-02-01,2023-01-31,Equity,Risk Parity + Sentiment Tilt,Equity Risk Parity + Sentiment Tilt,MRK,0.031403382370808385,Healthcare,2023-01-31,0.38924891214445956,1.0,0.15,1.0601255418532871,0.033291527751879206,0.03343585729357942
2023-02-01,2023-01-31,Equity,Risk Parity + Sentiment Tilt,Equity Risk Parity + Sentiment Tilt,MS,0.01394900417434939,Financials,2023-01-31,0.4159634129181509,0.8,0.15,1.0643821733825791,0.014847071379616673,0.014911438236667547
2023-02-01,2023-01-31,Equity,Risk Parity + Sentiment Tilt,Equity Risk Parity + Sentiment Tilt,NEE,0.020360490623957075,Utilities,2023-01-31,-0.27244455701018,0.8,0.15,0.9599570994885773,0.01954519752353821,0.01962993227713789
2023-02-01,2023-01-31,Equity,Risk Parity + Sentiment Tilt,Equity Risk Parity + Sentiment Tilt,NEM,0.033568836341908784,Materials,2023-01-31,0.3359466262308637,0.6,0.15,1.0516832690487707,0.03530378354222181,0.03545683686368269
2023-02-01,2023-01-31,Equity,Risk Parity + Sentiment Tilt,Equity Risk Parity + Sentiment Tilt,NKE,0.01791598112725416,Consumer,2023-01-31,-1.1402234885449114,1.0,0.15,0.8427933198001392,0.015099469211715172,0.015164930295011966
2023-02-01,2023-01-31,Equity,Risk Parity + Sentiment Tilt,Equity Risk Parity + Sentiment Tilt,NUE,0.015078636133549289,Materials,2023-01-31,0.3359466262308637,0.6,0.15,1.0516832690487707,0.015857949341728034,0.015926698681735945
2023-02-01,2023-01-31,Equity,Risk Parity + Sentiment Tilt,Equity Risk Parity + Sentiment Tilt,NVDA,0.012807186655807412,Tech,2023-01-31,-0.2111273592247306,0.8,0.15,0.9688271101736354,0.01240794963720024,0.012461742112508776
2023-02-01,2023-01-31,Equity,Risk Parity + Sentiment Tilt,Equity Risk Parity + Sentiment Tilt,O,0.017989197361099052,RealEstate,2023-01-31,0.4193568789105233,0.8,0.15,1.0649241030035974,0.01915712986352309,0.019240182218287362
2023-02-01,2023-01-31,Equity,Risk Parity + Sentiment Tilt,Equity Risk Parity + Sentiment Tilt,OXY,0.010868239623680793,Energy,2023-01-31,0.2862702052546252,1.0,0.15,1.0438758145327833,0.011345092489707258,0.011394277135476288
2023-02-01,2023-01-31,Equity,Risk Parity + Sentiment Tilt,Equity Risk Parity + Sentiment Tilt,PLD,0.01695656552529659,RealEstate,2023-01-31,0.4193568789105233,0.8,0.15,1.0649241030035974,0.018057455332048195,0.018135740242003984
2023-02-01,2023-01-31,Equity,Risk Parity + Sentiment Tilt,Equity Risk Parity + Sentiment Tilt,PSA,0.02518309952003421,RealEstate,2023-01-31,0.4193568789105233,0.8,0.15,1.0649241030035974,0.026818089667222756,0.026934354760846373
2023-02-01,2023-01-31,Equity,Risk Parity + Sentiment Tilt,Equity Risk Parity + Sentiment Tilt,QCOM,0.01539593746429485,Tech,2023-01-31,-0.2111273592247306,0.8,0.15,0.9688271101736354,0.014916001601946787,0.014980667293808498
2023-02-01,2023-01-31,Equity,Risk Parity + Sentiment Tilt,Equity Risk Parity + Sentiment Tilt,SBUX,0.01710259792849332,Consumer,2023-01-31,-1.1402234885449114,1.0,0.15,0.8427933198001392,0.014413955285361869,0.014476444444042974
2023-02-01,2023-01-31,Equity,Risk Parity + Sentiment Tilt,Equity Risk Parity + Sentiment Tilt,SHW,0.02000244145238491,Materials,2023-01-31,0.3359466262308637,0.6,0.15,1.0516832690487707,0.021036233015600803,0.021127431890367646
2023-02-01,2023-01-31,Equity,Risk Parity + Sentiment Tilt,Equity Risk Parity + Sentiment Tilt,SLB,0.01314535856100592,Energy,2023-01-31,0.2862702052546252,1.0,0.15,1.0438758145327833,0.013722121875195552,0.013781611712254461
2023-02-01,2023-01-31,Equity,Risk Parity + Sentiment Tilt,Equity Risk Parity + Sentiment Tilt,SO,0.02032643120184706,Utilities,2023-01-31,-0.27244455701018,0.8,0.15,0.9599570994885773,0.019512501939479218,0.019597094947145878
2023-02-01,2023-01-31,Equity,Risk Parity + Sentiment Tilt,Equity Risk Parity + Sentiment Tilt,T,0.023347371662103017,Comm,2023-01-31,-0.015934868444830285,1.0,0.15,0.9976126240590213,0.023291632708711825,0.023392609470708224
2023-02-01,2023-01-31,Equity,Risk Parity + Sentiment Tilt,Equity Risk Parity + Sentiment Tilt,TMUS,0.02255350969690192,Comm,2023-01-31,-0.015934868444830285,1.0,0.15,0.9976126240590213,0.02249966599046691,0.022597209320560214
2023-02-01,2023-01-31,Equity,Risk Parity + Sentiment Tilt,Equity Risk Parity + Sentiment Tilt,TTWO,0.026933342007898962,Comm,2023-01-31,-0.015934868444830285,1.0,0.15,0.9976126240590213,0.026869041995179154,0.02698552798362614
2023-02-01,2023-01-31,Equity,Risk Parity + Sentiment Tilt,Equity Risk Parity + Sentiment Tilt,UPS,0.02211141404652797,Industrials,2023-01-31,-0.6108718978274933,0.6,0.15,0.9124419749218322,0.020175382300928323,0.020262849109385472
2023-02-01,2023-01-31,Equity,Risk Parity + Sentiment Tilt,Equity Risk Parity + Sentiment Tilt,USB,0.015259105932536765,Financials,2023-01-31,0.4159634129181509,0.8,0.15,1.0643821733825791,0.01624152033634849,0.016311932580692773
2023-02-01,2023-01-31,Equity,Risk Parity + Sentiment Tilt,Equity Risk Parity + Sentiment Tilt,V,0.017449921593185577,Financials,2023-01-31,0.4159634129181509,0.8,0.15,1.0643821733825791,0.01857338547071046,0.0186539071047066
2023-02-01,2023-01-31,Equity,Risk Parity + Sentiment Tilt,Equity Risk Parity + Sentiment Tilt,WFC,0.014107384180292898,Financials,2023-01-31,0.4159634129181509,0.8,0.15,1.0643821733825791,0.015015648234563169,0.015080745926810224
2023-02-01,2023-01-31,Equity,Risk Parity + Sentiment Tilt,Equity Risk Parity + Sentiment Tilt,WMT,0.035285620002752274,Consumer,2023-01-31,-1.1402234885449114,1.0,0.15,0.8427933198001392,0.029738484823325785,0.029867410774618814
2023-02-01,2023-01-31,Equity,Risk Parity + Sentiment Tilt,Equity Risk Parity + Sentiment Tilt,XOM,0.017402918139164836,Energy,2023-01-31,0.2862702052546252,1.0,0.15,1.0438758145327833,0.018166485347768043,0.0182452429381102
2023-03-01,2023-02-28,Equity,Risk Parity + Sentiment Tilt,Equity Risk Parity + Sentiment Tilt,ABBV,0.029338362253218106,Healthcare,2023-02-28,-0.32773976245565173,0.6,0.15,0.9520278747990302,0.027930938666015318,0.028546634084210612
2023-03-01,2023-02-28,Equity,Risk Parity + Sentiment Tilt,Equity Risk Parity + Sentiment Tilt,ABT,0.022235578293077957,Healthcare,2023-02-28,-0.32773976245565173,0.6,0.15,0.9520278747990302,0.021168890347286452,0.021635526608636355
2023-03-01,2023-02-28,Equity,Risk Parity + Sentiment Tilt,Equity Risk Parity + Sentiment Tilt,ADBE,0.017251668738343856,Tech,2023-02-28,-0.17452325202779054,0.8,0.15,0.9741611981972904,0.016805906289047788,0.017176367146970052
2023-03-01,2023-02-28,Equity,Risk Parity + Sentiment Tilt,Equity Risk Parity + Sentiment Tilt,AEP,0.02523649269674297,Utilities,2023-02-28,-0.0019157042211566495,0.8,0.15,0.9997126856495021,0.02522924189023496,0.025785382477635226
2023-03-01,2023-02-28,Equity,Risk Parity + Sentiment Tilt,Equity Risk Parity + Sentiment Tilt,AMD,0.014019842268807937,Tech,2023-02-28,-0.17452325202779054,0.8,0.15,0.9741611981972904,0.013657586343118958,0.013958647236045426
2023-03-01,2023-02-28,Equity,Risk Parity + Sentiment Tilt,Equity Risk Parity + Sentiment Tilt,AMGN,0.026595919296119746,Healthcare,2023-02-28,-0.32773976245565173,0.6,0.15,0.9520278747990302,0.0253200565258114,0.02587819898488873
2023-03-01,2023-02-28,Equity,Risk Parity + Sentiment Tilt,Equity Risk Parity + Sentiment Tilt,AMT,0.019085636539030042,RealEstate,2023-02-28,-0.07486549489847313,0.4,0.15,0.9888329948723318,0.018872507137933883,0.019288523094777542
2023-03-01,2023-02-28,Equity,Risk Parity + Sentiment Tilt,Equity Risk Parity + Sentiment Tilt,BA,0.011609471633085022,Industrials,2023-02-28,-0.14241465717795196,0.6,0.15,0.978864357077263,0.011364097986126493,0.011614602387201054
2023-03-01,2023-02-28,Equity,Risk Parity + Sentiment Tilt,Equity Risk Parity + Sentiment Tilt,CAT,0.018303449450094617,Industrials,2023-02-28,-0.14241465717795196,0.6,0.15,0.978864357077263,0.017916594278263052,0.018311538577797555
2023-03-01,2023-02-28,Equity,Risk Parity + Sentiment Tilt,Equity Risk Parity + Sentiment Tilt,CCI,0.020082678446769232,RealEstate,2023-02-28,-0.07486549489847313,0.4,0.15,0.9888329948723318,0.019858415073576847,0.020296163883941693
2023-03-01,2023-02-28,Equity,Risk Parity + Sentiment Tilt,Equity Risk Parity + Sentiment Tilt,CMCSA,0.02041402417116851,Comm,2023-02-28,0.1247878499358781,0.8,0.15,1.0188944607573402,0.020799736149770046,0.02125823496358422
2023-03-01,2023-02-28,Equity,Risk Parity + Sentiment Tilt,Equity Risk Parity + Sentiment Tilt,COP,0.013612998470562479,Energy,2023-02-28,-1.2017156351068239,0.6,0.15,0.8350552862326895,0.011367606334320716,0.011618188071640022
2023-03-01,2023-02-28,Equity,Risk Parity + Sentiment Tilt,Equity Risk Parity + Sentiment Tilt,CVX,0.015352685892387672,Energy,2023-02-28,-1.2017156351068239,0.6,0.15,0.8350552862326895,0.012820341512308361,0.01310294660564994
2023-03-01,2023-02-28,Equity,Risk Parity + Sentiment Tilt,Equity Risk Parity + Sentiment Tilt,D,0.021813225224170372,Utilities,2023-02-28,-0.0019157042211566495,0.8,0.15,0.9997126856495021,0.021806957971532825,0.02228765947134266
2023-03-01,2023-02-28,Equity,Risk Parity + Sentiment Tilt,Equity Risk Parity + Sentiment Tilt,DD,0.01564406936211828,Materials,2023-02-28,1.043624761465298,0.2,0.15,1.1694618833154864,0.018295142818940943,0.018698431650137876
2023-03-01,2023-02-28,Equity,Risk Parity + Sentiment Tilt,Equity Risk Parity + Sentiment Tilt,DIS,0.017329067327623803,Consumer,2023-02-28,-0.3852574765257783,0.8,0.15,0.9438494358501953,0.01635603042098778,0.01671657444388945
2023-03-01,2023-02-28,Equity,Risk Parity + Sentiment Tilt,Equity Risk Parity + Sentiment Tilt,DOW,0.014551563833162834,Materials,2023-02-28,1.043624761465298,0.2,0.15,1.1694618833154864,0.017017499245516127,0.017392624351044883
2023-03-01,2023-02-28,Equity,Risk Parity + Sentiment Tilt,Equity Risk Parity + Sentiment Tilt,DUK,0.022232998539638876,Utilities,2023-02-28,-0.0019157042211566495,0.8,0.15,0.9997126856495021,0.02222661068010384,0.022716562790965098
2023-03-01,2023-02-28,Equity,Risk Parity + Sentiment Tilt,Equity Risk Parity + Sentiment Tilt,EA,0.031455361171693175,Comm,2023-02-28,0.1247878499358781,0.8,0.15,1.0188944607573402,0.0320496932589597,0.03275618041036059
2023-03-01,2023-02-28,Equity,Risk Parity + Sentiment Tilt,Equity Risk Parity + Sentiment Tilt,GE,0.014911260674468385,Industrials,2023-02-28,-0.14241465717795196,0.6,0.15,0.978864357077263,0.014596101593324971,0.014917850639498553
2023-03-01,2023-02-28,Equity,Risk Parity + Sentiment Tilt,Equity Risk Parity + Sentiment Tilt,GILD,0.03406017318677814,Healthcare,2023-02-28,-0.32773976245565173,0.6,0.15,0.9520278747990302,0.0324262342942953,0.03314102172493101
2023-03-01,2023-02-28,Equity,Risk Parity + Sentiment Tilt,Equity Risk Parity + Sentiment Tilt,GS,0.015629267584896092,Financials,2023-02-28,-1.014325394519644,0.6,0.15,0.8588604649115208,0.01342336002419042,0.013719257751169996
2023-03-01,2023-02-28,Equity,Risk Parity + Sentiment Tilt,Equity Risk Parity + Sentiment Tilt,INTC,0.01581776298494197,Tech,2023-02-28,-0.17452325202779054,0.8,0.15,0.9741611981972904,0.01540905094221182,0.015748720230713078
2023-03-01,2023-02-28,Equity,Risk Parity + Sentiment Tilt,Equity Risk Parity + Sentiment Tilt,KO,0.024592771833310798,Consumer,2023-02-28,-0.3852574765257783,0.8,0.15,0.9438494358501953,0.023211873820862972,0.023723544571714664
2023-03-01,2023-02-28,Equity,Risk Parity + Sentiment Tilt,Equity Risk Parity + Sentiment Tilt,MMM,0.02235416162659509,Industrials,2023-02-28,-0.14241465717795196,0.6,0.15,0.978864357077263,0.021881692048618225,0.022364040948445466
2023-03-01,2023-02-28,Equity,Risk Parity + Sentiment Tilt,Equity Risk Parity + Sentiment Tilt,MRK,0.03141362082488666,Healthcare,2023-02-28,-0.32773976245565173,0.6,0.15,0.9520278747990302,0.029906642673659407,0.030565889506999108
2023-03-01,2023-02-28,Equity,Risk Parity + Sentiment Tilt,Equity Risk Parity + Sentiment Tilt,MS,0.014005548127572811,Financials,2023-02-28,-1.014325394519644,0.6,0.15,0.8588604649115208,0.012028811576187863,0.012293968585852013
2023-03-01,2023-02-28,Equity,Risk Parity + Sentiment Tilt,Equity Risk Parity + Sentiment Tilt,NEE,0.020338051328880093,Utilities,2023-02-28,-0.0019157042211566495,0.8,0.15,0.9997126856495021,0.02033220791487214,0.02078040077386161
2023-03-01,2023-02-28,Equity,Risk Parity + Sentiment Tilt,Equity Risk Parity + Sentiment Tilt,NEM,0.033168730074414024,Materials,2023-02-28,1.043624761465298,0.2,0.15,1.1694618833154864,0.03878956554000724,0.03964462301094814
2023-03-01,2023-02-28,Equity,Risk Parity + Sentiment Tilt,Equity Risk Parity + Sentiment Tilt,NKE,0.01788441510892954,Consumer,2023-02-28,-0.3852574765257783,0.8,0.15,0.9438494358501953,0.016880195111073856,0.017252293554037266
2023-03-01,2023-02-28,Equity,Risk Parity + Sentiment Tilt,Equity Risk Parity + Sentiment Tilt,NUE,0.01512113576722164,Materials,2023-02-28,1.043624761465298,0.2,0.15,1.1694618833154864,0.017683591912204182,0.018073400025986876
2023-03-01,2023-02-28,Equity,Risk Parity + Sentiment Tilt,Equity Risk Parity + Sentiment Tilt,NVDA,0.012796082816518839,Tech,2023-02-28,-0.17452325202779054,0.8,0.15,0.9741611981972904,0.01246544736877175,0.01274022935596095
2023-03-01,2023-02-28,Equity,Risk Parity + Sentiment Tilt,Equity Risk Parity + Sentiment Tilt,O,0.018046747826834224,RealEstate,2023-02-28,-0.07486549489847313,0.4,0.15,0.9888329948723318,0.01784521970131423,0.01823859065594513
2023-03-01,2023-02-28,Equity,Risk Parity + Sentiment Tilt,Equity Risk Parity + Sentiment Tilt,OXY,0.010888865051228332,Energy,2023-02-28,-1.2017156351068239,0.6,0.15,0.8350552862326895,0.009092804322102604,0.009293241479858307
2023-03-01,2023-02-28,Equity,Risk Parity + Sentiment Tilt,Equity Risk Parity + Sentiment Tilt,PLD,0.01698408430864074,RealEstate,2023-02-28,-0.07486549489847313,0.4,0.15,0.9888329948723318,0.0167944229520774,0.017164630677155016
2023-03-01,2023-02-28,Equity,Risk Parity + Sentiment Tilt,Equity Risk Parity + Sentiment Tilt,PSA,0.025296697219791272,RealEstate,2023-02-28,-0.07486549489847313,0.4,0.15,0.9888329948723318,0.025014208872224792,0.025565609381050083
2023-03-01,2023-02-28,Equity,Risk Parity + Sentiment Tilt,Equity Risk Parity + Sentiment Tilt,QCOM,0.015378860754789983,Tech,2023-02-28,-0.17452325202779054,0.8,0.15,0.9741611981972904,0.014981489419795496,0.015311733759371974
2023-03-01,2023-02-28,Equity,Risk Parity + Sentiment Tilt,Equity Risk Parity + Sentiment Tilt,SBUX,0.017081551177775153,Consumer,2023-02-28,-0.3852574765257783,0.8,0.15,0.9438494358501953,0.01612241244258932,0.016477806709493604
2023-03-01,2023-02-28,Equity,Risk Parity + Sentiment Tilt,Equity Risk Parity + Sentiment Tilt,SHW,0.02000976886045003,Materials,2023-02-28,1.043624761465298,0.2,0.15,1.1694618833154864,0.023400661976249466,0.02391649427726139
2023-03-01,2023-02-28,Equity,Risk Parity + Sentiment Tilt,Equity Risk Parity + Sentiment Tilt,SLB,0.013192808856036374,Energy,2023-02-28,-1.2017156351068239,0.6,0.15,0.8350552862326895,0.011016724775490616,0.011259571858035724
2023-03-01,2023-02-28,Equity,Risk Parity + Sentiment Tilt,Equity Risk Parity + Sentiment Tilt,SO,0.020318356423853153,Utilities,2023-02-28,-0.0019157042211566495,0.8,0.15,0.9997126856495021,0.02031251866847405,0.020760277507721466
2023-03-01,2023-02-28,Equity,Risk Parity + Sentiment Tilt,Equity Risk Parity + Sentiment Tilt,T,0.023415662900538727,Comm,2023-02-28,0.1247878499358781,0.8,0.15,1.0188944607573402,0.023858089224320065,0.024384004819136128
2023-03-01,2023-02-28,Equity,Risk Parity + Sentiment Tilt,Equity Risk Parity + Sentiment Tilt,TMUS,0.022574563403711057,Comm,2023-02-28,0.1247878499358781,0.8,0.15,1.0188944607573402,0.023001097606056564,0.023508122113139917
2023-03-01,2023-02-28,Equity,Risk Parity + Sentiment Tilt,Equity Risk Parity + Sentiment Tilt,TTWO,0.026642713092600454,Comm,2023-02-28,0.1247878499358781,0.8,0.15,1.0188944607573402,0.02714611278959767,0.027744507905000798
2023-03-01,2023-02-28,Equity,Risk Parity + Sentiment Tilt,Equity Risk Parity + Sentiment Tilt,UPS,0.022141507240825194,Industrials,2023-02-28,-0.14241465717795196,0.6,0.15,0.978864357077263,0.02167353225001192,0.022151292581019943
2023-03-01,2023-02-28,Equity,Risk Parity + Sentiment Tilt,Equity Risk Parity + Sentiment Tilt,USB,0.015312885169807316,Financials,2023-02-28,-1.014325394519644,0.6,0.15,0.8588604649115208,0.013151631676077443,0.01344153956143632
2023-03-01,2023-02-28,Equity,Risk Parity + Sentiment Tilt,Equity Risk Parity + Sentiment Tilt,V,0.017526140565239642,Financials,2023-02-28,-1.014325394519644,0.6,0.15,0.8588604649115208,0.015052509233966383,0.015384319098236069
2023-03-01,2023-02-28,Equity,Risk Parity + Sentiment Tilt,Equity Risk Parity + Sentiment Tilt,WFC,0.014164459245001437,Financials,2023-02-28,-1.014325394519644,0.6,0.15,0.8588604649115208,0.012165294052382222,0.012433459612394844
2023-03-01,2023-02-28,Equity,Risk Parity + Sentiment Tilt,Equity Risk Parity + Sentiment Tilt,WMT,0.03531299971506039,Consumer,2023-02-28,-0.3852574765257783,0.8,0.15,0.9438494358501953,0.033330154859237855,0.03406486785545883
2023-03-01,2023-02-28,Equity,Risk Parity + Sentiment Tilt,Equity Risk Parity + Sentiment Tilt,XOM,0.017453252640586954,Energy,2023-02-28,-1.2017156351068239,0.6,0.15,0.8350552862326895,0.014574430879476784,0.014895702227446775
2023-04-03,2023-03-31,Equity,Risk Parity + Sentiment Tilt,Equity Risk Parity + Sentiment Tilt,ABBV,0.029382880714229447,Healthcare,2023-03-31,-0.6848728662865486,0.8,0.15,0.9023697414970455,0.02651422247453775,0.025425014145167218
2023-04-03,2023-03-31,Equity,Risk Parity + Sentiment Tilt,Equity Risk Parity + Sentiment Tilt,ABT,0.022153543367363287,Healthcare,2023-03-31,-0.6848728662865486,0.8,0.15,0.9023697414970455,0.019990687201651196,0.019169466702698625
2023-04-03,2023-03-31,Equity,Risk Parity + Sentiment Tilt,Equity Risk Parity + Sentiment Tilt,ADBE,0.017156706366645246,Tech,2023-03-31,0.6604115404964621,1.0,0.15,1.1041344568615292,0.018943310665668588,0.018165116555593726
2023-04-03,2023-03-31,Equity,Risk Parity + Sentiment Tilt,Equity Risk Parity + Sentiment Tilt,AEP,0.02522447086029316,Utilities,2023-03-31,0.5354932205237221,0.6,0.15,1.0836380912138792,0.027334197454928197,0.026211304427491398
2023-04-03,2023-03-31,Equity,Risk Parity + Sentiment Tilt,Equity Risk Parity + Sentiment Tilt,AMD,0.014115463457529783,Tech,2023-03-31,0.6604115404964621,1.0,0.15,1.1041344568615292,0.01558536957802841,0.014945120203300985
2023-04-03,2023-03-31,Equity,Risk Parity + Sentiment Tilt,Equity Risk Parity + Sentiment Tilt,AMGN,0.02671509192551342,Healthcare,2023-03-31,-0.6848728662865486,0.8,0.15,0.9023697414970455,0.02410689059489535,0.023116575828682623
2023-04-03,2023-03-31,Equity,Risk Parity + Sentiment Tilt,Equity Risk Parity + Sentiment Tilt,AMT,0.018987335562483568,RealEstate,2023-03-31,-0.0902744630239108,0.6,0.15,0.9865500997531148,0.01873195779321403,0.017962446091583727
2023-04-03,2023-03-31,Equity,Risk Parity + Sentiment Tilt,Equity Risk Parity + Sentiment Tilt,BA,0.011628247460134479,Industrials,2023-03-31,1.1004975752694774,0.6,0.15,1.1794811475237512,0.01371529865796956,0.013151872083706972
2023-04-03,2023-03-31,Equity,Risk Parity + Sentiment Tilt,Equity Risk Parity + Sentiment Tilt,CAT,0.018200656310151553,Industrials,2023-03-31,1.1004975752694774,0.6,0.15,1.1794811475237512,0.021467330990382956,0.02058544973791425
2023-04-03,2023-03-31,Equity,Risk Parity + Sentiment Tilt,Equity Risk Parity + Sentiment Tilt,CCI,0.02002551207639077,RealEstate,2023-03-31,-0.0902744630239108,0.6,0.15,0.9865500997531148,0.01975617093657052,0.01894458440178733
2023-04-03,2023-03-31,Equity,Risk Parity + Sentiment Tilt,Equity Risk Parity + Sentiment Tilt,CMCSA,0.020459671359500522,Comm,2023-03-31,0.6173944734079072,0.6,0.15,1.0970328992140645,0.022444932588479818,0.021522891312292687
2023-04-03,2023-03-31,Equity,Risk Parity + Sentiment Tilt,Equity Risk Parity + Sentiment Tilt,COP,0.013666639583937202,Energy,2023-03-31,-0.3019707318687588,1.0,0.15,0.9557149213933871,0.013061411375674296,0.012524846591344618
2023-04-03,2023-03-31,Equity,Risk Parity + Sentiment Tilt,Equity Risk Parity + Sentiment Tilt,CVX,0.015400763984621233,Energy,2023-03-31,-0.3019707318687588,1.0,0.15,0.9557149213933871,0.01471873994096039,0.014114091844757362
2023-04-03,2023-03-31,Equity,Risk Parity + Sentiment Tilt,Equity Risk Parity + Sentiment Tilt,D,0.021817912081600884,Utilities,2023-03-31,0.5354932205237221,0.6,0.15,1.0836380912138792,0.023642720602378216,0.022671474010711394
2023-04-03,2023-03-31,Equity,Risk Parity + Sentiment Tilt,Equity Risk Parity + Sentiment Tilt,DD,0.015647008938102,Materials,2023-03-31,0.2312897928046863,0.6,0.15,1.035302307821661,0.016199384464123157,0.01553391126361943
2023-04-03,2023-03-31,Equity,Risk Parity + Sentiment Tilt,Equity Risk Parity + Sentiment Tilt,DIS,0.017312829004888914,Consumer,2023-03-31,-0.06608233575046198,0.8,0.15,0.9901366150612542,0.01714206590803501,0.01643786720910726
2023-04-03,2023-03-31,Equity,Risk Parity + Sentiment Tilt,Equity Risk Parity + Sentiment Tilt,DOW,0.014593023955528828,Materials,2023-03-31,0.2312897928046863,0.6,0.15,1.035302307821661,0.01510819137925578,0.014487544558184089
2023-04-03,2023-03-31,Equity,Risk Parity + Sentiment Tilt,Equity Risk Parity + Sentiment Tilt,DUK,0.02221984837435665,Utilities,2023-03-31,0.5354932205237221,0.6,0.15,1.0836380912138792,0.02407827407944966,0.023089134884084272
2023-04-03,2023-03-31,Equity,Risk Parity + Sentiment Tilt,Equity Risk Parity + Sentiment Tilt,EA,0.03128240190092394,Comm,2023-03-31,0.6173944734079072,0.6,0.15,1.0970328992140645,0.034317824051750156,0.03290804257168093
2023-04-03,2023-03-31,Equity,Risk Parity + Sentiment Tilt,Equity Risk Parity + Sentiment Tilt,GE,0.015015636820371511,Industrials,2023-03-31,1.1004975752694774,0.6,0.15,1.1794811475237512,0.01771066054769168,0.016983103893683626
2023-04-03,2023-03-31,Equity,Risk Parity + Sentiment Tilt,Equity Risk Parity + Sentiment Tilt,GILD,0.03383603281161557,Healthcare,2023-03-31,-0.6848728662865486,0.8,0.15,0.9023697414970455,0.03053261218150309,0.02927832778611981
2023-04-03,2023-03-31,Equity,Risk Parity + Sentiment Tilt,Equity Risk Parity + Sentiment Tilt,GS,0.015591788826949924,Financials,2023-03-31,1.1070424285796021,1.0,0.15,1.1806396457596715,0.018408284037409763,0.01765206890335406
2023-04-03,2023-03-31,Equity,Risk Parity + Sentiment Tilt,Equity Risk Parity + Sentiment Tilt,INTC,0.015836681909321464,Tech,2023-03-31,0.6604115404964621,1.0,0.15,1.1041344568615292,0.01748582617843746,0.016767505754831998
2023-04-03,2023-03-31,Equity,Risk Parity + Sentiment Tilt,Equity Risk Parity + Sentiment Tilt,KO,0.024763537259329133,Consumer,2023-03-31,-0.06608233575046198,0.8,0.15,0.9901366150612542,0.024519284958895396,0.02351202896890416
2023-04-03,2023-03-31,Equity,Risk Parity + Sentiment Tilt,Equity Risk Parity + Sentiment Tilt,MMM,0.02233507447824626,Industrials,2023-03-31,1.1004975752694774,0.6,0.15,1.1794811475237512,0.026343799275630346,0.02526159195743207
2023-04-03,2023-03-31,Equity,Risk Parity + Sentiment Tilt,Equity Risk Parity + Sentiment Tilt,MRK,0.031564624262140455,Healthcare,2023-03-31,-0.6848728662865486,0.8,0.15,0.9023697414970455,0.028482961835879055,0.027312877391329517
2023-04-03,2023-03-31,Equity,Risk Parity + Sentiment Tilt,Equity Risk Parity + Sentiment Tilt,MS,0.013995873381401742,Financials,2023-03-31,1.1070424285796021,1.0,0.15,1.1806396457596715,0.01652408299111537,0.015845271125279333
2023-04-03,2023-03-31,Equity,Risk Parity + Sentiment Tilt,Equity Risk Parity + Sentiment Tilt,NEE,0.020359143797005028,Utilities,2023-03-31,0.5354932205237221,0.6,0.15,1.0836380912138792,0.022061943722935417,0.02115563568813629
2023-04-03,2023-03-31,Equity,Risk Parity + Sentiment Tilt,Equity Risk Parity + Sentiment Tilt,NEM,0.03359471084676035,Materials,2023-03-31,0.2312897928046863,0.6,0.15,1.035302307821661,0.034780681670252375,0.03335188592816323
2023-04-03,2023-03-31,Equity,Risk Parity + Sentiment Tilt,Equity Risk Parity + Sentiment Tilt,NKE,0.01786386466788341,Consumer,2023-03-31,-0.06608233575046198,0.8,0.15,0.9901366150612542,0.017687666494170414,0.01696105443941076
2023-04-03,2023-03-31,Equity,Risk Parity + Sentiment Tilt,Equity Risk Parity + Sentiment Tilt,NUE,0.015053654730335294,Materials,2023-03-31,0.2312897928046863,0.6,0.15,1.035302307821661,0.015585083483466593,0.014944845861547686
2023-04-03,2023-03-31,Equity,Risk Parity + Sentiment Tilt,Equity Risk Parity + Sentiment Tilt,NVDA,0.01283001761750023,Tech,2023-03-31,0.6604115404964621,1.0,0.15,1.1041344568615292,0.014166064533622468,0.01358412042799238
2023-04-03,2023-03-31,Equity,Risk Parity + Sentiment Tilt,Equity Risk Parity + Sentiment Tilt,O,0.01805747815758915,RealEstate,2023-03-31,-0.0902744630239108,0.6,0.15,0.9865500997531148,0.017814606877659265,0.017082780092459664
2023-04-03,2023-03-31,Equity,Risk Parity + Sentiment Tilt,Equity Risk Parity + Sentiment Tilt,OXY,0.010939277136548119,Energy,2023-03-31,-0.3019707318687588,1.0,0.15,0.9557149213933871,0.010454830388656562,0.010025344351401781
2023-04-03,2023-03-31,Equity,Risk Parity + Sentiment Tilt,Equity Risk Parity + Sentiment Tilt,PLD,0.016831257021199707,RealEstate,2023-03-31,-0.0902744630239108,0.6,0.15,0.9865500997531148,0.016604878293234884,0.01592274734398514
2023-04-03,2023-03-31,Equity,Risk Parity + Sentiment Tilt,Equity Risk Parity + Sentiment Tilt,PSA,0.025069976526951386,RealEstate,2023-03-31,-0.0902744630239108,0.6,0.15,0.9865500997531148,0.024732787843472135,0.023716761122208316
2023-04-03,2023-03-31,Equity,Risk Parity + Sentiment Tilt,Equity Risk Parity + Sentiment Tilt,QCOM,0.015390637234986758,Tech,2023-03-31,0.6604115404964621,1.0,0.15,1.1041344568615292,0.01699333288420493,0.01629524416072767
2023-04-03,2023-03-31,Equity,Risk Parity + Sentiment Tilt,Equity Risk Parity + Sentiment Tilt,SBUX,0.017107688691335575,Consumer,2023-03-31,-0.06608233575046198,0.8,0.15,0.9901366150612542,0.016938948972360705,0.016243094348330312
2023-04-03,2023-03-31,Equity,Risk Parity + Sentiment Tilt,Equity Risk Parity + Sentiment Tilt,SHW,0.019878643487353596,Materials,2023-03-31,0.2312897928046863,0.6,0.15,1.035302307821661,0.020580405478821208,0.019734959262516658
2023-04-03,2023-03-31,Equity,Risk Parity + Sentiment Tilt,Equity Risk Parity + Sentiment Tilt,SLB,0.013188631082146294,Energy,2023-03-31,-0.3019707318687588,1.0,0.15,0.9557149213933871,0.012604571517959828,0.012086773785113138
2023-04-03,2023-03-31,Equity,Risk Parity + Sentiment Tilt,Equity Risk Parity + Sentiment Tilt,SO,0.020388724655530318,Utilities,2023-03-31,0.5354932205237221,0.6,0.15,1.0836380912138792,0.022093998668004232,0.021186373811141024
2023-04-03,2023-03-31,Equity,Risk Parity + Sentiment Tilt,Equity Risk Parity + Sentiment Tilt,T,0.02349269239340825,Comm,2023-03-31,0.6173944734079072,0.6,0.15,1.0970328992140645,0.025772256446684853,0.024713528195635437
2023-04-03,2023-03-31,Equity,Risk Parity + Sentiment Tilt,Equity Risk Parity + Sentiment Tilt,TMUS,0.022742579266979188,Comm,2023-03-31,0.6173944734079072,0.6,0.15,1.0970328992140645,0.024949357668859855,0.023924434225924142
2023-04-03,2023-03-31,Equity,Risk Parity + Sentiment Tilt,Equity Risk Parity + Sentiment Tilt,TTWO,0.026336907651297686,Comm,2023-03-31,0.6173944734079072,0.6,0.15,1.0970328992140645,0.02889245415703618,0.027705547705073604
2023-04-03,2023-03-31,Equity,Risk Parity + Sentiment Tilt,Equity Risk Parity + Sentiment Tilt,UPS,0.022212095803592524,Industrials,2023-03-31,1.1004975752694774,0.6,0.15,1.1794811475237512,0.026198748247328808,0.025122499647639497
2023-04-03,2023-03-31,Equity,Risk Parity + Sentiment Tilt,Equity Risk Parity + Sentiment Tilt,USB,0.015060404989140165,Financials,2023-03-31,1.1070424285796021,1.0,0.15,1.1806396457596715,0.017780911211375632,0.01705046864931948
2023-04-03,2023-03-31,Equity,Risk Parity + Sentiment Tilt,Equity Risk Parity + Sentiment Tilt,V,0.01760550342285199,Financials,2023-03-31,1.1070424285796021,1.0,0.15,1.1806396457596715,0.02078575532457666,0.019931873305085855
2023-04-03,2023-03-31,Equity,Risk Parity + Sentiment Tilt,Equity Risk Parity + Sentiment Tilt,WFC,0.014122781682767652,Financials,2023-03-31,1.1070424285796021,1.0,0.15,1.1806396457596715,0.016673915963083978,0.015988948935759074
2023-04-03,2023-03-31,Equity,Risk Parity + Sentiment Tilt,Equity Risk Parity + Sentiment Tilt,WMT,0.0354687995030817,Consumer,2023-03-31,-0.06608233575046198,0.8,0.15,0.9901366150612542,0.035118957080267604,0.03367626493240742
2023-04-03,2023-03-31,Equity,Risk Parity + Sentiment Tilt,Equity Risk Parity + Sentiment Tilt,XOM,0.017475272600184687,Energy,2023-03-31,-0.3019707318687588,1.0,0.15,0.9557149213933871,0.01670137877941352,0.016015283575378063
2023-05-01,2023-04-28,Equity,Risk Parity + Sentiment Tilt,Equity Risk Parity + Sentiment Tilt,ABBV,0.029666156267916348,Healthcare,2023-04-28,0.018249515239302235,1.0,0.15,1.0027411774611314,0.029747476466836363,0.029509794351889114
2023-05-01,2023-04-28,Equity,Risk Parity + Sentiment Tilt,Equity Risk Parity + Sentiment Tilt,ABT,0.02215768044459695,Healthcare,2023-04-28,0.018249515239302235,1.0,0.15,1.0027411774611314,0.022218418578822632,0.02204089358020686
2023-05-01,2023-04-28,Equity,Risk Parity + Sentiment Tilt,Equity Risk Parity + Sentiment Tilt,ADBE,0.01716430187207387,Tech,2023-04-28,-0.28437193504065855,1.0,0.15,0.9582411692546345,0.016447540695335577,0.01631612496793744
2023-05-01,2023-04-28,Equity,Risk Parity + Sentiment Tilt,Equity Risk Parity + Sentiment Tilt,AEP,0.025222786268459432,Utilities,2023-04-28,0.296852223077662,1.0,0.15,1.0455340771381099,0.02637128256404552,0.026160576213183066
2023-05-01,2023-04-28,Equity,Risk Parity + Sentiment Tilt,Equity Risk Parity + Sentiment Tilt,AMD,0.014169031798466852,Tech,2023-04-28,-0.28437193504065855,1.0,0.15,0.9582411692546345,0.013577349597768974,0.013468866675818482
2023-05-01,2023-04-28,Equity,Risk Parity + Sentiment Tilt,Equity Risk Parity + Sentiment Tilt,AMGN,0.026696976195289046,Healthcare,2023-04-28,0.018249515239302235,1.0,0.15,1.0027411774611314,0.026770157344715936,0.02655626398733296
2023-05-01,2023-04-28,Equity,Risk Parity + Sentiment Tilt,Equity Risk Parity + Sentiment Tilt,AMT,0.019003322216694273,RealEstate,2023-04-28,-0.14134974643791723,0.6,0.15,0.9790207300412076,0.018604646389796326,0.018455995403999184
2023-05-01,2023-04-28,Equity,Risk Parity + Sentiment Tilt,Equity Risk Parity + Sentiment Tilt,BA,0.011650553245132294,Industrials,2023-04-28,0.4946060434031936,0.8,0.15,1.0770123945494372,0.012547790248365649,0.012447533497932687
2023-05-01,2023-04-28,Equity,Risk Parity + Sentiment Tilt,Equity Risk Parity + Sentiment Tilt,CAT,0.018220791631405633,Industrials,2023-04-28,0.4946060434031936,0.8,0.15,1.0770123945494372,0.019624018425526527,0.01946722266477207
2023-05-01,2023-04-28,Equity,Risk Parity + Sentiment Tilt,Equity Risk Parity + Sentiment Tilt,CCI,0.019964983637398917,RealEstate,2023-04-28,-0.14134974643791723,0.6,0.15,0.9790207300412076,0.019546132855947054,0.01938995940031223
2023-05-01,2023-04-28,Equity,Risk Parity + Sentiment Tilt,Equity Risk Parity + Sentiment Tilt,CMCSA,0.02031764083223823,Comm,2023-04-28,0.052427098656595394,0.6,0.15,1.0078950677725786,0.020478049983587664,0.020314430517058436
2023-05-01,2023-04-28,Equity,Risk Parity + Sentiment Tilt,Equity Risk Parity + Sentiment Tilt,COP,0.013654850827695918,Energy,2023-04-28,0.06324647999350581,0.8,0.15,1.0095321159647928,0.013785010449267462,0.01367486831866339
2023-05-01,2023-04-28,Equity,Risk Parity + Sentiment Tilt,Equity Risk Parity + Sentiment Tilt,CVX,0.015410395316978796,Energy,2023-04-28,0.06324647999350581,0.8,0.15,1.0095321159647928,0.015557288992203537,0.015432986369268955
2023-05-01,2023-04-28,Equity,Risk Parity + Sentiment Tilt,Equity Risk Parity + Sentiment Tilt,D,0.021810507770362635,Utilities,2023-04-28,0.296852223077662,1.0,0.15,1.0455340771381099,0.02280362911359967,0.022621428287178797
2023-05-01,2023-04-28,Equity,Risk Parity + Sentiment Tilt,Equity Risk Parity + Sentiment Tilt,DD,0.015632246209067974,Materials,2023-04-28,-0.1555577632911027,0.8,0.15,0.9769364603756914,0.015271711279208186,0.015149690420069004
2023-05-01,2023-04-28,Equity,Risk Parity + Sentiment Tilt,Equity Risk Parity + Sentiment Tilt,DIS,0.017272566033407787,Consumer,2023-04-28,-0.9380569608094779,1.0,0.15,0.8687424749042049,0.015005411763808985,0.014885518635810294
2023-05-01,2023-04-28,Equity,Risk Parity + Sentiment Tilt,Equity Risk Parity + Sentiment Tilt,DOW,0.014586127210617292,Materials,2023-04-28,-0.1555577632911027,0.8,0.15,0.9769364603756914,0.014249719487730014,0.014135864335377021
2023-05-01,2023-04-28,Equity,Risk Parity + Sentiment Tilt,Equity Risk Parity + Sentiment Tilt,DUK,0.02227615713966433,Utilities,2023-04-28,0.296852223077662,1.0,0.15,1.0455340771381099,0.023290481397202464,0.023104390624669267
2023-05-01,2023-04-28,Equity,Risk Parity + Sentiment Tilt,Equity Risk Parity + Sentiment Tilt,EA,0.031224102850322014,Comm,2023-04-28,0.052427098656595394,0.6,0.15,1.0078950677725786,0.03147061925846327,0.03121916924547174
2023-05-01,2023-04-28,Equity,Risk Parity + Sentiment Tilt,Equity Risk Parity + Sentiment Tilt,GE,0.015032384115460547,Industrials,2023-04-28,0.4946060434031936,0.8,0.15,1.0770123945494372,0.01619006401197909,0.01606070552135927
2023-05-01,2023-04-28,Equity,Risk Parity + Sentiment Tilt,Equity Risk Parity + Sentiment Tilt,GILD,0.033810239732778434,Healthcare,2023-04-28,0.018249515239302235,1.0,0.15,1.0027411774611314,0.03390291959988938,0.03363203552532353
2023-05-01,2023-04-28,Equity,Risk Parity + Sentiment Tilt,Equity Risk Parity + Sentiment Tilt,GS,0.015635240391856802,Financials,2023-04-28,1.2969987443764202,1.0,0.15,1.2147639907846242,0.01899312701528892,0.018841372072193552
2023-05-01,2023-04-28,Equity,Risk Parity + Sentiment Tilt,Equity Risk Parity + Sentiment Tilt,INTC,0.015844628766368083,Tech,2023-04-28,-0.28437193504065855,1.0,0.15,0.9582411692546345,0.015182975595490169,0.015061663733801607
2023-05-01,2023-04-28,Equity,Risk Parity + Sentiment Tilt,Equity Risk Parity + Sentiment Tilt,KO,0.024836845663511554,Consumer,2023-04-28,-0.9380569608094779,1.0,0.15,0.8687424749042049,0.021576822770532796,0.021404424117636656
2023-05-01,2023-04-28,Equity,Risk Parity + Sentiment Tilt,Equity Risk Parity + Sentiment Tilt,MMM,0.022300356141645217,Industrials,2023-04-28,0.4946060434031936,0.8,0.15,1.0770123945494372,0.02401775996741856,0.023825858244537444
2023-05-01,2023-04-28,Equity,Risk Parity + Sentiment Tilt,Equity Risk Parity + Sentiment Tilt,MRK,0.03146350716202283,Healthcare,2023-04-28,0.018249515239302235,1.0,0.15,1.0027411774611314,0.03154975421870351,0.031297671917970296
2023-05-01,2023-04-28,Equity,Risk Parity + Sentiment Tilt,Equity Risk Parity + Sentiment Tilt,MS,0.014034516537316986,Financials,2023-04-28,1.2969987443764202,1.0,0.15,1.2147639907846242,0.017048625317603986,0.016912406928560168
2023-05-01,2023-04-28,Equity,Risk Parity + Sentiment Tilt,Equity Risk Parity + Sentiment Tilt,NEE,0.020288443533238987,Utilities,2023-04-28,0.296852223077662,1.0,0.15,1.0455340771381099,0.021212259086093678,0.021042773294315257
2023-05-01,2023-04-28,Equity,Risk Parity + Sentiment Tilt,Equity Risk Parity + Sentiment Tilt,NEM,0.03352352356783986,Materials,2023-04-28,-0.1555577632911027,0.8,0.15,0.9769364603756914,0.032750352453686536,0.03248867738201657
2023-05-01,2023-04-28,Equity,Risk Parity + Sentiment Tilt,Equity Risk Parity + Sentiment Tilt,NKE,0.01788928430396519,Consumer,2023-04-28,-0.9380569608094779,1.0,0.15,0.8687424749042049,0.015541181120491666,0.015417007199331841
2023-05-01,2023-04-28,Equity,Risk Parity + Sentiment Tilt,Equity Risk Parity + Sentiment Tilt,NUE,0.015059030349645737,Materials,2023-04-28,-0.1555577632911027,0.8,0.15,0.9769364603756914,0.014711715806473017,0.014594169306981417
2023-05-01,2023-04-28,Equity,Risk Parity + Sentiment Tilt,Equity Risk Parity + Sentiment Tilt,NVDA,0.012872005515550471,Tech,2023-04-28,-0.28437193504065855,1.0,0.15,0.9582411692546345,0.012334485615873188,0.012235933167861824
2023-05-01,2023-04-28,Equity,Risk Parity + Sentiment Tilt,Equity Risk Parity + Sentiment Tilt,O,0.01809966974994808,RealEstate,2023-04-28,-0.14134974643791723,0.6,0.15,0.9790207300412076,0.01771995189209893,0.0175783696087354
2023-05-01,2023-04-28,Equity,Risk Parity + Sentiment Tilt,Equity Risk Parity + Sentiment Tilt,OXY,0.010960962235835146,Energy,2023-04-28,0.06324647999350581,0.8,0.15,1.0095321159647928,0.01106544339895284,0.010977030588783068
2023-05-01,2023-04-28,Equity,Risk Parity + Sentiment Tilt,Equity Risk Parity + Sentiment Tilt,PLD,0.01681930899381732,RealEstate,2023-04-28,-0.14134974643791723,0.6,0.15,0.9790207300412076,0.01646645216991568,0.016334885339976797
2023-05-01,2023-04-28,Equity,Risk Parity + Sentiment Tilt,Equity Risk Parity + Sentiment Tilt,PSA,0.02510029054534787,RealEstate,2023-04-28,-0.14134974643791723,0.6,0.15,0.9790207300412076,0.02457370477395289,0.024377361056216903
2023-05-01,2023-04-28,Equity,Risk Parity + Sentiment Tilt,Equity Risk Parity + Sentiment Tilt,QCOM,0.015425623144216935,Tech,2023-04-28,-0.28437193504065855,1.0,0.15,0.9582411692546345,0.014781467158195788,0.014663363345924517
2023-05-01,2023-04-28,Equity,Risk Parity + Sentiment Tilt,Equity Risk Parity + Sentiment Tilt,SBUX,0.017180161055784193,Consumer,2023-04-28,-0.9380569608094779,1.0,0.15,0.8687424749042049,0.014925135634854796,0.014805883912527303
2023-05-01,2023-04-28,Equity,Risk Parity + Sentiment Tilt,Equity Risk Parity + Sentiment Tilt,SHW,0.01984512558137978,Materials,2023-04-28,-0.1555577632911027,0.8,0.15,0.9769364603756914,0.019387426741184245,0.01923252134622186
2023-05-01,2023-04-28,Equity,Risk Parity + Sentiment Tilt,Equity Risk Parity + Sentiment Tilt,SLB,0.013183520373849697,Energy,2023-04-28,0.06324647999350581,0.8,0.15,1.0095321159647928,0.01330918721887744,0.01320284691233284
2023-05-01,2023-04-28,Equity,Risk Parity + Sentiment Tilt,Equity Risk Parity + Sentiment Tilt,SO,0.020417715000723414,Utilities,2023-04-28,0.296852223077662,1.0,0.15,1.0455340771381099,0.021347416810550298,0.021176851109562227
2023-05-01,2023-04-28,Equity,Risk Parity + Sentiment Tilt,Equity Risk Parity + Sentiment Tilt,T,0.023384508001931002,Comm,2023-04-28,0.052427098656595394,0.6,0.15,1.0078950677725786,0.023569130277434656,0.023380813102428125
2023-05-01,2023-04-28,Equity,Risk Parity + Sentiment Tilt,Equity Risk Parity + Sentiment Tilt,TMUS,0.022844369169446054,Comm,2023-04-28,0.052427098656595394,0.6,0.15,1.0078950677725786,0.023024727012260635,0.022840759615279645
2023-05-01,2023-04-28,Equity,Risk Parity + Sentiment Tilt,Equity Risk Parity + Sentiment Tilt,TTWO,0.026281990986839348,Comm,2023-04-28,0.052427098656595394,0.6,0.15,1.0078950677725786,0.026489489086878745,0.026277838266781095
2023-05-01,2023-04-28,Equity,Risk Parity + Sentiment Tilt,Equity Risk Parity + Sentiment Tilt,UPS,0.022018566573582154,Industrials,2023-04-28,0.4946060434031936,0.8,0.15,1.0770123945494372,0.023714269109959912,0.02352479227676476
2023-05-01,2023-04-28,Equity,Risk Parity + Sentiment Tilt,Equity Risk Parity + Sentiment Tilt,USB,0.015025467210676702,Financials,2023-04-28,1.2969987443764202,1.0,0.15,1.2147639907846242,0.018252396512245146,0.018106560000340593
2023-05-01,2023-04-28,Equity,Risk Parity + Sentiment Tilt,Equity Risk Parity + Sentiment Tilt,V,0.01763995926402714,Financials,2023-04-28,1.2969987443764202,1.0,0.15,1.2147639907846242,0.02142838731284781,0.021257174658150715
2023-05-01,2023-04-28,Equity,Risk Parity + Sentiment Tilt,Equity Risk Parity + Sentiment Tilt,WFC,0.014117150069659955,Financials,2023-04-28,1.2969987443764202,1.0,0.15,1.2147639907846242,0.017149005557125563,0.017011985130717163
2023-05-01,2023-04-28,Equity,Risk Parity + Sentiment Tilt,Equity Risk Parity + Sentiment Tilt,WMT,0.03549489126698692,Consumer,2023-04-28,-0.9380569608094779,1.0,0.15,0.8687424749042049,0.030835919685737866,0.03058954091759528
2023-05-01,2023-04-28,Equity,Risk Parity + Sentiment Tilt,Equity Risk Parity + Sentiment Tilt,XOM,0.017469537226958945,Energy,2023-04-28,0.06324647999350581,0.8,0.15,1.0095321159647928,0.017636058881657583,0.017495146902821338
2023-06-01,2023-05-31,Equity,Risk Parity + Sentiment Tilt,Equity Risk Parity + Sentiment Tilt,ABBV,0.029605772631280513,Healthcare,2023-05-31,1.3471535403247281,1.0,0.15,1.2239373902786481,0.0362356120915125,0.035823410343735144
2023-06-01,2023-05-31,Equity,Risk Parity + Sentiment Tilt,Equity Risk Parity + Sentiment Tilt,ABT,0.022246835869492616,Healthcare,2023-05-31,1.3471535403247281,1.0,0.15,1.2239373902786481,0.02722873423606421,0.026918991107853067
2023-06-01,2023-05-31,Equity,Risk Parity + Sentiment Tilt,Equity Risk Parity + Sentiment Tilt,ADBE,0.017087110755475313,Tech,2023-05-31,-0.09957196158382853,1.0,0.15,0.9851751914967659,0.01683379761065184,0.016642303100242666
2023-06-01,2023-05-31,Equity,Risk Parity + Sentiment Tilt,Equity Risk Parity + Sentiment Tilt,AEP,0.025247490592382796,Utilities,2023-05-31,-0.42070610283051446,0.2,0.15,0.9388440303588478,0.02370345582419976,0.023433814845197586
2023-06-01,2023-05-31,Equity,Risk Parity + Sentiment Tilt,Equity Risk Parity + Sentiment Tilt,AMD,0.014218554871001576,Tech,2023-05-31,-0.09957196158382853,1.0,0.15,0.9851751914967659,0.014007767517846251,0.013848420789033368
2023-06-01,2023-05-31,Equity,Risk Parity + Sentiment Tilt,Equity Risk Parity + Sentiment Tilt,AMGN,0.02660775464818161,Healthcare,2023-05-31,1.3471535403247281,1.0,0.15,1.2239373902786481,0.03256622578526997,0.03219576550014223
2023-06-01,2023-05-31,Equity,Risk Parity + Sentiment Tilt,Equity Risk Parity + Sentiment Tilt,AMT,0.01898246541421345,RealEstate,2023-05-31,0.08985760283079039,0.8,0.15,1.0135698867965919,0.019240055321004545,0.019021188190773048
2023-06-01,2023-05-31,Equity,Risk Parity + Sentiment Tilt,Equity Risk Parity + Sentiment Tilt,BA,0.01169946073622712,Industrials,2023-05-31,-0.17338128345014578,0.8,0.15,0.9743280817117473,0.011399113136190075,0.011269441410320432
2023-06-01,2023-05-31,Equity,Risk Parity + Sentiment Tilt,Equity Risk Parity + Sentiment Tilt,CAT,0.018195858027818826,Industrials,2023-05-31,-0.17338128345014578,0.8,0.15,0.9743280817117473,0.017728735447344015,0.017527060484083517
2023-06-01,2023-05-31,Equity,Risk Parity + Sentiment Tilt,Equity Risk Parity + Sentiment Tilt,CCI,0.019939332238961452,RealEstate,2023-05-31,0.08985760283079039,0.8,0.15,1.0135698867965919,0.020209906720243795,0.01998000695060659
2023-06-01,2023-05-31,Equity,Risk Parity + Sentiment Tilt,Equity Risk Parity + Sentiment Tilt,CMCSA,0.020329472237976435,Comm,2023-05-31,-0.6546235680040765,0.8,0.15,0.9064734522550169,0.018428126882081022,0.018218495923181453
2023-06-01,2023-05-31,Equity,Risk Parity + Sentiment Tilt,Equity Risk Parity + Sentiment Tilt,COP,0.013640694856844597,Energy,2023-05-31,0.28700933893191977,0.8,0.15,1.043991555514184,0.014240770241891522,0.014078772967812679
2023-06-01,2023-05-31,Equity,Risk Parity + Sentiment Tilt,Equity Risk Parity + Sentiment Tilt,CVX,0.015403109535230023,Energy,2023-05-31,0.28700933893191977,0.8,0.15,1.043991555514184,0.016080716283440155,0.015897788523290678
2023-06-01,2023-05-31,Equity,Risk Parity + Sentiment Tilt,Equity Risk Parity + Sentiment Tilt,D,0.021813288781512216,Utilities,2023-05-31,-0.42070610283051446,0.2,0.15,0.9388440303588478,0.02047927595501637,0.020246311949315202
2023-06-01,2023-05-31,Equity,Risk Parity + Sentiment Tilt,Equity Risk Parity + Sentiment Tilt,DD,0.015603434675824927,Materials,2023-05-31,0.4628814471903519,0.6,0.15,1.071899402269298,0.016725312302364778,0.01653505187718566
2023-06-01,2023-05-31,Equity,Risk Parity + Sentiment Tilt,Equity Risk Parity + Sentiment Tilt,DIS,0.0171803238633359,Consumer,2023-05-31,-0.10188505220189838,1.0,0.15,0.9848334308655516,0.016919757293710404,0.016727284940523092
2023-06-01,2023-05-31,Equity,Risk Parity + Sentiment Tilt,Equity Risk Parity + Sentiment Tilt,DOW,0.014607340973306593,Materials,2023-05-31,0.4628814471903519,0.6,0.15,1.071899402269298,0.015657600058031164,0.015479485497868099
2023-06-01,2023-05-31,Equity,Risk Parity + Sentiment Tilt,Equity Risk Parity + Sentiment Tilt,DUK,0.022297736793880987,Utilities,2023-05-31,-0.42070610283051446,0.2,0.15,0.9388440303588478,0.020934097079448,0.02069595921158208
2023-06-01,2023-05-31,Equity,Risk Parity + Sentiment Tilt,Equity Risk Parity + Sentiment Tilt,EA,0.031325272862969517,Comm,2023-05-31,-0.6546235680040765,0.8,0.15,0.9064734522550169,0.028395528234926373,0.0280725121275142
2023-06-01,2023-05-31,Equity,Risk Parity + Sentiment Tilt,Equity Risk Parity + Sentiment Tilt,GE,0.015087059306057466,Industrials,2023-05-31,-0.17338128345014578,0.8,0.15,0.9743280817117473,0.014699745552342337,0.014532527159749566
2023-06-01,2023-05-31,Equity,Risk Parity + Sentiment Tilt,Equity Risk Parity + Sentiment Tilt,GILD,0.033853036208943144,Healthcare,2023-05-31,1.3471535403247281,1.0,0.15,1.2239373902786481,0.04143399679058245,0.04096266030946144
2023-06-01,2023-05-31,Equity,Risk Parity + Sentiment Tilt,Equity Risk Parity + Sentiment Tilt,GS,0.015640763719565465,Financials,2023-05-31,-0.8212842420791864,1.0,0.15,0.884093337676043,0.013827895000632993,0.01367059442922419
2023-06-01,2023-05-31,Equity,Risk Parity + Sentiment Tilt,Equity Risk Parity + Sentiment Tilt,INTC,0.015869343083341345,Tech,2023-05-31,-0.09957196158382853,1.0,0.15,0.9851751914967659,0.015634083111058687,0.015456236070224947
2023-06-01,2023-05-31,Equity,Risk Parity + Sentiment Tilt,Equity Risk Parity + Sentiment Tilt,KO,0.024941072664513567,Consumer,2023-05-31,-0.10188505220189838,1.0,0.15,0.9848334308655516,0.024562802161659923,0.0242833856043854
2023-06-01,2023-05-31,Equity,Risk Parity + Sentiment Tilt,Equity Risk Parity + Sentiment Tilt,MMM,0.022195332931518975,Industrials,2023-05-31,-0.17338128345014578,0.8,0.15,0.9743280817117473,0.021625536158120455,0.02137953275741931
2023-06-01,2023-05-31,Equity,Risk Parity + Sentiment Tilt,Equity Risk Parity + Sentiment Tilt,MRK,0.03174185747061086,Healthcare,2023-05-31,1.3471535403247281,1.0,0.15,1.2239373902786481,0.03885004619517627,0.03840810369666295
2023-06-01,2023-05-31,Equity,Risk Parity + Sentiment Tilt,Equity Risk Parity + Sentiment Tilt,MS,0.014029431223222854,Financials,2023-05-31,-0.8212842420791864,1.0,0.15,0.884093337676043,0.012403326675835583,0.012262231420672764
2023-06-01,2023-05-31,Equity,Risk Parity + Sentiment Tilt,Equity Risk Parity + Sentiment Tilt,NEE,0.020341737595442992,Utilities,2023-05-31,-0.42070610283051446,0.2,0.15,0.9388440303588478,0.019097718908607796,0.01888047094015047
2023-06-01,2023-05-31,Equity,Risk Parity + Sentiment Tilt,Equity Risk Parity + Sentiment Tilt,NEM,0.03352735799607255,Materials,2023-05-31,0.4628814471903519,0.6,0.15,1.071899402269298,0.03593795499565894,0.03552913927527473
2023-06-01,2023-05-31,Equity,Risk Parity + Sentiment Tilt,Equity Risk Parity + Sentiment Tilt,NKE,0.017868648151930684,Consumer,2023-05-31,-0.10188505220189838,1.0,0.15,0.9848334308655516,0.017597642064395295,0.01739745836672835
2023-06-01,2023-05-31,Equity,Risk Parity + Sentiment Tilt,Equity Risk Parity + Sentiment Tilt,NUE,0.01504553912657304,Materials,2023-05-31,0.4628814471903519,0.6,0.15,1.071899402269298,0.01612730439659298,0.01594384666880783
2023-06-01,2023-05-31,Equity,Risk Parity + Sentiment Tilt,Equity Risk Parity + Sentiment Tilt,NVDA,0.012907410709451807,Tech,2023-05-31,-0.09957196158382853,1.0,0.15,0.9851751914967659,0.012716060817411591,0.012571408024448066
2023-06-01,2023-05-31,Equity,Risk Parity + Sentiment Tilt,Equity Risk Parity + Sentiment Tilt,O,0.018112768797502992,RealEstate,2023-05-31,0.08985760283079039,0.8,0.15,1.0135698867965919,0.01835855701965795,0.018149717459529594
2023-06-01,2023-05-31,Equity,Risk Parity + Sentiment Tilt,Equity Risk Parity + Sentiment Tilt,OXY,0.011002382995434684,Energy,2023-05-31,0.28700933893191977,0.8,0.15,1.043991555514184,0.011486394937766663,0.011355730329230429
2023-06-01,2023-05-31,Equity,Risk Parity + Sentiment Tilt,Equity Risk Parity + Sentiment Tilt,PLD,0.016831858802869644,RealEstate,2023-05-31,0.08985760283079039,0.8,0.15,1.0135698867965919,0.017060265221400802,0.01686619450654585
2023-06-01,2023-05-31,Equity,Risk Parity + Sentiment Tilt,Equity Risk Parity + Sentiment Tilt,PSA,0.02507538294420466,RealEstate,2023-05-31,0.08985760283079039,0.8,0.15,1.0135698867965919,0.025415653052138706,0.02512653480618397
2023-06-01,2023-05-31,Equity,Risk Parity + Sentiment Tilt,Equity Risk Parity + Sentiment Tilt,QCOM,0.015393727000786365,Tech,2023-05-31,-0.09957196158382853,1.0,0.15,0.9851751914967659,0.015165517945848644,0.014993001113859159
2023-06-01,2023-05-31,Equity,Risk Parity + Sentiment Tilt,Equity Risk Parity + Sentiment Tilt,SBUX,0.017119095354581813,Consumer,2023-05-31,-0.10188505220189838,1.0,0.15,0.9848334308655516,0.016859457411367334,0.016667671005386592
2023-06-01,2023-05-31,Equity,Risk Parity + Sentiment Tilt,Equity Risk Parity + Sentiment Tilt,SHW,0.01984744366295604,Materials,2023-05-31,0.4628814471903519,0.6,0.15,1.071899402269298,0.021274462998896147,0.021032453265239028
2023-06-01,2023-05-31,Equity,Risk Parity + Sentiment Tilt,Equity Risk Parity + Sentiment Tilt,SLB,0.013159794572770339,Energy,2023-05-31,0.28700933893191977,0.8,0.15,1.043991555514184,0.013738714406273623,0.013582428317434342
2023-06-01,2023-05-31,Equity,Risk Parity + Sentiment Tilt,Equity Risk Parity + Sentiment Tilt,SO,0.020484207277826374,Utilities,2023-05-31,-0.42070610283051446,0.2,0.15,0.9388440303588478,0.019231475719420556,0.01901270618728563
2023-06-01,2023-05-31,Equity,Risk Parity + Sentiment Tilt,Equity Risk Parity + Sentiment Tilt,T,0.023292810976192586,Comm,2023-05-31,-0.6546235680040765,0.8,0.15,0.9064734522550169,0.021114314778312843,0.020874126826395223
2023-06-01,2023-05-31,Equity,Risk Parity + Sentiment Tilt,Equity Risk Parity + Sentiment Tilt,TMUS,0.022924482760404437,Comm,2023-05-31,-0.6546235680040765,0.8,0.15,0.9064734522550169,0.02078043502898443,0.02054404515879572
2023-06-01,2023-05-31,Equity,Risk Parity + Sentiment Tilt,Equity Risk Parity + Sentiment Tilt,TTWO,0.026115607319204124,Comm,2023-05-31,-0.6546235680040765,0.8,0.15,0.9064734522550169,0.02367310472437535,0.023403809007276382
2023-06-01,2023-05-31,Equity,Risk Parity + Sentiment Tilt,Equity Risk Parity + Sentiment Tilt,UPS,0.021972514020907295,Industrials,2023-05-31,-0.17338128345014578,0.8,0.15,0.9743280817117473,0.021408437436375077,0.02116490366340694
2023-06-01,2023-05-31,Equity,Risk Parity + Sentiment Tilt,Equity Risk Parity + Sentiment Tilt,USB,0.014883504858668116,Financials,2023-05-31,-0.8212842420791864,1.0,0.15,0.884093337676043,0.013158407486817498,0.013008722736071886
2023-06-01,2023-05-31,Equity,Risk Parity + Sentiment Tilt,Equity Risk Parity + Sentiment Tilt,V,0.0176354166540833,Financials,2023-05-31,-0.8212842420791864,1.0,0.15,0.884093337676043,0.01559135437101618,0.015413993395141998
2023-06-01,2023-05-31,Equity,Risk Parity + Sentiment Tilt,Equity Risk Parity + Sentiment Tilt,WFC,0.014103230888649211,Financials,2023-05-31,-0.8212842420791864,1.0,0.15,0.884093337676043,0.012468572468361748,0.012326735003307552
2023-06-01,2023-05-31,Equity,Risk Parity + Sentiment Tilt,Equity Risk Parity + Sentiment Tilt,WMT,0.03555312967954677,Consumer,2023-05-31,-0.10188505220189838,1.0,0.15,0.9848334308655516,0.03501391068031592,0.03461560651637641
2023-06-01,2023-05-31,Equity,Risk Parity + Sentiment Tilt,Equity Risk Parity + Sentiment Tilt,XOM,0.01741274088025012,Energy,2023-05-31,0.28700933893191977,0.8,0.15,1.043991555514184,0.018178754437337744,0.017971960239062255
2023-07-03,2023-06-30,Equity,Risk Parity + Sentiment Tilt,Equity Risk Parity + Sentiment Tilt,ABBV,0.029637224526684297,Healthcare,2023-06-30,0.662040085420684,1.0,0.15,1.1044042096928401,0.03273147553088203,0.03371621702440793
2023-07-03,2023-06-30,Equity,Risk Parity + Sentiment Tilt,Equity Risk Parity + Sentiment Tilt,ABT,0.022323693282601108,Healthcare,2023-06-30,0.662040085420684,1.0,0.15,1.1044042096928401,0.02465438083719644,0.02539611922246021
2023-07-03,2023-06-30,Equity,Risk Parity + Sentiment Tilt,Equity Risk Parity + Sentiment Tilt,ADBE,0.017078664802902366,Tech,2023-06-30,-0.41011192594084195,1.0,0.15,0.9403371583887288,0.01605970312983481,0.016542866683849813
2023-07-03,2023-06-30,Equity,Risk Parity + Sentiment Tilt,Equity Risk Parity + Sentiment Tilt,AEP,0.02522109262459051,Utilities,2023-06-30,0.03750994806093784,1.0,0.15,1.0056423506449348,0.025363398872826827,0.026126468391747704
2023-07-03,2023-06-30,Equity,Risk Parity + Sentiment Tilt,Equity Risk Parity + Sentiment Tilt,AMD,0.01430652911015601,Tech,2023-06-30,-0.41011192594084195,1.0,0.15,0.9403371583887288,0.01345296092984973,0.013857699446019178
2023-07-03,2023-06-30,Equity,Risk Parity + Sentiment Tilt,Equity Risk Parity + Sentiment Tilt,AMGN,0.02663860798245964,Healthcare,2023-06-30,0.662040085420684,1.0,0.15,1.1044042096928401,0.029419790796185723,0.03030489873152831
2023-07-03,2023-06-30,Equity,Risk Parity + Sentiment Tilt,Equity Risk Parity + Sentiment Tilt,AMT,0.018963566087167903,RealEstate,2023-06-30,0.4310076245350297,0.4,0.15,1.0667868041438293,0.02023008206130015,0.020838713383294797
2023-07-03,2023-06-30,Equity,Risk Parity + Sentiment Tilt,Equity Risk Parity + Sentiment Tilt,BA,0.011699411640991895,Industrials,2023-06-30,-0.36261593917234025,0.8,0.15,0.9470604157165242,0.011080049652356526,0.011413398041515097
2023-07-03,2023-06-30,Equity,Risk Parity + Sentiment Tilt,Equity Risk Parity + Sentiment Tilt,CAT,0.018027679551295264,Industrials,2023-06-30,-0.36261593917234025,0.8,0.15,0.9470604157165242,0.017073301690253975,0.017586959823081384
2023-07-03,2023-06-30,Equity,Risk Parity + Sentiment Tilt,Equity Risk Parity + Sentiment Tilt,CCI,0.01991677752608187,RealEstate,2023-06-30,0.4310076245350297,0.4,0.15,1.0667868041438293,0.02124695544589252,0.021886179871290812
2023-07-03,2023-06-30,Equity,Risk Parity + Sentiment Tilt,Equity Risk Parity + Sentiment Tilt,CMCSA,0.020350426995424494,Comm,2023-06-30,-0.3674216722251822,0.6,0.15,0.9463779637907828,0.01925919566220281,0.0198386174204004
2023-07-03,2023-06-30,Equity,Risk Parity + Sentiment Tilt,Equity Risk Parity + Sentiment Tilt,COP,0.01364673696104108,Energy,2023-06-30,-0.32754828305350814,1.0,0.15,0.9520552192509644,0.012992447149504205,0.013383330896816108
2023-07-03,2023-06-30,Equity,Risk Parity + Sentiment Tilt,Equity Risk Parity + Sentiment Tilt,CVX,0.015402247922203776,Energy,2023-06-30,-0.32754828305350814,1.0,0.15,0.9520552192509644,0.014663790522531426,0.015104957403819267
2023-07-03,2023-06-30,Equity,Risk Parity + Sentiment Tilt,Equity Risk Parity + Sentiment Tilt,D,0.02182275984722942,Utilities,2023-06-30,0.03750994806093784,1.0,0.15,1.0056423506449348,0.021945891510327692,0.0226061437486433
2023-07-03,2023-06-30,Equity,Risk Parity + Sentiment Tilt,Equity Risk Parity + Sentiment Tilt,DD,0.01556722991750458,Materials,2023-06-30,-0.4895529230447557,0.4,0.15,0.9291984571847053,0.014465046021984842,0.014900233583577374
2023-07-03,2023-06-30,Equity,Risk Parity + Sentiment Tilt,Equity Risk Parity + Sentiment Tilt,DIS,0.017185987764581384,Consumer,2023-06-30,-1.2155062831501016,1.0,0.15,0.8333296786092137,0.014321593660440484,0.014752465391766712
2023-07-03,2023-06-30,Equity,Risk Parity + Sentiment Tilt,Equity Risk Parity + Sentiment Tilt,DOW,0.014578188418212604,Materials,2023-06-30,-0.4895529230447557,0.4,0.15,0.9291984571847053,0.01354603018675109,0.013953568734314048
2023-07-03,2023-06-30,Equity,Risk Parity + Sentiment Tilt,Equity Risk Parity + Sentiment Tilt,DUK,0.022296422944652478,Utilities,2023-06-30,0.03750994806093784,1.0,0.15,1.0056423506449348,0.022422227181033975,0.02309681019705462
2023-07-03,2023-06-30,Equity,Risk Parity + Sentiment Tilt,Equity Risk Parity + Sentiment Tilt,EA,0.03130398989346072,Comm,2023-06-30,-0.3674216722251822,0.6,0.15,0.9463779637907828,0.0296254062139006,0.03051670018364122
2023-07-03,2023-06-30,Equity,Risk Parity + Sentiment Tilt,Equity Risk Parity + Sentiment Tilt,GE,0.01510727095721653,Industrials,2023-06-30,-0.36261593917234025,0.8,0.15,0.9470604157165242,0.01430749831308366,0.014737945979402648
2023-07-03,2023-06-30,Equity,Risk Parity + Sentiment Tilt,Equity Risk Parity + Sentiment Tilt,GILD,0.033783924228874475,Healthcare,2023-06-30,0.662040085420684,1.0,0.15,1.1044042096928401,0.037311108138312905,0.038433629984862806
2023-07-03,2023-06-30,Equity,Risk Parity + Sentiment Tilt,Equity Risk Parity + Sentiment Tilt,GS,0.015638496961313565,Financials,2023-06-30,-0.5923297234301546,1.0,0.15,0.9149833061530531,0.014308963652927161,0.014739455404669206
2023-07-03,2023-06-30,Equity,Risk Parity + Sentiment Tilt,Equity Risk Parity + Sentiment Tilt,INTC,0.015817538529873543,Tech,2023-06-30,-0.41011192594084195,1.0,0.15,0.9403371583887288,0.014873819233885519,0.015321304925540066
2023-07-03,2023-06-30,Equity,Risk Parity + Sentiment Tilt,Equity Risk Parity + Sentiment Tilt,KO,0.024967515351459205,Consumer,2023-06-30,-1.2155062831501016,1.0,0.15,0.8333296786092137,0.02080617154350211,0.021432134782494294
2023-07-03,2023-06-30,Equity,Risk Parity + Sentiment Tilt,Equity Risk Parity + Sentiment Tilt,MMM,0.021959537335050017,Industrials,2023-06-30,-0.36261593917234025,0.8,0.15,0.9470604157165242,0.020797008557475002,0.02142269612381879
2023-07-03,2023-06-30,Equity,Risk Parity + Sentiment Tilt,Equity Risk Parity + Sentiment Tilt,MRK,0.031897377416745955,Healthcare,2023-06-30,0.662040085420684,1.0,0.15,1.1044042096928401,0.035227597897215565,0.03628743638002102
2023-07-03,2023-06-30,Equity,Risk Parity + Sentiment Tilt,Equity Risk Parity + Sentiment Tilt,MS,0.01403335311732029,Financials,2023-06-30,-0.5923297234301546,1.0,0.15,0.9149833061530531,0.012840283831698975,0.01322658967561957
2023-07-03,2023-06-30,Equity,Risk Parity + Sentiment Tilt,Equity Risk Parity + Sentiment Tilt,NEE,0.02035232548302092,Utilities,2023-06-30,0.03750994806093784,1.0,0.15,1.0056423506449348,0.020467160439835964,0.021082924373873775
2023-07-03,2023-06-30,Equity,Risk Parity + Sentiment Tilt,Equity Risk Parity + Sentiment Tilt,NEM,0.03335571369543478,Materials,2023-06-30,-0.4895529230447557,0.4,0.15,0.9291984571847053,0.030994077704092744,0.0319265487850249
2023-07-03,2023-06-30,Equity,Risk Parity + Sentiment Tilt,Equity Risk Parity + Sentiment Tilt,NKE,0.017842813433028713,Consumer,2023-06-30,-1.2155062831501016,1.0,0.15,0.8333296786092137,0.014868945983629978,0.015316285061309533
2023-07-03,2023-06-30,Equity,Risk Parity + Sentiment Tilt,Equity Risk Parity + Sentiment Tilt,NUE,0.015000730785108291,Materials,2023-06-30,-0.4895529230447557,0.4,0.15,0.9291984571847053,0.013938655902165737,0.0143580067749332
2023-07-03,2023-06-30,Equity,Risk Parity + Sentiment Tilt,Equity Risk Parity + Sentiment Tilt,NVDA,0.012972780334705376,Tech,2023-06-30,-0.41011192594084195,1.0,0.15,0.9403371583887288,0.012198787396338034,0.0125657935249967
2023-07-03,2023-06-30,Equity,Risk Parity + Sentiment Tilt,Equity Risk Parity + Sentiment Tilt,O,0.018149264570239368,RealEstate,2023-06-30,0.4310076245350297,0.4,0.15,1.0667868041438293,0.019361395948446485,0.019943892449254423
2023-07-03,2023-06-30,Equity,Risk Parity + Sentiment Tilt,Equity Risk Parity + Sentiment Tilt,OXY,0.01103197025480507,Energy,2023-06-30,-0.32754828305350814,1.0,0.15,0.9520552192509644,0.010503044859708557,0.010819033794333901
2023-07-03,2023-06-30,Equity,Risk Parity + Sentiment Tilt,Equity Risk Parity + Sentiment Tilt,PLD,0.016831758930053217,RealEstate,2023-06-30,0.4310076245350297,0.4,0.15,1.0667868041438293,0.017955898317110832,0.018496109775335747
2023-07-03,2023-06-30,Equity,Risk Parity + Sentiment Tilt,Equity Risk Parity + Sentiment Tilt,PSA,0.025007764653423654,RealEstate,2023-06-30,0.4310076245350297,0.4,0.15,1.0667868041438293,0.026677953333406838,0.027480571827796643
2023-07-03,2023-06-30,Equity,Risk Parity + Sentiment Tilt,Equity Risk Parity + Sentiment Tilt,QCOM,0.01538629476519386,Tech,2023-06-30,-0.41011192594084195,1.0,0.15,0.9403371583887288,0.014468304697633766,0.01490359029798176
2023-07-03,2023-06-30,Equity,Risk Parity + Sentiment Tilt,Equity Risk Parity + Sentiment Tilt,SBUX,0.01714296057848714,Consumer,2023-06-30,-1.2155062831501016,1.0,0.15,0.8333296786092137,0.014285737829281107,0.014715530821437933
2023-07-03,2023-06-30,Equity,Risk Parity + Sentiment Tilt,Equity Risk Parity + Sentiment Tilt,SHW,0.019805556090579362,Materials,2023-06-30,-0.4895529230447557,0.4,0.15,0.9291984571847053,0.018403292163051487,0.018956963670873926
2023-07-03,2023-06-30,Equity,Risk Parity + Sentiment Tilt,Equity Risk Parity + Sentiment Tilt,SLB,0.01315046845801496,Energy,2023-06-30,-0.32754828305350814,1.0,0.15,0.9520552192509644,0.012519972131048324,0.012896641250153535
2023-07-03,2023-06-30,Equity,Risk Parity + Sentiment Tilt,Equity Risk Parity + Sentiment Tilt,SO,0.020525372947582967,Utilities,2023-06-30,0.03750994806093784,1.0,0.15,1.0056423506449348,0.02064118429887129,0.021262183820736292
2023-07-03,2023-06-30,Equity,Risk Parity + Sentiment Tilt,Equity Risk Parity + Sentiment Tilt,T,0.023403264227110632,Comm,2023-06-30,-0.3674216722251822,0.6,0.15,0.9463779637907828,0.02214833354531063,0.022814676345345442
2023-07-03,2023-06-30,Equity,Risk Parity + Sentiment Tilt,Equity Risk Parity + Sentiment Tilt,TMUS,0.023117329005593466,Comm,2023-06-30,-0.3674216722251822,0.6,0.15,0.9463779637907828,0.021877730752595144,0.022535932343169373
2023-07-03,2023-06-30,Equity,Risk Parity + Sentiment Tilt,Equity Risk Parity + Sentiment Tilt,TTWO,0.026234402762358593,Comm,2023-06-30,-0.3674216722251822,0.6,0.15,0.9463779637907828,0.024827660667508213,0.025574612256152877
2023-07-03,2023-06-30,Equity,Risk Parity + Sentiment Tilt,Equity Risk Parity + Sentiment Tilt,UPS,0.021902099059422045,Industrials,2023-06-30,-0.36261593917234025,0.8,0.15,0.9470604157165242,0.020742611040280735,0.02136666203230402
2023-07-03,2023-06-30,Equity,Risk Parity + Sentiment Tilt,Equity Risk Parity + Sentiment Tilt,USB,0.014842048446433118,Financials,2023-06-30,-0.5923297234301546,1.0,0.15,0.9149833061530531,0.01358022655760116,0.013988793918706981
2023-07-03,2023-06-30,Equity,Risk Parity + Sentiment Tilt,Equity Risk Parity + Sentiment Tilt,V,0.017690155435208334,Financials,2023-06-30,-0.5923297234301546,1.0,0.15,0.9149833061530531,0.016186196906468324,0.016673166083923868
2023-07-03,2023-06-30,Equity,Risk Parity + Sentiment Tilt,Equity Risk Parity + Sentiment Tilt,WFC,0.014093815386359756,Financials,2023-06-30,-0.5923297234301546,1.0,0.15,0.9149833061530531,0.01289560579852222,0.01328357602925553
2023-07-03,2023-06-30,Equity,Risk Parity + Sentiment Tilt,Equity Risk Parity + Sentiment Tilt,WMT,0.03557815175212868,Consumer,2023-06-30,-1.2155062831501016,1.0,0.15,0.8333296786092137,0.029648329765111225,0.030540313400431843
2023-07-03,2023-06-30,Equity,Risk Parity + Sentiment Tilt,Equity Risk Parity + Sentiment Tilt,XOM,0.017410707248612795,Energy,2023-06-30,-0.32754828305350814,1.0,0.15,0.9520552192509644,0.01657595470689241,0.017074649927011104
2023-08-01,2023-07-31,Equity,Risk Parity + Sentiment Tilt,Equity Risk Parity + Sentiment Tilt,ABBV,0.029774253013423103,Healthcare,2023-07-31,-0.5646891532727747,1.0,0.15,0.9187847803660195,0.027356130515500243,0.02654836075784083
2023-08-01,2023-07-31,Equity,Risk Parity + Sentiment Tilt,Equity Risk Parity + Sentiment Tilt,ABT,0.02236077703035177,Healthcare,2023-07-31,-0.5646891532727747,1.0,0.15,0.9187847803660195,0.020544741612645287,0.019938098032544708
2023-08-01,2023-07-31,Equity,Risk Parity + Sentiment Tilt,Equity Risk Parity + Sentiment Tilt,ADBE,0.017087607390870698,Tech,2023-07-31,1.1829333671076494,1.0,0.15,1.1941564124183253,0.02040527593869501,0.01980275049049122
2023-08-01,2023-07-31,Equity,Risk Parity + Sentiment Tilt,Equity Risk Parity + Sentiment Tilt,AEP,0.02516278770243015,Utilities,2023-07-31,-0.8085979925773495,0.8,0.15,0.8857773137180966,0.022288626496717336,0.02163048961534761
2023-08-01,2023-07-31,Equity,Risk Parity + Sentiment Tilt,Equity Risk Parity + Sentiment Tilt,AMD,0.014364326233326627,Tech,2023-07-31,1.1829333671076494,1.0,0.15,1.1941564124183253,0.01715325228159576,0.01664675234255195
2023-08-01,2023-07-31,Equity,Risk Parity + Sentiment Tilt,Equity Risk Parity + Sentiment Tilt,AMGN,0.026636657694716407,Healthcare,2023-07-31,-0.5646891532727747,1.0,0.15,0.9187847803660195,0.02447335568972486,0.023750708289596377
2023-08-01,2023-07-31,Equity,Risk Parity + Sentiment Tilt,Equity Risk Parity + Sentiment Tilt,AMT,0.018989876470369944,RealEstate,2023-07-31,1.307737593394591,0.8,0.15,1.2167223427080531,0.023105406986765054,0.022423152272716726
2023-08-01,2023-07-31,Equity,Risk Parity + Sentiment Tilt,Equity Risk Parity + Sentiment Tilt,BA,0.011723583910149977,Industrials,2023-07-31,-0.7140163592244937,0.8,0.15,0.8984336202611871,0.010532861934831848,0.01022184838239473
2023-08-01,2023-07-31,Equity,Risk Parity + Sentiment Tilt,Equity Risk Parity + Sentiment Tilt,CAT,0.01803838681249563,Industrials,2023-07-31,-0.7140163592244937,0.8,0.15,0.8984336202611871,0.016206293167622104,0.015727754965841334
2023-08-01,2023-07-31,Equity,Risk Parity + Sentiment Tilt,Equity Risk Parity + Sentiment Tilt,CCI,0.019915141920719436,RealEstate,2023-07-31,1.307737593394591,0.8,0.15,1.2167223427080531,0.024231198133141108,0.02351570114307103
2023-08-01,2023-07-31,Equity,Risk Parity + Sentiment Tilt,Equity Risk Parity + Sentiment Tilt,CMCSA,0.020413794526662796,Comm,2023-07-31,1.069029482745835,0.8,0.15,1.1739268632592057,0.023964301775903196,0.023256685681330533
2023-08-01,2023-07-31,Equity,Risk Parity + Sentiment Tilt,Equity Risk Parity + Sentiment Tilt,COP,0.013615103916958122,Energy,2023-07-31,1.5009960283377008,1.0,0.15,1.2525098325064936,0.017053051526587724,0.016549510307876977
2023-08-01,2023-07-31,Equity,Risk Parity + Sentiment Tilt,Equity Risk Parity + Sentiment Tilt,CVX,0.015396410774277081,Energy,2023-07-31,1.5009960283377008,1.0,0.15,1.2525098325064936,0.01928415588009096,0.018714734780381655
2023-08-01,2023-07-31,Equity,Risk Parity + Sentiment Tilt,Equity Risk Parity + Sentiment Tilt,D,0.021788584449460115,Utilities,2023-07-31,-0.8085979925773495,0.8,0.15,0.8857773137180966,0.019299833803362674,0.018729949767118004
2023-08-01,2023-07-31,Equity,Risk Parity + Sentiment Tilt,Equity Risk Parity + Sentiment Tilt,DD,0.01558590550116874,Materials,2023-07-28,-0.44267682279009524,0.2,0.15,0.9357550612787159,0.01458458995733043,0.014153937285574843
2023-08-01,2023-07-31,Equity,Risk Parity + Sentiment Tilt,Equity Risk Parity + Sentiment Tilt,DIS,0.017164670938557194,Consumer,2023-07-31,-0.11690119489968276,1.0,0.15,0.9826176673192457,0.016866308917947517,0.016368281820893723
2023-08-01,2023-07-31,Equity,Risk Parity + Sentiment Tilt,Equity Risk Parity + Sentiment Tilt,DOW,0.01461087490760247,Materials,2023-07-28,-0.44267682279009524,0.2,0.15,0.9357550612787159,0.013672200144499201,0.013268488450291006
2023-08-01,2023-07-31,Equity,Risk Parity + Sentiment Tilt,Equity Risk Parity + Sentiment Tilt,DUK,0.022271021233065222,Utilities,2023-07-31,-0.8085979925773495,0.8,0.15,0.8857773137180966,0.019727165361583206,0.019144663111332415
2023-08-01,2023-07-31,Equity,Risk Parity + Sentiment Tilt,Equity Risk Parity + Sentiment Tilt,EA,0.031242459983529026,Comm,2023-07-31,1.069029482745835,0.8,0.15,1.1739268632592057,0.03667636304896549,0.03559338616833154
2023-08-01,2023-07-31,Equity,Risk Parity + Sentiment Tilt,Equity Risk Parity + Sentiment Tilt,GE,0.015155816876448062,Industrials,2023-07-31,-0.7140163592244937,0.8,0.15,0.8984336202611871,0.01361649542432283,0.01321442857488871
2023-08-01,2023-07-31,Equity,Risk Parity + Sentiment Tilt,Equity Risk Parity + Sentiment Tilt,GILD,0.033798583840892106,Healthcare,2023-07-31,-0.5646891532727747,1.0,0.15,0.9187847803660195,0.03105362443093655,0.030136675351942678
2023-08-01,2023-07-31,Equity,Risk Parity + Sentiment Tilt,Equity Risk Parity + Sentiment Tilt,GS,0.01561985610894921,Financials,2023-07-31,-0.31944538585388715,1.0,0.15,0.9532130835980996,0.01488905120697009,0.014449408426408773
2023-08-01,2023-07-31,Equity,Risk Parity + Sentiment Tilt,Equity Risk Parity + Sentiment Tilt,INTC,0.015811827853020554,Tech,2023-07-31,1.1829333671076494,1.0,0.15,1.1941564124183253,0.018881795622739176,0.018324255386348194
2023-08-01,2023-07-31,Equity,Risk Parity + Sentiment Tilt,Equity Risk Parity + Sentiment Tilt,KO,0.025006791158448158,Consumer,2023-07-31,-0.11690119489968276,1.0,0.15,0.9826176673192457,0.02457211479525387,0.02384655124370936
2023-08-01,2023-07-31,Equity,Risk Parity + Sentiment Tilt,Equity Risk Parity + Sentiment Tilt,MMM,0.021843075803282184,Industrials,2023-07-31,-0.7140163592244937,0.8,0.15,0.8984336202611871,0.01962455367158235,0.019045081331571168
2023-08-01,2023-07-31,Equity,Risk Parity + Sentiment Tilt,Equity Risk Parity + Sentiment Tilt,MRK,0.03194541853444673,Healthcare,2023-07-31,-0.5646891532727747,1.0,0.15,0.9187847803660195,0.029350964351872212,0.028484291291215907
2023-08-01,2023-07-31,Equity,Risk Parity + Sentiment Tilt,Equity Risk Parity + Sentiment Tilt,MS,0.014021408058535691,Financials,2023-07-31,-0.31944538585388715,1.0,0.15,0.9532130835980996,0.013365389611864049,0.012970737395912606
2023-08-01,2023-07-31,Equity,Risk Parity + Sentiment Tilt,Equity Risk Parity + Sentiment Tilt,NEE,0.020340345895916677,Utilities,2023-07-31,-0.8085979925773495,0.8,0.15,0.8857773137180966,0.018017016947781985,0.017485011830851827
2023-08-01,2023-07-31,Equity,Risk Parity + Sentiment Tilt,Equity Risk Parity + Sentiment Tilt,NEM,0.03313849807992413,Materials,2023-07-28,-0.44267682279009524,0.2,0.15,0.9357550612787159,0.031009517301464014,0.030093870614461032
2023-08-01,2023-07-31,Equity,Risk Parity + Sentiment Tilt,Equity Risk Parity + Sentiment Tilt,NKE,0.017844415301423014,Consumer,2023-07-31,-0.11690119489968276,1.0,0.15,0.9826176673192457,0.01753423773816014,0.017016488089302787
2023-08-01,2023-07-31,Equity,Risk Parity + Sentiment Tilt,Equity Risk Parity + Sentiment Tilt,NUE,0.015016754809722435,Materials,2023-07-28,-0.44267682279009524,0.2,0.15,0.9357550612787159,0.014052004317179269,0.013637077794018931
2023-08-01,2023-07-31,Equity,Risk Parity + Sentiment Tilt,Equity Risk Parity + Sentiment Tilt,NVDA,0.013006635408176481,Tech,2023-07-31,1.1829333671076494,1.0,0.15,1.1941564124183253,0.015531957076661187,0.015073330620091162
2023-08-01,2023-07-31,Equity,Risk Parity + Sentiment Tilt,Equity Risk Parity + Sentiment Tilt,O,0.01816021141853188,RealEstate,2023-07-31,1.307737593394591,0.8,0.15,1.2167223427080531,0.022095934981229644,0.02144348788038938
2023-08-01,2023-07-31,Equity,Risk Parity + Sentiment Tilt,Equity Risk Parity + Sentiment Tilt,OXY,0.011030306519726443,Energy,2023-07-31,1.5009960283377008,1.0,0.15,1.2525098325064936,0.01381556737151785,0.01340762234064826
2023-08-01,2023-07-31,Equity,Risk Parity + Sentiment Tilt,Equity Risk Parity + Sentiment Tilt,PLD,0.01684977659294466,RealEstate,2023-07-31,1.307737593394591,0.8,0.15,1.2167223427080531,0.020501499650274944,0.019896132915576344
2023-08-01,2023-07-31,Equity,Risk Parity + Sentiment Tilt,Equity Risk Parity + Sentiment Tilt,PSA,0.025040393809650507,RealEstate,2023-07-31,1.307737593394591,0.8,0.15,1.2167223427080531,0.030467206618410198,0.029567573240335477
2023-08-01,2023-07-31,Equity,Risk Parity + Sentiment Tilt,Equity Risk Parity + Sentiment Tilt,QCOM,0.015392400150681593,Tech,2023-07-31,1.1829333671076494,1.0,0.15,1.1941564124183253,0.01838093334244522,0.017838182529673362
2023-08-01,2023-07-31,Equity,Risk Parity + Sentiment Tilt,Equity Risk Parity + Sentiment Tilt,SBUX,0.01713104785023387,Consumer,2023-07-31,-0.11690119489968276,1.0,0.15,0.9826176673192457,0.016833270277331183,0.016336218742764523
2023-08-01,2023-07-31,Equity,Risk Parity + Sentiment Tilt,Equity Risk Parity + Sentiment Tilt,SHW,0.019808403645085362,Materials,2023-07-28,-0.44267682279009524,0.2,0.15,0.9357550612787159,0.01853581396674039,0.01798848985058112
2023-08-01,2023-07-31,Equity,Risk Parity + Sentiment Tilt,Equity Risk Parity + Sentiment Tilt,SLB,0.01316039042951678,Energy,2023-07-31,1.5009960283377008,1.0,0.15,1.2525098325064936,0.016483518412594125,0.01599679432469831
2023-08-01,2023-07-31,Equity,Risk Parity + Sentiment Tilt,Equity Risk Parity + Sentiment Tilt,SO,0.020543975306972863,Utilities,2023-07-31,-0.8085979925773495,0.8,0.15,0.8857773137180966,0.01819738726050133,0.017660056182587338
2023-08-01,2023-07-31,Equity,Risk Parity + Sentiment Tilt,Equity Risk Parity + Sentiment Tilt,T,0.023293648230343068,Comm,2023-07-31,1.069029482745835,0.8,0.15,1.1739268632592057,0.027345039400909984,0.026537597140845293
2023-08-01,2023-07-31,Equity,Risk Parity + Sentiment Tilt,Equity Risk Parity + Sentiment Tilt,TMUS,0.02314530985784016,Comm,2023-07-31,1.069029482745835,0.8,0.15,1.1739268632592057,0.02717090100057667,0.02636860068605712
2023-08-01,2023-07-31,Equity,Risk Parity + Sentiment Tilt,Equity Risk Parity + Sentiment Tilt,TTWO,0.02618989144271663,Comm,2023-07-31,1.069029482745835,0.8,0.15,1.1739268632592057,0.030745017110447446,0.0298371805651265
2023-08-01,2023-07-31,Equity,Risk Parity + Sentiment Tilt,Equity Risk Parity + Sentiment Tilt,UPS,0.02189166580000291,Industrials,2023-07-31,-0.7140163592244937,0.8,0.15,0.8984336202611871,0.01966820855824463,0.019087447180034137
2023-08-01,2023-07-31,Equity,Risk Parity + Sentiment Tilt,Equity Risk Parity + Sentiment Tilt,USB,0.014805645585563406,Financials,2023-07-31,-0.31944538585388715,1.0,0.15,0.9532130835980996,0.014112935083275486,0.013696209401051491
2023-08-01,2023-07-31,Equity,Risk Parity + Sentiment Tilt,Equity Risk Parity + Sentiment Tilt,V,0.017733478605174036,Financials,2023-07-31,-0.31944538585388715,1.0,0.15,0.9532130835980996,0.01690378382415887,0.016404650170902202
2023-08-01,2023-07-31,Equity,Risk Parity + Sentiment Tilt,Equity Risk Parity + Sentiment Tilt,WFC,0.014117814192883148,Financials,2023-07-31,-0.31944538585388715,1.0,0.15,0.9532130835980996,0.013457285200463161,0.013059919498505698
2023-08-01,2023-07-31,Equity,Risk Parity + Sentiment Tilt,Equity Risk Parity + Sentiment Tilt,WMT,0.035615438953136395,Consumer,2023-07-31,-0.11690119489968276,1.0,0.15,0.9826176673192457,0.03499635954468188,0.033962989680754965
2023-08-01,2023-07-31,Equity,Risk Parity + Sentiment Tilt,Equity Risk Parity + Sentiment Tilt,XOM,0.01739854946967617,Energy,2023-07-31,1.5009960283377008,1.0,0.15,1.2525098325064936,0.021791854282120042,0.02114838605321817
2023-09-01,2023-08-31,Equity,Risk Parity + Sentiment Tilt,Equity Risk Parity + Sentiment Tilt,ABBV,0.02983734200662628,Healthcare,2023-08-31,-0.28891717502093506,0.8,0.15,0.9575880765036925,0.02857188294010808,0.02841679178673912
2023-09-01,2023-08-31,Equity,Risk Parity + Sentiment Tilt,Equity Risk Parity + Sentiment Tilt,ABT,0.022375039420551683,Healthcare,2023-08-31,-0.28891717502093506,0.8,0.15,0.9575880765036925,0.02142607096042038,0.021309768017965296
2023-09-01,2023-08-31,Equity,Risk Parity + Sentiment Tilt,Equity Risk Parity + Sentiment Tilt,ADBE,0.017061198177241648,Tech,2023-08-31,0.14408855744477425,1.0,0.15,1.0218485424794757,0.017433960490367866,0.017339327138904546
2023-09-01,2023-08-31,Equity,Risk Parity + Sentiment Tilt,Equity Risk Parity + Sentiment Tilt,AEP,0.02519823818096668,Utilities,2023-08-31,-0.01161475155967322,1.0,0.15,0.99825930403768,0.025154375709507494,0.025017835140961786
2023-09-01,2023-08-31,Equity,Risk Parity + Sentiment Tilt,Equity Risk Parity + Sentiment Tilt,AMD,0.014296188865045594,Tech,2023-08-31,0.14408855744477425,1.0,0.15,1.0218485424794757,0.014608539754758149,0.01452924308101946
2023-09-01,2023-08-31,Equity,Risk Parity + Sentiment Tilt,Equity Risk Parity + Sentiment Tilt,AMGN,0.02676031344485804,Healthcare,2023-08-31,-0.28891717502093506,0.8,0.15,0.9575880765036925,0.025625357078297512,0.025486259973878617
2023-09-01,2023-08-31,Equity,Risk Parity + Sentiment Tilt,Equity Risk Parity + Sentiment Tilt,AMT,0.019002637760215955,RealEstate,2023-08-31,0.1709777141350254,0.8,0.15,1.0259783622695062,0.019496295168027044,0.019390467249357165
2023-09-01,2023-08-31,Equity,Risk Parity + Sentiment Tilt,Equity Risk Parity + Sentiment Tilt,BA,0.011717181561571303,Industrials,2023-08-31,-0.32464459748783864,0.8,0.15,0.9524699799191788,0.011160263686659191,0.011099684614195053
2023-09-01,2023-08-31,Equity,Risk Parity + Sentiment Tilt,Equity Risk Parity + Sentiment Tilt,CAT,0.01805116513069425,Industrials,2023-08-31,-0.32464459748783864,0.8,0.15,0.9524699799191788,0.017193192889550134,0.01709986644967479
2023-09-01,2023-08-31,Equity,Risk Parity + Sentiment Tilt,Equity Risk Parity + Sentiment Tilt,CCI,0.019947056587042905,RealEstate,2023-08-31,0.1709777141350254,0.8,0.15,1.0259783622695062,0.020465248449271445,0.02035416095137594
2023-09-01,2023-08-31,Equity,Risk Parity + Sentiment Tilt,Equity Risk Parity + Sentiment Tilt,CMCSA,0.020465404162865623,Comm,2023-08-31,-0.013982657188344655,1.0,0.15,0.9979047994251814,0.020422525036299693,0.020311669445534968
2023-09-01,2023-08-31,Equity,Risk Parity + Sentiment Tilt,Equity Risk Parity + Sentiment Tilt,COP,0.013650552816088388,Energy,2023-08-31,0.16826424480889599,0.8,0.15,1.0255608531203468,0.01399947259163196,0.013923481997825293
2023-09-01,2023-08-31,Equity,Risk Parity + Sentiment Tilt,Equity Risk Parity + Sentiment Tilt,CVX,0.015424345626937857,Energy,2023-08-31,0.16826424480889599,0.8,0.15,1.0255608531203468,0.015818605059985478,0.01573274002586841
2023-09-01,2023-08-31,Equity,Risk Parity + Sentiment Tilt,Equity Risk Parity + Sentiment Tilt,D,0.02180082404060438,Utilities,2023-08-31,-0.01161475155967322,1.0,0.15,0.99825930403768,0.021762875434221653,0.021644744282039854
2023-09-01,2023-08-31,Equity,Risk Parity + Sentiment Tilt,Equity Risk Parity + Sentiment Tilt,DD,0.015606431179666069,Materials,2023-08-31,0.9370036345589716,0.8,0.15,1.1509072509132814,0.017961554805556796,0.017864057617256925
2023-09-01,2023-08-31,Equity,Risk Parity + Sentiment Tilt,Equity Risk Parity + Sentiment Tilt,DIS,0.017149374775861856,Consumer,2023-08-31,-0.11985377700856,1.0,0.15,0.9821825747731837,0.01684381707310629,0.016752387081513512
2023-09-01,2023-08-31,Equity,Risk Parity + Sentiment Tilt,Equity Risk Parity + Sentiment Tilt,DOW,0.01462904357768535,Materials,2023-08-31,0.9370036345589716,0.8,0.15,1.1509072509132814,0.016836672327484443,0.01674528111831428
2023-09-01,2023-08-31,Equity,Risk Parity + Sentiment Tilt,Equity Risk Parity + Sentiment Tilt,DUK,0.02232625717113811,Utilities,2023-08-31,-0.01161475155967322,1.0,0.15,0.99825930403768,0.022287393945426594,0.022166415652192288
2023-09-01,2023-08-31,Equity,Risk Parity + Sentiment Tilt,Equity Risk Parity + Sentiment Tilt,EA,0.03093913162200821,Comm,2023-08-31,-0.013982657188344655,1.0,0.15,0.9979047994251814,0.03087430793564939,0.030706718979848138
2023-09-01,2023-08-31,Equity,Risk Parity + Sentiment Tilt,Equity Risk Parity + Sentiment Tilt,GE,0.01515238348760519,Industrials,2023-08-31,-0.32464459748783864,0.8,0.15,0.9524699799191788,0.014432190396167013,0.014353850965095078
2023-09-01,2023-08-31,Equity,Risk Parity + Sentiment Tilt,Equity Risk Parity + Sentiment Tilt,GILD,0.03372246162695667,Healthcare,2023-08-31,-0.28891717502093506,0.8,0.15,0.9575880765036925,0.03229222716432702,0.03211694159542467
2023-09-01,2023-08-31,Equity,Risk Parity + Sentiment Tilt,Equity Risk Parity + Sentiment Tilt,GS,0.015623893260659005,Financials,2023-08-31,-0.2286217295181807,1.0,0.15,0.9662880899902391,0.015097181977053557,0.015015232902491323
2023-09-01,2023-08-31,Equity,Risk Parity + Sentiment Tilt,Equity Risk Parity + Sentiment Tilt,INTC,0.015747371046763006,Tech,2023-08-31,0.14408855744477425,1.0,0.15,1.0218485424794757,0.016091428152018274,0.016004082205771694
2023-09-01,2023-08-31,Equity,Risk Parity + Sentiment Tilt,Equity Risk Parity + Sentiment Tilt,KO,0.0250838170345804,Consumer,2023-08-31,-0.11985377700856,1.0,0.15,0.9821825747731837,0.024636888000163622,0.024503156408746396
2023-09-01,2023-08-31,Equity,Risk Parity + Sentiment Tilt,Equity Risk Parity + Sentiment Tilt,MMM,0.021786029651312537,Industrials,2023-08-31,-0.32464459748783864,0.8,0.15,0.9524699799191788,0.020750539224504285,0.020637903138597653
2023-09-01,2023-08-31,Equity,Risk Parity + Sentiment Tilt,Equity Risk Parity + Sentiment Tilt,MRK,0.031886600499929155,Healthcare,2023-08-31,-0.28891717502093506,0.8,0.15,0.9575880765036925,0.030534228438968837,0.03036848547005924
2023-09-01,2023-08-31,Equity,Risk Parity + Sentiment Tilt,Equity Risk Parity + Sentiment Tilt,MS,0.01405043606624998,Financials,2023-08-31,-0.2286217295181807,1.0,0.15,0.9662880899902391,0.013576769029986661,0.013503072915092923
2023-09-01,2023-08-31,Equity,Risk Parity + Sentiment Tilt,Equity Risk Parity + Sentiment Tilt,NEE,0.02037976600933759,Utilities,2023-08-31,-0.01161475155967322,1.0,0.15,0.99825930403768,0.020344291032932112,0.020233860104477547
2023-09-01,2023-08-31,Equity,Risk Parity + Sentiment Tilt,Equity Risk Parity + Sentiment Tilt,NEM,0.033005745380326794,Materials,2023-08-31,0.9370036345589716,0.8,0.15,1.1509072509132814,0.03798655168001565,0.037780356725174456
2023-09-01,2023-08-31,Equity,Risk Parity + Sentiment Tilt,Equity Risk Parity + Sentiment Tilt,NKE,0.017866690359317126,Consumer,2023-08-31,-0.11985377700856,1.0,0.15,0.9821825747731837,0.017548351939789313,0.01745309765963664
2023-09-01,2023-08-31,Equity,Risk Parity + Sentiment Tilt,Equity Risk Parity + Sentiment Tilt,NUE,0.01503954347833919,Materials,2023-08-31,0.9370036345589716,0.8,0.15,1.1509072509132814,0.017309119639646126,0.017215163937309628
2023-09-01,2023-08-31,Equity,Risk Parity + Sentiment Tilt,Equity Risk Parity + Sentiment Tilt,NVDA,0.013008247708870095,Tech,2023-08-31,0.14408855744477425,1.0,0.15,1.0218485424794757,0.013292458961520886,0.013220306111259905
2023-09-01,2023-08-31,Equity,Risk Parity + Sentiment Tilt,Equity Risk Parity + Sentiment Tilt,O,0.018175986334455333,RealEstate,2023-08-31,0.1709777141350254,0.8,0.15,1.0259783622695062,0.018648168692057408,0.018546944492142663
2023-09-01,2023-08-31,Equity,Risk Parity + Sentiment Tilt,Equity Risk Parity + Sentiment Tilt,OXY,0.01106524893338841,Energy,2023-08-31,0.16826424480889599,0.8,0.15,1.0255608531203468,0.011348086136114825,0.011286487543852997
2023-09-01,2023-08-31,Equity,Risk Parity + Sentiment Tilt,Equity Risk Parity + Sentiment Tilt,PLD,0.016866434022754093,RealEstate,2023-08-31,0.1709777141350254,0.8,0.15,1.0259783622695062,0.017304596355991925,0.01721066520650973
2023-09-01,2023-08-31,Equity,Risk Parity + Sentiment Tilt,Equity Risk Parity + Sentiment Tilt,PSA,0.025031760429486197,RealEstate,2023-08-31,0.1709777141350254,0.8,0.15,1.0259783622695062,0.02568204457016688,0.02554263976014405
2023-09-01,2023-08-31,Equity,Risk Parity + Sentiment Tilt,Equity Risk Parity + Sentiment Tilt,QCOM,0.015368882820989882,Tech,2023-08-31,0.14408855744477425,1.0,0.15,1.0218485424794757,0.015704670510166364,0.01561942392464007
2023-09-01,2023-08-31,Equity,Risk Parity + Sentiment Tilt,Equity Risk Parity + Sentiment Tilt,SBUX,0.01715862433171229,Consumer,2023-08-31,-0.11985377700856,1.0,0.15,0.9821825747731837,0.016852901825686977,0.016761422521111968
2023-09-01,2023-08-31,Equity,Risk Parity + Sentiment Tilt,Equity Risk Parity + Sentiment Tilt,SHW,0.019843625820451717,Materials,2023-08-31,0.9370036345589716,0.8,0.15,1.1509072509132814,0.022838172841167893,0.02271420486278155
2023-09-01,2023-08-31,Equity,Risk Parity + Sentiment Tilt,Equity Risk Parity + Sentiment Tilt,SLB,0.013174814604794685,Energy,2023-08-31,0.16826424480889599,0.8,0.15,1.0255608531203468,0.013511574105795641,0.013438231875733637
2023-09-01,2023-08-31,Equity,Risk Parity + Sentiment Tilt,Equity Risk Parity + Sentiment Tilt,SO,0.020579872889975724,Utilities,2023-08-31,-0.01161475155967322,1.0,0.15,0.99825930403768,0.020544049588331087,0.020432534349653877
2023-09-01,2023-08-31,Equity,Risk Parity + Sentiment Tilt,Equity Risk Parity + Sentiment Tilt,T,0.023326603753367113,Comm,2023-08-31,-0.013982657188344655,1.0,0.15,0.9979047994251814,0.023277729839774493,0.023151375900265874
2023-09-01,2023-08-31,Equity,Risk Parity + Sentiment Tilt,Equity Risk Parity + Sentiment Tilt,TMUS,0.02311200625598508,Comm,2023-08-31,-0.013982657188344655,1.0,0.15,0.9979047994251814,0.02306358196719233,0.022938390444617165
2023-09-01,2023-08-31,Equity,Risk Parity + Sentiment Tilt,Equity Risk Parity + Sentiment Tilt,TTWO,0.026070452906220575,Comm,2023-08-31,-0.013982657188344655,1.0,0.15,0.9979047994251814,0.02601583007830568,0.02587461344581586
2023-09-01,2023-08-31,Equity,Risk Parity + Sentiment Tilt,Equity Risk Parity + Sentiment Tilt,UPS,0.02185498299889237,Industrials,2023-08-31,-0.32464459748783864,0.8,0.15,0.9524699799191788,0.02081621521808901,0.020703222636055924
2023-09-01,2023-08-31,Equity,Risk Parity + Sentiment Tilt,Equity Risk Parity + Sentiment Tilt,USB,0.014827964658782682,Financials,2023-08-31,-0.2286217295181807,1.0,0.15,0.9662880899902391,0.014328085648577885,0.014250311308907472
2023-09-01,2023-08-31,Equity,Risk Parity + Sentiment Tilt,Equity Risk Parity + Sentiment Tilt,V,0.017773964864755555,Financials,2023-08-31,-0.2286217295181807,1.0,0.15,0.9662880899902391,0.017174770560718262,0.017081544119160574
2023-09-01,2023-08-31,Equity,Risk Parity + Sentiment Tilt,Equity Risk Parity + Sentiment Tilt,WFC,0.014143419268138002,Financials,2023-08-31,-0.2286217295181807,1.0,0.15,0.9662880899902391,0.013666617590540215,0.013592433768311471
2023-09-01,2023-08-31,Equity,Risk Parity + Sentiment Tilt,Equity Risk Parity + Sentiment Tilt,WMT,0.035599786615229535,Consumer,2023-08-31,-0.11985377700856,1.0,0.15,0.9821825747731837,0.034965490079122065,0.03477569376097778
2023-09-01,2023-08-31,Equity,Risk Parity + Sentiment Tilt,Equity Risk Parity + Sentiment Tilt,XOM,0.01743485677270389,Energy,2023-08-31,0.16826424480889599,0.8,0.15,1.0255608531203468,0.01788050658584526,0.017783449335714668
2023-10-02,2023-09-29,Equity,Risk Parity + Sentiment Tilt,Equity Risk Parity + Sentiment Tilt,ABBV,0.02982702664808837,Healthcare,2023-09-29,0.6373070572501616,1.0,0.15,1.1003145116154762,0.03281911025923315,0.03225495117664488
2023-10-02,2023-09-29,Equity,Risk Parity + Sentiment Tilt,Equity Risk Parity + Sentiment Tilt,ABT,0.02237464626659844,Healthcare,2023-09-29,0.6373070572501616,1.0,0.15,1.1003145116154762,0.0246191479794013,0.024195945892920106
2023-10-02,2023-09-29,Equity,Risk Parity + Sentiment Tilt,Equity Risk Parity + Sentiment Tilt,ADBE,0.017047958225280737,Tech,2023-09-29,-1.0097973095437045,1.0,0.15,0.85944401204055,0.01465176561423497,0.014399902398506885
2023-10-02,2023-09-29,Equity,Risk Parity + Sentiment Tilt,Equity Risk Parity + Sentiment Tilt,AEP,0.02517718357740067,Utilities,2023-09-29,-0.7384737513186603,1.0,0.15,0.8951436572465297,0.0225371961866417,0.02214978276122166
2023-10-02,2023-09-29,Equity,Risk Parity + Sentiment Tilt,Equity Risk Parity + Sentiment Tilt,AMD,0.014294640723306442,Tech,2023-09-29,-1.0097973095437045,1.0,0.15,0.85944401204055,0.012285443373916717,0.01207425713491534
2023-10-02,2023-09-29,Equity,Risk Parity + Sentiment Tilt,Equity Risk Parity + Sentiment Tilt,AMGN,0.02678710468237841,Healthcare,2023-09-29,0.6373070572501616,1.0,0.15,1.1003145116154762,0.029474240006183837,0.028967579098239295
2023-10-02,2023-09-29,Equity,Risk Parity + Sentiment Tilt,Equity Risk Parity + Sentiment Tilt,AMT,0.018941174910085137,RealEstate,2023-09-29,1.1666499473262515,0.6,0.15,1.1912432290884523,0.022563546362618994,0.02217567997881623
2023-10-02,2023-09-29,Equity,Risk Parity + Sentiment Tilt,Equity Risk Parity + Sentiment Tilt,BA,0.01175779310985544,Industrials,2023-09-29,-0.45907518958874177,0.6,0.15,0.9334561615935595,0.01097538442513686,0.010786718042671577
2023-10-02,2023-09-29,Equity,Risk Parity + Sentiment Tilt,Equity Risk Parity + Sentiment Tilt,CAT,0.018025146582145695,Industrials,2023-09-29,-0.45907518958874177,0.6,0.15,0.9334561615935595,0.01682568414073099,0.016536451359775748
2023-10-02,2023-09-29,Equity,Risk Parity + Sentiment Tilt,Equity Risk Parity + Sentiment Tilt,CCI,0.01990179175797972,RealEstate,2023-09-29,1.1666499473262515,0.6,0.15,1.1912432290884523,0.023707874678421705,0.023300337340479
2023-10-02,2023-09-29,Equity,Risk Parity + Sentiment Tilt,Equity Risk Parity + Sentiment Tilt,CMCSA,0.020495736810145535,Comm,2023-09-29,-0.007024275121702915,0.8,0.15,0.9989469136168053,0.020474153028797227,0.020122203225823868
2023-10-02,2023-09-29,Equity,Risk Parity + Sentiment Tilt,Equity Risk Parity + Sentiment Tilt,COP,0.01368172044658748,Energy,2023-09-29,0.25488320938148556,1.0,0.15,1.0389727466498866,0.014214934671286907,0.013970580560530684
2023-10-02,2023-09-29,Equity,Risk Parity + Sentiment Tilt,Equity Risk Parity + Sentiment Tilt,CVX,0.015494063451977125,Energy,2023-09-29,0.25488320938148556,1.0,0.15,1.0389727466498866,0.016097909661468297,0.015821187292261236
2023-10-02,2023-09-29,Equity,Risk Parity + Sentiment Tilt,Equity Risk Parity + Sentiment Tilt,D,0.02176363977614271,Utilities,2023-09-29,-0.7384737513186603,1.0,0.15,0.8951436572465297,0.01948158410421243,0.01914669651802302
2023-10-02,2023-09-29,Equity,Risk Parity + Sentiment Tilt,Equity Risk Parity + Sentiment Tilt,DD,0.015621216298775796,Materials,2023-09-29,0.27149669585012787,0.2,0.15,1.04156511938466,0.016270514019168007,0.0159908245885348
2023-10-02,2023-09-29,Equity,Risk Parity + Sentiment Tilt,Equity Risk Parity + Sentiment Tilt,DIS,0.01721213675270617,Consumer,2023-09-29,0.37896321128199,1.0,0.15,1.0584911828370605,0.018218894990525196,0.01790571297546021
2023-10-02,2023-09-29,Equity,Risk Parity + Sentiment Tilt,Equity Risk Parity + Sentiment Tilt,DOW,0.014635729882550358,Materials,2023-09-29,0.27149669585012787,0.2,0.15,1.04156511938466,0.0152440657424002,0.014982020913146238
2023-10-02,2023-09-29,Equity,Risk Parity + Sentiment Tilt,Equity Risk Parity + Sentiment Tilt,DUK,0.0223210953038271,Utilities,2023-09-29,-0.7384737513186603,1.0,0.15,0.8951436572465297,0.01998058688401613,0.01963712146167457
2023-10-02,2023-09-29,Equity,Risk Parity + Sentiment Tilt,Equity Risk Parity + Sentiment Tilt,EA,0.0309085161244968,Comm,2023-09-29,-0.007024275121702915,0.8,0.15,0.9989469136168053,0.03087596678704134,0.03034521025650126
2023-10-02,2023-09-29,Equity,Risk Parity + Sentiment Tilt,Equity Risk Parity + Sentiment Tilt,GE,0.015161835587343705,Industrials,2023-09-29,-0.45907518958874177,0.6,0.15,0.9334561615935595,0.014152908850074487,0.013909620960495974
2023-10-02,2023-09-29,Equity,Risk Parity + Sentiment Tilt,Equity Risk Parity + Sentiment Tilt,GILD,0.03367164105254008,Healthcare,2023-09-29,0.6373070572501616,1.0,0.15,1.1003145116154762,0.03704939528001726,0.03641251778131224
2023-10-02,2023-09-29,Equity,Risk Parity + Sentiment Tilt,Equity Risk Parity + Sentiment Tilt,GS,0.015618041087967586,Financials,2023-09-29,-0.10141172214810687,1.0,0.15,0.9849033560369698,0.01538226108226256,0.015117840681107383
2023-10-02,2023-09-29,Equity,Risk Parity + Sentiment Tilt,Equity Risk Parity + Sentiment Tilt,INTC,0.015779653367497745,Tech,2023-09-29,-1.0097973095437045,1.0,0.15,0.85944401204055,0.013561728598771437,0.013328603072084087
2023-10-02,2023-09-29,Equity,Risk Parity + Sentiment Tilt,Equity Risk Parity + Sentiment Tilt,KO,0.025102098678634117,Consumer,2023-09-29,0.37896321128199,1.0,0.15,1.0584911828370605,0.02657035012204004,0.02611360695531504
2023-10-02,2023-09-29,Equity,Risk Parity + Sentiment Tilt,Equity Risk Parity + Sentiment Tilt,MMM,0.02179042163373219,Industrials,2023-09-29,-0.45907518958874177,0.6,0.15,0.9334561615935595,0.020340403337728907,0.019990752686146723
2023-10-02,2023-09-29,Equity,Risk Parity + Sentiment Tilt,Equity Risk Parity + Sentiment Tilt,MRK,0.03183560118694354,Healthcare,2023-09-29,0.6373070572501616,1.0,0.15,1.1003145116154762,0.03502917397199686,0.03442702398999646
2023-10-02,2023-09-29,Equity,Risk Parity + Sentiment Tilt,Equity Risk Parity + Sentiment Tilt,MS,0.014054276824378719,Financials,2023-09-29,-0.10141172214810687,1.0,0.15,0.9849033560369698,0.013842104411003206,0.013604159236258392
2023-10-02,2023-09-29,Equity,Risk Parity + Sentiment Tilt,Equity Risk Parity + Sentiment Tilt,NEE,0.020357513917858953,Utilities,2023-09-29,-0.7384737513186603,1.0,0.15,0.8951436572465297,0.01822289946087939,0.017909648609142615
2023-10-02,2023-09-29,Equity,Risk Parity + Sentiment Tilt,Equity Risk Parity + Sentiment Tilt,NEM,0.032980833951354496,Materials,2023-09-29,0.27149669585012787,0.2,0.15,1.04156511938466,0.03435168625194819,0.0337611822544851
2023-10-02,2023-09-29,Equity,Risk Parity + Sentiment Tilt,Equity Risk Parity + Sentiment Tilt,NKE,0.017878106310786842,Consumer,2023-09-29,0.37896321128199,1.0,0.15,1.0584911828370605,0.018923817895791478,0.01859851828654465
2023-10-02,2023-09-29,Equity,Risk Parity + Sentiment Tilt,Equity Risk Parity + Sentiment Tilt,NUE,0.01501185420258661,Materials,2023-09-29,0.27149669585012787,0.2,0.15,1.04156511938466,0.01563582371470223,0.015367044582887816
2023-10-02,2023-09-29,Equity,Risk Parity + Sentiment Tilt,Equity Risk Parity + Sentiment Tilt,NVDA,0.013018230667919142,Tech,2023-09-29,-1.0097973095437045,1.0,0.15,0.85944401204055,0.011188440394905757,0.010996111589556509
2023-10-02,2023-09-29,Equity,Risk Parity + Sentiment Tilt,Equity Risk Parity + Sentiment Tilt,O,0.018153666229219868,RealEstate,2023-09-29,1.1666499473262515,0.6,0.15,1.1912432290884523,0.021625431978689862,0.021253691740477882
2023-10-02,2023-09-29,Equity,Risk Parity + Sentiment Tilt,Equity Risk Parity + Sentiment Tilt,OXY,0.011097795348966944,Energy,2023-09-29,0.25488320938148556,1.0,0.15,1.0389727466498866,0.011530306915474523,0.011332101439457233
2023-10-02,2023-09-29,Equity,Risk Parity + Sentiment Tilt,Equity Risk Parity + Sentiment Tilt,PLD,0.01680873941573596,RealEstate,2023-09-29,1.1666499473262515,0.6,0.15,1.1912432290884523,0.02002329701850765,0.019679097410805743
2023-10-02,2023-09-29,Equity,Risk Parity + Sentiment Tilt,Equity Risk Parity + Sentiment Tilt,PSA,0.024992407757518577,RealEstate,2023-09-29,1.1666499473262515,0.6,0.15,1.1912432290884523,0.029772036519761715,0.02926025650265879
2023-10-02,2023-09-29,Equity,Risk Parity + Sentiment Tilt,Equity Risk Parity + Sentiment Tilt,QCOM,0.015403538452069664,Tech,2023-09-29,-1.0097973095437045,1.0,0.15,0.85944401204055,0.013238478886867635,0.01301091000871445
2023-10-02,2023-09-29,Equity,Risk Parity + Sentiment Tilt,Equity Risk Parity + Sentiment Tilt,SBUX,0.01717931297052677,Consumer,2023-09-29,0.37896321128199,1.0,0.15,1.0584911828370605,0.018184151306500935,0.017871566533858123
2023-10-02,2023-09-29,Equity,Risk Parity + Sentiment Tilt,Equity Risk Parity + Sentiment Tilt,SHW,0.019827236285209066,Materials,2023-09-29,0.27149669585012787,0.2,0.15,1.04156511938466,0.020651357728471643,0.02029636178439303
2023-10-02,2023-09-29,Equity,Risk Parity + Sentiment Tilt,Equity Risk Parity + Sentiment Tilt,SLB,0.01320139614421003,Energy,2023-09-29,0.25488320938148556,1.0,0.15,1.0389727466498866,0.013715890811563117,0.013480115243121088
2023-10-02,2023-09-29,Equity,Risk Parity + Sentiment Tilt,Equity Risk Parity + Sentiment Tilt,SO,0.020557998553615453,Utilities,2023-09-29,-0.7384737513186603,1.0,0.15,0.8951436572465297,0.018402362010952203,0.018086026205759703
2023-10-02,2023-09-29,Equity,Risk Parity + Sentiment Tilt,Equity Risk Parity + Sentiment Tilt,T,0.023364918747593715,Comm,2023-09-29,-0.007024275121702915,0.8,0.15,0.9989469136168053,0.023340313469816173,0.022939094493114952
2023-10-02,2023-09-29,Equity,Risk Parity + Sentiment Tilt,Equity Risk Parity + Sentiment Tilt,TMUS,0.02312844109650417,Comm,2023-09-29,-0.007024275121702915,0.8,0.15,0.9989469136168053,0.02310408485012092,0.022706926633151322
2023-10-02,2023-09-29,Equity,Risk Parity + Sentiment Tilt,Equity Risk Parity + Sentiment Tilt,TTWO,0.026025192385825985,Comm,2023-09-29,-0.007024275121702915,0.8,0.15,0.9989469136168053,0.02599778561010445,0.02555088480251791
2023-10-02,2023-09-29,Equity,Risk Parity + Sentiment Tilt,Equity Risk Parity + Sentiment Tilt,UPS,0.021834872915557635,Industrials,2023-09-29,-0.45907518958874177,0.6,0.15,0.9334561615935595,0.020381896660639602,0.020031532740635394
2023-10-02,2023-09-29,Equity,Risk Parity + Sentiment Tilt,Equity Risk Parity + Sentiment Tilt,USB,0.014815353459765155,Financials,2023-09-29,-0.10141172214810687,1.0,0.15,0.9849033560369698,0.014591691343396633,0.01434086080177993
2023-10-02,2023-09-29,Equity,Risk Parity + Sentiment Tilt,Equity Risk Parity + Sentiment Tilt,V,0.01782317722477394,Financials,2023-09-29,-0.10141172214810687,1.0,0.15,0.9849033560369698,0.01755410706392154,0.01725235272449511
2023-10-02,2023-09-29,Equity,Risk Parity + Sentiment Tilt,Equity Risk Parity + Sentiment Tilt,WFC,0.014159597723839281,Financials,2023-09-29,-0.10141172214810687,1.0,0.15,0.9849033560369698,0.013945835318342746,0.013706107013797689
2023-10-02,2023-09-29,Equity,Risk Parity + Sentiment Tilt,Equity Risk Parity + Sentiment Tilt,WMT,0.035622647598269074,Consumer,2023-09-29,0.37896321128199,1.0,0.15,1.0584911828370605,0.037706258392079604,0.037058089444954444
2023-10-02,2023-09-29,Equity,Risk Parity + Sentiment Tilt,Equity Risk Parity + Sentiment Tilt,XOM,0.017475277890926837,Energy,2023-09-29,0.25488320938148556,1.0,0.15,1.0389727466498866,0.018156337468806294,0.017844230814827673
2023-11-01,2023-10-31,Equity,Risk Parity + Sentiment Tilt,Equity Risk Parity + Sentiment Tilt,ABBV,0.029775971438418695,Healthcare,2023-10-31,-0.5370766413109308,1.0,0.15,0.9225981655609795,0.02747125662688121,0.02686019152267815
2023-11-01,2023-10-31,Equity,Risk Parity + Sentiment Tilt,Equity Risk Parity + Sentiment Tilt,ABT,0.02257358622693935,Healthcare,2023-10-31,-0.5370766413109308,1.0,0.15,0.9225981655609795,0.020826349243106838,0.020363092121553995
2023-11-01,2023-10-31,Equity,Risk Parity + Sentiment Tilt,Equity Risk Parity + Sentiment Tilt,ADBE,0.017082724137161248,Tech,2023-10-31,-0.6652125427397769,1.0,0.15,0.9050348014225966,0.015460459847232728,0.015116560489591693
2023-11-01,2023-10-31,Equity,Risk Parity + Sentiment Tilt,Equity Risk Parity + Sentiment Tilt,AEP,0.025062576533632076,Utilities,2023-10-31,-0.03675012150587592,0.8,0.15,0.9945026478222114,0.02492479872394392,0.024370376516894842
2023-11-01,2023-10-31,Equity,Risk Parity + Sentiment Tilt,Equity Risk Parity + Sentiment Tilt,AMD,0.014310077493881046,Tech,2023-10-31,-0.6652125427397769,1.0,0.15,0.9050348014225966,0.012951118143016601,0.01266303607727431
2023-11-01,2023-10-31,Equity,Risk Parity + Sentiment Tilt,Equity Risk Parity + Sentiment Tilt,AMGN,0.02670422606294261,Healthcare,2023-10-31,-0.5370766413109308,1.0,0.15,0.9225981655609795,0.02463726997839655,0.0240892435029023
2023-11-01,2023-10-31,Equity,Risk Parity + Sentiment Tilt,Equity Risk Parity + Sentiment Tilt,AMT,0.01892487221213708,RealEstate,2023-10-31,0.5345109231160978,0.6,0.15,1.083478434743258,0.020504690922122464,0.020048588703532374
2023-11-01,2023-10-31,Equity,Risk Parity + Sentiment Tilt,Equity Risk Parity + Sentiment Tilt,BA,0.011804026740930892,Industrials,2023-10-31,0.4858287803531033,1.0,0.15,1.075595344426482,0.012696356208030968,0.012413941015503228
2023-11-01,2023-10-31,Equity,Risk Parity + Sentiment Tilt,Equity Risk Parity + Sentiment Tilt,CAT,0.017991159003282457,Industrials,2023-10-31,0.4858287803531033,1.0,0.15,1.075595344426482,0.019351206864767198,0.01892076251342642
2023-11-01,2023-10-31,Equity,Risk Parity + Sentiment Tilt,Equity Risk Parity + Sentiment Tilt,CCI,0.019849003462383292,RealEstate,2023-10-31,0.5345109231160978,0.6,0.15,1.083478434743258,0.021505967202636558,0.021027592795955525
2023-11-01,2023-10-31,Equity,Risk Parity + Sentiment Tilt,Equity Risk Parity + Sentiment Tilt,CMCSA,0.020504886374251744,Comm,2023-10-31,0.7403280776928257,1.0,0.15,1.117449897058979,0.022913183168113672,0.022403506932679052
2023-11-01,2023-10-31,Equity,Risk Parity + Sentiment Tilt,Equity Risk Parity + Sentiment Tilt,COP,0.013756097217679071,Energy,2023-10-31,-0.2440794460418931,1.0,0.15,0.9640501943432912,0.013261568196108716,0.012966580541859164
2023-11-01,2023-10-31,Equity,Risk Parity + Sentiment Tilt,Equity Risk Parity + Sentiment Tilt,CVX,0.015557979949403883,Energy,2023-10-31,-0.2440794460418931,1.0,0.15,0.9640501943432912,0.01499867359381184,0.01466504611666389
2023-11-01,2023-10-31,Equity,Risk Parity + Sentiment Tilt,Equity Risk Parity + Sentiment Tilt,D,0.021651223467545968,Utilities,2023-10-31,-0.03675012150587592,0.8,0.15,0.9945026478222114,0.021532199067064866,0.021053241164070285
2023-11-01,2023-10-31,Equity,Risk Parity + Sentiment Tilt,Equity Risk Parity + Sentiment Tilt,DD,0.015667227316789937,Materials,2023-10-31,0.4105322479421899,0.6,0.15,1.0635154012220465,0.016662337545852855,0.016291703862544752
2023-11-01,2023-10-31,Equity,Risk Parity + Sentiment Tilt,Equity Risk Parity + Sentiment Tilt,DIS,0.017233175355715415,Consumer,2023-10-31,0.4277482155669438,1.0,0.15,1.0662653674509042,0.018375138053007764,0.017966405179895596
2023-11-01,2023-10-31,Equity,Risk Parity + Sentiment Tilt,Equity Risk Parity + Sentiment Tilt,DOW,0.014668693101724684,Materials,2023-10-31,0.4105322479421899,0.6,0.15,1.0635154012220465,0.015600381029483792,0.01525336929322194
2023-11-01,2023-10-31,Equity,Risk Parity + Sentiment Tilt,Equity Risk Parity + Sentiment Tilt,DUK,0.02229009007195436,Utilities,2023-10-31,-0.03675012150587592,0.8,0.15,0.9945026478222114,0.022167553596754198,0.0216744629954574
2023-11-01,2023-10-31,Equity,Risk Parity + Sentiment Tilt,Equity Risk Parity + Sentiment Tilt,EA,0.030862051697960483,Comm,2023-10-31,0.7403280776928257,1.0,0.15,1.117449897058979,0.03448679649291483,0.03371967913171076
2023-11-01,2023-10-31,Equity,Risk Parity + Sentiment Tilt,Equity Risk Parity + Sentiment Tilt,GE,0.015128634265905532,Industrials,2023-10-31,0.4858287803531033,1.0,0.15,1.075595344426482,0.016272288583938938,0.01591033107124776
2023-11-01,2023-10-31,Equity,Risk Parity + Sentiment Tilt,Equity Risk Parity + Sentiment Tilt,GILD,0.03350753158608028,Healthcare,2023-10-31,-0.5370766413109308,1.0,0.15,0.9225981655609795,0.030913987173794247,0.030226342664106915
2023-11-01,2023-10-31,Equity,Risk Parity + Sentiment Tilt,Equity Risk Parity + Sentiment Tilt,GS,0.015621154996828906,Financials,2023-10-31,0.0976213296792595,0.8,0.15,1.0147509363254974,0.015851581659517854,0.01549898226699213
2023-11-01,2023-10-31,Equity,Risk Parity + Sentiment Tilt,Equity Risk Parity + Sentiment Tilt,INTC,0.01587489509046781,Tech,2023-10-31,-0.6652125427397769,1.0,0.15,0.9050348014225966,0.014367332525806088,0.014047748472326317
2023-11-01,2023-10-31,Equity,Risk Parity + Sentiment Tilt,Equity Risk Parity + Sentiment Tilt,KO,0.025098939377018608,Consumer,2023-10-31,0.4277482155669438,1.0,0.15,1.0662653674509042,0.026762129817464713,0.026166838387308485
2023-11-01,2023-10-31,Equity,Risk Parity + Sentiment Tilt,Equity Risk Parity + Sentiment Tilt,MMM,0.021616026131165592,Industrials,2023-10-31,0.4858287803531033,1.0,0.15,1.075595344426482,0.023250097071682893,0.02273292659117648
2023-11-01,2023-10-31,Equity,Risk Parity + Sentiment Tilt,Equity Risk Parity + Sentiment Tilt,MRK,0.03200477640516515,Healthcare,2023-10-31,-0.5370766413109308,1.0,0.15,0.9225981655609795,0.029527548000594688,0.02887074316487456
2023-11-01,2023-10-31,Equity,Risk Parity + Sentiment Tilt,Equity Risk Parity + Sentiment Tilt,MS,0.014041005114548479,Financials,2023-10-31,0.0976213296792595,0.8,0.15,1.0147509363254974,0.014248123086939167,0.013931190704228325
2023-11-01,2023-10-31,Equity,Risk Parity + Sentiment Tilt,Equity Risk Parity + Sentiment Tilt,NEE,0.02018441669169051,Utilities,2023-10-31,-0.03675012150587592,0.8,0.15,0.9945026478222114,0.020073455844633055,0.019626945932326622
2023-11-01,2023-10-31,Equity,Risk Parity + Sentiment Tilt,Equity Risk Parity + Sentiment Tilt,NEM,0.03278320922847208,Materials,2023-10-31,0.4105322479421899,0.6,0.15,1.0635154012220465,0.034865447915964784,0.03408990790870469
2023-11-01,2023-10-31,Equity,Risk Parity + Sentiment Tilt,Equity Risk Parity + Sentiment Tilt,NKE,0.01789542412788465,Consumer,2023-10-31,0.4277482155669438,1.0,0.15,1.0662653674509042,0.019081270983408703,0.01865683103149205
2023-11-01,2023-10-31,Equity,Risk Parity + Sentiment Tilt,Equity Risk Parity + Sentiment Tilt,NUE,0.015024414027651246,Materials,2023-10-31,0.4105322479421899,0.6,0.15,1.0635154012220465,0.015978695712743657,0.0156232688207979
2023-11-01,2023-10-31,Equity,Risk Parity + Sentiment Tilt,Equity Risk Parity + Sentiment Tilt,NVDA,0.013069367989093156,Tech,2023-10-31,-0.6652125427397769,1.0,0.15,0.9050348014225966,0.011828232862727765,0.011565128031195297
2023-11-01,2023-10-31,Equity,Risk Parity + Sentiment Tilt,Equity Risk Parity + Sentiment Tilt,O,0.018233202893976636,RealEstate,2023-10-31,0.5345109231160978,0.6,0.15,1.083478434743258,0.01975528213192205,0.01931584961165316
2023-11-01,2023-10-31,Equity,Risk Parity + Sentiment Tilt,Equity Risk Parity + Sentiment Tilt,OXY,0.011145189922768932,Energy,2023-10-31,-0.2440794460418931,1.0,0.15,0.9640501943432912,0.01074452251103828,0.010505523514487277
2023-11-01,2023-10-31,Equity,Risk Parity + Sentiment Tilt,Equity Risk Parity + Sentiment Tilt,PLD,0.016752927119626216,RealEstate,2023-10-31,0.5345109231160978,0.6,0.15,1.083478434743258,0.018151435252940492,0.017747678379895968
2023-11-01,2023-10-31,Equity,Risk Parity + Sentiment Tilt,Equity Risk Parity + Sentiment Tilt,PSA,0.024884333477939783,RealEstate,2023-10-31,0.5345109231160978,0.6,0.15,1.083478434743258,0.026961638686307448,0.026361909421021044
2023-11-01,2023-10-31,Equity,Risk Parity + Sentiment Tilt,Equity Risk Parity + Sentiment Tilt,QCOM,0.015459783730873075,Tech,2023-10-31,-0.6652125427397769,1.0,0.15,0.9050348014225966,0.013991642298907004,0.013680415023231985
2023-11-01,2023-10-31,Equity,Risk Parity + Sentiment Tilt,Equity Risk Parity + Sentiment Tilt,SBUX,0.017274846319731797,Consumer,2023-10-31,0.4277482155669438,1.0,0.15,1.0662653674509042,0.018419570358766724,0.018009849142386635
2023-11-01,2023-10-31,Equity,Risk Parity + Sentiment Tilt,Equity Risk Parity + Sentiment Tilt,SHW,0.019866562493132237,Materials,2023-10-31,0.4105322479421899,0.6,0.15,1.0635154012220465,0.02112839518078639,0.020658419410178316
2023-11-01,2023-10-31,Equity,Risk Parity + Sentiment Tilt,Equity Risk Parity + Sentiment Tilt,SLB,0.013288209785491107,Energy,2023-10-31,-0.2440794460418931,1.0,0.15,0.9640501943432912,0.012810501226177126,0.012525547014835828
2023-11-01,2023-10-31,Equity,Risk Parity + Sentiment Tilt,Equity Risk Parity + Sentiment Tilt,SO,0.02058928654526266,Utilities,2023-10-31,-0.03675012150587592,0.8,0.15,0.9945026478222114,0.020476099986033947,0.020020633738472682
2023-11-01,2023-10-31,Equity,Risk Parity + Sentiment Tilt,Equity Risk Parity + Sentiment Tilt,T,0.02335110978499441,Comm,2023-10-31,0.7403280776928257,1.0,0.15,1.117449897058979,0.026093695225454922,0.025513272319850268
2023-11-01,2023-10-31,Equity,Risk Parity + Sentiment Tilt,Equity Risk Parity + Sentiment Tilt,TMUS,0.023052473906488773,Comm,2023-10-31,0.7403280776928257,1.0,0.15,1.117449897058979,0.02575998459376068,0.025186984680292845
2023-11-01,2023-10-31,Equity,Risk Parity + Sentiment Tilt,Equity Risk Parity + Sentiment Tilt,TTWO,0.02598017714259916,Comm,2023-10-31,0.7403280776928257,1.0,0.15,1.117449897058979,0.02903154627357147,0.02838577440045385
2023-11-01,2023-10-31,Equity,Risk Parity + Sentiment Tilt,Equity Risk Parity + Sentiment Tilt,UPS,0.02177610861083945,Industrials,2023-10-31,0.4858287803531033,1.0,0.15,1.075595344426482,0.02342228104154434,0.022901280535461938
2023-11-01,2023-10-31,Equity,Risk Parity + Sentiment Tilt,Equity Risk Parity + Sentiment Tilt,USB,0.014769057729053065,Financials,2023-10-31,0.0976213296792595,0.8,0.15,1.0147509363254974,0.014986915159201922,0.014653549234307214
2023-11-01,2023-10-31,Equity,Risk Parity + Sentiment Tilt,Equity Risk Parity + Sentiment Tilt,V,0.01789951177003261,Financials,2023-10-31,0.0976213296792595,0.8,0.15,1.0147509363254974,0.018163546328409854,0.017759520059039774
2023-11-01,2023-10-31,Equity,Risk Parity + Sentiment Tilt,Equity Risk Parity + Sentiment Tilt,WFC,0.01418073082118829,Financials,2023-10-31,0.0976213296792595,0.8,0.15,1.0147509363254974,0.014389909878580657,0.014069823619009145
2023-11-01,2023-10-31,Equity,Risk Parity + Sentiment Tilt,Equity Risk Parity + Sentiment Tilt,WMT,0.03577970885929167,Consumer,2023-10-31,0.4277482155669438,1.0,0.15,1.0662653674509042,0.03815066441413901,0.03730204871219729
2023-11-01,2023-10-31,Equity,Risk Parity + Sentiment Tilt,Equity Risk Parity + Sentiment Tilt,XOM,0.017597336190003844,Energy,2023-10-31,-0.2440794460418931,1.0,0.15,0.9640501943432912,0.01696471537389744,0.016587355659031612
2023-12-01,2023-11-30,Equity,Risk Parity + Sentiment Tilt,Equity Risk Parity + Sentiment Tilt,ABBV,0.029955645430782434,Healthcare,2023-11-30,-0.17527306691540023,1.0,0.15,0.9740516382732296,0.029178345507385614,0.029593162285596927
2023-12-01,2023-11-30,Equity,Risk Parity + Sentiment Tilt,Equity Risk Parity + Sentiment Tilt,ABT,0.022653635027400063,Healthcare,2023-11-30,-0.17527306691540023,1.0,0.15,0.9740516382732296,0.022065810311282852,0.022379511043205142
2023-12-01,2023-11-30,Equity,Risk Parity + Sentiment Tilt,Equity Risk Parity + Sentiment Tilt,ADBE,0.01711151619203158,Tech,2023-11-30,0.9556191032374606,1.0,0.15,1.1541254436168407,0.019748836216085197,0.020029597461115548
2023-12-01,2023-11-30,Equity,Risk Parity + Sentiment Tilt,Equity Risk Parity + Sentiment Tilt,AEP,0.02496999298532778,Utilities,2023-11-30,-0.0746925498409057,0.6,0.15,0.9888586472719479,0.024691793485861258,0.025042826762215857
2023-12-01,2023-11-30,Equity,Risk Parity + Sentiment Tilt,Equity Risk Parity + Sentiment Tilt,AMD,0.014343676325996518,Tech,2023-11-30,0.9556191032374606,1.0,0.15,1.1541254436168407,0.016554401802837106,0.016789749061280196
2023-12-01,2023-11-30,Equity,Risk Parity + Sentiment Tilt,Equity Risk Parity + Sentiment Tilt,AMGN,0.026619585987556153,Healthcare,2023-11-30,-0.17527306691540023,1.0,0.15,0.9740516382732296,0.025928851341334175,0.026297471370643578
2023-12-01,2023-11-30,Equity,Risk Parity + Sentiment Tilt,Equity Risk Parity + Sentiment Tilt,AMT,0.018789850161612335,RealEstate,2023-11-30,-0.10198676228309034,0.8,0.15,0.9848184058569345,0.01850459028244972,0.018767662584515073
2023-12-01,2023-11-30,Equity,Risk Parity + Sentiment Tilt,Equity Risk Parity + Sentiment Tilt,BA,0.011847998478760056,Industrials,2023-11-30,0.06636270658267014,1.0,0.15,1.0100041158939612,0.011966527228653047,0.0121366505233447
2023-12-01,2023-11-30,Equity,Risk Parity + Sentiment Tilt,Equity Risk Parity + Sentiment Tilt,CAT,0.017971951181746187,Industrials,2023-11-30,0.06636270658267014,1.0,0.15,1.0100041158939612,0.01815174466420899,0.01840980070232862
2023-12-01,2023-11-30,Equity,Risk Parity + Sentiment Tilt,Equity Risk Parity + Sentiment Tilt,CCI,0.0196652865364397,RealEstate,2023-11-30,-0.10198676228309034,0.8,0.15,0.9848184058569345,0.01936673613753638,0.01964206521974935
2023-12-01,2023-11-30,Equity,Risk Parity + Sentiment Tilt,Equity Risk Parity + Sentiment Tilt,CMCSA,0.020508964714304613,Comm,2023-11-30,-0.5852630094827601,0.8,0.15,0.9159537091729153,0.01878526230136375,0.01905232480440162
2023-12-01,2023-11-30,Equity,Risk Parity + Sentiment Tilt,Equity Risk Parity + Sentiment Tilt,COP,0.013809061904514095,Energy,2023-11-30,-0.5149498437525101,0.8,0.15,0.9256653742337838,0.012782570455659528,0.012964295108016314
2023-12-01,2023-11-30,Equity,Risk Parity + Sentiment Tilt,Equity Risk Parity + Sentiment Tilt,CVX,0.015621302540882667,Energy,2023-11-30,-0.5149498437525101,0.8,0.15,0.9256653742337838,0.014460098862525311,0.014665672260141415
2023-12-01,2023-11-30,Equity,Risk Parity + Sentiment Tilt,Equity Risk Parity + Sentiment Tilt,D,0.021571709080796673,Utilities,2023-11-30,-0.0746925498409057,0.6,0.15,0.9888586472719479,0.021331371060980594,0.021634630566085375
2023-12-01,2023-11-30,Equity,Risk Parity + Sentiment Tilt,Equity Risk Parity + Sentiment Tilt,DD,0.01571682075871106,Materials,2023-11-30,0.09617632142816074,0.8,0.15,1.0145310116394624,0.01594520206409123,0.016171888575376818
2023-12-01,2023-11-30,Equity,Risk Parity + Sentiment Tilt,Equity Risk Parity + Sentiment Tilt,DIS,0.01734159757740134,Consumer,2023-11-30,-0.32333637278575506,1.0,0.15,0.9526569049724354,0.016520592675364643,0.016755459283068687
2023-12-01,2023-11-30,Equity,Risk Parity + Sentiment Tilt,Equity Risk Parity + Sentiment Tilt,DOW,0.014688821689547424,Materials,2023-11-30,0.09617632142816074,0.8,0.15,1.0145310116394624,0.014902265128488225,0.015114124625699455
2023-12-01,2023-11-30,Equity,Risk Parity + Sentiment Tilt,Equity Risk Parity + Sentiment Tilt,DUK,0.022343291151182137,Utilities,2023-11-30,-0.0746925498409057,0.6,0.15,0.9888586472719479,0.022094356663361254,0.02240846322726589
2023-12-01,2023-11-30,Equity,Risk Parity + Sentiment Tilt,Equity Risk Parity + Sentiment Tilt,EA,0.030778143777040322,Comm,2023-11-30,-0.5852630094827601,0.8,0.15,0.9159537091729153,0.028191354954037365,0.02859214008534254
2023-12-01,2023-11-30,Equity,Risk Parity + Sentiment Tilt,Equity Risk Parity + Sentiment Tilt,GE,0.01521782166216216,Industrials,2023-11-30,0.06636270658267014,1.0,0.15,1.0100041158939612,0.015370062513724064,0.015588572497822912
2023-12-01,2023-11-30,Equity,Risk Parity + Sentiment Tilt,Equity Risk Parity + Sentiment Tilt,GILD,0.0334411166137543,Healthcare,2023-11-30,-0.17527306691540023,1.0,0.15,0.9740516382732296,0.03257337442331349,0.03303645695931025
2023-12-01,2023-11-30,Equity,Risk Parity + Sentiment Tilt,Equity Risk Parity + Sentiment Tilt,GS,0.015604190288685177,Financials,2023-11-30,-0.036969513676266455,1.0,0.15,0.9944699204465693,0.015517897875021877,0.015738509574869608
2023-12-01,2023-11-30,Equity,Risk Parity + Sentiment Tilt,Equity Risk Parity + Sentiment Tilt,INTC,0.015891239310624854,Tech,2023-11-30,0.9556191032374606,1.0,0.15,1.1541254436168407,0.018340483618996286,0.018601222882767898
2023-12-01,2023-11-30,Equity,Risk Parity + Sentiment Tilt,Equity Risk Parity + Sentiment Tilt,KO,0.025264406221080934,Consumer,2023-11-30,-0.32333637278575506,1.0,0.15,0.9526569049724354,0.024068311036541307,0.02441048051419859
2023-12-01,2023-11-30,Equity,Risk Parity + Sentiment Tilt,Equity Risk Parity + Sentiment Tilt,MMM,0.021594825890824735,Industrials,2023-11-30,0.06636270658267014,1.0,0.15,1.0100041158939612,0.02181086303174646,0.02212093928094802
2023-12-01,2023-11-30,Equity,Risk Parity + Sentiment Tilt,Equity Risk Parity + Sentiment Tilt,MRK,0.032256144512941363,Healthcare,2023-11-30,-0.17527306691540023,1.0,0.15,0.9740516382732296,0.03141915040720858,0.03186582380555997
2023-12-01,2023-11-30,Equity,Risk Parity + Sentiment Tilt,Equity Risk Parity + Sentiment Tilt,MS,0.014009207823059972,Financials,2023-11-30,-0.036969513676266455,1.0,0.15,0.9944699204465693,0.013931735789317907,0.014129797662070539
2023-12-01,2023-11-30,Equity,Risk Parity + Sentiment Tilt,Equity Risk Parity + Sentiment Tilt,NEE,0.020095300718315785,Utilities,2023-11-30,-0.0746925498409057,0.6,0.15,0.9888586472719479,0.01987141188483675,0.020153915738747575
2023-12-01,2023-11-30,Equity,Risk Parity + Sentiment Tilt,Equity Risk Parity + Sentiment Tilt,NEM,0.03230663342758714,Materials,2023-11-30,0.09617632142816074,0.8,0.15,1.0145310116394624,0.03277608149395525,0.033242045834677464
2023-12-01,2023-11-30,Equity,Risk Parity + Sentiment Tilt,Equity Risk Parity + Sentiment Tilt,NKE,0.017902962882943345,Consumer,2023-11-30,-0.32333637278575506,1.0,0.15,0.9526569049724354,0.017055381209901195,0.01729785069066275
2023-12-01,2023-11-30,Equity,Risk Parity + Sentiment Tilt,Equity Risk Parity + Sentiment Tilt,NUE,0.01506979848715118,Materials,2023-11-30,0.09617632142816074,0.8,0.15,1.0145310116394624,0.015288777904372325,0.015506132297940485
2023-12-01,2023-11-30,Equity,Risk Parity + Sentiment Tilt,Equity Risk Parity + Sentiment Tilt,NVDA,0.013119620639221605,Tech,2023-11-30,0.9556191032374606,1.0,0.15,1.1541254436168407,0.015141687990326292,0.015356951265868706
2023-12-01,2023-11-30,Equity,Risk Parity + Sentiment Tilt,Equity Risk Parity + Sentiment Tilt,O,0.01815734587256104,RealEstate,2023-11-30,-0.10198676228309034,0.8,0.15,0.9848184058569345,0.017881688416808553,0.018135905174100755
2023-12-01,2023-11-30,Equity,Risk Parity + Sentiment Tilt,Equity Risk Parity + Sentiment Tilt,OXY,0.011211657369706144,Energy,2023-11-30,-0.5149498437525101,0.8,0.15,0.9256653742337838,0.010378243014909997,0.010525786313067508
2023-12-01,2023-11-30,Equity,Risk Parity + Sentiment Tilt,Equity Risk Parity + Sentiment Tilt,PLD,0.016654529345684777,RealEstate,2023-11-30,-0.10198676228309034,0.8,0.15,0.9848184058569345,0.016401687040514815,0.016634863214731222
2023-12-01,2023-11-30,Equity,Risk Parity + Sentiment Tilt,Equity Risk Parity + Sentiment Tilt,PSA,0.024715965323674375,RealEstate,2023-11-30,-0.10198676228309034,0.8,0.15,0.9848184058569345,0.02434073756927627,0.024686780025152275
2023-12-01,2023-11-30,Equity,Risk Parity + Sentiment Tilt,Equity Risk Parity + Sentiment Tilt,QCOM,0.01541918859716543,Tech,2023-11-30,0.9556191032374606,1.0,0.15,1.1541254436168407,0.017795677879915282,0.01804867186006965
2023-12-01,2023-11-30,Equity,Risk Parity + Sentiment Tilt,Equity Risk Parity + Sentiment Tilt,SBUX,0.017169899615010538,Consumer,2023-11-30,-0.32333637278575506,1.0,0.15,0.9526569049724354,0.01635702342592335,0.016589564635532066
2023-12-01,2023-11-30,Equity,Risk Parity + Sentiment Tilt,Equity Risk Parity + Sentiment Tilt,SHW,0.0197931365044497,Materials,2023-11-30,0.09617632142816074,0.8,0.15,1.0145310116394624,0.020080750801377327,0.020366230742293892
2023-12-01,2023-11-30,Equity,Risk Parity + Sentiment Tilt,Equity Risk Parity + Sentiment Tilt,SLB,0.01335058389126038,Energy,2023-11-30,-0.5149498437525101,0.8,0.15,0.9256653742337838,0.012358173233943066,0.012533864402045247
2023-12-01,2023-11-30,Equity,Risk Parity + Sentiment Tilt,Equity Risk Parity + Sentiment Tilt,SO,0.02060116401960696,Utilities,2023-11-30,-0.0746925498409057,0.6,0.15,0.9888586472719479,0.020371639184656065,0.020661254568479778
2023-12-01,2023-11-30,Equity,Risk Parity + Sentiment Tilt,Equity Risk Parity + Sentiment Tilt,T,0.0234430891754632,Comm,2023-11-30,-0.5852630094827601,0.8,0.15,0.9159537091729153,0.02147278448473694,0.021778054407492836
2023-12-01,2023-11-30,Equity,Risk Parity + Sentiment Tilt,Equity Risk Parity + Sentiment Tilt,TMUS,0.023192640715980505,Comm,2023-11-30,-0.5852630094827601,0.8,0.15,0.9159537091729153,0.021243385289317122,0.021545393936167424
2023-12-01,2023-11-30,Equity,Risk Parity + Sentiment Tilt,Equity Risk Parity + Sentiment Tilt,TTWO,0.025988783120266857,Comm,2023-11-30,-0.5852630094827601,0.8,0.15,0.9159537091729153,0.02380452229589888,0.024142941595346298
2023-12-01,2023-11-30,Equity,Risk Parity + Sentiment Tilt,Equity Risk Parity + Sentiment Tilt,UPS,0.02176305258992452,Industrials,2023-11-30,0.06636270658267014,1.0,0.15,1.0100041158939612,0.0219807726902405,0.02229326447657749
2023-12-01,2023-11-30,Equity,Risk Parity + Sentiment Tilt,Equity Risk Parity + Sentiment Tilt,USB,0.014636819017178646,Financials,2023-11-30,-0.036969513676266455,1.0,0.15,0.9944699204465693,0.014555876243604481,0.01476281126964584
2023-12-01,2023-11-30,Equity,Risk Parity + Sentiment Tilt,Equity Risk Parity + Sentiment Tilt,V,0.017965403741671944,Financials,2023-11-30,-0.036969513676266455,1.0,0.15,0.9944699204465693,0.017866053629771,0.018120048113597242
2023-12-01,2023-11-30,Equity,Risk Parity + Sentiment Tilt,Equity Risk Parity + Sentiment Tilt,WFC,0.014171400689805038,Financials,2023-11-30,-0.036969513676266455,1.0,0.15,0.9944699204465693,0.014093031716606875,0.01429338666855002
2023-12-01,2023-11-30,Equity,Risk Parity + Sentiment Tilt,Equity Risk Parity + Sentiment Tilt,WMT,0.03601151931098341,Consumer,2023-11-30,-0.32333637278575506,1.0,0.15,0.9526569049724354,0.034306622530156546,0.03479434595593026
2023-12-01,2023-11-30,Equity,Risk Parity + Sentiment Tilt,Equity Risk Parity + Sentiment Tilt,XOM,0.017671701119220923,Energy,2023-11-30,-0.5149498437525101,0.8,0.15,0.9256653742337838,0.016358081829871213,0.016590638086382285
