date,universe,method,fund,return,periods_per_year,lambda_tilt
2021-01-04,Equity,Equal Weight + Sentiment Tilt,Equity Equal Weight + Sentiment Tilt,-0.013481920448741254,252,0.15
2021-01-05,Equity,Equal Weight + Sentiment Tilt,Equity Equal Weight + Sentiment Tilt,0.012062920376904358,252,0.15
2021-01-06,Equity,Equal Weight + Sentiment Tilt,Equity Equal Weight + Sentiment Tilt,0.01226720008682891,252,0.15
2021-01-07,Equity,Equal Weight + Sentiment Tilt,Equity Equal Weight + Sentiment Tilt,0.009603584740947501,252,0.15
2021-01-08,Equity,Equal Weight + Sentiment Tilt,Equity Equal Weight + Sentiment Tilt,0.0031970972617781927,252,0.15
2021-01-11,Equity,Equal Weight + Sentiment Tilt,Equity Equal Weight + Sentiment Tilt,-5.4737427552141445e-05,252,0.15
2021-01-12,Equity,Equal Weight + Sentiment Tilt,Equity Equal Weight + Sentiment Tilt,0.002244062376280532,252,0.15
2021-01-13,Equity,Equal Weight + Sentiment Tilt,Equity Equal Weight + Sentiment Tilt,-6.955647985793028e-05,252,0.15
2021-01-14,Equity,Equal Weight + Sentiment Tilt,Equity Equal Weight + Sentiment Tilt,0.0022746749248508083,252,0.15
2021-01-15,Equity,Equal Weight + Sentiment Tilt,Equity Equal Weight + Sentiment Tilt,-0.010622365969701352,252,0.15
2021-01-19,Equity,Equal Weight + Sentiment Tilt,Equity Equal Weight + Sentiment Tilt,0.007059010032703343,252,0.15
2021-01-20,Equity,Equal Weight + Sentiment Tilt,Equity Equal Weight + Sentiment Tilt,0.008479524397450424,252,0.15
2021-01-21,Equity,Equal Weight + Sentiment Tilt,Equity Equal Weight + Sentiment Tilt,-0.007008100061009305,252,0.15
2021-01-22,Equity,Equal Weight + Sentiment Tilt,Equity Equal Weight + Sentiment Tilt,-0.0029772593017638686,252,0.15
2021-01-25,Equity,Equal Weight + Sentiment Tilt,Equity Equal Weight + Sentiment Tilt,0.0017194827701482612,252,0.15
2021-01-26,Equity,Equal Weight + Sentiment Tilt,Equity Equal Weight + Sentiment Tilt,-0.00505904679306783,252,0.15
2021-01-27,Equity,Equal Weight + Sentiment Tilt,Equity Equal Weight + Sentiment Tilt,-0.026667569207028487,252,0.15
2021-01-28,Equity,Equal Weight + Sentiment Tilt,Equity Equal Weight + Sentiment Tilt,0.011250709629222377,252,0.15
2021-01-29,Equity,Equal Weight + Sentiment Tilt,Equity Equal Weight + Sentiment Tilt,-0.014759585204808192,252,0.15
2021-02-01,Equity,Equal Weight + Sentiment Tilt,Equity Equal Weight + Sentiment Tilt,0.00799344663122366,252,0.15
2021-02-02,Equity,Equal Weight + Sentiment Tilt,Equity Equal Weight + Sentiment Tilt,0.01726690042788585,252,0.15
2021-02-03,Equity,Equal Weight + Sentiment Tilt,Equity Equal Weight + Sentiment Tilt,0.0016854521724145256,252,0.15
2021-02-04,Equity,Equal Weight + Sentiment Tilt,Equity Equal Weight + Sentiment Tilt,0.009313830053352156,252,0.15
2021-02-05,Equity,Equal Weight + Sentiment Tilt,Equity Equal Weight + Sentiment Tilt,0.006652839814237862,252,0.15
2021-02-08,Equity,Equal Weight + Sentiment Tilt,Equity Equal Weight + Sentiment Tilt,0.012508738772152759,252,0.15
2021-02-09,Equity,Equal Weight + Sentiment Tilt,Equity Equal Weight + Sentiment Tilt,-0.002850411530510831,252,0.15
2021-02-10,Equity,Equal Weight + Sentiment Tilt,Equity Equal Weight + Sentiment Tilt,0.001222328853482566,252,0.15
2021-02-11,Equity,Equal Weight + Sentiment Tilt,Equity Equal Weight + Sentiment Tilt,-0.0012263963980810857,252,0.15
2021-02-12,Equity,Equal Weight + Sentiment Tilt,Equity Equal Weight + Sentiment Tilt,0.004298616799464786,252,0.15
2021-02-16,Equity,Equal Weight + Sentiment Tilt,Equity Equal Weight + Sentiment Tilt,0.00017459925025545958,252,0.15
2021-02-17,Equity,Equal Weight + Sentiment Tilt,Equity Equal Weight + Sentiment Tilt,0.00286976967219289,252,0.15
2021-02-18,Equity,Equal Weight + Sentiment Tilt,Equity Equal Weight + Sentiment Tilt,-0.005821984706511781,252,0.15
2021-02-19,Equity,Equal Weight + Sentiment Tilt,Equity Equal Weight + Sentiment Tilt,0.0005867640525189437,252,0.15
2021-02-22,Equity,Equal Weight + Sentiment Tilt,Equity Equal Weight + Sentiment Tilt,0.002602950261718979,252,0.15
2021-02-23,Equity,Equal Weight + Sentiment Tilt,Equity Equal Weight + Sentiment Tilt,0.00028691723577173084,252,0.15
2021-02-24,Equity,Equal Weight + Sentiment Tilt,Equity Equal Weight + Sentiment Tilt,0.013843743760426344,252,0.15
2021-02-25,Equity,Equal Weight + Sentiment Tilt,Equity Equal Weight + Sentiment Tilt,-0.017554435598630395,252,0.15
2021-02-26,Equity,Equal Weight + Sentiment Tilt,Equity Equal Weight + Sentiment Tilt,-0.013181748839545017,252,0.15
2021-03-01,Equity,Equal Weight + Sentiment Tilt,Equity Equal Weight + Sentiment Tilt,0.01988754404004366,252,0.15
2021-03-02,Equity,Equal Weight + Sentiment Tilt,Equity Equal Weight + Sentiment Tilt,-0.00260296409358176,252,0.15
2021-03-03,Equity,Equal Weight + Sentiment Tilt,Equity Equal Weight + Sentiment Tilt,-0.006313341902703981,252,0.15
2021-03-04,Equity,Equal Weight + Sentiment Tilt,Equity Equal Weight + Sentiment Tilt,-0.0075524529717323355,252,0.15
2021-03-05,Equity,Equal Weight + Sentiment Tilt,Equity Equal Weight + Sentiment Tilt,0.017546640757947544,252,0.15
2021-03-08,Equity,Equal Weight + Sentiment Tilt,Equity Equal Weight + Sentiment Tilt,0.002433800893594544,252,0.15
2021-03-09,Equity,Equal Weight + Sentiment Tilt,Equity Equal Weight + Sentiment Tilt,0.006310974847861246,252,0.15
2021-03-10,Equity,Equal Weight + Sentiment Tilt,Equity Equal Weight + Sentiment Tilt,0.010179575406918927,252,0.15
2021-03-11,Equity,Equal Weight + Sentiment Tilt,Equity Equal Weight + Sentiment Tilt,0.004895578383048358,252,0.15
2021-03-12,Equity,Equal Weight + Sentiment Tilt,Equity Equal Weight + Sentiment Tilt,0.007188298874541873,252,0.15
2021-03-15,Equity,Equal Weight + Sentiment Tilt,Equity Equal Weight + Sentiment Tilt,0.005767270276349397,252,0.15
2021-03-16,Equity,Equal Weight + Sentiment Tilt,Equity Equal Weight + Sentiment Tilt,-0.0006016086145537532,252,0.15
2021-03-17,Equity,Equal Weight + Sentiment Tilt,Equity Equal Weight + Sentiment Tilt,0.0023825064730500405,252,0.15
2021-03-18,Equity,Equal Weight + Sentiment Tilt,Equity Equal Weight + Sentiment Tilt,-0.013157811999461123,252,0.15
2021-03-19,Equity,Equal Weight + Sentiment Tilt,Equity Equal Weight + Sentiment Tilt,-0.004875421919510089,252,0.15
2021-03-22,Equity,Equal Weight + Sentiment Tilt,Equity Equal Weight + Sentiment Tilt,0.005541061197886426,252,0.15
2021-03-23,Equity,Equal Weight + Sentiment Tilt,Equity Equal Weight + Sentiment Tilt,-0.008618932936957632,252,0.15
2021-03-24,Equity,Equal Weight + Sentiment Tilt,Equity Equal Weight + Sentiment Tilt,-0.003027882812904333,252,0.15
2021-03-25,Equity,Equal Weight + Sentiment Tilt,Equity Equal Weight + Sentiment Tilt,0.007209572507444274,252,0.15
2021-03-26,Equity,Equal Weight + Sentiment Tilt,Equity Equal Weight + Sentiment Tilt,0.01956812434310743,252,0.15
2021-03-29,Equity,Equal Weight + Sentiment Tilt,Equity Equal Weight + Sentiment Tilt,0.0009297960770858801,252,0.15
2021-03-30,Equity,Equal Weight + Sentiment Tilt,Equity Equal Weight + Sentiment Tilt,-0.0031864570125977386,252,0.15
2021-03-31,Equity,Equal Weight + Sentiment Tilt,Equity Equal Weight + Sentiment Tilt,-0.0013276027347785232,252,0.15
2021-04-01,Equity,Equal Weight + Sentiment Tilt,Equity Equal Weight + Sentiment Tilt,0.012489919597622278,252,0.15
2021-04-05,Equity,Equal Weight + Sentiment Tilt,Equity Equal Weight + Sentiment Tilt,0.004800119255403512,252,0.15
2021-04-06,Equity,Equal Weight + Sentiment Tilt,Equity Equal Weight + Sentiment Tilt,0.00012972973304525303,252,0.15
2021-04-07,Equity,Equal Weight + Sentiment Tilt,Equity Equal Weight + Sentiment Tilt,-0.0006237475702260929,252,0.15
2021-04-08,Equity,Equal Weight + Sentiment Tilt,Equity Equal Weight + Sentiment Tilt,-0.0013373601669765215,252,0.15
2021-04-09,Equity,Equal Weight + Sentiment Tilt,Equity Equal Weight + Sentiment Tilt,0.0023193082126751713,252,0.15
2021-04-12,Equity,Equal Weight + Sentiment Tilt,Equity Equal Weight + Sentiment Tilt,-0.0008238715334731655,252,0.15
2021-04-13,Equity,Equal Weight + Sentiment Tilt,Equity Equal Weight + Sentiment Tilt,0.001892431117227775,252,0.15
2021-04-14,Equity,Equal Weight + Sentiment Tilt,Equity Equal Weight + Sentiment Tilt,0.0036600015892748173,252,0.15
2021-04-15,Equity,Equal Weight + Sentiment Tilt,Equity Equal Weight + Sentiment Tilt,0.009125716190312516,252,0.15
2021-04-16,Equity,Equal Weight + Sentiment Tilt,Equity Equal Weight + Sentiment Tilt,0.0020098931762677135,252,0.15
2021-04-19,Equity,Equal Weight + Sentiment Tilt,Equity Equal Weight + Sentiment Tilt,-0.003817718473413155,252,0.15
2021-04-20,Equity,Equal Weight + Sentiment Tilt,Equity Equal Weight + Sentiment Tilt,-0.009550192126305106,252,0.15
2021-04-21,Equity,Equal Weight + Sentiment Tilt,Equity Equal Weight + Sentiment Tilt,0.010937019341335504,252,0.15
2021-04-22,Equity,Equal Weight + Sentiment Tilt,Equity Equal Weight + Sentiment Tilt,-0.009441789312260852,252,0.15
2021-04-23,Equity,Equal Weight + Sentiment Tilt,Equity Equal Weight + Sentiment Tilt,0.008830941815290228,252,0.15
2021-04-26,Equity,Equal Weight + Sentiment Tilt,Equity Equal Weight + Sentiment Tilt,0.0013221196623993492,252,0.15
2021-04-27,Equity,Equal Weight + Sentiment Tilt,Equity Equal Weight + Sentiment Tilt,0.001344932027858827,252,0.15
2021-04-28,Equity,Equal Weight + Sentiment Tilt,Equity Equal Weight + Sentiment Tilt,0.001259692415973113,252,0.15
2021-04-29,Equity,Equal Weight + Sentiment Tilt,Equity Equal Weight + Sentiment Tilt,0.009268987151600938,252,0.15
2021-04-30,Equity,Equal Weight + Sentiment Tilt,Equity Equal Weight + Sentiment Tilt,-0.00763183171560628,252,0.15
2021-05-03,Equity,Equal Weight + Sentiment Tilt,Equity Equal Weight + Sentiment Tilt,0.007280704498897045,252,0.15
2021-05-04,Equity,Equal Weight + Sentiment Tilt,Equity Equal Weight + Sentiment Tilt,-0.002405944881243342,252,0.15
2021-05-05,Equity,Equal Weight + Sentiment Tilt,Equity Equal Weight + Sentiment Tilt,0.006264315137522085,252,0.15
2021-05-06,Equity,Equal Weight + Sentiment Tilt,Equity Equal Weight + Sentiment Tilt,0.008258309977438007,252,0.15
2021-05-07,Equity,Equal Weight + Sentiment Tilt,Equity Equal Weight + Sentiment Tilt,0.009532931754138992,252,0.15
2021-05-10,Equity,Equal Weight + Sentiment Tilt,Equity Equal Weight + Sentiment Tilt,-0.004515456990999165,252,0.15
2021-05-11,Equity,Equal Weight + Sentiment Tilt,Equity Equal Weight + Sentiment Tilt,-0.009358888498160097,252,0.15
2021-05-12,Equity,Equal Weight + Sentiment Tilt,Equity Equal Weight + Sentiment Tilt,-0.015542580862485335,252,0.15
2021-05-13,Equity,Equal Weight + Sentiment Tilt,Equity Equal Weight + Sentiment Tilt,0.008271623341047668,252,0.15
2021-05-14,Equity,Equal Weight + Sentiment Tilt,Equity Equal Weight + Sentiment Tilt,0.014082593890711587,252,0.15
2021-05-17,Equity,Equal Weight + Sentiment Tilt,Equity Equal Weight + Sentiment Tilt,0.003077968865140536,252,0.15
2021-05-18,Equity,Equal Weight + Sentiment Tilt,Equity Equal Weight + Sentiment Tilt,-0.008823736045844644,252,0.15
2021-05-19,Equity,Equal Weight + Sentiment Tilt,Equity Equal Weight + Sentiment Tilt,-0.005482071166651579,252,0.15
2021-05-20,Equity,Equal Weight + Sentiment Tilt,Equity Equal Weight + Sentiment Tilt,0.008660228129759077,252,0.15
2021-05-21,Equity,Equal Weight + Sentiment Tilt,Equity Equal Weight + Sentiment Tilt,0.0023243195169086375,252,0.15
2021-05-24,Equity,Equal Weight + Sentiment Tilt,Equity Equal Weight + Sentiment Tilt,0.0061305906908459456,252,0.15
2021-05-25,Equity,Equal Weight + Sentiment Tilt,Equity Equal Weight + Sentiment Tilt,-0.005585601692443077,252,0.15
2021-05-26,Equity,Equal Weight + Sentiment Tilt,Equity Equal Weight + Sentiment Tilt,0.0037216125244228953,252,0.15
2021-05-27,Equity,Equal Weight + Sentiment Tilt,Equity Equal Weight + Sentiment Tilt,0.0022286756258887144,252,0.15
2021-05-28,Equity,Equal Weight + Sentiment Tilt,Equity Equal Weight + Sentiment Tilt,0.002988982413542751,252,0.15
2021-06-01,Equity,Equal Weight + Sentiment Tilt,Equity Equal Weight + Sentiment Tilt,0.005698841192085124,252,0.15
2021-06-02,Equity,Equal Weight + Sentiment Tilt,Equity Equal Weight + Sentiment Tilt,0.0036528970522771882,252,0.15
2021-06-03,Equity,Equal Weight + Sentiment Tilt,Equity Equal Weight + Sentiment Tilt,0.0013955197402096445,252,0.15
2021-06-04,Equity,Equal Weight + Sentiment Tilt,Equity Equal Weight + Sentiment Tilt,0.006720921716193706,252,0.15
2021-06-07,Equity,Equal Weight + Sentiment Tilt,Equity Equal Weight + Sentiment Tilt,-0.0019890940636972955,252,0.15
2021-06-08,Equity,Equal Weight + Sentiment Tilt,Equity Equal Weight + Sentiment Tilt,-0.0026714072400616335,252,0.15
2021-06-09,Equity,Equal Weight + Sentiment Tilt,Equity Equal Weight + Sentiment Tilt,-0.00256637716943746,252,0.15
2021-06-10,Equity,Equal Weight + Sentiment Tilt,Equity Equal Weight + Sentiment Tilt,0.0038128523072216403,252,0.15
2021-06-11,Equity,Equal Weight + Sentiment Tilt,Equity Equal Weight + Sentiment Tilt,-3.264793147822579e-05,252,0.15
2021-06-14,Equity,Equal Weight + Sentiment Tilt,Equity Equal Weight + Sentiment Tilt,-0.0013492321141316912,252,0.15
2021-06-15,Equity,Equal Weight + Sentiment Tilt,Equity Equal Weight + Sentiment Tilt,-0.0017314538898140063,252,0.15
2021-06-16,Equity,Equal Weight + Sentiment Tilt,Equity Equal Weight + Sentiment Tilt,-0.008067128810543134,252,0.15
2021-06-17,Equity,Equal Weight + Sentiment Tilt,Equity Equal Weight + Sentiment Tilt,-0.008024496006084998,252,0.15
2021-06-18,Equity,Equal Weight + Sentiment Tilt,Equity Equal Weight + Sentiment Tilt,-0.01489454313676387,252,0.15
2021-06-21,Equity,Equal Weight + Sentiment Tilt,Equity Equal Weight + Sentiment Tilt,0.0165146294924419,252,0.15
2021-06-22,Equity,Equal Weight + Sentiment Tilt,Equity Equal Weight + Sentiment Tilt,0.001570882457404886,252,0.15
2021-06-23,Equity,Equal Weight + Sentiment Tilt,Equity Equal Weight + Sentiment Tilt,-0.0034658347877492245,252,0.15
2021-06-24,Equity,Equal Weight + Sentiment Tilt,Equity Equal Weight + Sentiment Tilt,0.007936695183646161,252,0.15
2021-06-25,Equity,Equal Weight + Sentiment Tilt,Equity Equal Weight + Sentiment Tilt,0.008330703296607378,252,0.15
2021-06-28,Equity,Equal Weight + Sentiment Tilt,Equity Equal Weight + Sentiment Tilt,-0.0014920767005392123,252,0.15
2021-06-29,Equity,Equal Weight + Sentiment Tilt,Equity Equal Weight + Sentiment Tilt,-0.0004539937507087302,252,0.15
2021-06-30,Equity,Equal Weight + Sentiment Tilt,Equity Equal Weight + Sentiment Tilt,0.004441215335188057,252,0.15
2021-07-01,Equity,Equal Weight + Sentiment Tilt,Equity Equal Weight + Sentiment Tilt,0.00743471164833011,252,0.15
2021-07-02,Equity,Equal Weight + Sentiment Tilt,Equity Equal Weight + Sentiment Tilt,0.003390306026980952,252,0.15
2021-07-06,Equity,Equal Weight + Sentiment Tilt,Equity Equal Weight + Sentiment Tilt,-0.010356267030681215,252,0.15
2021-07-07,Equity,Equal Weight + Sentiment Tilt,Equity Equal Weight + Sentiment Tilt,-0.0011953872376203947,252,0.15
2021-07-08,Equity,Equal Weight + Sentiment Tilt,Equity Equal Weight + Sentiment Tilt,-0.006699387274597668,252,0.15
2021-07-09,Equity,Equal Weight + Sentiment Tilt,Equity Equal Weight + Sentiment Tilt,0.012394995385036153,252,0.15
2021-07-12,Equity,Equal Weight + Sentiment Tilt,Equity Equal Weight + Sentiment Tilt,0.003848155514476642,252,0.15
2021-07-13,Equity,Equal Weight + Sentiment Tilt,Equity Equal Weight + Sentiment Tilt,-0.005092509046759555,252,0.15
2021-07-14,Equity,Equal Weight + Sentiment Tilt,Equity Equal Weight + Sentiment Tilt,-0.0033884826361281393,252,0.15
2021-07-15,Equity,Equal Weight + Sentiment Tilt,Equity Equal Weight + Sentiment Tilt,-0.0023694370534082286,252,0.15
2021-07-16,Equity,Equal Weight + Sentiment Tilt,Equity Equal Weight + Sentiment Tilt,-0.01080990820506032,252,0.15
2021-07-19,Equity,Equal Weight + Sentiment Tilt,Equity Equal Weight + Sentiment Tilt,-0.017983413710116043,252,0.15
2021-07-20,Equity,Equal Weight + Sentiment Tilt,Equity Equal Weight + Sentiment Tilt,0.011686673507354849,252,0.15
2021-07-21,Equity,Equal Weight + Sentiment Tilt,Equity Equal Weight + Sentiment Tilt,0.012533794137757412,252,0.15
2021-07-22,Equity,Equal Weight + Sentiment Tilt,Equity Equal Weight + Sentiment Tilt,-0.0017977931238937206,252,0.15
2021-07-23,Equity,Equal Weight + Sentiment Tilt,Equity Equal Weight + Sentiment Tilt,0.004327949429155917,252,0.15
2021-07-26,Equity,Equal Weight + Sentiment Tilt,Equity Equal Weight + Sentiment Tilt,0.006769616392553397,252,0.15
2021-07-27,Equity,Equal Weight + Sentiment Tilt,Equity Equal Weight + Sentiment Tilt,-0.0030996576458121403,252,0.15
2021-07-28,Equity,Equal Weight + Sentiment Tilt,Equity Equal Weight + Sentiment Tilt,0.0033533403577054987,252,0.15
2021-07-29,Equity,Equal Weight + Sentiment Tilt,Equity Equal Weight + Sentiment Tilt,0.0068169607857683865,252,0.15
2021-07-30,Equity,Equal Weight + Sentiment Tilt,Equity Equal Weight + Sentiment Tilt,-0.006233376902130224,252,0.15
2021-08-02,Equity,Equal Weight + Sentiment Tilt,Equity Equal Weight + Sentiment Tilt,-0.0027022775226622237,252,0.15
2021-08-03,Equity,Equal Weight + Sentiment Tilt,Equity Equal Weight + Sentiment Tilt,0.006399974567285213,252,0.15
2021-08-04,Equity,Equal Weight + Sentiment Tilt,Equity Equal Weight + Sentiment Tilt,-0.007947789168403694,252,0.15
2021-08-05,Equity,Equal Weight + Sentiment Tilt,Equity Equal Weight + Sentiment Tilt,0.005020568815668892,252,0.15
2021-08-06,Equity,Equal Weight + Sentiment Tilt,Equity Equal Weight + Sentiment Tilt,0.0038815691458462032,252,0.15
2021-08-09,Equity,Equal Weight + Sentiment Tilt,Equity Equal Weight + Sentiment Tilt,-0.0023880516878993212,252,0.15
2021-08-10,Equity,Equal Weight + Sentiment Tilt,Equity Equal Weight + Sentiment Tilt,0.006572748015318057,252,0.15
2021-08-11,Equity,Equal Weight + Sentiment Tilt,Equity Equal Weight + Sentiment Tilt,0.008736872671287558,252,0.15
2021-08-12,Equity,Equal Weight + Sentiment Tilt,Equity Equal Weight + Sentiment Tilt,0.0016541931245579425,252,0.15
2021-08-13,Equity,Equal Weight + Sentiment Tilt,Equity Equal Weight + Sentiment Tilt,0.0009585633627090935,252,0.15
2021-08-16,Equity,Equal Weight + Sentiment Tilt,Equity Equal Weight + Sentiment Tilt,-0.0014602466686799375,252,0.15
2021-08-17,Equity,Equal Weight + Sentiment Tilt,Equity Equal Weight + Sentiment Tilt,-0.005686658681851259,252,0.15
2021-08-18,Equity,Equal Weight + Sentiment Tilt,Equity Equal Weight + Sentiment Tilt,-0.012773282751574454,252,0.15
2021-08-19,Equity,Equal Weight + Sentiment Tilt,Equity Equal Weight + Sentiment Tilt,-0.004962107485789489,252,0.15
2021-08-20,Equity,Equal Weight + Sentiment Tilt,Equity Equal Weight + Sentiment Tilt,0.005270603261533507,252,0.15
2021-08-23,Equity,Equal Weight + Sentiment Tilt,Equity Equal Weight + Sentiment Tilt,0.010371722781550841,252,0.15
2021-08-24,Equity,Equal Weight + Sentiment Tilt,Equity Equal Weight + Sentiment Tilt,0.002443463954110081,252,0.15
2021-08-25,Equity,Equal Weight + Sentiment Tilt,Equity Equal Weight + Sentiment Tilt,0.0004472241251401197,252,0.15
2021-08-26,Equity,Equal Weight + Sentiment Tilt,Equity Equal Weight + Sentiment Tilt,-0.007192865075645358,252,0.15
2021-08-27,Equity,Equal Weight + Sentiment Tilt,Equity Equal Weight + Sentiment Tilt,0.011334459573611321,252,0.15
2021-08-30,Equity,Equal Weight + Sentiment Tilt,Equity Equal Weight + Sentiment Tilt,-0.0012475399819904594,252,0.15
2021-08-31,Equity,Equal Weight + Sentiment Tilt,Equity Equal Weight + Sentiment Tilt,-0.0005701641199450407,252,0.15
2021-09-01,Equity,Equal Weight + Sentiment Tilt,Equity Equal Weight + Sentiment Tilt,-0.0017943813197412364,252,0.15
2021-09-02,Equity,Equal Weight + Sentiment Tilt,Equity Equal Weight + Sentiment Tilt,0.0060555496228974,252,0.15
2021-09-03,Equity,Equal Weight + Sentiment Tilt,Equity Equal Weight + Sentiment Tilt,-0.003126632789497787,252,0.15
2021-09-07,Equity,Equal Weight + Sentiment Tilt,Equity Equal Weight + Sentiment Tilt,-0.010006811077987957,252,0.15
2021-09-08,Equity,Equal Weight + Sentiment Tilt,Equity Equal Weight + Sentiment Tilt,-0.0015059186703552819,252,0.15
2021-09-09,Equity,Equal Weight + Sentiment Tilt,Equity Equal Weight + Sentiment Tilt,-0.0063578482789412505,252,0.15
2021-09-10,Equity,Equal Weight + Sentiment Tilt,Equity Equal Weight + Sentiment Tilt,-0.003679547865360519,252,0.15
2021-09-13,Equity,Equal Weight + Sentiment Tilt,Equity Equal Weight + Sentiment Tilt,0.004408901526035635,252,0.15
2021-09-14,Equity,Equal Weight + Sentiment Tilt,Equity Equal Weight + Sentiment Tilt,-0.00921166192484703,252,0.15
2021-09-15,Equity,Equal Weight + Sentiment Tilt,Equity Equal Weight + Sentiment Tilt,0.007658840849863927,252,0.15
2021-09-16,Equity,Equal Weight + Sentiment Tilt,Equity Equal Weight + Sentiment Tilt,-0.004606011871415534,252,0.15
2021-09-17,Equity,Equal Weight + Sentiment Tilt,Equity Equal Weight + Sentiment Tilt,-0.011594328472773481,252,0.15
2021-09-20,Equity,Equal Weight + Sentiment Tilt,Equity Equal Weight + Sentiment Tilt,-0.016679763655579466,252,0.15
2021-09-21,Equity,Equal Weight + Sentiment Tilt,Equity Equal Weight + Sentiment Tilt,-0.0021352180222209863,252,0.15
2021-09-22,Equity,Equal Weight + Sentiment Tilt,Equity Equal Weight + Sentiment Tilt,0.008117318024861472,252,0.15
2021-09-23,Equity,Equal Weight + Sentiment Tilt,Equity Equal Weight + Sentiment Tilt,0.010735387685072458,252,0.15
2021-09-24,Equity,Equal Weight + Sentiment Tilt,Equity Equal Weight + Sentiment Tilt,-0.0027476032482470496,252,0.15
2021-09-27,Equity,Equal Weight + Sentiment Tilt,Equity Equal Weight + Sentiment Tilt,0.0021407550383025155,252,0.15
2021-09-28,Equity,Equal Weight + Sentiment Tilt,Equity Equal Weight + Sentiment Tilt,-0.012102709246049474,252,0.15
2021-09-29,Equity,Equal Weight + Sentiment Tilt,Equity Equal Weight + Sentiment Tilt,0.003973462477155721,252,0.15
2021-09-30,Equity,Equal Weight + Sentiment Tilt,Equity Equal Weight + Sentiment Tilt,-0.0095924927069361,252,0.15
2021-10-01,Equity,Equal Weight + Sentiment Tilt,Equity Equal Weight + Sentiment Tilt,0.012268008696574257,252,0.15
2021-10-04,Equity,Equal Weight + Sentiment Tilt,Equity Equal Weight + Sentiment Tilt,-0.0030879975238980143,252,0.15
2021-10-05,Equity,Equal Weight + Sentiment Tilt,Equity Equal Weight + Sentiment Tilt,0.005517956093568127,252,0.15
2021-10-06,Equity,Equal Weight + Sentiment Tilt,Equity Equal Weight + Sentiment Tilt,0.0014254805656828328,252,0.15
2021-10-07,Equity,Equal Weight + Sentiment Tilt,Equity Equal Weight + Sentiment Tilt,0.008033866954519296,252,0.15
2021-10-08,Equity,Equal Weight + Sentiment Tilt,Equity Equal Weight + Sentiment Tilt,-0.0009303212439069724,252,0.15
2021-10-11,Equity,Equal Weight + Sentiment Tilt,Equity Equal Weight + Sentiment Tilt,-0.008665330847484047,252,0.15
2021-10-12,Equity,Equal Weight + Sentiment Tilt,Equity Equal Weight + Sentiment Tilt,-0.0008359645144350989,252,0.15
2021-10-13,Equity,Equal Weight + Sentiment Tilt,Equity Equal Weight + Sentiment Tilt,0.0034132239458457645,252,0.15
2021-10-14,Equity,Equal Weight + Sentiment Tilt,Equity Equal Weight + Sentiment Tilt,0.012830037400738886,252,0.15
2021-10-15,Equity,Equal Weight + Sentiment Tilt,Equity Equal Weight + Sentiment Tilt,0.004750281023477513,252,0.15
2021-10-18,Equity,Equal Weight + Sentiment Tilt,Equity Equal Weight + Sentiment Tilt,4.2973826852987267e-05,252,0.15
2021-10-19,Equity,Equal Weight + Sentiment Tilt,Equity Equal Weight + Sentiment Tilt,0.009794687097096312,252,0.15
2021-10-20,Equity,Equal Weight + Sentiment Tilt,Equity Equal Weight + Sentiment Tilt,0.008711955926327964,252,0.15
2021-10-21,Equity,Equal Weight + Sentiment Tilt,Equity Equal Weight + Sentiment Tilt,0.0011176140678767778,252,0.15
2021-10-22,Equity,Equal Weight + Sentiment Tilt,Equity Equal Weight + Sentiment Tilt,0.0010771224856172214,252,0.15
2021-10-25,Equity,Equal Weight + Sentiment Tilt,Equity Equal Weight + Sentiment Tilt,0.0060185962017740525,252,0.15
2021-10-26,Equity,Equal Weight + Sentiment Tilt,Equity Equal Weight + Sentiment Tilt,0.005140034517632437,252,0.15
2021-10-27,Equity,Equal Weight + Sentiment Tilt,Equity Equal Weight + Sentiment Tilt,-0.015573966050857304,252,0.15
2021-10-28,Equity,Equal Weight + Sentiment Tilt,Equity Equal Weight + Sentiment Tilt,0.008431197577016566,252,0.15
2021-10-29,Equity,Equal Weight + Sentiment Tilt,Equity Equal Weight + Sentiment Tilt,-0.002700044342408945,252,0.15
2021-11-01,Equity,Equal Weight + Sentiment Tilt,Equity Equal Weight + Sentiment Tilt,0.0076032709400952365,252,0.15
2021-11-02,Equity,Equal Weight + Sentiment Tilt,Equity Equal Weight + Sentiment Tilt,0.004603216229194403,252,0.15
2021-11-03,Equity,Equal Weight + Sentiment Tilt,Equity Equal Weight + Sentiment Tilt,0.005048862459450925,252,0.15
2021-11-04,Equity,Equal Weight + Sentiment Tilt,Equity Equal Weight + Sentiment Tilt,0.005245316711980506,252,0.15
2021-11-05,Equity,Equal Weight + Sentiment Tilt,Equity Equal Weight + Sentiment Tilt,0.004156119294991426,252,0.15
2021-11-08,Equity,Equal Weight + Sentiment Tilt,Equity Equal Weight + Sentiment Tilt,0.004503239474538124,252,0.15
2021-11-09,Equity,Equal Weight + Sentiment Tilt,Equity Equal Weight + Sentiment Tilt,-0.000889785791012306,252,0.15
2021-11-10,Equity,Equal Weight + Sentiment Tilt,Equity Equal Weight + Sentiment Tilt,-0.007595526888032309,252,0.15
2021-11-11,Equity,Equal Weight + Sentiment Tilt,Equity Equal Weight + Sentiment Tilt,0.0015888576446203384,252,0.15
2021-11-12,Equity,Equal Weight + Sentiment Tilt,Equity Equal Weight + Sentiment Tilt,0.0023729894691172267,252,0.15
2021-11-15,Equity,Equal Weight + Sentiment Tilt,Equity Equal Weight + Sentiment Tilt,-0.0008727278865990162,252,0.15
2021-11-16,Equity,Equal Weight + Sentiment Tilt,Equity Equal Weight + Sentiment Tilt,0.0003085511791938174,252,0.15
2021-11-17,Equity,Equal Weight + Sentiment Tilt,Equity Equal Weight + Sentiment Tilt,-0.006650653573856972,252,0.15
2021-11-18,Equity,Equal Weight + Sentiment Tilt,Equity Equal Weight + Sentiment Tilt,-0.0010118211838256448,252,0.15
2021-11-19,Equity,Equal Weight + Sentiment Tilt,Equity Equal Weight + Sentiment Tilt,-0.008088245070801189,252,0.15
2021-11-22,Equity,Equal Weight + Sentiment Tilt,Equity Equal Weight + Sentiment Tilt,0.0018304883842819083,252,0.15
2021-11-23,Equity,Equal Weight + Sentiment Tilt,Equity Equal Weight + Sentiment Tilt,0.007599986757622573,252,0.15
2021-11-24,Equity,Equal Weight + Sentiment Tilt,Equity Equal Weight + Sentiment Tilt,0.0019019856846055566,252,0.15
2021-11-26,Equity,Equal Weight + Sentiment Tilt,Equity Equal Weight + Sentiment Tilt,-0.02216743893393058,252,0.15
2021-11-29,Equity,Equal Weight + Sentiment Tilt,Equity Equal Weight + Sentiment Tilt,0.0074318940699521305,252,0.15
2021-11-30,Equity,Equal Weight + Sentiment Tilt,Equity Equal Weight + Sentiment Tilt,-0.022660890744841553,252,0.15
2021-12-01,Equity,Equal Weight + Sentiment Tilt,Equity Equal Weight + Sentiment Tilt,-0.012882708468934634,252,0.15
2021-12-02,Equity,Equal Weight + Sentiment Tilt,Equity Equal Weight + Sentiment Tilt,0.021128702404716544,252,0.15
2021-12-03,Equity,Equal Weight + Sentiment Tilt,Equity Equal Weight + Sentiment Tilt,-0.0012687838134128693,252,0.15
2021-12-06,Equity,Equal Weight + Sentiment Tilt,Equity Equal Weight + Sentiment Tilt,0.01348789468634944,252,0.15
2021-12-07,Equity,Equal Weight + Sentiment Tilt,Equity Equal Weight + Sentiment Tilt,0.015342060484242359,252,0.15
2021-12-08,Equity,Equal Weight + Sentiment Tilt,Equity Equal Weight + Sentiment Tilt,-0.0005472858114461736,252,0.15
2021-12-09,Equity,Equal Weight + Sentiment Tilt,Equity Equal Weight + Sentiment Tilt,-0.0067639027090454044,252,0.15
2021-12-10,Equity,Equal Weight + Sentiment Tilt,Equity Equal Weight + Sentiment Tilt,0.005420641250963131,252,0.15
2021-12-13,Equity,Equal Weight + Sentiment Tilt,Equity Equal Weight + Sentiment Tilt,-0.005725110276250741,252,0.15
2021-12-14,Equity,Equal Weight + Sentiment Tilt,Equity Equal Weight + Sentiment Tilt,-0.0021643811133019767,252,0.15
2021-12-15,Equity,Equal Weight + Sentiment Tilt,Equity Equal Weight + Sentiment Tilt,0.009213702881874826,252,0.15
2021-12-16,Equity,Equal Weight + Sentiment Tilt,Equity Equal Weight + Sentiment Tilt,0.004238372270253099,252,0.15
2021-12-17,Equity,Equal Weight + Sentiment Tilt,Equity Equal Weight + Sentiment Tilt,-0.012380257461201069,252,0.15
2021-12-20,Equity,Equal Weight + Sentiment Tilt,Equity Equal Weight + Sentiment Tilt,-0.008190107673945202,252,0.15
2021-12-21,Equity,Equal Weight + Sentiment Tilt,Equity Equal Weight + Sentiment Tilt,0.014264062157079658,252,0.15
2021-12-22,Equity,Equal Weight + Sentiment Tilt,Equity Equal Weight + Sentiment Tilt,0.006070898869587965,252,0.15
2021-12-23,Equity,Equal Weight + Sentiment Tilt,Equity Equal Weight + Sentiment Tilt,0.0050016485787080095,252,0.15
2021-12-27,Equity,Equal Weight + Sentiment Tilt,Equity Equal Weight + Sentiment Tilt,0.01289117629556169,252,0.15
2021-12-28,Equity,Equal Weight + Sentiment Tilt,Equity Equal Weight + Sentiment Tilt,0.0017630456902559468,252,0.15
2021-12-29,Equity,Equal Weight + Sentiment Tilt,Equity Equal Weight + Sentiment Tilt,0.0004896922368313138,252,0.15
2021-12-30,Equity,Equal Weight + Sentiment Tilt,Equity Equal Weight + Sentiment Tilt,-0.0015750012848098891,252,0.15
2021-12-31,Equity,Equal Weight + Sentiment Tilt,Equity Equal Weight + Sentiment Tilt,-0.0009909452586348967,252,0.15
2022-01-03,Equity,Equal Weight + Sentiment Tilt,Equity Equal Weight + Sentiment Tilt,0.007946917032839437,252,0.15
2022-01-04,Equity,Equal Weight + Sentiment Tilt,Equity Equal Weight + Sentiment Tilt,0.008423055262233282,252,0.15
2022-01-05,Equity,Equal Weight + Sentiment Tilt,Equity Equal Weight + Sentiment Tilt,-0.009835570433653068,252,0.15
2022-01-06,Equity,Equal Weight + Sentiment Tilt,Equity Equal Weight + Sentiment Tilt,0.0005055040077110862,252,0.15
2022-01-07,Equity,Equal Weight + Sentiment Tilt,Equity Equal Weight + Sentiment Tilt,0.0014264385887725068,252,0.15
2022-01-10,Equity,Equal Weight + Sentiment Tilt,Equity Equal Weight + Sentiment Tilt,-0.006303801003720925,252,0.15
2022-01-11,Equity,Equal Weight + Sentiment Tilt,Equity Equal Weight + Sentiment Tilt,0.009910832221475928,252,0.15
2022-01-12,Equity,Equal Weight + Sentiment Tilt,Equity Equal Weight + Sentiment Tilt,0.0026502765592455765,252,0.15
2022-01-13,Equity,Equal Weight + Sentiment Tilt,Equity Equal Weight + Sentiment Tilt,-0.004904515306389919,252,0.15
2022-01-14,Equity,Equal Weight + Sentiment Tilt,Equity Equal Weight + Sentiment Tilt,0.0014522221601206517,252,0.15
2022-01-18,Equity,Equal Weight + Sentiment Tilt,Equity Equal Weight + Sentiment Tilt,-0.011394357161778368,252,0.15
2022-01-19,Equity,Equal Weight + Sentiment Tilt,Equity Equal Weight + Sentiment Tilt,-0.006989239285683263,252,0.15
2022-01-20,Equity,Equal Weight + Sentiment Tilt,Equity Equal Weight + Sentiment Tilt,-0.011524631027955147,252,0.15
2022-01-21,Equity,Equal Weight + Sentiment Tilt,Equity Equal Weight + Sentiment Tilt,-0.01307064754491053,252,0.15
2022-01-24,Equity,Equal Weight + Sentiment Tilt,Equity Equal Weight + Sentiment Tilt,0.002162199349446945,252,0.15
2022-01-25,Equity,Equal Weight + Sentiment Tilt,Equity Equal Weight + Sentiment Tilt,-0.0036714805023237273,252,0.15
2022-01-26,Equity,Equal Weight + Sentiment Tilt,Equity Equal Weight + Sentiment Tilt,-0.008523516140755796,252,0.15
2022-01-27,Equity,Equal Weight + Sentiment Tilt,Equity Equal Weight + Sentiment Tilt,-0.003410739442938766,252,0.15
2022-01-28,Equity,Equal Weight + Sentiment Tilt,Equity Equal Weight + Sentiment Tilt,0.01738386901341132,252,0.15
2022-01-31,Equity,Equal Weight + Sentiment Tilt,Equity Equal Weight + Sentiment Tilt,0.013845007498799944,252,0.15
2022-02-01,Equity,Equal Weight + Sentiment Tilt,Equity Equal Weight + Sentiment Tilt,0.012172219675366623,252,0.15
2022-02-02,Equity,Equal Weight + Sentiment Tilt,Equity Equal Weight + Sentiment Tilt,0.009680041131260574,252,0.15
2022-02-03,Equity,Equal Weight + Sentiment Tilt,Equity Equal Weight + Sentiment Tilt,-0.010405025249694385,252,0.15
2022-02-04,Equity,Equal Weight + Sentiment Tilt,Equity Equal Weight + Sentiment Tilt,-0.0010983060587714116,252,0.15
2022-02-07,Equity,Equal Weight + Sentiment Tilt,Equity Equal Weight + Sentiment Tilt,0.002611019955804348,252,0.15
2022-02-08,Equity,Equal Weight + Sentiment Tilt,Equity Equal Weight + Sentiment Tilt,0.004264390229694067,252,0.15
2022-02-09,Equity,Equal Weight + Sentiment Tilt,Equity Equal Weight + Sentiment Tilt,0.012399223799383857,252,0.15
2022-02-10,Equity,Equal Weight + Sentiment Tilt,Equity Equal Weight + Sentiment Tilt,-0.017274365381259524,252,0.15
2022-02-11,Equity,Equal Weight + Sentiment Tilt,Equity Equal Weight + Sentiment Tilt,-0.01007438318147002,252,0.15
2022-02-14,Equity,Equal Weight + Sentiment Tilt,Equity Equal Weight + Sentiment Tilt,-0.006552840915807588,252,0.15
2022-02-15,Equity,Equal Weight + Sentiment Tilt,Equity Equal Weight + Sentiment Tilt,0.010640122197859703,252,0.15
2022-02-16,Equity,Equal Weight + Sentiment Tilt,Equity Equal Weight + Sentiment Tilt,-0.0002973470333733577,252,0.15
2022-02-17,Equity,Equal Weight + Sentiment Tilt,Equity Equal Weight + Sentiment Tilt,-0.015473653260007061,252,0.15
2022-02-18,Equity,Equal Weight + Sentiment Tilt,Equity Equal Weight + Sentiment Tilt,-0.00881626250052128,252,0.15
2022-02-22,Equity,Equal Weight + Sentiment Tilt,Equity Equal Weight + Sentiment Tilt,-0.0065459502606008005,252,0.15
2022-02-23,Equity,Equal Weight + Sentiment Tilt,Equity Equal Weight + Sentiment Tilt,-0.0112134994889493,252,0.15
2022-02-24,Equity,Equal Weight + Sentiment Tilt,Equity Equal Weight + Sentiment Tilt,0.006430739363980896,252,0.15
2022-02-25,Equity,Equal Weight + Sentiment Tilt,Equity Equal Weight + Sentiment Tilt,0.02577624288232926,252,0.15
2022-02-28,Equity,Equal Weight + Sentiment Tilt,Equity Equal Weight + Sentiment Tilt,-0.0014082509228282515,252,0.15
2022-03-01,Equity,Equal Weight + Sentiment Tilt,Equity Equal Weight + Sentiment Tilt,-0.011830259031751906,252,0.15
2022-03-02,Equity,Equal Weight + Sentiment Tilt,Equity Equal Weight + Sentiment Tilt,0.01967202568254991,252,0.15
2022-03-03,Equity,Equal Weight + Sentiment Tilt,Equity Equal Weight + Sentiment Tilt,-0.00046232874824458735,252,0.15
2022-03-04,Equity,Equal Weight + Sentiment Tilt,Equity Equal Weight + Sentiment Tilt,0.0032194998985594506,252,0.15
2022-03-07,Equity,Equal Weight + Sentiment Tilt,Equity Equal Weight + Sentiment Tilt,-0.016301162208782416,252,0.15
2022-03-08,Equity,Equal Weight + Sentiment Tilt,Equity Equal Weight + Sentiment Tilt,-0.004266297895609203,252,0.15
2022-03-09,Equity,Equal Weight + Sentiment Tilt,Equity Equal Weight + Sentiment Tilt,0.013829112748310737,252,0.15
2022-03-10,Equity,Equal Weight + Sentiment Tilt,Equity Equal Weight + Sentiment Tilt,-1.4915420363301031e-05,252,0.15
2022-03-11,Equity,Equal Weight + Sentiment Tilt,Equity Equal Weight + Sentiment Tilt,-0.008080690257249805,252,0.15
2022-03-14,Equity,Equal Weight + Sentiment Tilt,Equity Equal Weight + Sentiment Tilt,-0.009893026308014587,252,0.15
2022-03-15,Equity,Equal Weight + Sentiment Tilt,Equity Equal Weight + Sentiment Tilt,0.008558206000221067,252,0.15
2022-03-16,Equity,Equal Weight + Sentiment Tilt,Equity Equal Weight + Sentiment Tilt,0.014773008287270373,252,0.15
2022-03-17,Equity,Equal Weight + Sentiment Tilt,Equity Equal Weight + Sentiment Tilt,0.015191681126646909,252,0.15
2022-03-18,Equity,Equal Weight + Sentiment Tilt,Equity Equal Weight + Sentiment Tilt,0.0044493264536354694,252,0.15
2022-03-21,Equity,Equal Weight + Sentiment Tilt,Equity Equal Weight + Sentiment Tilt,0.004347256149643299,252,0.15
2022-03-22,Equity,Equal Weight + Sentiment Tilt,Equity Equal Weight + Sentiment Tilt,0.005191498673196068,252,0.15
2022-03-23,Equity,Equal Weight + Sentiment Tilt,Equity Equal Weight + Sentiment Tilt,-0.008809308789854276,252,0.15
2022-03-24,Equity,Equal Weight + Sentiment Tilt,Equity Equal Weight + Sentiment Tilt,0.010049823931816321,252,0.15
2022-03-25,Equity,Equal Weight + Sentiment Tilt,Equity Equal Weight + Sentiment Tilt,0.009435416745478074,252,0.15
2022-03-28,Equity,Equal Weight + Sentiment Tilt,Equity Equal Weight + Sentiment Tilt,0.00027805891822508464,252,0.15
2022-03-29,Equity,Equal Weight + Sentiment Tilt,Equity Equal Weight + Sentiment Tilt,0.012082015913863414,252,0.15
2022-03-30,Equity,Equal Weight + Sentiment Tilt,Equity Equal Weight + Sentiment Tilt,-0.003712465215230984,252,0.15
2022-03-31,Equity,Equal Weight + Sentiment Tilt,Equity Equal Weight + Sentiment Tilt,-0.014358200381443836,252,0.15
2022-04-01,Equity,Equal Weight + Sentiment Tilt,Equity Equal Weight + Sentiment Tilt,0.0062207475160267565,252,0.15
2022-04-04,Equity,Equal Weight + Sentiment Tilt,Equity Equal Weight + Sentiment Tilt,0.0019069484730255338,252,0.15
2022-04-05,Equity,Equal Weight + Sentiment Tilt,Equity Equal Weight + Sentiment Tilt,-0.010885623326710158,252,0.15
2022-04-06,Equity,Equal Weight + Sentiment Tilt,Equity Equal Weight + Sentiment Tilt,-0.0006668352429490142,252,0.15
2022-04-07,Equity,Equal Weight + Sentiment Tilt,Equity Equal Weight + Sentiment Tilt,0.0016091867280927682,252,0.15
2022-04-08,Equity,Equal Weight + Sentiment Tilt,Equity Equal Weight + Sentiment Tilt,0.003630488346197692,252,0.15
2022-04-11,Equity,Equal Weight + Sentiment Tilt,Equity Equal Weight + Sentiment Tilt,-0.012379244371647944,252,0.15
2022-04-12,Equity,Equal Weight + Sentiment Tilt,Equity Equal Weight + Sentiment Tilt,-0.00030211567529556056,252,0.15
2022-04-13,Equity,Equal Weight + Sentiment Tilt,Equity Equal Weight + Sentiment Tilt,0.00910112482267019,252,0.15
2022-04-14,Equity,Equal Weight + Sentiment Tilt,Equity Equal Weight + Sentiment Tilt,-0.0017504011595273093,252,0.15
2022-04-18,Equity,Equal Weight + Sentiment Tilt,Equity Equal Weight + Sentiment Tilt,0.0010221125044396133,252,0.15
2022-04-19,Equity,Equal Weight + Sentiment Tilt,Equity Equal Weight + Sentiment Tilt,0.012158091185387899,252,0.15
2022-04-20,Equity,Equal Weight + Sentiment Tilt,Equity Equal Weight + Sentiment Tilt,0.001562885638340596,252,0.15
2022-04-21,Equity,Equal Weight + Sentiment Tilt,Equity Equal Weight + Sentiment Tilt,-0.012875675942326243,252,0.15
2022-04-22,Equity,Equal Weight + Sentiment Tilt,Equity Equal Weight + Sentiment Tilt,-0.022909712541453003,252,0.15
2022-04-25,Equity,Equal Weight + Sentiment Tilt,Equity Equal Weight + Sentiment Tilt,-0.0034476336245028694,252,0.15
2022-04-26,Equity,Equal Weight + Sentiment Tilt,Equity Equal Weight + Sentiment Tilt,-0.020714666008012608,252,0.15
2022-04-27,Equity,Equal Weight + Sentiment Tilt,Equity Equal Weight + Sentiment Tilt,0.0002736619203466651,252,0.15
2022-04-28,Equity,Equal Weight + Sentiment Tilt,Equity Equal Weight + Sentiment Tilt,0.017643219964985322,252,0.15
2022-04-29,Equity,Equal Weight + Sentiment Tilt,Equity Equal Weight + Sentiment Tilt,-0.0349852951262319,252,0.15
2022-05-02,Equity,Equal Weight + Sentiment Tilt,Equity Equal Weight + Sentiment Tilt,0.004107803442583589,252,0.15
2022-05-03,Equity,Equal Weight + Sentiment Tilt,Equity Equal Weight + Sentiment Tilt,0.006466838048980363,252,0.15
2022-05-04,Equity,Equal Weight + Sentiment Tilt,Equity Equal Weight + Sentiment Tilt,0.030590337786002255,252,0.15
2022-05-05,Equity,Equal Weight + Sentiment Tilt,Equity Equal Weight + Sentiment Tilt,-0.02454986674745305,252,0.15
2022-05-06,Equity,Equal Weight + Sentiment Tilt,Equity Equal Weight + Sentiment Tilt,-0.0031959584017270137,252,0.15
2022-05-09,Equity,Equal Weight + Sentiment Tilt,Equity Equal Weight + Sentiment Tilt,-0.03575729249279951,252,0.15
2022-05-10,Equity,Equal Weight + Sentiment Tilt,Equity Equal Weight + Sentiment Tilt,-0.004424015669849349,252,0.15
2022-05-11,Equity,Equal Weight + Sentiment Tilt,Equity Equal Weight + Sentiment Tilt,-0.002891754215101432,252,0.15
2022-05-12,Equity,Equal Weight + Sentiment Tilt,Equity Equal Weight + Sentiment Tilt,0.0023924165570612037,252,0.15
2022-05-13,Equity,Equal Weight + Sentiment Tilt,Equity Equal Weight + Sentiment Tilt,0.02262188029656772,252,0.15
2022-05-16,Equity,Equal Weight + Sentiment Tilt,Equity Equal Weight + Sentiment Tilt,0.0019492915419154746,252,0.15
2022-05-17,Equity,Equal Weight + Sentiment Tilt,Equity Equal Weight + Sentiment Tilt,0.018591132283562378,252,0.15
2022-05-18,Equity,Equal Weight + Sentiment Tilt,Equity Equal Weight + Sentiment Tilt,-0.02802291833320921,252,0.15
2022-05-19,Equity,Equal Weight + Sentiment Tilt,Equity Equal Weight + Sentiment Tilt,-0.0019789755442207206,252,0.15
2022-05-20,Equity,Equal Weight + Sentiment Tilt,Equity Equal Weight + Sentiment Tilt,0.0010999738729136406,252,0.15
2022-05-23,Equity,Equal Weight + Sentiment Tilt,Equity Equal Weight + Sentiment Tilt,0.019346734611799206,252,0.15
2022-05-24,Equity,Equal Weight + Sentiment Tilt,Equity Equal Weight + Sentiment Tilt,0.0009106197024062721,252,0.15
2022-05-25,Equity,Equal Weight + Sentiment Tilt,Equity Equal Weight + Sentiment Tilt,0.008865659120273416,252,0.15
2022-05-26,Equity,Equal Weight + Sentiment Tilt,Equity Equal Weight + Sentiment Tilt,0.014882968229374759,252,0.15
2022-05-27,Equity,Equal Weight + Sentiment Tilt,Equity Equal Weight + Sentiment Tilt,0.019538723425634827,252,0.15
2022-05-31,Equity,Equal Weight + Sentiment Tilt,Equity Equal Weight + Sentiment Tilt,-0.007920922329668836,252,0.15
2022-06-01,Equity,Equal Weight + Sentiment Tilt,Equity Equal Weight + Sentiment Tilt,-0.00471054576811957,252,0.15
2022-06-02,Equity,Equal Weight + Sentiment Tilt,Equity Equal Weight + Sentiment Tilt,0.014029062908271167,252,0.15
2022-06-03,Equity,Equal Weight + Sentiment Tilt,Equity Equal Weight + Sentiment Tilt,-0.007430062349975328,252,0.15
2022-06-06,Equity,Equal Weight + Sentiment Tilt,Equity Equal Weight + Sentiment Tilt,-0.0005253037843569277,252,0.15
2022-06-07,Equity,Equal Weight + Sentiment Tilt,Equity Equal Weight + Sentiment Tilt,0.010665031101521723,252,0.15
2022-06-08,Equity,Equal Weight + Sentiment Tilt,Equity Equal Weight + Sentiment Tilt,-0.01254328127468092,252,0.15
2022-06-09,Equity,Equal Weight + Sentiment Tilt,Equity Equal Weight + Sentiment Tilt,-0.023669472690812692,252,0.15
2022-06-10,Equity,Equal Weight + Sentiment Tilt,Equity Equal Weight + Sentiment Tilt,-0.02541274529103559,252,0.15
2022-06-13,Equity,Equal Weight + Sentiment Tilt,Equity Equal Weight + Sentiment Tilt,-0.04052000002872786,252,0.15
2022-06-14,Equity,Equal Weight + Sentiment Tilt,Equity Equal Weight + Sentiment Tilt,-0.0063907270968272855,252,0.15
2022-06-15,Equity,Equal Weight + Sentiment Tilt,Equity Equal Weight + Sentiment Tilt,0.010405711844280843,252,0.15
2022-06-16,Equity,Equal Weight + Sentiment Tilt,Equity Equal Weight + Sentiment Tilt,-0.029140436192468956,252,0.15
2022-06-17,Equity,Equal Weight + Sentiment Tilt,Equity Equal Weight + Sentiment Tilt,-0.005082172904043052,252,0.15
2022-06-21,Equity,Equal Weight + Sentiment Tilt,Equity Equal Weight + Sentiment Tilt,0.02188552661910518,252,0.15
2022-06-22,Equity,Equal Weight + Sentiment Tilt,Equity Equal Weight + Sentiment Tilt,-0.003991878731823502,252,0.15
2022-06-23,Equity,Equal Weight + Sentiment Tilt,Equity Equal Weight + Sentiment Tilt,0.0019808723091177243,252,0.15
2022-06-24,Equity,Equal Weight + Sentiment Tilt,Equity Equal Weight + Sentiment Tilt,0.028368666432560603,252,0.15
2022-06-27,Equity,Equal Weight + Sentiment Tilt,Equity Equal Weight + Sentiment Tilt,-0.002538507951665596,252,0.15
2022-06-28,Equity,Equal Weight + Sentiment Tilt,Equity Equal Weight + Sentiment Tilt,-0.008428017635507183,252,0.15
2022-06-29,Equity,Equal Weight + Sentiment Tilt,Equity Equal Weight + Sentiment Tilt,-0.005600156383778696,252,0.15
2022-06-30,Equity,Equal Weight + Sentiment Tilt,Equity Equal Weight + Sentiment Tilt,-0.007401264985754499,252,0.15
2022-07-01,Equity,Equal Weight + Sentiment Tilt,Equity Equal Weight + Sentiment Tilt,0.010446935514443183,252,0.15
2022-07-05,Equity,Equal Weight + Sentiment Tilt,Equity Equal Weight + Sentiment Tilt,-0.006754205834821946,252,0.15
2022-07-06,Equity,Equal Weight + Sentiment Tilt,Equity Equal Weight + Sentiment Tilt,-0.0002515210066288276,252,0.15
2022-07-07,Equity,Equal Weight + Sentiment Tilt,Equity Equal Weight + Sentiment Tilt,0.014328040772253945,252,0.15
2022-07-08,Equity,Equal Weight + Sentiment Tilt,Equity Equal Weight + Sentiment Tilt,-0.003201456047798498,252,0.15
2022-07-11,Equity,Equal Weight + Sentiment Tilt,Equity Equal Weight + Sentiment Tilt,-0.0074391206282185445,252,0.15
2022-07-12,Equity,Equal Weight + Sentiment Tilt,Equity Equal Weight + Sentiment Tilt,-0.004001584336279683,252,0.15
2022-07-13,Equity,Equal Weight + Sentiment Tilt,Equity Equal Weight + Sentiment Tilt,-0.0037742773664416183,252,0.15
2022-07-14,Equity,Equal Weight + Sentiment Tilt,Equity Equal Weight + Sentiment Tilt,-0.004225297071595074,252,0.15
2022-07-15,Equity,Equal Weight + Sentiment Tilt,Equity Equal Weight + Sentiment Tilt,0.018588251485979698,252,0.15
2022-07-18,Equity,Equal Weight + Sentiment Tilt,Equity Equal Weight + Sentiment Tilt,-0.003464858353762003,252,0.15
2022-07-19,Equity,Equal Weight + Sentiment Tilt,Equity Equal Weight + Sentiment Tilt,0.027324488266086727,252,0.15
2022-07-20,Equity,Equal Weight + Sentiment Tilt,Equity Equal Weight + Sentiment Tilt,0.0024174531440910685,252,0.15
2022-07-21,Equity,Equal Weight + Sentiment Tilt,Equity Equal Weight + Sentiment Tilt,0.005141250666030925,252,0.15
2022-07-22,Equity,Equal Weight + Sentiment Tilt,Equity Equal Weight + Sentiment Tilt,-0.004848893913924923,252,0.15
2022-07-25,Equity,Equal Weight + Sentiment Tilt,Equity Equal Weight + Sentiment Tilt,0.004040723596794409,252,0.15
2022-07-26,Equity,Equal Weight + Sentiment Tilt,Equity Equal Weight + Sentiment Tilt,-0.004331785087231841,252,0.15
2022-07-27,Equity,Equal Weight + Sentiment Tilt,Equity Equal Weight + Sentiment Tilt,0.01141835129804025,252,0.15
2022-07-28,Equity,Equal Weight + Sentiment Tilt,Equity Equal Weight + Sentiment Tilt,0.009858534712397681,252,0.15
2022-07-29,Equity,Equal Weight + Sentiment Tilt,Equity Equal Weight + Sentiment Tilt,0.009631130901070692,252,0.15
2022-08-01,Equity,Equal Weight + Sentiment Tilt,Equity Equal Weight + Sentiment Tilt,-0.002062203682077627,252,0.15
2022-08-02,Equity,Equal Weight + Sentiment Tilt,Equity Equal Weight + Sentiment Tilt,-0.009582026797025751,252,0.15
2022-08-03,Equity,Equal Weight + Sentiment Tilt,Equity Equal Weight + Sentiment Tilt,0.005399838247105413,252,0.15
2022-08-04,Equity,Equal Weight + Sentiment Tilt,Equity Equal Weight + Sentiment Tilt,-0.0019931635964437508,252,0.15
2022-08-05,Equity,Equal Weight + Sentiment Tilt,Equity Equal Weight + Sentiment Tilt,0.0017155463199853987,252,0.15
2022-08-08,Equity,Equal Weight + Sentiment Tilt,Equity Equal Weight + Sentiment Tilt,0.0002800935705612023,252,0.15
2022-08-09,Equity,Equal Weight + Sentiment Tilt,Equity Equal Weight + Sentiment Tilt,-1.9561062161818314e-05,252,0.15
2022-08-10,Equity,Equal Weight + Sentiment Tilt,Equity Equal Weight + Sentiment Tilt,0.0162330815717291,252,0.15
2022-08-11,Equity,Equal Weight + Sentiment Tilt,Equity Equal Weight + Sentiment Tilt,0.006122922498192083,252,0.15
2022-08-12,Equity,Equal Weight + Sentiment Tilt,Equity Equal Weight + Sentiment Tilt,0.014754675784765985,252,0.15
2022-08-15,Equity,Equal Weight + Sentiment Tilt,Equity Equal Weight + Sentiment Tilt,0.003910243125890526,252,0.15
2022-08-16,Equity,Equal Weight + Sentiment Tilt,Equity Equal Weight + Sentiment Tilt,0.002795351980429035,252,0.15
2022-08-17,Equity,Equal Weight + Sentiment Tilt,Equity Equal Weight + Sentiment Tilt,-0.007906311472837532,252,0.15
2022-08-18,Equity,Equal Weight + Sentiment Tilt,Equity Equal Weight + Sentiment Tilt,0.004220812026321448,252,0.15
2022-08-19,Equity,Equal Weight + Sentiment Tilt,Equity Equal Weight + Sentiment Tilt,-0.008039771983025367,252,0.15
2022-08-22,Equity,Equal Weight + Sentiment Tilt,Equity Equal Weight + Sentiment Tilt,-0.018852057533993945,252,0.15
2022-08-23,Equity,Equal Weight + Sentiment Tilt,Equity Equal Weight + Sentiment Tilt,0.0026120729819647235,252,0.15
2022-08-24,Equity,Equal Weight + Sentiment Tilt,Equity Equal Weight + Sentiment Tilt,0.0024131678060774825,252,0.15
2022-08-25,Equity,Equal Weight + Sentiment Tilt,Equity Equal Weight + Sentiment Tilt,0.013564992466083375,252,0.15
2022-08-26,Equity,Equal Weight + Sentiment Tilt,Equity Equal Weight + Sentiment Tilt,-0.026956755415430505,252,0.15
2022-08-29,Equity,Equal Weight + Sentiment Tilt,Equity Equal Weight + Sentiment Tilt,-0.003326472533108871,252,0.15
2022-08-30,Equity,Equal Weight + Sentiment Tilt,Equity Equal Weight + Sentiment Tilt,-0.013845929532727718,252,0.15
2022-08-31,Equity,Equal Weight + Sentiment Tilt,Equity Equal Weight + Sentiment Tilt,-0.007504168842533044,252,0.15
2022-09-01,Equity,Equal Weight + Sentiment Tilt,Equity Equal Weight + Sentiment Tilt,-0.0009783652526558695,252,0.15
2022-09-02,Equity,Equal Weight + Sentiment Tilt,Equity Equal Weight + Sentiment Tilt,-0.009542136188232641,252,0.15
2022-09-06,Equity,Equal Weight + Sentiment Tilt,Equity Equal Weight + Sentiment Tilt,-0.003841638920941768,252,0.15
2022-09-07,Equity,Equal Weight + Sentiment Tilt,Equity Equal Weight + Sentiment Tilt,0.016022344910199927,252,0.15
2022-09-08,Equity,Equal Weight + Sentiment Tilt,Equity Equal Weight + Sentiment Tilt,0.0060043857532637405,252,0.15
2022-09-09,Equity,Equal Weight + Sentiment Tilt,Equity Equal Weight + Sentiment Tilt,0.014555927691025466,252,0.15
2022-09-12,Equity,Equal Weight + Sentiment Tilt,Equity Equal Weight + Sentiment Tilt,0.008527518463373547,252,0.15
2022-09-13,Equity,Equal Weight + Sentiment Tilt,Equity Equal Weight + Sentiment Tilt,-0.04023086096555685,252,0.15
2022-09-14,Equity,Equal Weight + Sentiment Tilt,Equity Equal Weight + Sentiment Tilt,0.0029665083598151773,252,0.15
2022-09-15,Equity,Equal Weight + Sentiment Tilt,Equity Equal Weight + Sentiment Tilt,-0.016618854097552743,252,0.15
2022-09-16,Equity,Equal Weight + Sentiment Tilt,Equity Equal Weight + Sentiment Tilt,-0.007486193719976241,252,0.15
2022-09-19,Equity,Equal Weight + Sentiment Tilt,Equity Equal Weight + Sentiment Tilt,0.006294764185032682,252,0.15
2022-09-20,Equity,Equal Weight + Sentiment Tilt,Equity Equal Weight + Sentiment Tilt,-0.015536128156218014,252,0.15
2022-09-21,Equity,Equal Weight + Sentiment Tilt,Equity Equal Weight + Sentiment Tilt,-0.016831291246479585,252,0.15
2022-09-22,Equity,Equal Weight + Sentiment Tilt,Equity Equal Weight + Sentiment Tilt,-0.009510732977130598,252,0.15
2022-09-23,Equity,Equal Weight + Sentiment Tilt,Equity Equal Weight + Sentiment Tilt,-0.022295486855696527,252,0.15
2022-09-26,Equity,Equal Weight + Sentiment Tilt,Equity Equal Weight + Sentiment Tilt,-0.015951772105778042,252,0.15
2022-09-27,Equity,Equal Weight + Sentiment Tilt,Equity Equal Weight + Sentiment Tilt,-0.0036290074193893614,252,0.15
2022-09-28,Equity,Equal Weight + Sentiment Tilt,Equity Equal Weight + Sentiment Tilt,0.02133957564783637,252,0.15
2022-09-29,Equity,Equal Weight + Sentiment Tilt,Equity Equal Weight + Sentiment Tilt,-0.019937614489717762,252,0.15
2022-09-30,Equity,Equal Weight + Sentiment Tilt,Equity Equal Weight + Sentiment Tilt,-0.015019681623858454,252,0.15
2022-10-03,Equity,Equal Weight + Sentiment Tilt,Equity Equal Weight + Sentiment Tilt,0.03220484095054556,252,0.15
2022-10-04,Equity,Equal Weight + Sentiment Tilt,Equity Equal Weight + Sentiment Tilt,0.02955908886494908,252,0.15
2022-10-05,Equity,Equal Weight + Sentiment Tilt,Equity Equal Weight + Sentiment Tilt,-0.003016914909046524,252,0.15
2022-10-06,Equity,Equal Weight + Sentiment Tilt,Equity Equal Weight + Sentiment Tilt,-0.011319085025917558,252,0.15
2022-10-07,Equity,Equal Weight + Sentiment Tilt,Equity Equal Weight + Sentiment Tilt,-0.02305440705045275,252,0.15
2022-10-10,Equity,Equal Weight + Sentiment Tilt,Equity Equal Weight + Sentiment Tilt,-0.005665025498902806,252,0.15
2022-10-11,Equity,Equal Weight + Sentiment Tilt,Equity Equal Weight + Sentiment Tilt,-0.00310247409466225,252,0.15
2022-10-12,Equity,Equal Weight + Sentiment Tilt,Equity Equal Weight + Sentiment Tilt,-0.0056574112312188386,252,0.15
2022-10-13,Equity,Equal Weight + Sentiment Tilt,Equity Equal Weight + Sentiment Tilt,0.029731570261139605,252,0.15
2022-10-14,Equity,Equal Weight + Sentiment Tilt,Equity Equal Weight + Sentiment Tilt,-0.01836884163560261,252,0.15
2022-10-17,Equity,Equal Weight + Sentiment Tilt,Equity Equal Weight + Sentiment Tilt,0.019904101503402286,252,0.15
2022-10-18,Equity,Equal Weight + Sentiment Tilt,Equity Equal Weight + Sentiment Tilt,0.011861153575263279,252,0.15
2022-10-19,Equity,Equal Weight + Sentiment Tilt,Equity Equal Weight + Sentiment Tilt,-0.007685369856915238,252,0.15
2022-10-20,Equity,Equal Weight + Sentiment Tilt,Equity Equal Weight + Sentiment Tilt,-0.004289531932570624,252,0.15
2022-10-21,Equity,Equal Weight + Sentiment Tilt,Equity Equal Weight + Sentiment Tilt,0.023820856718134283,252,0.15
2022-10-24,Equity,Equal Weight + Sentiment Tilt,Equity Equal Weight + Sentiment Tilt,0.008231196844300272,252,0.15
2022-10-25,Equity,Equal Weight + Sentiment Tilt,Equity Equal Weight + Sentiment Tilt,0.016526157003834314,252,0.15
2022-10-26,Equity,Equal Weight + Sentiment Tilt,Equity Equal Weight + Sentiment Tilt,0.005188415788113815,252,0.15
2022-10-27,Equity,Equal Weight + Sentiment Tilt,Equity Equal Weight + Sentiment Tilt,-0.00023566620375370655,252,0.15
2022-10-28,Equity,Equal Weight + Sentiment Tilt,Equity Equal Weight + Sentiment Tilt,0.02410002711703875,252,0.15
2022-10-31,Equity,Equal Weight + Sentiment Tilt,Equity Equal Weight + Sentiment Tilt,-0.007383494895970968,252,0.15
2022-11-01,Equity,Equal Weight + Sentiment Tilt,Equity Equal Weight + Sentiment Tilt,0.0024266458199776663,252,0.15
2022-11-02,Equity,Equal Weight + Sentiment Tilt,Equity Equal Weight + Sentiment Tilt,-0.016934451365980045,252,0.15
2022-11-03,Equity,Equal Weight + Sentiment Tilt,Equity Equal Weight + Sentiment Tilt,-0.0018644856478285397,252,0.15
2022-11-04,Equity,Equal Weight + Sentiment Tilt,Equity Equal Weight + Sentiment Tilt,0.018272757201632565,252,0.15
2022-11-07,Equity,Equal Weight + Sentiment Tilt,Equity Equal Weight + Sentiment Tilt,0.007818082409255455,252,0.15
2022-11-08,Equity,Equal Weight + Sentiment Tilt,Equity Equal Weight + Sentiment Tilt,0.006637741014846167,252,0.15
2022-11-09,Equity,Equal Weight + Sentiment Tilt,Equity Equal Weight + Sentiment Tilt,-0.021465455943665984,252,0.15
2022-11-10,Equity,Equal Weight + Sentiment Tilt,Equity Equal Weight + Sentiment Tilt,0.04902721309580523,252,0.15
2022-11-11,Equity,Equal Weight + Sentiment Tilt,Equity Equal Weight + Sentiment Tilt,0.011792224195392949,252,0.15
2022-11-14,Equity,Equal Weight + Sentiment Tilt,Equity Equal Weight + Sentiment Tilt,-0.008802596786468256,252,0.15
2022-11-15,Equity,Equal Weight + Sentiment Tilt,Equity Equal Weight + Sentiment Tilt,0.009646807899074406,252,0.15
2022-11-16,Equity,Equal Weight + Sentiment Tilt,Equity Equal Weight + Sentiment Tilt,-0.010496871968973512,252,0.15
2022-11-17,Equity,Equal Weight + Sentiment Tilt,Equity Equal Weight + Sentiment Tilt,-0.0022781943371283407,252,0.15
2022-11-18,Equity,Equal Weight + Sentiment Tilt,Equity Equal Weight + Sentiment Tilt,0.0049720932033588735,252,0.15
2022-11-21,Equity,Equal Weight + Sentiment Tilt,Equity Equal Weight + Sentiment Tilt,0.000564325904765031,252,0.15
2022-11-22,Equity,Equal Weight + Sentiment Tilt,Equity Equal Weight + Sentiment Tilt,0.014979859002543951,252,0.15
2022-11-23,Equity,Equal Weight + Sentiment Tilt,Equity Equal Weight + Sentiment Tilt,0.0031042305247149277,252,0.15
2022-11-25,Equity,Equal Weight + Sentiment Tilt,Equity Equal Weight + Sentiment Tilt,0.0007642800829940388,252,0.15
2022-11-28,Equity,Equal Weight + Sentiment Tilt,Equity Equal Weight + Sentiment Tilt,-0.018607430891573025,252,0.15
2022-11-29,Equity,Equal Weight + Sentiment Tilt,Equity Equal Weight + Sentiment Tilt,0.0043863799866144864,252,0.15
2022-11-30,Equity,Equal Weight + Sentiment Tilt,Equity Equal Weight + Sentiment Tilt,0.02340531641926553,252,0.15
2022-12-01,Equity,Equal Weight + Sentiment Tilt,Equity Equal Weight + Sentiment Tilt,-0.00047013950292422755,252,0.15
2022-12-02,Equity,Equal Weight + Sentiment Tilt,Equity Equal Weight + Sentiment Tilt,0.0016947437234850033,252,0.15
2022-12-05,Equity,Equal Weight + Sentiment Tilt,Equity Equal Weight + Sentiment Tilt,-0.017497994486812656,252,0.15
2022-12-06,Equity,Equal Weight + Sentiment Tilt,Equity Equal Weight + Sentiment Tilt,-0.012101001465733483,252,0.15
2022-12-07,Equity,Equal Weight + Sentiment Tilt,Equity Equal Weight + Sentiment Tilt,-0.0009479146150085837,252,0.15
2022-12-08,Equity,Equal Weight + Sentiment Tilt,Equity Equal Weight + Sentiment Tilt,0.00663646630955962,252,0.15
2022-12-09,Equity,Equal Weight + Sentiment Tilt,Equity Equal Weight + Sentiment Tilt,-0.009534521980604947,252,0.15
2022-12-12,Equity,Equal Weight + Sentiment Tilt,Equity Equal Weight + Sentiment Tilt,0.016199272422758645,252,0.15
2022-12-13,Equity,Equal Weight + Sentiment Tilt,Equity Equal Weight + Sentiment Tilt,0.00842632811197411,252,0.15
2022-12-14,Equity,Equal Weight + Sentiment Tilt,Equity Equal Weight + Sentiment Tilt,-0.008632334173854679,252,0.15
2022-12-15,Equity,Equal Weight + Sentiment Tilt,Equity Equal Weight + Sentiment Tilt,-0.02106782221719572,252,0.15
2022-12-16,Equity,Equal Weight + Sentiment Tilt,Equity Equal Weight + Sentiment Tilt,-0.00965753042044243,252,0.15
2022-12-19,Equity,Equal Weight + Sentiment Tilt,Equity Equal Weight + Sentiment Tilt,-0.0065438061247280535,252,0.15
2022-12-20,Equity,Equal Weight + Sentiment Tilt,Equity Equal Weight + Sentiment Tilt,0.0026589213087543605,252,0.15
2022-12-21,Equity,Equal Weight + Sentiment Tilt,Equity Equal Weight + Sentiment Tilt,0.017485409586807027,252,0.15
2022-12-22,Equity,Equal Weight + Sentiment Tilt,Equity Equal Weight + Sentiment Tilt,-0.010439080865658519,252,0.15
2022-12-23,Equity,Equal Weight + Sentiment Tilt,Equity Equal Weight + Sentiment Tilt,0.007405120427038993,252,0.15
2022-12-27,Equity,Equal Weight + Sentiment Tilt,Equity Equal Weight + Sentiment Tilt,0.0006672712645241967,252,0.15
2022-12-28,Equity,Equal Weight + Sentiment Tilt,Equity Equal Weight + Sentiment Tilt,-0.012360302915636105,252,0.15
2022-12-29,Equity,Equal Weight + Sentiment Tilt,Equity Equal Weight + Sentiment Tilt,0.013259201091987206,252,0.15
2022-12-30,Equity,Equal Weight + Sentiment Tilt,Equity Equal Weight + Sentiment Tilt,-0.002018294863803718,252,0.15
2023-01-03,Equity,Equal Weight + Sentiment Tilt,Equity Equal Weight + Sentiment Tilt,0.002378616979341882,252,0.15
2023-01-04,Equity,Equal Weight + Sentiment Tilt,Equity Equal Weight + Sentiment Tilt,0.01860657166957735,252,0.15
2023-01-05,Equity,Equal Weight + Sentiment Tilt,Equity Equal Weight + Sentiment Tilt,-0.007053453931259231,252,0.15
2023-01-06,Equity,Equal Weight + Sentiment Tilt,Equity Equal Weight + Sentiment Tilt,0.0235605326925852,252,0.15
2023-01-09,Equity,Equal Weight + Sentiment Tilt,Equity Equal Weight + Sentiment Tilt,0.00024180154285834545,252,0.15
2023-01-10,Equity,Equal Weight + Sentiment Tilt,Equity Equal Weight + Sentiment Tilt,0.007699544199262707,252,0.15
2023-01-11,Equity,Equal Weight + Sentiment Tilt,Equity Equal Weight + Sentiment Tilt,0.009881382123034303,252,0.15
2023-01-12,Equity,Equal Weight + Sentiment Tilt,Equity Equal Weight + Sentiment Tilt,0.007014391989900142,252,0.15
2023-01-13,Equity,Equal Weight + Sentiment Tilt,Equity Equal Weight + Sentiment Tilt,0.003503839406322064,252,0.15
2023-01-17,Equity,Equal Weight + Sentiment Tilt,Equity Equal Weight + Sentiment Tilt,-0.003979634214933523,252,0.15
2023-01-18,Equity,Equal Weight + Sentiment Tilt,Equity Equal Weight + Sentiment Tilt,-0.01596680971240942,252,0.15
2023-01-19,Equity,Equal Weight + Sentiment Tilt,Equity Equal Weight + Sentiment Tilt,-0.007688268391738406,252,0.15
2023-01-20,Equity,Equal Weight + Sentiment Tilt,Equity Equal Weight + Sentiment Tilt,0.015642520464115867,252,0.15
2023-01-23,Equity,Equal Weight + Sentiment Tilt,Equity Equal Weight + Sentiment Tilt,0.011947766887217857,252,0.15
2023-01-24,Equity,Equal Weight + Sentiment Tilt,Equity Equal Weight + Sentiment Tilt,-0.002866121021554914,252,0.15
2023-01-25,Equity,Equal Weight + Sentiment Tilt,Equity Equal Weight + Sentiment Tilt,0.0017719159648602158,252,0.15
2023-01-26,Equity,Equal Weight + Sentiment Tilt,Equity Equal Weight + Sentiment Tilt,0.008292693363701316,252,0.15
2023-01-27,Equity,Equal Weight + Sentiment Tilt,Equity Equal Weight + Sentiment Tilt,-0.0012218084980205486,252,0.15
2023-01-30,Equity,Equal Weight + Sentiment Tilt,Equity Equal Weight + Sentiment Tilt,-0.010269398945431538,252,0.15
2023-01-31,Equity,Equal Weight + Sentiment Tilt,Equity Equal Weight + Sentiment Tilt,0.012023884480623434,252,0.15
2023-02-01,Equity,Equal Weight + Sentiment Tilt,Equity Equal Weight + Sentiment Tilt,0.006234725433366297,252,0.15
2023-02-02,Equity,Equal Weight + Sentiment Tilt,Equity Equal Weight + Sentiment Tilt,-0.00013867094067583497,252,0.15
2023-02-03,Equity,Equal Weight + Sentiment Tilt,Equity Equal Weight + Sentiment Tilt,-0.012467471438740274,252,0.15
2023-02-06,Equity,Equal Weight + Sentiment Tilt,Equity Equal Weight + Sentiment Tilt,-0.004629499167863548,252,0.15
2023-02-07,Equity,Equal Weight + Sentiment Tilt,Equity Equal Weight + Sentiment Tilt,0.011009727902741009,252,0.15
2023-02-08,Equity,Equal Weight + Sentiment Tilt,Equity Equal Weight + Sentiment Tilt,-0.00945566876543508,252,0.15
2023-02-09,Equity,Equal Weight + Sentiment Tilt,Equity Equal Weight + Sentiment Tilt,-0.009751408367784754,252,0.15
2023-02-10,Equity,Equal Weight + Sentiment Tilt,Equity Equal Weight + Sentiment Tilt,0.007838308778073871,252,0.15
2023-02-13,Equity,Equal Weight + Sentiment Tilt,Equity Equal Weight + Sentiment Tilt,0.008573259625228149,252,0.15
2023-02-14,Equity,Equal Weight + Sentiment Tilt,Equity Equal Weight + Sentiment Tilt,-0.0007619774546619461,252,0.15
2023-02-15,Equity,Equal Weight + Sentiment Tilt,Equity Equal Weight + Sentiment Tilt,-3.089106283617648e-05,252,0.15
2023-02-16,Equity,Equal Weight + Sentiment Tilt,Equity Equal Weight + Sentiment Tilt,-0.013808317522149558,252,0.15
2023-02-17,Equity,Equal Weight + Sentiment Tilt,Equity Equal Weight + Sentiment Tilt,-0.0029352724285776417,252,0.15
2023-02-21,Equity,Equal Weight + Sentiment Tilt,Equity Equal Weight + Sentiment Tilt,-0.017303073932123752,252,0.15
2023-02-22,Equity,Equal Weight + Sentiment Tilt,Equity Equal Weight + Sentiment Tilt,-0.005666691019697421,252,0.15
2023-02-23,Equity,Equal Weight + Sentiment Tilt,Equity Equal Weight + Sentiment Tilt,0.005593922868400598,252,0.15
2023-02-24,Equity,Equal Weight + Sentiment Tilt,Equity Equal Weight + Sentiment Tilt,-0.009360414634961064,252,0.15
2023-02-27,Equity,Equal Weight + Sentiment Tilt,Equity Equal Weight + Sentiment Tilt,0.0017611110835131349,252,0.15
2023-02-28,Equity,Equal Weight + Sentiment Tilt,Equity Equal Weight + Sentiment Tilt,-0.004318724833376355,252,0.15
2023-03-01,Equity,Equal Weight + Sentiment Tilt,Equity Equal Weight + Sentiment Tilt,-0.0011704534160694815,252,0.15
2023-03-02,Equity,Equal Weight + Sentiment Tilt,Equity Equal Weight + Sentiment Tilt,0.0123600147461894,252,0.15
2023-03-03,Equity,Equal Weight + Sentiment Tilt,Equity Equal Weight + Sentiment Tilt,0.012892404892211072,252,0.15
2023-03-06,Equity,Equal Weight + Sentiment Tilt,Equity Equal Weight + Sentiment Tilt,-0.002263974342313871,252,0.15
2023-03-07,Equity,Equal Weight + Sentiment Tilt,Equity Equal Weight + Sentiment Tilt,-0.017157851788514714,252,0.15
2023-03-08,Equity,Equal Weight + Sentiment Tilt,Equity Equal Weight + Sentiment Tilt,0.0034595174077501362,252,0.15
2023-03-09,Equity,Equal Weight + Sentiment Tilt,Equity Equal Weight + Sentiment Tilt,-0.017061265736407646,252,0.15
2023-03-10,Equity,Equal Weight + Sentiment Tilt,Equity Equal Weight + Sentiment Tilt,-0.013051745577753954,252,0.15
2023-03-13,Equity,Equal Weight + Sentiment Tilt,Equity Equal Weight + Sentiment Tilt,-0.0025646431170821445,252,0.15
2023-03-14,Equity,Equal Weight + Sentiment Tilt,Equity Equal Weight + Sentiment Tilt,0.014293091913121623,252,0.15
2023-03-15,Equity,Equal Weight + Sentiment Tilt,Equity Equal Weight + Sentiment Tilt,-0.00886517294219927,252,0.15
2023-03-16,Equity,Equal Weight + Sentiment Tilt,Equity Equal Weight + Sentiment Tilt,0.01406409957342789,252,0.15
2023-03-17,Equity,Equal Weight + Sentiment Tilt,Equity Equal Weight + Sentiment Tilt,-0.011581087234661181,252,0.15
2023-03-20,Equity,Equal Weight + Sentiment Tilt,Equity Equal Weight + Sentiment Tilt,0.01124440959259151,252,0.15
2023-03-21,Equity,Equal Weight + Sentiment Tilt,Equity Equal Weight + Sentiment Tilt,0.007472712106893221,252,0.15
2023-03-22,Equity,Equal Weight + Sentiment Tilt,Equity Equal Weight + Sentiment Tilt,-0.019897355437483662,252,0.15
2023-03-23,Equity,Equal Weight + Sentiment Tilt,Equity Equal Weight + Sentiment Tilt,0.002138710660357603,252,0.15
2023-03-24,Equity,Equal Weight + Sentiment Tilt,Equity Equal Weight + Sentiment Tilt,0.008123321969704106,252,0.15
2023-03-27,Equity,Equal Weight + Sentiment Tilt,Equity Equal Weight + Sentiment Tilt,0.003855296751407372,252,0.15
2023-03-28,Equity,Equal Weight + Sentiment Tilt,Equity Equal Weight + Sentiment Tilt,0.0013661936579961972,252,0.15
2023-03-29,Equity,Equal Weight + Sentiment Tilt,Equity Equal Weight + Sentiment Tilt,0.01552813904644032,252,0.15
2023-03-30,Equity,Equal Weight + Sentiment Tilt,Equity Equal Weight + Sentiment Tilt,0.00510481022101259,252,0.15
2023-03-31,Equity,Equal Weight + Sentiment Tilt,Equity Equal Weight + Sentiment Tilt,0.012675208557245762,252,0.15
2023-04-03,Equity,Equal Weight + Sentiment Tilt,Equity Equal Weight + Sentiment Tilt,0.006299417600514751,252,0.15
2023-04-04,Equity,Equal Weight + Sentiment Tilt,Equity Equal Weight + Sentiment Tilt,-0.005380330526078629,252,0.15
2023-04-05,Equity,Equal Weight + Sentiment Tilt,Equity Equal Weight + Sentiment Tilt,0.0032663766231180317,252,0.15
2023-04-06,Equity,Equal Weight + Sentiment Tilt,Equity Equal Weight + Sentiment Tilt,-3.8944825319582186e-05,252,0.15
2023-04-10,Equity,Equal Weight + Sentiment Tilt,Equity Equal Weight + Sentiment Tilt,0.0037636490166645495,252,0.15
2023-04-11,Equity,Equal Weight + Sentiment Tilt,Equity Equal Weight + Sentiment Tilt,0.0026643975647185607,252,0.15
2023-04-12,Equity,Equal Weight + Sentiment Tilt,Equity Equal Weight + Sentiment Tilt,-0.0023658511476418553,252,0.15
2023-04-13,Equity,Equal Weight + Sentiment Tilt,Equity Equal Weight + Sentiment Tilt,0.006965666351970374,252,0.15
2023-04-14,Equity,Equal Weight + Sentiment Tilt,Equity Equal Weight + Sentiment Tilt,-0.0056314099181050195,252,0.15
2023-04-17,Equity,Equal Weight + Sentiment Tilt,Equity Equal Weight + Sentiment Tilt,0.005386059302174444,252,0.15
2023-04-18,Equity,Equal Weight + Sentiment Tilt,Equity Equal Weight + Sentiment Tilt,0.00040849710546748887,252,0.15
2023-04-19,Equity,Equal Weight + Sentiment Tilt,Equity Equal Weight + Sentiment Tilt,0.002047731415063983,252,0.15
2023-04-20,Equity,Equal Weight + Sentiment Tilt,Equity Equal Weight + Sentiment Tilt,-0.007025121848266846,252,0.15
2023-04-21,Equity,Equal Weight + Sentiment Tilt,Equity Equal Weight + Sentiment Tilt,-0.0012075166337038744,252,0.15
2023-04-24,Equity,Equal Weight + Sentiment Tilt,Equity Equal Weight + Sentiment Tilt,0.0015467951423010688,252,0.15
2023-04-25,Equity,Equal Weight + Sentiment Tilt,Equity Equal Weight + Sentiment Tilt,-0.015428293153564967,252,0.15
2023-04-26,Equity,Equal Weight + Sentiment Tilt,Equity Equal Weight + Sentiment Tilt,-0.012320275755713008,252,0.15
2023-04-27,Equity,Equal Weight + Sentiment Tilt,Equity Equal Weight + Sentiment Tilt,0.01516359277784703,252,0.15
2023-04-28,Equity,Equal Weight + Sentiment Tilt,Equity Equal Weight + Sentiment Tilt,0.009637104774114684,252,0.15
2023-05-01,Equity,Equal Weight + Sentiment Tilt,Equity Equal Weight + Sentiment Tilt,-0.0035816141472166975,252,0.15
2023-05-02,Equity,Equal Weight + Sentiment Tilt,Equity Equal Weight + Sentiment Tilt,-0.017222197110960947,252,0.15
2023-05-03,Equity,Equal Weight + Sentiment Tilt,Equity Equal Weight + Sentiment Tilt,-0.011961249984027913,252,0.15
2023-05-04,Equity,Equal Weight + Sentiment Tilt,Equity Equal Weight + Sentiment Tilt,-0.005784528162644731,252,0.15
2023-05-05,Equity,Equal Weight + Sentiment Tilt,Equity Equal Weight + Sentiment Tilt,0.017742925366842244,252,0.15
2023-05-08,Equity,Equal Weight + Sentiment Tilt,Equity Equal Weight + Sentiment Tilt,-0.0009161039572506729,252,0.15
2023-05-09,Equity,Equal Weight + Sentiment Tilt,Equity Equal Weight + Sentiment Tilt,-0.004032344264810408,252,0.15
2023-05-10,Equity,Equal Weight + Sentiment Tilt,Equity Equal Weight + Sentiment Tilt,-0.0019502350923542896,252,0.15
2023-05-11,Equity,Equal Weight + Sentiment Tilt,Equity Equal Weight + Sentiment Tilt,-0.008713929795296347,252,0.15
2023-05-12,Equity,Equal Weight + Sentiment Tilt,Equity Equal Weight + Sentiment Tilt,-0.0008620936056656968,252,0.15
2023-05-15,Equity,Equal Weight + Sentiment Tilt,Equity Equal Weight + Sentiment Tilt,0.004740753399316802,252,0.15
2023-05-16,Equity,Equal Weight + Sentiment Tilt,Equity Equal Weight + Sentiment Tilt,-0.015977698711131444,252,0.15
2023-05-17,Equity,Equal Weight + Sentiment Tilt,Equity Equal Weight + Sentiment Tilt,0.012918900880952225,252,0.15
2023-05-18,Equity,Equal Weight + Sentiment Tilt,Equity Equal Weight + Sentiment Tilt,0.005627077174746491,252,0.15
2023-05-19,Equity,Equal Weight + Sentiment Tilt,Equity Equal Weight + Sentiment Tilt,-0.002476459272573323,252,0.15
2023-05-22,Equity,Equal Weight + Sentiment Tilt,Equity Equal Weight + Sentiment Tilt,0.0010594130646230896,252,0.15
2023-05-23,Equity,Equal Weight + Sentiment Tilt,Equity Equal Weight + Sentiment Tilt,-0.006994340523402605,252,0.15
2023-05-24,Equity,Equal Weight + Sentiment Tilt,Equity Equal Weight + Sentiment Tilt,-0.0093452797628229,252,0.15
2023-05-25,Equity,Equal Weight + Sentiment Tilt,Equity Equal Weight + Sentiment Tilt,-1.3100781820661598e-05,252,0.15
2023-05-26,Equity,Equal Weight + Sentiment Tilt,Equity Equal Weight + Sentiment Tilt,0.008582129989259146,252,0.15
2023-05-30,Equity,Equal Weight + Sentiment Tilt,Equity Equal Weight + Sentiment Tilt,-0.001997444698853945,252,0.15
2023-05-31,Equity,Equal Weight + Sentiment Tilt,Equity Equal Weight + Sentiment Tilt,-0.004953982145283527,252,0.15
2023-06-01,Equity,Equal Weight + Sentiment Tilt,Equity Equal Weight + Sentiment Tilt,0.004990523254548016,252,0.15
2023-06-02,Equity,Equal Weight + Sentiment Tilt,Equity Equal Weight + Sentiment Tilt,0.019941793036792325,252,0.15
2023-06-05,Equity,Equal Weight + Sentiment Tilt,Equity Equal Weight + Sentiment Tilt,-0.00573472953133058,252,0.15
2023-06-06,Equity,Equal Weight + Sentiment Tilt,Equity Equal Weight + Sentiment Tilt,0.0038893471322574134,252,0.15
2023-06-07,Equity,Equal Weight + Sentiment Tilt,Equity Equal Weight + Sentiment Tilt,0.008090073485337699,252,0.15
2023-06-08,Equity,Equal Weight + Sentiment Tilt,Equity Equal Weight + Sentiment Tilt,0.0040733142219779375,252,0.15
2023-06-09,Equity,Equal Weight + Sentiment Tilt,Equity Equal Weight + Sentiment Tilt,-0.0028475929358260676,252,0.15
2023-06-12,Equity,Equal Weight + Sentiment Tilt,Equity Equal Weight + Sentiment Tilt,0.005033455830682308,252,0.15
2023-06-13,Equity,Equal Weight + Sentiment Tilt,Equity Equal Weight + Sentiment Tilt,0.0075133183452391825,252,0.15
2023-06-14,Equity,Equal Weight + Sentiment Tilt,Equity Equal Weight + Sentiment Tilt,8.153897186505987e-05,252,0.15
2023-06-15,Equity,Equal Weight + Sentiment Tilt,Equity Equal Weight + Sentiment Tilt,0.00995084115415007,252,0.15
2023-06-16,Equity,Equal Weight + Sentiment Tilt,Equity Equal Weight + Sentiment Tilt,0.0006755786914030192,252,0.15
2023-06-20,Equity,Equal Weight + Sentiment Tilt,Equity Equal Weight + Sentiment Tilt,-0.012480574191247767,252,0.15
2023-06-21,Equity,Equal Weight + Sentiment Tilt,Equity Equal Weight + Sentiment Tilt,-0.003097731810161039,252,0.15
2023-06-22,Equity,Equal Weight + Sentiment Tilt,Equity Equal Weight + Sentiment Tilt,-0.005183713962637087,252,0.15
2023-06-23,Equity,Equal Weight + Sentiment Tilt,Equity Equal Weight + Sentiment Tilt,-0.007115582483262492,252,0.15
2023-06-26,Equity,Equal Weight + Sentiment Tilt,Equity Equal Weight + Sentiment Tilt,0.0065126679166209005,252,0.15
2023-06-27,Equity,Equal Weight + Sentiment Tilt,Equity Equal Weight + Sentiment Tilt,0.0068661199090104845,252,0.15
2023-06-28,Equity,Equal Weight + Sentiment Tilt,Equity Equal Weight + Sentiment Tilt,-0.0015839223183953541,252,0.15
2023-06-29,Equity,Equal Weight + Sentiment Tilt,Equity Equal Weight + Sentiment Tilt,0.006164018522456116,252,0.15
2023-06-30,Equity,Equal Weight + Sentiment Tilt,Equity Equal Weight + Sentiment Tilt,0.00842790642810351,252,0.15
2023-07-03,Equity,Equal Weight + Sentiment Tilt,Equity Equal Weight + Sentiment Tilt,0.005597192610741951,252,0.15
2023-07-05,Equity,Equal Weight + Sentiment Tilt,Equity Equal Weight + Sentiment Tilt,-0.003792404065032908,252,0.15
2023-07-06,Equity,Equal Weight + Sentiment Tilt,Equity Equal Weight + Sentiment Tilt,-0.012001871985012565,252,0.15
2023-07-07,Equity,Equal Weight + Sentiment Tilt,Equity Equal Weight + Sentiment Tilt,0.0003345540467078118,252,0.15
2023-07-10,Equity,Equal Weight + Sentiment Tilt,Equity Equal Weight + Sentiment Tilt,0.004700686708651915,252,0.15
2023-07-11,Equity,Equal Weight + Sentiment Tilt,Equity Equal Weight + Sentiment Tilt,0.014002491571993148,252,0.15
2023-07-12,Equity,Equal Weight + Sentiment Tilt,Equity Equal Weight + Sentiment Tilt,0.008078598356680703,252,0.15
2023-07-13,Equity,Equal Weight + Sentiment Tilt,Equity Equal Weight + Sentiment Tilt,0.005583475306370373,252,0.15
2023-07-14,Equity,Equal Weight + Sentiment Tilt,Equity Equal Weight + Sentiment Tilt,-0.006351193879434286,252,0.15
2023-07-17,Equity,Equal Weight + Sentiment Tilt,Equity Equal Weight + Sentiment Tilt,-0.003850127873565143,252,0.15
2023-07-18,Equity,Equal Weight + Sentiment Tilt,Equity Equal Weight + Sentiment Tilt,0.005657585057431185,252,0.15
2023-07-19,Equity,Equal Weight + Sentiment Tilt,Equity Equal Weight + Sentiment Tilt,0.005996259742973234,252,0.15
2023-07-20,Equity,Equal Weight + Sentiment Tilt,Equity Equal Weight + Sentiment Tilt,0.0020861508585679877,252,0.15
2023-07-21,Equity,Equal Weight + Sentiment Tilt,Equity Equal Weight + Sentiment Tilt,0.004700319259122773,252,0.15
2023-07-24,Equity,Equal Weight + Sentiment Tilt,Equity Equal Weight + Sentiment Tilt,0.005432757142997669,252,0.15
2023-07-25,Equity,Equal Weight + Sentiment Tilt,Equity Equal Weight + Sentiment Tilt,0.0031704603488209694,252,0.15
2023-07-26,Equity,Equal Weight + Sentiment Tilt,Equity Equal Weight + Sentiment Tilt,0.0022906803538813815,252,0.15
2023-07-27,Equity,Equal Weight + Sentiment Tilt,Equity Equal Weight + Sentiment Tilt,-0.004690007354960568,252,0.15
2023-07-28,Equity,Equal Weight + Sentiment Tilt,Equity Equal Weight + Sentiment Tilt,0.003930848051118097,252,0.15
2023-07-31,Equity,Equal Weight + Sentiment Tilt,Equity Equal Weight + Sentiment Tilt,0.004017313010912006,252,0.15
2023-08-01,Equity,Equal Weight + Sentiment Tilt,Equity Equal Weight + Sentiment Tilt,-0.0035136699624882324,252,0.15
2023-08-02,Equity,Equal Weight + Sentiment Tilt,Equity Equal Weight + Sentiment Tilt,-0.014437949411826722,252,0.15
2023-08-03,Equity,Equal Weight + Sentiment Tilt,Equity Equal Weight + Sentiment Tilt,-0.004684398558420108,252,0.15
2023-08-04,Equity,Equal Weight + Sentiment Tilt,Equity Equal Weight + Sentiment Tilt,-0.0021400991470833072,252,0.15
2023-08-07,Equity,Equal Weight + Sentiment Tilt,Equity Equal Weight + Sentiment Tilt,0.007832946300072648,252,0.15
2023-08-08,Equity,Equal Weight + Sentiment Tilt,Equity Equal Weight + Sentiment Tilt,-0.0036041759183498144,252,0.15
2023-08-09,Equity,Equal Weight + Sentiment Tilt,Equity Equal Weight + Sentiment Tilt,-0.001867606598734411,252,0.15
2023-08-10,Equity,Equal Weight + Sentiment Tilt,Equity Equal Weight + Sentiment Tilt,0.000777572073943827,252,0.15
2023-08-11,Equity,Equal Weight + Sentiment Tilt,Equity Equal Weight + Sentiment Tilt,0.001896839995623906,252,0.15
2023-08-14,Equity,Equal Weight + Sentiment Tilt,Equity Equal Weight + Sentiment Tilt,0.002205069476731757,252,0.15
2023-08-15,Equity,Equal Weight + Sentiment Tilt,Equity Equal Weight + Sentiment Tilt,-0.013159458505217818,252,0.15
2023-08-16,Equity,Equal Weight + Sentiment Tilt,Equity Equal Weight + Sentiment Tilt,-0.008786020006859619,252,0.15
2023-08-17,Equity,Equal Weight + Sentiment Tilt,Equity Equal Weight + Sentiment Tilt,-0.004619981347490612,252,0.15
2023-08-18,Equity,Equal Weight + Sentiment Tilt,Equity Equal Weight + Sentiment Tilt,0.001884197969706999,252,0.15
2023-08-21,Equity,Equal Weight + Sentiment Tilt,Equity Equal Weight + Sentiment Tilt,-1.6005046096307842e-05,252,0.15
2023-08-22,Equity,Equal Weight + Sentiment Tilt,Equity Equal Weight + Sentiment Tilt,-0.004993242080100344,252,0.15
2023-08-23,Equity,Equal Weight + Sentiment Tilt,Equity Equal Weight + Sentiment Tilt,0.007684562874378222,252,0.15
2023-08-24,Equity,Equal Weight + Sentiment Tilt,Equity Equal Weight + Sentiment Tilt,-0.012604666927618904,252,0.15
2023-08-25,Equity,Equal Weight + Sentiment Tilt,Equity Equal Weight + Sentiment Tilt,0.004956289123145729,252,0.15
2023-08-28,Equity,Equal Weight + Sentiment Tilt,Equity Equal Weight + Sentiment Tilt,0.008424851953558852,252,0.15
2023-08-29,Equity,Equal Weight + Sentiment Tilt,Equity Equal Weight + Sentiment Tilt,0.012077253862653107,252,0.15
2023-08-30,Equity,Equal Weight + Sentiment Tilt,Equity Equal Weight + Sentiment Tilt,0.0019870381798027343,252,0.15
2023-08-31,Equity,Equal Weight + Sentiment Tilt,Equity Equal Weight + Sentiment Tilt,-0.002667295531695216,252,0.15
2023-09-01,Equity,Equal Weight + Sentiment Tilt,Equity Equal Weight + Sentiment Tilt,0.004182261491196669,252,0.15
2023-09-05,Equity,Equal Weight + Sentiment Tilt,Equity Equal Weight + Sentiment Tilt,-0.008757895611087982,252,0.15
2023-09-06,Equity,Equal Weight + Sentiment Tilt,Equity Equal Weight + Sentiment Tilt,-0.004061175239396324,252,0.15
2023-09-07,Equity,Equal Weight + Sentiment Tilt,Equity Equal Weight + Sentiment Tilt,-0.0002178982748670553,252,0.15
2023-09-08,Equity,Equal Weight + Sentiment Tilt,Equity Equal Weight + Sentiment Tilt,0.0024753882428286875,252,0.15
2023-09-11,Equity,Equal Weight + Sentiment Tilt,Equity Equal Weight + Sentiment Tilt,0.0027652499460555104,252,0.15
2023-09-12,Equity,Equal Weight + Sentiment Tilt,Equity Equal Weight + Sentiment Tilt,0.0022250325050641477,252,0.15
2023-09-13,Equity,Equal Weight + Sentiment Tilt,Equity Equal Weight + Sentiment Tilt,-0.0009591696501825074,252,0.15
2023-09-14,Equity,Equal Weight + Sentiment Tilt,Equity Equal Weight + Sentiment Tilt,0.012377687616801044,252,0.15
2023-09-15,Equity,Equal Weight + Sentiment Tilt,Equity Equal Weight + Sentiment Tilt,-0.01064618062392672,252,0.15
2023-09-18,Equity,Equal Weight + Sentiment Tilt,Equity Equal Weight + Sentiment Tilt,-0.00029582098049057385,252,0.15
2023-09-19,Equity,Equal Weight + Sentiment Tilt,Equity Equal Weight + Sentiment Tilt,-0.004143288997661415,252,0.15
2023-09-20,Equity,Equal Weight + Sentiment Tilt,Equity Equal Weight + Sentiment Tilt,-0.005324976176966584,252,0.15
2023-09-21,Equity,Equal Weight + Sentiment Tilt,Equity Equal Weight + Sentiment Tilt,-0.018730053468995027,252,0.15
2023-09-22,Equity,Equal Weight + Sentiment Tilt,Equity Equal Weight + Sentiment Tilt,-0.0032101124210399744,252,0.15
2023-09-25,Equity,Equal Weight + Sentiment Tilt,Equity Equal Weight + Sentiment Tilt,0.002240237120545291,252,0.15
2023-09-26,Equity,Equal Weight + Sentiment Tilt,Equity Equal Weight + Sentiment Tilt,-0.012098732965117603,252,0.15
2023-09-27,Equity,Equal Weight + Sentiment Tilt,Equity Equal Weight + Sentiment Tilt,-0.0013528352525320703,252,0.15
2023-09-28,Equity,Equal Weight + Sentiment Tilt,Equity Equal Weight + Sentiment Tilt,0.004150766134196053,252,0.15
2023-09-29,Equity,Equal Weight + Sentiment Tilt,Equity Equal Weight + Sentiment Tilt,-0.0010531573105261773,252,0.15
2023-10-02,Equity,Equal Weight + Sentiment Tilt,Equity Equal Weight + Sentiment Tilt,-0.014177587711557199,252,0.15
2023-10-03,Equity,Equal Weight + Sentiment Tilt,Equity Equal Weight + Sentiment Tilt,-0.008803130425492686,252,0.15
2023-10-04,Equity,Equal Weight + Sentiment Tilt,Equity Equal Weight + Sentiment Tilt,0.0015013168649701876,252,0.15
2023-10-05,Equity,Equal Weight + Sentiment Tilt,Equity Equal Weight + Sentiment Tilt,-0.001572274101104525,252,0.15
2023-10-06,Equity,Equal Weight + Sentiment Tilt,Equity Equal Weight + Sentiment Tilt,0.010277646334316711,252,0.15
2023-10-09,Equity,Equal Weight + Sentiment Tilt,Equity Equal Weight + Sentiment Tilt,0.0090691401024533,252,0.15
2023-10-10,Equity,Equal Weight + Sentiment Tilt,Equity Equal Weight + Sentiment Tilt,0.00786239466333477,252,0.15
2023-10-11,Equity,Equal Weight + Sentiment Tilt,Equity Equal Weight + Sentiment Tilt,0.00337994809371074,252,0.15
2023-10-12,Equity,Equal Weight + Sentiment Tilt,Equity Equal Weight + Sentiment Tilt,-0.008332740502517116,252,0.15
2023-10-13,Equity,Equal Weight + Sentiment Tilt,Equity Equal Weight + Sentiment Tilt,0.0016140571571038147,252,0.15
2023-10-16,Equity,Equal Weight + Sentiment Tilt,Equity Equal Weight + Sentiment Tilt,0.01001450345737213,252,0.15
2023-10-17,Equity,Equal Weight + Sentiment Tilt,Equity Equal Weight + Sentiment Tilt,0.0027982776412800387,252,0.15
2023-10-18,Equity,Equal Weight + Sentiment Tilt,Equity Equal Weight + Sentiment Tilt,-0.014106141790683351,252,0.15
2023-10-19,Equity,Equal Weight + Sentiment Tilt,Equity Equal Weight + Sentiment Tilt,-0.009733724592760175,252,0.15
2023-10-20,Equity,Equal Weight + Sentiment Tilt,Equity Equal Weight + Sentiment Tilt,-0.008615972202212762,252,0.15
2023-10-23,Equity,Equal Weight + Sentiment Tilt,Equity Equal Weight + Sentiment Tilt,-0.0066772373749060445,252,0.15
2023-10-24,Equity,Equal Weight + Sentiment Tilt,Equity Equal Weight + Sentiment Tilt,0.01035394653687327,252,0.15
2023-10-25,Equity,Equal Weight + Sentiment Tilt,Equity Equal Weight + Sentiment Tilt,-0.011738092242228798,252,0.15
2023-10-26,Equity,Equal Weight + Sentiment Tilt,Equity Equal Weight + Sentiment Tilt,-0.001324758488785235,252,0.15
2023-10-27,Equity,Equal Weight + Sentiment Tilt,Equity Equal Weight + Sentiment Tilt,-0.010689047055788634,252,0.15
2023-10-30,Equity,Equal Weight + Sentiment Tilt,Equity Equal Weight + Sentiment Tilt,0.009562122998945249,252,0.15
2023-10-31,Equity,Equal Weight + Sentiment Tilt,Equity Equal Weight + Sentiment Tilt,0.005971265991976006,252,0.15
2023-11-01,Equity,Equal Weight + Sentiment Tilt,Equity Equal Weight + Sentiment Tilt,0.00436623421263059,252,0.15
2023-11-02,Equity,Equal Weight + Sentiment Tilt,Equity Equal Weight + Sentiment Tilt,0.025907644013898085,252,0.15
2023-11-03,Equity,Equal Weight + Sentiment Tilt,Equity Equal Weight + Sentiment Tilt,0.012934944289981496,252,0.15
2023-11-06,Equity,Equal Weight + Sentiment Tilt,Equity Equal Weight + Sentiment Tilt,-0.0046744658132635685,252,0.15
2023-11-07,Equity,Equal Weight + Sentiment Tilt,Equity Equal Weight + Sentiment Tilt,-0.0037870519319457632,252,0.15
2023-11-08,Equity,Equal Weight + Sentiment Tilt,Equity Equal Weight + Sentiment Tilt,-0.0009878711739695085,252,0.15
2023-11-09,Equity,Equal Weight + Sentiment Tilt,Equity Equal Weight + Sentiment Tilt,-0.008690944845260876,252,0.15
2023-11-10,Equity,Equal Weight + Sentiment Tilt,Equity Equal Weight + Sentiment Tilt,0.010399634738150445,252,0.15
2023-11-13,Equity,Equal Weight + Sentiment Tilt,Equity Equal Weight + Sentiment Tilt,-0.0010630594662222226,252,0.15
2023-11-14,Equity,Equal Weight + Sentiment Tilt,Equity Equal Weight + Sentiment Tilt,0.024889093283581715,252,0.15
2023-11-15,Equity,Equal Weight + Sentiment Tilt,Equity Equal Weight + Sentiment Tilt,0.005620336288344628,252,0.15
2023-11-16,Equity,Equal Weight + Sentiment Tilt,Equity Equal Weight + Sentiment Tilt,0.0005768445066583728,252,0.15
2023-11-17,Equity,Equal Weight + Sentiment Tilt,Equity Equal Weight + Sentiment Tilt,0.0030355317028306606,252,0.15
2023-11-20,Equity,Equal Weight + Sentiment Tilt,Equity Equal Weight + Sentiment Tilt,0.004427941204756132,252,0.15
2023-11-21,Equity,Equal Weight + Sentiment Tilt,Equity Equal Weight + Sentiment Tilt,-0.002140669635829948,252,0.15
2023-11-22,Equity,Equal Weight + Sentiment Tilt,Equity Equal Weight + Sentiment Tilt,0.0016721395527664281,252,0.15
2023-11-24,Equity,Equal Weight + Sentiment Tilt,Equity Equal Weight + Sentiment Tilt,0.002531866392417802,252,0.15
2023-11-27,Equity,Equal Weight + Sentiment Tilt,Equity Equal Weight + Sentiment Tilt,0.0005897430488191201,252,0.15
2023-11-28,Equity,Equal Weight + Sentiment Tilt,Equity Equal Weight + Sentiment Tilt,0.0022086433524508425,252,0.15
2023-11-29,Equity,Equal Weight + Sentiment Tilt,Equity Equal Weight + Sentiment Tilt,0.004699877654929831,252,0.15
2023-11-30,Equity,Equal Weight + Sentiment Tilt,Equity Equal Weight + Sentiment Tilt,0.0066269352126644195,252,0.15
2023-12-01,Equity,Equal Weight + Sentiment Tilt,Equity Equal Weight + Sentiment Tilt,0.009140155710106812,252,0.15
2023-12-04,Equity,Equal Weight + Sentiment Tilt,Equity Equal Weight + Sentiment Tilt,-0.0021164762647140293,252,0.15
2023-12-05,Equity,Equal Weight + Sentiment Tilt,Equity Equal Weight + Sentiment Tilt,-0.005135316298336254,252,0.15
2023-12-06,Equity,Equal Weight + Sentiment Tilt,Equity Equal Weight + Sentiment Tilt,-0.0008496763731158645,252,0.15
2023-12-07,Equity,Equal Weight + Sentiment Tilt,Equity Equal Weight + Sentiment Tilt,0.0055906585811415395,252,0.15
2023-12-08,Equity,Equal Weight + Sentiment Tilt,Equity Equal Weight + Sentiment Tilt,0.003289816620851872,252,0.15
2023-12-11,Equity,Equal Weight + Sentiment Tilt,Equity Equal Weight + Sentiment Tilt,0.007091813663408135,252,0.15
2023-12-12,Equity,Equal Weight + Sentiment Tilt,Equity Equal Weight + Sentiment Tilt,0.0009732946745955501,252,0.15
2023-12-13,Equity,Equal Weight + Sentiment Tilt,Equity Equal Weight + Sentiment Tilt,0.020775406065674448,252,0.15
2023-12-14,Equity,Equal Weight + Sentiment Tilt,Equity Equal Weight + Sentiment Tilt,0.01427614201517461,252,0.15
2023-12-15,Equity,Equal Weight + Sentiment Tilt,Equity Equal Weight + Sentiment Tilt,-0.00266704021376413,252,0.15
2023-12-18,Equity,Equal Weight + Sentiment Tilt,Equity Equal Weight + Sentiment Tilt,-0.001308173843738621,252,0.15
2023-12-19,Equity,Equal Weight + Sentiment Tilt,Equity Equal Weight + Sentiment Tilt,0.008174129197890678,252,0.15
2023-12-20,Equity,Equal Weight + Sentiment Tilt,Equity Equal Weight + Sentiment Tilt,-0.014962502002398417,252,0.15
2023-12-21,Equity,Equal Weight + Sentiment Tilt,Equity Equal Weight + Sentiment Tilt,0.008424482202255472,252,0.15
2023-12-22,Equity,Equal Weight + Sentiment Tilt,Equity Equal Weight + Sentiment Tilt,0.0020538655478179978,252,0.15
2023-12-26,Equity,Equal Weight + Sentiment Tilt,Equity Equal Weight + Sentiment Tilt,0.006796824195363363,252,0.15
2023-12-27,Equity,Equal Weight + Sentiment Tilt,Equity Equal Weight + Sentiment Tilt,0.001579991470436115,252,0.15
2023-12-28,Equity,Equal Weight + Sentiment Tilt,Equity Equal Weight + Sentiment Tilt,0.0012888490804826183,252,0.15
2023-12-29,Equity,Equal Weight + Sentiment Tilt,Equity Equal Weight + Sentiment Tilt,-0.0030849128591830324,252,0.15
2021-01-04,Equity,Risk Parity + Sentiment Tilt,Equity Risk Parity + Sentiment Tilt,-0.011483364128985069,252,0.15
2021-01-05,Equity,Risk Parity + Sentiment Tilt,Equity Risk Parity + Sentiment Tilt,0.008434357682849709,252,0.15
2021-01-06,Equity,Risk Parity + Sentiment Tilt,Equity Risk Parity + Sentiment Tilt,0.009552212721142157,252,0.15
2021-01-07,Equity,Risk Parity + Sentiment Tilt,Equity Risk Parity + Sentiment Tilt,0.008712328444795818,252,0.15
2021-01-08,Equity,Risk Parity + Sentiment Tilt,Equity Risk Parity + Sentiment Tilt,0.0031785028180506825,252,0.15
2021-01-11,Equity,Risk Parity + Sentiment Tilt,Equity Risk Parity + Sentiment Tilt,-0.0009904938898100068,252,0.15
2021-01-12,Equity,Risk Parity + Sentiment Tilt,Equity Risk Parity + Sentiment Tilt,-0.0008993494976187728,252,0.15
2021-01-13,Equity,Risk Parity + Sentiment Tilt,Equity Risk Parity + Sentiment Tilt,-3.671793021860396e-05,252,0.15
2021-01-14,Equity,Risk Parity + Sentiment Tilt,Equity Risk Parity + Sentiment Tilt,0.0011424448843211888,252,0.15
2021-01-15,Equity,Risk Parity + Sentiment Tilt,Equity Risk Parity + Sentiment Tilt,-0.0074016504070838545,252,0.15
2021-01-19,Equity,Risk Parity + Sentiment Tilt,Equity Risk Parity + Sentiment Tilt,0.006788358308652473,252,0.15
2021-01-20,Equity,Risk Parity + Sentiment Tilt,Equity Risk Parity + Sentiment Tilt,0.010426185026220308,252,0.15
2021-01-21,Equity,Risk Parity + Sentiment Tilt,Equity Risk Parity + Sentiment Tilt,-0.006090405973553895,252,0.15
2021-01-22,Equity,Risk Parity + Sentiment Tilt,Equity Risk Parity + Sentiment Tilt,-0.0024965097316163418,252,0.15
2021-01-25,Equity,Risk Parity + Sentiment Tilt,Equity Risk Parity + Sentiment Tilt,0.0028261997208934297,252,0.15
2021-01-26,Equity,Risk Parity + Sentiment Tilt,Equity Risk Parity + Sentiment Tilt,-0.0037267485456423497,252,0.15
2021-01-27,Equity,Risk Parity + Sentiment Tilt,Equity Risk Parity + Sentiment Tilt,-0.0261416914607478,252,0.15
2021-01-28,Equity,Risk Parity + Sentiment Tilt,Equity Risk Parity + Sentiment Tilt,0.010008299797683367,252,0.15
2021-01-29,Equity,Risk Parity + Sentiment Tilt,Equity Risk Parity + Sentiment Tilt,-0.012640874174844498,252,0.15
2021-02-01,Equity,Risk Parity + Sentiment Tilt,Equity Risk Parity + Sentiment Tilt,0.007212490583987322,252,0.15
2021-02-02,Equity,Risk Parity + Sentiment Tilt,Equity Risk Parity + Sentiment Tilt,0.015309020856137152,252,0.15
2021-02-03,Equity,Risk Parity + Sentiment Tilt,Equity Risk Parity + Sentiment Tilt,-0.0020210038119368484,252,0.15
2021-02-04,Equity,Risk Parity + Sentiment Tilt,Equity Risk Parity + Sentiment Tilt,0.0073665544502481,252,0.15
2021-02-05,Equity,Risk Parity + Sentiment Tilt,Equity Risk Parity + Sentiment Tilt,0.008239689636161658,252,0.15
2021-02-08,Equity,Risk Parity + Sentiment Tilt,Equity Risk Parity + Sentiment Tilt,0.009499128382072475,252,0.15
2021-02-09,Equity,Risk Parity + Sentiment Tilt,Equity Risk Parity + Sentiment Tilt,-0.0029478556133571716,252,0.15
2021-02-10,Equity,Risk Parity + Sentiment Tilt,Equity Risk Parity + Sentiment Tilt,-0.0002119353473720496,252,0.15
2021-02-11,Equity,Risk Parity + Sentiment Tilt,Equity Risk Parity + Sentiment Tilt,-0.0014375495473217248,252,0.15
2021-02-12,Equity,Risk Parity + Sentiment Tilt,Equity Risk Parity + Sentiment Tilt,0.0037927212251268588,252,0.15
2021-02-16,Equity,Risk Parity + Sentiment Tilt,Equity Risk Parity + Sentiment Tilt,-0.0033390782700443715,252,0.15
2021-02-17,Equity,Risk Parity + Sentiment Tilt,Equity Risk Parity + Sentiment Tilt,0.00298747855750591,252,0.15
2021-02-18,Equity,Risk Parity + Sentiment Tilt,Equity Risk Parity + Sentiment Tilt,-0.004353939122759744,252,0.15
2021-02-19,Equity,Risk Parity + Sentiment Tilt,Equity Risk Parity + Sentiment Tilt,-0.0024542524651582328,252,0.15
2021-02-22,Equity,Risk Parity + Sentiment Tilt,Equity Risk Parity + Sentiment Tilt,0.0004619468648732175,252,0.15
2021-02-23,Equity,Risk Parity + Sentiment Tilt,Equity Risk Parity + Sentiment Tilt,-0.0009005614247082585,252,0.15
2021-02-24,Equity,Risk Parity + Sentiment Tilt,Equity Risk Parity + Sentiment Tilt,0.00884509869170097,252,0.15
2021-02-25,Equity,Risk Parity + Sentiment Tilt,Equity Risk Parity + Sentiment Tilt,-0.015387922006027756,252,0.15
2021-02-26,Equity,Risk Parity + Sentiment Tilt,Equity Risk Parity + Sentiment Tilt,-0.013445160171295267,252,0.15
2021-03-01,Equity,Risk Parity + Sentiment Tilt,Equity Risk Parity + Sentiment Tilt,0.017869659067809202,252,0.15
2021-03-02,Equity,Risk Parity + Sentiment Tilt,Equity Risk Parity + Sentiment Tilt,-0.001414869375225264,252,0.15
2021-03-03,Equity,Risk Parity + Sentiment Tilt,Equity Risk Parity + Sentiment Tilt,-0.008965602274666817,252,0.15
2021-03-04,Equity,Risk Parity + Sentiment Tilt,Equity Risk Parity + Sentiment Tilt,-0.007825163693134265,252,0.15
2021-03-05,Equity,Risk Parity + Sentiment Tilt,Equity Risk Parity + Sentiment Tilt,0.01703689372844263,252,0.15
2021-03-08,Equity,Risk Parity + Sentiment Tilt,Equity Risk Parity + Sentiment Tilt,0.000992349942053374,252,0.15
2021-03-09,Equity,Risk Parity + Sentiment Tilt,Equity Risk Parity + Sentiment Tilt,0.007509275915239287,252,0.15
2021-03-10,Equity,Risk Parity + Sentiment Tilt,Equity Risk Parity + Sentiment Tilt,0.008546345001101359,252,0.15
2021-03-11,Equity,Risk Parity + Sentiment Tilt,Equity Risk Parity + Sentiment Tilt,0.004337927320266476,252,0.15
2021-03-12,Equity,Risk Parity + Sentiment Tilt,Equity Risk Parity + Sentiment Tilt,0.006242424649162933,252,0.15
2021-03-15,Equity,Risk Parity + Sentiment Tilt,Equity Risk Parity + Sentiment Tilt,0.007885934762696238,252,0.15
2021-03-16,Equity,Risk Parity + Sentiment Tilt,Equity Risk Parity + Sentiment Tilt,0.00207619407462599,252,0.15
2021-03-17,Equity,Risk Parity + Sentiment Tilt,Equity Risk Parity + Sentiment Tilt,0.0001238968427299117,252,0.15
2021-03-18,Equity,Risk Parity + Sentiment Tilt,Equity Risk Parity + Sentiment Tilt,-0.011244302776327736,252,0.15
2021-03-19,Equity,Risk Parity + Sentiment Tilt,Equity Risk Parity + Sentiment Tilt,-0.0040771923354092675,252,0.15
2021-03-22,Equity,Risk Parity + Sentiment Tilt,Equity Risk Parity + Sentiment Tilt,0.006916334549651058,252,0.15
2021-03-23,Equity,Risk Parity + Sentiment Tilt,Equity Risk Parity + Sentiment Tilt,-0.006213433170750984,252,0.15
2021-03-24,Equity,Risk Parity + Sentiment Tilt,Equity Risk Parity + Sentiment Tilt,-0.0043369193791741095,252,0.15
2021-03-25,Equity,Risk Parity + Sentiment Tilt,Equity Risk Parity + Sentiment Tilt,0.005968550655649914,252,0.15
2021-03-26,Equity,Risk Parity + Sentiment Tilt,Equity Risk Parity + Sentiment Tilt,0.019387773445627608,252,0.15
2021-03-29,Equity,Risk Parity + Sentiment Tilt,Equity Risk Parity + Sentiment Tilt,0.003358803879439056,252,0.15
2021-03-30,Equity,Risk Parity + Sentiment Tilt,Equity Risk Parity + Sentiment Tilt,-0.005020256219387436,252,0.15
2021-03-31,Equity,Risk Parity + Sentiment Tilt,Equity Risk Parity + Sentiment Tilt,-0.0007036263359004668,252,0.15
2021-04-01,Equity,Risk Parity + Sentiment Tilt,Equity Risk Parity + Sentiment Tilt,0.01206944904767147,252,0.15
2021-04-05,Equity,Risk Parity + Sentiment Tilt,Equity Risk Parity + Sentiment Tilt,0.0071584563889386214,252,0.15
2021-04-06,Equity,Risk Parity + Sentiment Tilt,Equity Risk Parity + Sentiment Tilt,0.0004075547331498048,252,0.15
2021-04-07,Equity,Risk Parity + Sentiment Tilt,Equity Risk Parity + Sentiment Tilt,-0.0010430886418210863,252,0.15
2021-04-08,Equity,Risk Parity + Sentiment Tilt,Equity Risk Parity + Sentiment Tilt,-0.0012484151678573143,252,0.15
2021-04-09,Equity,Risk Parity + Sentiment Tilt,Equity Risk Parity + Sentiment Tilt,0.0024419037542033123,252,0.15
2021-04-12,Equity,Risk Parity + Sentiment Tilt,Equity Risk Parity + Sentiment Tilt,-0.0004117725837288841,252,0.15
2021-04-13,Equity,Risk Parity + Sentiment Tilt,Equity Risk Parity + Sentiment Tilt,0.002730613720714966,252,0.15
2021-04-14,Equity,Risk Parity + Sentiment Tilt,Equity Risk Parity + Sentiment Tilt,0.0011466467098338834,252,0.15
2021-04-15,Equity,Risk Parity + Sentiment Tilt,Equity Risk Parity + Sentiment Tilt,0.010762132100795562,252,0.15
2021-04-16,Equity,Risk Parity + Sentiment Tilt,Equity Risk Parity + Sentiment Tilt,0.0028294430668036716,252,0.15
2021-04-19,Equity,Risk Parity + Sentiment Tilt,Equity Risk Parity + Sentiment Tilt,-0.004067264181495727,252,0.15
2021-04-20,Equity,Risk Parity + Sentiment Tilt,Equity Risk Parity + Sentiment Tilt,-0.005409590234285066,252,0.15
2021-04-21,Equity,Risk Parity + Sentiment Tilt,Equity Risk Parity + Sentiment Tilt,0.008990525854074085,252,0.15
2021-04-22,Equity,Risk Parity + Sentiment Tilt,Equity Risk Parity + Sentiment Tilt,-0.008104642621405518,252,0.15
2021-04-23,Equity,Risk Parity + Sentiment Tilt,Equity Risk Parity + Sentiment Tilt,0.007246372497537448,252,0.15
2021-04-26,Equity,Risk Parity + Sentiment Tilt,Equity Risk Parity + Sentiment Tilt,-0.0003038990947782903,252,0.15
2021-04-27,Equity,Risk Parity + Sentiment Tilt,Equity Risk Parity + Sentiment Tilt,0.0005677108873007798,252,0.15
2021-04-28,Equity,Risk Parity + Sentiment Tilt,Equity Risk Parity + Sentiment Tilt,-0.00011555463042334699,252,0.15
2021-04-29,Equity,Risk Parity + Sentiment Tilt,Equity Risk Parity + Sentiment Tilt,0.008348865407512009,252,0.15
2021-04-30,Equity,Risk Parity + Sentiment Tilt,Equity Risk Parity + Sentiment Tilt,-0.0058292332462457535,252,0.15
2021-05-03,Equity,Risk Parity + Sentiment Tilt,Equity Risk Parity + Sentiment Tilt,0.007274741022857529,252,0.15
2021-05-04,Equity,Risk Parity + Sentiment Tilt,Equity Risk Parity + Sentiment Tilt,-0.00342284386897418,252,0.15
2021-05-05,Equity,Risk Parity + Sentiment Tilt,Equity Risk Parity + Sentiment Tilt,0.005088527650449224,252,0.15
2021-05-06,Equity,Risk Parity + Sentiment Tilt,Equity Risk Parity + Sentiment Tilt,0.008544378476377823,252,0.15
2021-05-07,Equity,Risk Parity + Sentiment Tilt,Equity Risk Parity + Sentiment Tilt,0.008169265821906814,252,0.15
2021-05-10,Equity,Risk Parity + Sentiment Tilt,Equity Risk Parity + Sentiment Tilt,-0.0028830426799258415,252,0.15
2021-05-11,Equity,Risk Parity + Sentiment Tilt,Equity Risk Parity + Sentiment Tilt,-0.007603427038770173,252,0.15
2021-05-12,Equity,Risk Parity + Sentiment Tilt,Equity Risk Parity + Sentiment Tilt,-0.015558292460058512,252,0.15
2021-05-13,Equity,Risk Parity + Sentiment Tilt,Equity Risk Parity + Sentiment Tilt,0.009519181065887207,252,0.15
2021-05-14,Equity,Risk Parity + Sentiment Tilt,Equity Risk Parity + Sentiment Tilt,0.011806170813936874,252,0.15
2021-05-17,Equity,Risk Parity + Sentiment Tilt,Equity Risk Parity + Sentiment Tilt,0.002257925002992035,252,0.15
2021-05-18,Equity,Risk Parity + Sentiment Tilt,Equity Risk Parity + Sentiment Tilt,-0.007057703342862812,252,0.15
2021-05-19,Equity,Risk Parity + Sentiment Tilt,Equity Risk Parity + Sentiment Tilt,-0.003433642588860185,252,0.15
2021-05-20,Equity,Risk Parity + Sentiment Tilt,Equity Risk Parity + Sentiment Tilt,0.009560994224503095,252,0.15
2021-05-21,Equity,Risk Parity + Sentiment Tilt,Equity Risk Parity + Sentiment Tilt,0.0006701411736494086,252,0.15
2021-05-24,Equity,Risk Parity + Sentiment Tilt,Equity Risk Parity + Sentiment Tilt,0.004963597394232072,252,0.15
2021-05-25,Equity,Risk Parity + Sentiment Tilt,Equity Risk Parity + Sentiment Tilt,-0.005222095072310417,252,0.15
2021-05-26,Equity,Risk Parity + Sentiment Tilt,Equity Risk Parity + Sentiment Tilt,0.0030531795274811447,252,0.15
2021-05-27,Equity,Risk Parity + Sentiment Tilt,Equity Risk Parity + Sentiment Tilt,0.0005988212568183686,252,0.15
2021-05-28,Equity,Risk Parity + Sentiment Tilt,Equity Risk Parity + Sentiment Tilt,0.003013723283975187,252,0.15
2021-06-01,Equity,Risk Parity + Sentiment Tilt,Equity Risk Parity + Sentiment Tilt,0.0018539421062066402,252,0.15
2021-06-02,Equity,Risk Parity + Sentiment Tilt,Equity Risk Parity + Sentiment Tilt,0.0021649793448112013,252,0.15
2021-06-03,Equity,Risk Parity + Sentiment Tilt,Equity Risk Parity + Sentiment Tilt,0.0013411815437941192,252,0.15
2021-06-04,Equity,Risk Parity + Sentiment Tilt,Equity Risk Parity + Sentiment Tilt,0.007217803782153283,252,0.15
2021-06-07,Equity,Risk Parity + Sentiment Tilt,Equity Risk Parity + Sentiment Tilt,-0.0017289124561129885,252,0.15
2021-06-08,Equity,Risk Parity + Sentiment Tilt,Equity Risk Parity + Sentiment Tilt,-0.0035739089358652713,252,0.15
2021-06-09,Equity,Risk Parity + Sentiment Tilt,Equity Risk Parity + Sentiment Tilt,-0.0010532801405313424,252,0.15
2021-06-10,Equity,Risk Parity + Sentiment Tilt,Equity Risk Parity + Sentiment Tilt,0.005296525722267166,252,0.15
2021-06-11,Equity,Risk Parity + Sentiment Tilt,Equity Risk Parity + Sentiment Tilt,-0.00027339006464898445,252,0.15
2021-06-14,Equity,Risk Parity + Sentiment Tilt,Equity Risk Parity + Sentiment Tilt,-0.0006740618966685966,252,0.15
2021-06-15,Equity,Risk Parity + Sentiment Tilt,Equity Risk Parity + Sentiment Tilt,-0.0032800679126680516,252,0.15
2021-06-16,Equity,Risk Parity + Sentiment Tilt,Equity Risk Parity + Sentiment Tilt,-0.009135148522338613,252,0.15
2021-06-17,Equity,Risk Parity + Sentiment Tilt,Equity Risk Parity + Sentiment Tilt,-0.006389073477257068,252,0.15
2021-06-18,Equity,Risk Parity + Sentiment Tilt,Equity Risk Parity + Sentiment Tilt,-0.013695957709244115,252,0.15
2021-06-21,Equity,Risk Parity + Sentiment Tilt,Equity Risk Parity + Sentiment Tilt,0.01457613045142639,252,0.15
2021-06-22,Equity,Risk Parity + Sentiment Tilt,Equity Risk Parity + Sentiment Tilt,0.00107246265851409,252,0.15
2021-06-23,Equity,Risk Parity + Sentiment Tilt,Equity Risk Parity + Sentiment Tilt,-0.004682530197799226,252,0.15
2021-06-24,Equity,Risk Parity + Sentiment Tilt,Equity Risk Parity + Sentiment Tilt,0.00693221439969161,252,0.15
2021-06-25,Equity,Risk Parity + Sentiment Tilt,Equity Risk Parity + Sentiment Tilt,0.008313831048845047,252,0.15
2021-06-28,Equity,Risk Parity + Sentiment Tilt,Equity Risk Parity + Sentiment Tilt,0.0005702347168713119,252,0.15
2021-06-29,Equity,Risk Parity + Sentiment Tilt,Equity Risk Parity + Sentiment Tilt,-0.00043643154456993015,252,0.15
2021-06-30,Equity,Risk Parity + Sentiment Tilt,Equity Risk Parity + Sentiment Tilt,0.00445513757344037,252,0.15
2021-07-01,Equity,Risk Parity + Sentiment Tilt,Equity Risk Parity + Sentiment Tilt,0.0057846198328739854,252,0.15
2021-07-02,Equity,Risk Parity + Sentiment Tilt,Equity Risk Parity + Sentiment Tilt,0.0041319177403640675,252,0.15
2021-07-06,Equity,Risk Parity + Sentiment Tilt,Equity Risk Parity + Sentiment Tilt,-0.007548971780122165,252,0.15
2021-07-07,Equity,Risk Parity + Sentiment Tilt,Equity Risk Parity + Sentiment Tilt,0.0002801140774155018,252,0.15
2021-07-08,Equity,Risk Parity + Sentiment Tilt,Equity Risk Parity + Sentiment Tilt,-0.00694755964943903,252,0.15
2021-07-09,Equity,Risk Parity + Sentiment Tilt,Equity Risk Parity + Sentiment Tilt,0.01065803107148747,252,0.15
2021-07-12,Equity,Risk Parity + Sentiment Tilt,Equity Risk Parity + Sentiment Tilt,0.003311588647237408,252,0.15
2021-07-13,Equity,Risk Parity + Sentiment Tilt,Equity Risk Parity + Sentiment Tilt,-0.0036358394163708875,252,0.15
2021-07-14,Equity,Risk Parity + Sentiment Tilt,Equity Risk Parity + Sentiment Tilt,-0.0010374169764951176,252,0.15
2021-07-15,Equity,Risk Parity + Sentiment Tilt,Equity Risk Parity + Sentiment Tilt,-0.0012754599648310207,252,0.15
2021-07-16,Equity,Risk Parity + Sentiment Tilt,Equity Risk Parity + Sentiment Tilt,-0.007868270279933988,252,0.15
2021-07-19,Equity,Risk Parity + Sentiment Tilt,Equity Risk Parity + Sentiment Tilt,-0.015705879927287347,252,0.15
2021-07-20,Equity,Risk Parity + Sentiment Tilt,Equity Risk Parity + Sentiment Tilt,0.009448289098813262,252,0.15
2021-07-21,Equity,Risk Parity + Sentiment Tilt,Equity Risk Parity + Sentiment Tilt,0.008281898391594687,252,0.15
2021-07-22,Equity,Risk Parity + Sentiment Tilt,Equity Risk Parity + Sentiment Tilt,-0.0008795011526515056,252,0.15
2021-07-23,Equity,Risk Parity + Sentiment Tilt,Equity Risk Parity + Sentiment Tilt,0.0056589454510958155,252,0.15
2021-07-26,Equity,Risk Parity + Sentiment Tilt,Equity Risk Parity + Sentiment Tilt,0.00468046605526536,252,0.15
2021-07-27,Equity,Risk Parity + Sentiment Tilt,Equity Risk Parity + Sentiment Tilt,-0.0026640739786294963,252,0.15
2021-07-28,Equity,Risk Parity + Sentiment Tilt,Equity Risk Parity + Sentiment Tilt,0.0027934143625463967,252,0.15
2021-07-29,Equity,Risk Parity + Sentiment Tilt,Equity Risk Parity + Sentiment Tilt,0.005509075040695516,252,0.15
2021-07-30,Equity,Risk Parity + Sentiment Tilt,Equity Risk Parity + Sentiment Tilt,-0.004858783680798985,252,0.15
2021-08-02,Equity,Risk Parity + Sentiment Tilt,Equity Risk Parity + Sentiment Tilt,-0.0023811484045991867,252,0.15
2021-08-03,Equity,Risk Parity + Sentiment Tilt,Equity Risk Parity + Sentiment Tilt,0.004561266440325199,252,0.15
2021-08-04,Equity,Risk Parity + Sentiment Tilt,Equity Risk Parity + Sentiment Tilt,-0.007769262796921099,252,0.15
2021-08-05,Equity,Risk Parity + Sentiment Tilt,Equity Risk Parity + Sentiment Tilt,0.003929990746808225,252,0.15
2021-08-06,Equity,Risk Parity + Sentiment Tilt,Equity Risk Parity + Sentiment Tilt,0.0017819091874800394,252,0.15
2021-08-09,Equity,Risk Parity + Sentiment Tilt,Equity Risk Parity + Sentiment Tilt,-0.0019677613045202443,252,0.15
2021-08-10,Equity,Risk Parity + Sentiment Tilt,Equity Risk Parity + Sentiment Tilt,0.005216811120570919,252,0.15
2021-08-11,Equity,Risk Parity + Sentiment Tilt,Equity Risk Parity + Sentiment Tilt,0.008007617034764757,252,0.15
2021-08-12,Equity,Risk Parity + Sentiment Tilt,Equity Risk Parity + Sentiment Tilt,0.0019180912283970038,252,0.15
2021-08-13,Equity,Risk Parity + Sentiment Tilt,Equity Risk Parity + Sentiment Tilt,0.0022687584524888724,252,0.15
2021-08-16,Equity,Risk Parity + Sentiment Tilt,Equity Risk Parity + Sentiment Tilt,0.0008528854407332542,252,0.15
2021-08-17,Equity,Risk Parity + Sentiment Tilt,Equity Risk Parity + Sentiment Tilt,-0.0031081976283474765,252,0.15
2021-08-18,Equity,Risk Parity + Sentiment Tilt,Equity Risk Parity + Sentiment Tilt,-0.012756153091384524,252,0.15
2021-08-19,Equity,Risk Parity + Sentiment Tilt,Equity Risk Parity + Sentiment Tilt,-0.0027535938279091266,252,0.15
2021-08-20,Equity,Risk Parity + Sentiment Tilt,Equity Risk Parity + Sentiment Tilt,0.00498595179491732,252,0.15
2021-08-23,Equity,Risk Parity + Sentiment Tilt,Equity Risk Parity + Sentiment Tilt,0.008106113828976714,252,0.15
2021-08-24,Equity,Risk Parity + Sentiment Tilt,Equity Risk Parity + Sentiment Tilt,0.00036659833824496734,252,0.15
2021-08-25,Equity,Risk Parity + Sentiment Tilt,Equity Risk Parity + Sentiment Tilt,-0.0011154074985271557,252,0.15
2021-08-26,Equity,Risk Parity + Sentiment Tilt,Equity Risk Parity + Sentiment Tilt,-0.0065065787604548595,252,0.15
2021-08-27,Equity,Risk Parity + Sentiment Tilt,Equity Risk Parity + Sentiment Tilt,0.009081993738728044,252,0.15
2021-08-30,Equity,Risk Parity + Sentiment Tilt,Equity Risk Parity + Sentiment Tilt,0.00022269080247108486,252,0.15
2021-08-31,Equity,Risk Parity + Sentiment Tilt,Equity Risk Parity + Sentiment Tilt,0.0008353595288020339,252,0.15
2021-09-01,Equity,Risk Parity + Sentiment Tilt,Equity Risk Parity + Sentiment Tilt,-0.00127482738399065,252,0.15
2021-09-02,Equity,Risk Parity + Sentiment Tilt,Equity Risk Parity + Sentiment Tilt,0.005285002934473989,252,0.15
2021-09-03,Equity,Risk Parity + Sentiment Tilt,Equity Risk Parity + Sentiment Tilt,-0.0020978613248767678,252,0.15
2021-09-07,Equity,Risk Parity + Sentiment Tilt,Equity Risk Parity + Sentiment Tilt,-0.011104852076407563,252,0.15
2021-09-08,Equity,Risk Parity + Sentiment Tilt,Equity Risk Parity + Sentiment Tilt,0.00010388732014392335,252,0.15
2021-09-09,Equity,Risk Parity + Sentiment Tilt,Equity Risk Parity + Sentiment Tilt,-0.007971255107748617,252,0.15
2021-09-10,Equity,Risk Parity + Sentiment Tilt,Equity Risk Parity + Sentiment Tilt,-0.0035592397044948267,252,0.15
2021-09-13,Equity,Risk Parity + Sentiment Tilt,Equity Risk Parity + Sentiment Tilt,0.0024082113638790935,252,0.15
2021-09-14,Equity,Risk Parity + Sentiment Tilt,Equity Risk Parity + Sentiment Tilt,-0.008109975869189583,252,0.15
2021-09-15,Equity,Risk Parity + Sentiment Tilt,Equity Risk Parity + Sentiment Tilt,0.005690433904730081,252,0.15
2021-09-16,Equity,Risk Parity + Sentiment Tilt,Equity Risk Parity + Sentiment Tilt,-0.004927557931610094,252,0.15
2021-09-17,Equity,Risk Parity + Sentiment Tilt,Equity Risk Parity + Sentiment Tilt,-0.010672320469659574,252,0.15
2021-09-20,Equity,Risk Parity + Sentiment Tilt,Equity Risk Parity + Sentiment Tilt,-0.015211795186432002,252,0.15
2021-09-21,Equity,Risk Parity + Sentiment Tilt,Equity Risk Parity + Sentiment Tilt,-0.002184879249522016,252,0.15
2021-09-22,Equity,Risk Parity + Sentiment Tilt,Equity Risk Parity + Sentiment Tilt,0.005211390405298621,252,0.15
2021-09-23,Equity,Risk Parity + Sentiment Tilt,Equity Risk Parity + Sentiment Tilt,0.00846288866032313,252,0.15
2021-09-24,Equity,Risk Parity + Sentiment Tilt,Equity Risk Parity + Sentiment Tilt,-0.0027755499211353034,252,0.15
2021-09-27,Equity,Risk Parity + Sentiment Tilt,Equity Risk Parity + Sentiment Tilt,-0.00027531444983771626,252,0.15
2021-09-28,Equity,Risk Parity + Sentiment Tilt,Equity Risk Parity + Sentiment Tilt,-0.010539732329538662,252,0.15
2021-09-29,Equity,Risk Parity + Sentiment Tilt,Equity Risk Parity + Sentiment Tilt,0.005059205658245965,252,0.15
2021-09-30,Equity,Risk Parity + Sentiment Tilt,Equity Risk Parity + Sentiment Tilt,-0.008110290302606132,252,0.15
2021-10-01,Equity,Risk Parity + Sentiment Tilt,Equity Risk Parity + Sentiment Tilt,0.01021687909737922,252,0.15
2021-10-04,Equity,Risk Parity + Sentiment Tilt,Equity Risk Parity + Sentiment Tilt,-0.0028911332559566722,252,0.15
2021-10-05,Equity,Risk Parity + Sentiment Tilt,Equity Risk Parity + Sentiment Tilt,0.004356088980628289,252,0.15
2021-10-06,Equity,Risk Parity + Sentiment Tilt,Equity Risk Parity + Sentiment Tilt,0.0019128940258689479,252,0.15
2021-10-07,Equity,Risk Parity + Sentiment Tilt,Equity Risk Parity + Sentiment Tilt,0.008025812120667877,252,0.15
2021-10-08,Equity,Risk Parity + Sentiment Tilt,Equity Risk Parity + Sentiment Tilt,-0.0017613252728986434,252,0.15
2021-10-11,Equity,Risk Parity + Sentiment Tilt,Equity Risk Parity + Sentiment Tilt,-0.008537478839838294,252,0.15
2021-10-12,Equity,Risk Parity + Sentiment Tilt,Equity Risk Parity + Sentiment Tilt,-0.0007368035149640453,252,0.15
2021-10-13,Equity,Risk Parity + Sentiment Tilt,Equity Risk Parity + Sentiment Tilt,0.004048548356138054,252,0.15
2021-10-14,Equity,Risk Parity + Sentiment Tilt,Equity Risk Parity + Sentiment Tilt,0.01286749833631629,252,0.15
2021-10-15,Equity,Risk Parity + Sentiment Tilt,Equity Risk Parity + Sentiment Tilt,0.0032314556090684123,252,0.15
2021-10-18,Equity,Risk Parity + Sentiment Tilt,Equity Risk Parity + Sentiment Tilt,-0.0017378139517871425,252,0.15
2021-10-19,Equity,Risk Parity + Sentiment Tilt,Equity Risk Parity + Sentiment Tilt,0.010504541927623524,252,0.15
2021-10-20,Equity,Risk Parity + Sentiment Tilt,Equity Risk Parity + Sentiment Tilt,0.009103369453401573,252,0.15
2021-10-21,Equity,Risk Parity + Sentiment Tilt,Equity Risk Parity + Sentiment Tilt,0.002583962178049333,252,0.15
2021-10-22,Equity,Risk Parity + Sentiment Tilt,Equity Risk Parity + Sentiment Tilt,0.001500583629375216,252,0.15
2021-10-25,Equity,Risk Parity + Sentiment Tilt,Equity Risk Parity + Sentiment Tilt,0.0051859156736734175,252,0.15
2021-10-26,Equity,Risk Parity + Sentiment Tilt,Equity Risk Parity + Sentiment Tilt,0.004740954063037297,252,0.15
2021-10-27,Equity,Risk Parity + Sentiment Tilt,Equity Risk Parity + Sentiment Tilt,-0.01353504503936431,252,0.15
2021-10-28,Equity,Risk Parity + Sentiment Tilt,Equity Risk Parity + Sentiment Tilt,0.007717152392907789,252,0.15
2021-10-29,Equity,Risk Parity + Sentiment Tilt,Equity Risk Parity + Sentiment Tilt,-0.0024159515804217744,252,0.15
2021-11-01,Equity,Risk Parity + Sentiment Tilt,Equity Risk Parity + Sentiment Tilt,0.006379549356953848,252,0.15
2021-11-02,Equity,Risk Parity + Sentiment Tilt,Equity Risk Parity + Sentiment Tilt,0.004711968389637546,252,0.15
2021-11-03,Equity,Risk Parity + Sentiment Tilt,Equity Risk Parity + Sentiment Tilt,0.0055423355217803965,252,0.15
2021-11-04,Equity,Risk Parity + Sentiment Tilt,Equity Risk Parity + Sentiment Tilt,0.005282019572242522,252,0.15
2021-11-05,Equity,Risk Parity + Sentiment Tilt,Equity Risk Parity + Sentiment Tilt,0.0012584313575463603,252,0.15
2021-11-08,Equity,Risk Parity + Sentiment Tilt,Equity Risk Parity + Sentiment Tilt,0.0025619766172443235,252,0.15
2021-11-09,Equity,Risk Parity + Sentiment Tilt,Equity Risk Parity + Sentiment Tilt,0.00015025102895441076,252,0.15
2021-11-10,Equity,Risk Parity + Sentiment Tilt,Equity Risk Parity + Sentiment Tilt,-0.004503775167224465,252,0.15
2021-11-11,Equity,Risk Parity + Sentiment Tilt,Equity Risk Parity + Sentiment Tilt,0.0016706117578656522,252,0.15
2021-11-12,Equity,Risk Parity + Sentiment Tilt,Equity Risk Parity + Sentiment Tilt,0.0023222415628874784,252,0.15
2021-11-15,Equity,Risk Parity + Sentiment Tilt,Equity Risk Parity + Sentiment Tilt,-0.0024046210666370574,252,0.15
2021-11-16,Equity,Risk Parity + Sentiment Tilt,Equity Risk Parity + Sentiment Tilt,-0.00035811691137425944,252,0.15
2021-11-17,Equity,Risk Parity + Sentiment Tilt,Equity Risk Parity + Sentiment Tilt,-0.005455522456847856,252,0.15
2021-11-18,Equity,Risk Parity + Sentiment Tilt,Equity Risk Parity + Sentiment Tilt,-0.0017285792351478563,252,0.15
2021-11-19,Equity,Risk Parity + Sentiment Tilt,Equity Risk Parity + Sentiment Tilt,-0.006770323387254996,252,0.15
2021-11-22,Equity,Risk Parity + Sentiment Tilt,Equity Risk Parity + Sentiment Tilt,-0.0001097242774998466,252,0.15
2021-11-23,Equity,Risk Parity + Sentiment Tilt,Equity Risk Parity + Sentiment Tilt,0.006608191900245986,252,0.15
2021-11-24,Equity,Risk Parity + Sentiment Tilt,Equity Risk Parity + Sentiment Tilt,0.000992994533941451,252,0.15
2021-11-26,Equity,Risk Parity + Sentiment Tilt,Equity Risk Parity + Sentiment Tilt,-0.018310054701337793,252,0.15
2021-11-29,Equity,Risk Parity + Sentiment Tilt,Equity Risk Parity + Sentiment Tilt,0.005972337108677166,252,0.15
2021-11-30,Equity,Risk Parity + Sentiment Tilt,Equity Risk Parity + Sentiment Tilt,-0.021940683502210376,252,0.15
2021-12-01,Equity,Risk Parity + Sentiment Tilt,Equity Risk Parity + Sentiment Tilt,-0.012264288514501362,252,0.15
2021-12-02,Equity,Risk Parity + Sentiment Tilt,Equity Risk Parity + Sentiment Tilt,0.018383467937940202,252,0.15
2021-12-03,Equity,Risk Parity + Sentiment Tilt,Equity Risk Parity + Sentiment Tilt,0.0015280075692291704,252,0.15
2021-12-06,Equity,Risk Parity + Sentiment Tilt,Equity Risk Parity + Sentiment Tilt,0.012715816517803818,252,0.15
2021-12-07,Equity,Risk Parity + Sentiment Tilt,Equity Risk Parity + Sentiment Tilt,0.012565976249114054,252,0.15
2021-12-08,Equity,Risk Parity + Sentiment Tilt,Equity Risk Parity + Sentiment Tilt,0.00011711726428578688,252,0.15
2021-12-09,Equity,Risk Parity + Sentiment Tilt,Equity Risk Parity + Sentiment Tilt,-0.00556139166401713,252,0.15
2021-12-10,Equity,Risk Parity + Sentiment Tilt,Equity Risk Parity + Sentiment Tilt,0.005687150198239033,252,0.15
2021-12-13,Equity,Risk Parity + Sentiment Tilt,Equity Risk Parity + Sentiment Tilt,-0.001682316252686362,252,0.15
2021-12-14,Equity,Risk Parity + Sentiment Tilt,Equity Risk Parity + Sentiment Tilt,-0.0019149040499598271,252,0.15
2021-12-15,Equity,Risk Parity + Sentiment Tilt,Equity Risk Parity + Sentiment Tilt,0.009666191331906859,252,0.15
2021-12-16,Equity,Risk Parity + Sentiment Tilt,Equity Risk Parity + Sentiment Tilt,0.006461567851220295,252,0.15
2021-12-17,Equity,Risk Parity + Sentiment Tilt,Equity Risk Parity + Sentiment Tilt,-0.011102124032767068,252,0.15
2021-12-20,Equity,Risk Parity + Sentiment Tilt,Equity Risk Parity + Sentiment Tilt,-0.005842678575020594,252,0.15
2021-12-21,Equity,Risk Parity + Sentiment Tilt,Equity Risk Parity + Sentiment Tilt,0.010695478527416504,252,0.15
2021-12-22,Equity,Risk Parity + Sentiment Tilt,Equity Risk Parity + Sentiment Tilt,0.005803618396474854,252,0.15
2021-12-23,Equity,Risk Parity + Sentiment Tilt,Equity Risk Parity + Sentiment Tilt,0.004715703303539375,252,0.15
2021-12-27,Equity,Risk Parity + Sentiment Tilt,Equity Risk Parity + Sentiment Tilt,0.012029695798581945,252,0.15
2021-12-28,Equity,Risk Parity + Sentiment Tilt,Equity Risk Parity + Sentiment Tilt,0.002160113781459507,252,0.15
2021-12-29,Equity,Risk Parity + Sentiment Tilt,Equity Risk Parity + Sentiment Tilt,0.0014041024750673704,252,0.15
2021-12-30,Equity,Risk Parity + Sentiment Tilt,Equity Risk Parity + Sentiment Tilt,-0.0006634363969167302,252,0.15
2021-12-31,Equity,Risk Parity + Sentiment Tilt,Equity Risk Parity + Sentiment Tilt,-0.0011649945015833017,252,0.15
2022-01-03,Equity,Risk Parity + Sentiment Tilt,Equity Risk Parity + Sentiment Tilt,0.004669775754843371,252,0.15
2022-01-04,Equity,Risk Parity + Sentiment Tilt,Equity Risk Parity + Sentiment Tilt,0.005110286098519783,252,0.15
2022-01-05,Equity,Risk Parity + Sentiment Tilt,Equity Risk Parity + Sentiment Tilt,-0.00882776446448902,252,0.15
2022-01-06,Equity,Risk Parity + Sentiment Tilt,Equity Risk Parity + Sentiment Tilt,-0.0021845081812356935,252,0.15
2022-01-07,Equity,Risk Parity + Sentiment Tilt,Equity Risk Parity + Sentiment Tilt,0.0012333276699913515,252,0.15
2022-01-10,Equity,Risk Parity + Sentiment Tilt,Equity Risk Parity + Sentiment Tilt,-0.006775316893552254,252,0.15
2022-01-11,Equity,Risk Parity + Sentiment Tilt,Equity Risk Parity + Sentiment Tilt,0.008210959550586924,252,0.15
2022-01-12,Equity,Risk Parity + Sentiment Tilt,Equity Risk Parity + Sentiment Tilt,0.003390482279128768,252,0.15
2022-01-13,Equity,Risk Parity + Sentiment Tilt,Equity Risk Parity + Sentiment Tilt,-0.004725137434966786,252,0.15
2022-01-14,Equity,Risk Parity + Sentiment Tilt,Equity Risk Parity + Sentiment Tilt,-0.00016594624244506184,252,0.15
2022-01-18,Equity,Risk Parity + Sentiment Tilt,Equity Risk Parity + Sentiment Tilt,-0.00981479233891771,252,0.15
2022-01-19,Equity,Risk Parity + Sentiment Tilt,Equity Risk Parity + Sentiment Tilt,-0.0033597174317921384,252,0.15
2022-01-20,Equity,Risk Parity + Sentiment Tilt,Equity Risk Parity + Sentiment Tilt,-0.011045298610813499,252,0.15
2022-01-21,Equity,Risk Parity + Sentiment Tilt,Equity Risk Parity + Sentiment Tilt,-0.010622143743002289,252,0.15
2022-01-24,Equity,Risk Parity + Sentiment Tilt,Equity Risk Parity + Sentiment Tilt,0.0013580631368759455,252,0.15
2022-01-25,Equity,Risk Parity + Sentiment Tilt,Equity Risk Parity + Sentiment Tilt,-0.005834966642761026,252,0.15
2022-01-26,Equity,Risk Parity + Sentiment Tilt,Equity Risk Parity + Sentiment Tilt,-0.01011157718195628,252,0.15
2022-01-27,Equity,Risk Parity + Sentiment Tilt,Equity Risk Parity + Sentiment Tilt,-0.0032004655327170124,252,0.15
2022-01-28,Equity,Risk Parity + Sentiment Tilt,Equity Risk Parity + Sentiment Tilt,0.017212854620272725,252,0.15
2022-01-31,Equity,Risk Parity + Sentiment Tilt,Equity Risk Parity + Sentiment Tilt,0.013303677482913648,252,0.15
2022-02-01,Equity,Risk Parity + Sentiment Tilt,Equity Risk Parity + Sentiment Tilt,0.00921412635481923,252,0.15
2022-02-02,Equity,Risk Parity + Sentiment Tilt,Equity Risk Parity + Sentiment Tilt,0.00956564553581439,252,0.15
2022-02-03,Equity,Risk Parity + Sentiment Tilt,Equity Risk Parity + Sentiment Tilt,-0.009460280594608926,252,0.15
2022-02-04,Equity,Risk Parity + Sentiment Tilt,Equity Risk Parity + Sentiment Tilt,-0.002632290773045019,252,0.15
2022-02-07,Equity,Risk Parity + Sentiment Tilt,Equity Risk Parity + Sentiment Tilt,0.002013624848015185,252,0.15
2022-02-08,Equity,Risk Parity + Sentiment Tilt,Equity Risk Parity + Sentiment Tilt,0.0043761672734294295,252,0.15
2022-02-09,Equity,Risk Parity + Sentiment Tilt,Equity Risk Parity + Sentiment Tilt,0.010216109429308382,252,0.15
2022-02-10,Equity,Risk Parity + Sentiment Tilt,Equity Risk Parity + Sentiment Tilt,-0.01823416224140884,252,0.15
2022-02-11,Equity,Risk Parity + Sentiment Tilt,Equity Risk Parity + Sentiment Tilt,-0.008861574920110436,252,0.15
2022-02-14,Equity,Risk Parity + Sentiment Tilt,Equity Risk Parity + Sentiment Tilt,-0.005880237892299299,252,0.15
2022-02-15,Equity,Risk Parity + Sentiment Tilt,Equity Risk Parity + Sentiment Tilt,0.00908888152853661,252,0.15
2022-02-16,Equity,Risk Parity + Sentiment Tilt,Equity Risk Parity + Sentiment Tilt,-0.0004991119727070806,252,0.15
2022-02-17,Equity,Risk Parity + Sentiment Tilt,Equity Risk Parity + Sentiment Tilt,-0.012684437475930238,252,0.15
2022-02-18,Equity,Risk Parity + Sentiment Tilt,Equity Risk Parity + Sentiment Tilt,-0.007840137732108687,252,0.15
2022-02-22,Equity,Risk Parity + Sentiment Tilt,Equity Risk Parity + Sentiment Tilt,-0.00550375608998435,252,0.15
2022-02-23,Equity,Risk Parity + Sentiment Tilt,Equity Risk Parity + Sentiment Tilt,-0.009871136628067687,252,0.15
2022-02-24,Equity,Risk Parity + Sentiment Tilt,Equity Risk Parity + Sentiment Tilt,0.005461367849983392,252,0.15
2022-02-25,Equity,Risk Parity + Sentiment Tilt,Equity Risk Parity + Sentiment Tilt,0.02513780625290651,252,0.15
2022-02-28,Equity,Risk Parity + Sentiment Tilt,Equity Risk Parity + Sentiment Tilt,-0.003941116224065042,252,0.15
2022-03-01,Equity,Risk Parity + Sentiment Tilt,Equity Risk Parity + Sentiment Tilt,-0.009859219218412204,252,0.15
2022-03-02,Equity,Risk Parity + Sentiment Tilt,Equity Risk Parity + Sentiment Tilt,0.017695703348650074,252,0.15
2022-03-03,Equity,Risk Parity + Sentiment Tilt,Equity Risk Parity + Sentiment Tilt,0.0017060099564902953,252,0.15
2022-03-04,Equity,Risk Parity + Sentiment Tilt,Equity Risk Parity + Sentiment Tilt,0.0036983742799215707,252,0.15
2022-03-07,Equity,Risk Parity + Sentiment Tilt,Equity Risk Parity + Sentiment Tilt,-0.013867295692369065,252,0.15
2022-03-08,Equity,Risk Parity + Sentiment Tilt,Equity Risk Parity + Sentiment Tilt,-0.0071651488820832126,252,0.15
2022-03-09,Equity,Risk Parity + Sentiment Tilt,Equity Risk Parity + Sentiment Tilt,0.011980517183333457,252,0.15
2022-03-10,Equity,Risk Parity + Sentiment Tilt,Equity Risk Parity + Sentiment Tilt,-0.0003752656712287538,252,0.15
2022-03-11,Equity,Risk Parity + Sentiment Tilt,Equity Risk Parity + Sentiment Tilt,-0.00800618213606416,252,0.15
2022-03-14,Equity,Risk Parity + Sentiment Tilt,Equity Risk Parity + Sentiment Tilt,-0.00931770904297791,252,0.15
2022-03-15,Equity,Risk Parity + Sentiment Tilt,Equity Risk Parity + Sentiment Tilt,0.009547129610972463,252,0.15
2022-03-16,Equity,Risk Parity + Sentiment Tilt,Equity Risk Parity + Sentiment Tilt,0.01331765747949197,252,0.15
2022-03-17,Equity,Risk Parity + Sentiment Tilt,Equity Risk Parity + Sentiment Tilt,0.013528322280396977,252,0.15
2022-03-18,Equity,Risk Parity + Sentiment Tilt,Equity Risk Parity + Sentiment Tilt,0.0042505769043569746,252,0.15
2022-03-21,Equity,Risk Parity + Sentiment Tilt,Equity Risk Parity + Sentiment Tilt,0.0032264687819207705,252,0.15
2022-03-22,Equity,Risk Parity + Sentiment Tilt,Equity Risk Parity + Sentiment Tilt,0.005051800442901532,252,0.15
2022-03-23,Equity,Risk Parity + Sentiment Tilt,Equity Risk Parity + Sentiment Tilt,-0.008727981441888823,252,0.15
2022-03-24,Equity,Risk Parity + Sentiment Tilt,Equity Risk Parity + Sentiment Tilt,0.009443721142503058,252,0.15
2022-03-25,Equity,Risk Parity + Sentiment Tilt,Equity Risk Parity + Sentiment Tilt,0.009048284681139485,252,0.15
2022-03-28,Equity,Risk Parity + Sentiment Tilt,Equity Risk Parity + Sentiment Tilt,0.0027127497443884367,252,0.15
2022-03-29,Equity,Risk Parity + Sentiment Tilt,Equity Risk Parity + Sentiment Tilt,0.012351742750895973,252,0.15
2022-03-30,Equity,Risk Parity + Sentiment Tilt,Equity Risk Parity + Sentiment Tilt,-0.00263431446264947,252,0.15
2022-03-31,Equity,Risk Parity + Sentiment Tilt,Equity Risk Parity + Sentiment Tilt,-0.012940041306366864,252,0.15
2022-04-01,Equity,Risk Parity + Sentiment Tilt,Equity Risk Parity + Sentiment Tilt,0.007015499740294995,252,0.15
2022-04-04,Equity,Risk Parity + Sentiment Tilt,Equity Risk Parity + Sentiment Tilt,0.0019274182967438313,252,0.15
2022-04-05,Equity,Risk Parity + Sentiment Tilt,Equity Risk Parity + Sentiment Tilt,-0.009013080966164854,252,0.15
2022-04-06,Equity,Risk Parity + Sentiment Tilt,Equity Risk Parity + Sentiment Tilt,0.0018074231284275065,252,0.15
2022-04-07,Equity,Risk Parity + Sentiment Tilt,Equity Risk Parity + Sentiment Tilt,0.0015551885852313875,252,0.15
2022-04-08,Equity,Risk Parity + Sentiment Tilt,Equity Risk Parity + Sentiment Tilt,0.0030233303299619365,252,0.15
2022-04-11,Equity,Risk Parity + Sentiment Tilt,Equity Risk Parity + Sentiment Tilt,-0.011286219167624647,252,0.15
2022-04-12,Equity,Risk Parity + Sentiment Tilt,Equity Risk Parity + Sentiment Tilt,-0.0009510509047620575,252,0.15
2022-04-13,Equity,Risk Parity + Sentiment Tilt,Equity Risk Parity + Sentiment Tilt,0.008210058274356483,252,0.15
2022-04-14,Equity,Risk Parity + Sentiment Tilt,Equity Risk Parity + Sentiment Tilt,-0.0014167237192696277,252,0.15
2022-04-18,Equity,Risk Parity + Sentiment Tilt,Equity Risk Parity + Sentiment Tilt,-0.0010590805882144739,252,0.15
2022-04-19,Equity,Risk Parity + Sentiment Tilt,Equity Risk Parity + Sentiment Tilt,0.01179854051599995,252,0.15
2022-04-20,Equity,Risk Parity + Sentiment Tilt,Equity Risk Parity + Sentiment Tilt,0.0019188466119926877,252,0.15
2022-04-21,Equity,Risk Parity + Sentiment Tilt,Equity Risk Parity + Sentiment Tilt,-0.011862444191238584,252,0.15
2022-04-22,Equity,Risk Parity + Sentiment Tilt,Equity Risk Parity + Sentiment Tilt,-0.021214250451827607,252,0.15
2022-04-25,Equity,Risk Parity + Sentiment Tilt,Equity Risk Parity + Sentiment Tilt,-0.0024733247596390234,252,0.15
2022-04-26,Equity,Risk Parity + Sentiment Tilt,Equity Risk Parity + Sentiment Tilt,-0.01990703063090355,252,0.15
2022-04-27,Equity,Risk Parity + Sentiment Tilt,Equity Risk Parity + Sentiment Tilt,0.00015411908221458573,252,0.15
2022-04-28,Equity,Risk Parity + Sentiment Tilt,Equity Risk Parity + Sentiment Tilt,0.016397761760680966,252,0.15
2022-04-29,Equity,Risk Parity + Sentiment Tilt,Equity Risk Parity + Sentiment Tilt,-0.03437921664955722,252,0.15
2022-05-02,Equity,Risk Parity + Sentiment Tilt,Equity Risk Parity + Sentiment Tilt,0.0024463246735126265,252,0.15
2022-05-03,Equity,Risk Parity + Sentiment Tilt,Equity Risk Parity + Sentiment Tilt,0.005013670137102936,252,0.15
2022-05-04,Equity,Risk Parity + Sentiment Tilt,Equity Risk Parity + Sentiment Tilt,0.028302917146352347,252,0.15
2022-05-05,Equity,Risk Parity + Sentiment Tilt,Equity Risk Parity + Sentiment Tilt,-0.02286978656225701,252,0.15
2022-05-06,Equity,Risk Parity + Sentiment Tilt,Equity Risk Parity + Sentiment Tilt,-0.0050672257722981316,252,0.15
2022-05-09,Equity,Risk Parity + Sentiment Tilt,Equity Risk Parity + Sentiment Tilt,-0.03051799351490401,252,0.15
2022-05-10,Equity,Risk Parity + Sentiment Tilt,Equity Risk Parity + Sentiment Tilt,-0.005441508228784192,252,0.15
2022-05-11,Equity,Risk Parity + Sentiment Tilt,Equity Risk Parity + Sentiment Tilt,-0.0013487623475120158,252,0.15
2022-05-12,Equity,Risk Parity + Sentiment Tilt,Equity Risk Parity + Sentiment Tilt,0.0033141796263498635,252,0.15
2022-05-13,Equity,Risk Parity + Sentiment Tilt,Equity Risk Parity + Sentiment Tilt,0.019204890396091055,252,0.15
2022-05-16,Equity,Risk Parity + Sentiment Tilt,Equity Risk Parity + Sentiment Tilt,0.0021919458552309653,252,0.15
2022-05-17,Equity,Risk Parity + Sentiment Tilt,Equity Risk Parity + Sentiment Tilt,0.014893753373959824,252,0.15
2022-05-18,Equity,Risk Parity + Sentiment Tilt,Equity Risk Parity + Sentiment Tilt,-0.026285940401698914,252,0.15
2022-05-19,Equity,Risk Parity + Sentiment Tilt,Equity Risk Parity + Sentiment Tilt,-0.0021733506622635406,252,0.15
2022-05-20,Equity,Risk Parity + Sentiment Tilt,Equity Risk Parity + Sentiment Tilt,0.0024942328018667816,252,0.15
2022-05-23,Equity,Risk Parity + Sentiment Tilt,Equity Risk Parity + Sentiment Tilt,0.017917732626096857,252,0.15
2022-05-24,Equity,Risk Parity + Sentiment Tilt,Equity Risk Parity + Sentiment Tilt,0.003667459341484661,252,0.15
2022-05-25,Equity,Risk Parity + Sentiment Tilt,Equity Risk Parity + Sentiment Tilt,0.007255349157585807,252,0.15
2022-05-26,Equity,Risk Parity + Sentiment Tilt,Equity Risk Parity + Sentiment Tilt,0.011780865296461353,252,0.15
2022-05-27,Equity,Risk Parity + Sentiment Tilt,Equity Risk Parity + Sentiment Tilt,0.017622043183690293,252,0.15
2022-05-31,Equity,Risk Parity + Sentiment Tilt,Equity Risk Parity + Sentiment Tilt,-0.007399848626089625,252,0.15
2022-06-01,Equity,Risk Parity + Sentiment Tilt,Equity Risk Parity + Sentiment Tilt,-0.005250880362905919,252,0.15
2022-06-02,Equity,Risk Parity + Sentiment Tilt,Equity Risk Parity + Sentiment Tilt,0.013051391516703193,252,0.15
2022-06-03,Equity,Risk Parity + Sentiment Tilt,Equity Risk Parity + Sentiment Tilt,-0.007658758354127605,252,0.15
2022-06-06,Equity,Risk Parity + Sentiment Tilt,Equity Risk Parity + Sentiment Tilt,-0.0010675021475772596,252,0.15
2022-06-07,Equity,Risk Parity + Sentiment Tilt,Equity Risk Parity + Sentiment Tilt,0.009699422113289924,252,0.15
2022-06-08,Equity,Risk Parity + Sentiment Tilt,Equity Risk Parity + Sentiment Tilt,-0.012522440046892208,252,0.15
2022-06-09,Equity,Risk Parity + Sentiment Tilt,Equity Risk Parity + Sentiment Tilt,-0.02242821480205257,252,0.15
2022-06-10,Equity,Risk Parity + Sentiment Tilt,Equity Risk Parity + Sentiment Tilt,-0.021538802333025863,252,0.15
2022-06-13,Equity,Risk Parity + Sentiment Tilt,Equity Risk Parity + Sentiment Tilt,-0.03775297420986322,252,0.15
2022-06-14,Equity,Risk Parity + Sentiment Tilt,Equity Risk Parity + Sentiment Tilt,-0.008181430452550759,252,0.15
2022-06-15,Equity,Risk Parity + Sentiment Tilt,Equity Risk Parity + Sentiment Tilt,0.010063274202509066,252,0.15
2022-06-16,Equity,Risk Parity + Sentiment Tilt,Equity Risk Parity + Sentiment Tilt,-0.02430944064922896,252,0.15
2022-06-17,Equity,Risk Parity + Sentiment Tilt,Equity Risk Parity + Sentiment Tilt,-0.0037536531435717075,252,0.15
2022-06-21,Equity,Risk Parity + Sentiment Tilt,Equity Risk Parity + Sentiment Tilt,0.021781361555269715,252,0.15
2022-06-22,Equity,Risk Parity + Sentiment Tilt,Equity Risk Parity + Sentiment Tilt,-0.0011689731850403286,252,0.15
2022-06-23,Equity,Risk Parity + Sentiment Tilt,Equity Risk Parity + Sentiment Tilt,0.005127721410489278,252,0.15
2022-06-24,Equity,Risk Parity + Sentiment Tilt,Equity Risk Parity + Sentiment Tilt,0.02529870506731458,252,0.15
2022-06-27,Equity,Risk Parity + Sentiment Tilt,Equity Risk Parity + Sentiment Tilt,-0.003345164133162114,252,0.15
2022-06-28,Equity,Risk Parity + Sentiment Tilt,Equity Risk Parity + Sentiment Tilt,-0.010499275400352559,252,0.15
2022-06-29,Equity,Risk Parity + Sentiment Tilt,Equity Risk Parity + Sentiment Tilt,-0.0034986427033986164,252,0.15
2022-06-30,Equity,Risk Parity + Sentiment Tilt,Equity Risk Parity + Sentiment Tilt,-0.007007190756534767,252,0.15
2022-07-01,Equity,Risk Parity + Sentiment Tilt,Equity Risk Parity + Sentiment Tilt,0.011558883662080962,252,0.15
2022-07-05,Equity,Risk Parity + Sentiment Tilt,Equity Risk Parity + Sentiment Tilt,-0.0054176556068549426,252,0.15
2022-07-06,Equity,Risk Parity + Sentiment Tilt,Equity Risk Parity + Sentiment Tilt,0.0002579108052968052,252,0.15
2022-07-07,Equity,Risk Parity + Sentiment Tilt,Equity Risk Parity + Sentiment Tilt,0.010940214752603029,252,0.15
2022-07-08,Equity,Risk Parity + Sentiment Tilt,Equity Risk Parity + Sentiment Tilt,-0.0028865747964517646,252,0.15
2022-07-11,Equity,Risk Parity + Sentiment Tilt,Equity Risk Parity + Sentiment Tilt,-0.005818103363337343,252,0.15
2022-07-12,Equity,Risk Parity + Sentiment Tilt,Equity Risk Parity + Sentiment Tilt,-0.004731391327816514,252,0.15
2022-07-13,Equity,Risk Parity + Sentiment Tilt,Equity Risk Parity + Sentiment Tilt,-0.003285041828644195,252,0.15
2022-07-14,Equity,Risk Parity + Sentiment Tilt,Equity Risk Parity + Sentiment Tilt,-0.00415880521293186,252,0.15
2022-07-15,Equity,Risk Parity + Sentiment Tilt,Equity Risk Parity + Sentiment Tilt,0.016681036703196237,252,0.15
2022-07-18,Equity,Risk Parity + Sentiment Tilt,Equity Risk Parity + Sentiment Tilt,-0.006381487856539474,252,0.15
2022-07-19,Equity,Risk Parity + Sentiment Tilt,Equity Risk Parity + Sentiment Tilt,0.023759294152108396,252,0.15
2022-07-20,Equity,Risk Parity + Sentiment Tilt,Equity Risk Parity + Sentiment Tilt,-0.00036703356330405326,252,0.15
2022-07-21,Equity,Risk Parity + Sentiment Tilt,Equity Risk Parity + Sentiment Tilt,0.004742096343970397,252,0.15
2022-07-22,Equity,Risk Parity + Sentiment Tilt,Equity Risk Parity + Sentiment Tilt,-0.003840810542586256,252,0.15
2022-07-25,Equity,Risk Parity + Sentiment Tilt,Equity Risk Parity + Sentiment Tilt,0.0008019835743722372,252,0.15
2022-07-26,Equity,Risk Parity + Sentiment Tilt,Equity Risk Parity + Sentiment Tilt,-0.0029336667018281066,252,0.15
2022-07-27,Equity,Risk Parity + Sentiment Tilt,Equity Risk Parity + Sentiment Tilt,0.009326167995476664,252,0.15
2022-07-28,Equity,Risk Parity + Sentiment Tilt,Equity Risk Parity + Sentiment Tilt,0.009646041149947143,252,0.15
2022-07-29,Equity,Risk Parity + Sentiment Tilt,Equity Risk Parity + Sentiment Tilt,0.006499954231764245,252,0.15
2022-08-01,Equity,Risk Parity + Sentiment Tilt,Equity Risk Parity + Sentiment Tilt,-0.0027890961996117135,252,0.15
2022-08-02,Equity,Risk Parity + Sentiment Tilt,Equity Risk Parity + Sentiment Tilt,-0.008945778984929549,252,0.15
2022-08-03,Equity,Risk Parity + Sentiment Tilt,Equity Risk Parity + Sentiment Tilt,0.007242840010863,252,0.15
2022-08-04,Equity,Risk Parity + Sentiment Tilt,Equity Risk Parity + Sentiment Tilt,-0.0013599897939359422,252,0.15
2022-08-05,Equity,Risk Parity + Sentiment Tilt,Equity Risk Parity + Sentiment Tilt,0.0001591611126419685,252,0.15
2022-08-08,Equity,Risk Parity + Sentiment Tilt,Equity Risk Parity + Sentiment Tilt,0.0007817763429978601,252,0.15
2022-08-09,Equity,Risk Parity + Sentiment Tilt,Equity Risk Parity + Sentiment Tilt,0.0001855856418663969,252,0.15
2022-08-10,Equity,Risk Parity + Sentiment Tilt,Equity Risk Parity + Sentiment Tilt,0.014944248866992284,252,0.15
2022-08-11,Equity,Risk Parity + Sentiment Tilt,Equity Risk Parity + Sentiment Tilt,0.0032519004172275423,252,0.15
2022-08-12,Equity,Risk Parity + Sentiment Tilt,Equity Risk Parity + Sentiment Tilt,0.01507176959848296,252,0.15
2022-08-15,Equity,Risk Parity + Sentiment Tilt,Equity Risk Parity + Sentiment Tilt,0.005582380161687909,252,0.15
2022-08-16,Equity,Risk Parity + Sentiment Tilt,Equity Risk Parity + Sentiment Tilt,0.004677101506143731,252,0.15
2022-08-17,Equity,Risk Parity + Sentiment Tilt,Equity Risk Parity + Sentiment Tilt,-0.007926082331049295,252,0.15
2022-08-18,Equity,Risk Parity + Sentiment Tilt,Equity Risk Parity + Sentiment Tilt,0.0019216070961164385,252,0.15
2022-08-19,Equity,Risk Parity + Sentiment Tilt,Equity Risk Parity + Sentiment Tilt,-0.007909071487901265,252,0.15
2022-08-22,Equity,Risk Parity + Sentiment Tilt,Equity Risk Parity + Sentiment Tilt,-0.017554902843497953,252,0.15
2022-08-23,Equity,Risk Parity + Sentiment Tilt,Equity Risk Parity + Sentiment Tilt,-0.00017693651696006892,252,0.15
2022-08-24,Equity,Risk Parity + Sentiment Tilt,Equity Risk Parity + Sentiment Tilt,0.0015740245772160578,252,0.15
2022-08-25,Equity,Risk Parity + Sentiment Tilt,Equity Risk Parity + Sentiment Tilt,0.012249096148364827,252,0.15
2022-08-26,Equity,Risk Parity + Sentiment Tilt,Equity Risk Parity + Sentiment Tilt,-0.025535685317296327,252,0.15
2022-08-29,Equity,Risk Parity + Sentiment Tilt,Equity Risk Parity + Sentiment Tilt,-0.004199154124192144,252,0.15
2022-08-30,Equity,Risk Parity + Sentiment Tilt,Equity Risk Parity + Sentiment Tilt,-0.012280114310151427,252,0.15
2022-08-31,Equity,Risk Parity + Sentiment Tilt,Equity Risk Parity + Sentiment Tilt,-0.006631568734797502,252,0.15
2022-09-01,Equity,Risk Parity + Sentiment Tilt,Equity Risk Parity + Sentiment Tilt,0.0025824066524109584,252,0.15
2022-09-02,Equity,Risk Parity + Sentiment Tilt,Equity Risk Parity + Sentiment Tilt,-0.01036277628443429,252,0.15
2022-09-06,Equity,Risk Parity + Sentiment Tilt,Equity Risk Parity + Sentiment Tilt,-0.0030257507584878704,252,0.15
2022-09-07,Equity,Risk Parity + Sentiment Tilt,Equity Risk Parity + Sentiment Tilt,0.017055024974155647,252,0.15
2022-09-08,Equity,Risk Parity + Sentiment Tilt,Equity Risk Parity + Sentiment Tilt,0.004793849299646871,252,0.15
2022-09-09,Equity,Risk Parity + Sentiment Tilt,Equity Risk Parity + Sentiment Tilt,0.013624563682096623,252,0.15
2022-09-12,Equity,Risk Parity + Sentiment Tilt,Equity Risk Parity + Sentiment Tilt,0.00889263332121891,252,0.15
2022-09-13,Equity,Risk Parity + Sentiment Tilt,Equity Risk Parity + Sentiment Tilt,-0.037819084954895665,252,0.15
2022-09-14,Equity,Risk Parity + Sentiment Tilt,Equity Risk Parity + Sentiment Tilt,0.0025639756985707174,252,0.15
2022-09-15,Equity,Risk Parity + Sentiment Tilt,Equity Risk Parity + Sentiment Tilt,-0.016134219498447084,252,0.15
2022-09-16,Equity,Risk Parity + Sentiment Tilt,Equity Risk Parity + Sentiment Tilt,-0.005550345831816488,252,0.15
2022-09-19,Equity,Risk Parity + Sentiment Tilt,Equity Risk Parity + Sentiment Tilt,0.005899331669542844,252,0.15
2022-09-20,Equity,Risk Parity + Sentiment Tilt,Equity Risk Parity + Sentiment Tilt,-0.015807448746432796,252,0.15
2022-09-21,Equity,Risk Parity + Sentiment Tilt,Equity Risk Parity + Sentiment Tilt,-0.016244263994176857,252,0.15
2022-09-22,Equity,Risk Parity + Sentiment Tilt,Equity Risk Parity + Sentiment Tilt,-0.007424242262843698,252,0.15
2022-09-23,Equity,Risk Parity + Sentiment Tilt,Equity Risk Parity + Sentiment Tilt,-0.019985182391405506,252,0.15
2022-09-26,Equity,Risk Parity + Sentiment Tilt,Equity Risk Parity + Sentiment Tilt,-0.014618048000288483,252,0.15
2022-09-27,Equity,Risk Parity + Sentiment Tilt,Equity Risk Parity + Sentiment Tilt,-0.00436569940590986,252,0.15
2022-09-28,Equity,Risk Parity + Sentiment Tilt,Equity Risk Parity + Sentiment Tilt,0.02070031828285416,252,0.15
2022-09-29,Equity,Risk Parity + Sentiment Tilt,Equity Risk Parity + Sentiment Tilt,-0.01957980885756047,252,0.15
2022-09-30,Equity,Risk Parity + Sentiment Tilt,Equity Risk Parity + Sentiment Tilt,-0.015229961116436265,252,0.15
2022-10-03,Equity,Risk Parity + Sentiment Tilt,Equity Risk Parity + Sentiment Tilt,0.030315084968680694,252,0.15
2022-10-04,Equity,Risk Parity + Sentiment Tilt,Equity Risk Parity + Sentiment Tilt,0.02744791473204133,252,0.15
2022-10-05,Equity,Risk Parity + Sentiment Tilt,Equity Risk Parity + Sentiment Tilt,-0.004338584663386618,252,0.15
2022-10-06,Equity,Risk Parity + Sentiment Tilt,Equity Risk Parity + Sentiment Tilt,-0.011898766420710478,252,0.15
2022-10-07,Equity,Risk Parity + Sentiment Tilt,Equity Risk Parity + Sentiment Tilt,-0.022243802820954187,252,0.15
2022-10-10,Equity,Risk Parity + Sentiment Tilt,Equity Risk Parity + Sentiment Tilt,-0.0038119815700983126,252,0.15
2022-10-11,Equity,Risk Parity + Sentiment Tilt,Equity Risk Parity + Sentiment Tilt,-0.0007686804707099605,252,0.15
2022-10-12,Equity,Risk Parity + Sentiment Tilt,Equity Risk Parity + Sentiment Tilt,-0.006749728234592195,252,0.15
2022-10-13,Equity,Risk Parity + Sentiment Tilt,Equity Risk Parity + Sentiment Tilt,0.027094730220998398,252,0.15
2022-10-14,Equity,Risk Parity + Sentiment Tilt,Equity Risk Parity + Sentiment Tilt,-0.016702243450811897,252,0.15
2022-10-17,Equity,Risk Parity + Sentiment Tilt,Equity Risk Parity + Sentiment Tilt,0.018879311693656132,252,0.15
2022-10-18,Equity,Risk Parity + Sentiment Tilt,Equity Risk Parity + Sentiment Tilt,0.012129199715886928,252,0.15
2022-10-19,Equity,Risk Parity + Sentiment Tilt,Equity Risk Parity + Sentiment Tilt,-0.009198121600898458,252,0.15
2022-10-20,Equity,Risk Parity + Sentiment Tilt,Equity Risk Parity + Sentiment Tilt,-0.0041797621979127305,252,0.15
2022-10-21,Equity,Risk Parity + Sentiment Tilt,Equity Risk Parity + Sentiment Tilt,0.02218610304225146,252,0.15
2022-10-24,Equity,Risk Parity + Sentiment Tilt,Equity Risk Parity + Sentiment Tilt,0.009074563961765805,252,0.15
2022-10-25,Equity,Risk Parity + Sentiment Tilt,Equity Risk Parity + Sentiment Tilt,0.015615703173168285,252,0.15
2022-10-26,Equity,Risk Parity + Sentiment Tilt,Equity Risk Parity + Sentiment Tilt,0.006580444338418127,252,0.15
2022-10-27,Equity,Risk Parity + Sentiment Tilt,Equity Risk Parity + Sentiment Tilt,-0.0006254532327887347,252,0.15
2022-10-28,Equity,Risk Parity + Sentiment Tilt,Equity Risk Parity + Sentiment Tilt,0.024818647718612308,252,0.15
2022-10-31,Equity,Risk Parity + Sentiment Tilt,Equity Risk Parity + Sentiment Tilt,-0.007925920624477589,252,0.15
2022-11-01,Equity,Risk Parity + Sentiment Tilt,Equity Risk Parity + Sentiment Tilt,0.0012508303122998599,252,0.15
2022-11-02,Equity,Risk Parity + Sentiment Tilt,Equity Risk Parity + Sentiment Tilt,-0.017429455993239563,252,0.15
2022-11-03,Equity,Risk Parity + Sentiment Tilt,Equity Risk Parity + Sentiment Tilt,-0.0038651897334049737,252,0.15
2022-11-04,Equity,Risk Parity + Sentiment Tilt,Equity Risk Parity + Sentiment Tilt,0.01711283167133082,252,0.15
2022-11-07,Equity,Risk Parity + Sentiment Tilt,Equity Risk Parity + Sentiment Tilt,0.006755611613019781,252,0.15
2022-11-08,Equity,Risk Parity + Sentiment Tilt,Equity Risk Parity + Sentiment Tilt,0.006352127087021545,252,0.15
2022-11-09,Equity,Risk Parity + Sentiment Tilt,Equity Risk Parity + Sentiment Tilt,-0.01846931185553112,252,0.15
2022-11-10,Equity,Risk Parity + Sentiment Tilt,Equity Risk Parity + Sentiment Tilt,0.04629597770529351,252,0.15
2022-11-11,Equity,Risk Parity + Sentiment Tilt,Equity Risk Parity + Sentiment Tilt,0.008677210051737126,252,0.15
2022-11-14,Equity,Risk Parity + Sentiment Tilt,Equity Risk Parity + Sentiment Tilt,-0.008613404002459005,252,0.15
2022-11-15,Equity,Risk Parity + Sentiment Tilt,Equity Risk Parity + Sentiment Tilt,0.009202160787789881,252,0.15
2022-11-16,Equity,Risk Parity + Sentiment Tilt,Equity Risk Parity + Sentiment Tilt,-0.007737171303185472,252,0.15
2022-11-17,Equity,Risk Parity + Sentiment Tilt,Equity Risk Parity + Sentiment Tilt,-0.0023916172869240812,252,0.15
2022-11-18,Equity,Risk Parity + Sentiment Tilt,Equity Risk Parity + Sentiment Tilt,0.006151759701073683,252,0.15
2022-11-21,Equity,Risk Parity + Sentiment Tilt,Equity Risk Parity + Sentiment Tilt,0.0016813173463457714,252,0.15
2022-11-22,Equity,Risk Parity + Sentiment Tilt,Equity Risk Parity + Sentiment Tilt,0.013830612964904019,252,0.15
2022-11-23,Equity,Risk Parity + Sentiment Tilt,Equity Risk Parity + Sentiment Tilt,0.0037618890739100045,252,0.15
2022-11-25,Equity,Risk Parity + Sentiment Tilt,Equity Risk Parity + Sentiment Tilt,0.0010820163983889437,252,0.15
2022-11-28,Equity,Risk Parity + Sentiment Tilt,Equity Risk Parity + Sentiment Tilt,-0.017091802347003995,252,0.15
2022-11-29,Equity,Risk Parity + Sentiment Tilt,Equity Risk Parity + Sentiment Tilt,0.003948967877422034,252,0.15
2022-11-30,Equity,Risk Parity + Sentiment Tilt,Equity Risk Parity + Sentiment Tilt,0.023198162026472097,252,0.15
2022-12-01,Equity,Risk Parity + Sentiment Tilt,Equity Risk Parity + Sentiment Tilt,0.000451417134424477,252,0.15
2022-12-02,Equity,Risk Parity + Sentiment Tilt,Equity Risk Parity + Sentiment Tilt,0.0019777061845457793,252,0.15
2022-12-05,Equity,Risk Parity + Sentiment Tilt,Equity Risk Parity + Sentiment Tilt,-0.01639478435192362,252,0.15
2022-12-06,Equity,Risk Parity + Sentiment Tilt,Equity Risk Parity + Sentiment Tilt,-0.010892526353172036,252,0.15
2022-12-07,Equity,Risk Parity + Sentiment Tilt,Equity Risk Parity + Sentiment Tilt,-6.456491305333913e-05,252,0.15
2022-12-08,Equity,Risk Parity + Sentiment Tilt,Equity Risk Parity + Sentiment Tilt,0.006488908412285466,252,0.15
2022-12-09,Equity,Risk Parity + Sentiment Tilt,Equity Risk Parity + Sentiment Tilt,-0.009662927414076835,252,0.15
2022-12-12,Equity,Risk Parity + Sentiment Tilt,Equity Risk Parity + Sentiment Tilt,0.014913299938872733,252,0.15
2022-12-13,Equity,Risk Parity + Sentiment Tilt,Equity Risk Parity + Sentiment Tilt,0.007510905893048849,252,0.15
2022-12-14,Equity,Risk Parity + Sentiment Tilt,Equity Risk Parity + Sentiment Tilt,-0.007350014932844768,252,0.15
2022-12-15,Equity,Risk Parity + Sentiment Tilt,Equity Risk Parity + Sentiment Tilt,-0.020370132683685992,252,0.15
2022-12-16,Equity,Risk Parity + Sentiment Tilt,Equity Risk Parity + Sentiment Tilt,-0.009188537905526517,252,0.15
2022-12-19,Equity,Risk Parity + Sentiment Tilt,Equity Risk Parity + Sentiment Tilt,-0.006554873934174182,252,0.15
2022-12-20,Equity,Risk Parity + Sentiment Tilt,Equity Risk Parity + Sentiment Tilt,0.0021654240137245614,252,0.15
2022-12-21,Equity,Risk Parity + Sentiment Tilt,Equity Risk Parity + Sentiment Tilt,0.01590625630314498,252,0.15
2022-12-22,Equity,Risk Parity + Sentiment Tilt,Equity Risk Parity + Sentiment Tilt,-0.00841167461672486,252,0.15
2022-12-23,Equity,Risk Parity + Sentiment Tilt,Equity Risk Parity + Sentiment Tilt,0.00636686087420639,252,0.15
2022-12-27,Equity,Risk Parity + Sentiment Tilt,Equity Risk Parity + Sentiment Tilt,0.0011957244655188177,252,0.15
2022-12-28,Equity,Risk Parity + Sentiment Tilt,Equity Risk Parity + Sentiment Tilt,-0.01209400907437375,252,0.15
2022-12-29,Equity,Risk Parity + Sentiment Tilt,Equity Risk Parity + Sentiment Tilt,0.012580041964392686,252,0.15
2022-12-30,Equity,Risk Parity + Sentiment Tilt,Equity Risk Parity + Sentiment Tilt,-0.002215373602089263,252,0.15
2023-01-03,Equity,Risk Parity + Sentiment Tilt,Equity Risk Parity + Sentiment Tilt,0.0038153888660088955,252,0.15
2023-01-04,Equity,Risk Parity + Sentiment Tilt,Equity Risk Parity + Sentiment Tilt,0.017552457995131932,252,0.15
2023-01-05,Equity,Risk Parity + Sentiment Tilt,Equity Risk Parity + Sentiment Tilt,-0.007110785806101611,252,0.15
2023-01-06,Equity,Risk Parity + Sentiment Tilt,Equity Risk Parity + Sentiment Tilt,0.022542990282747814,252,0.15
2023-01-09,Equity,Risk Parity + Sentiment Tilt,Equity Risk Parity + Sentiment Tilt,-0.002119412472213626,252,0.15
2023-01-10,Equity,Risk Parity + Sentiment Tilt,Equity Risk Parity + Sentiment Tilt,0.007037615749657392,252,0.15
2023-01-11,Equity,Risk Parity + Sentiment Tilt,Equity Risk Parity + Sentiment Tilt,0.00880500338953169,252,0.15
2023-01-12,Equity,Risk Parity + Sentiment Tilt,Equity Risk Parity + Sentiment Tilt,0.004511553628401457,252,0.15
2023-01-13,Equity,Risk Parity + Sentiment Tilt,Equity Risk Parity + Sentiment Tilt,0.0032529835979684674,252,0.15
2023-01-17,Equity,Risk Parity + Sentiment Tilt,Equity Risk Parity + Sentiment Tilt,-0.005352135908818135,252,0.15
2023-01-18,Equity,Risk Parity + Sentiment Tilt,Equity Risk Parity + Sentiment Tilt,-0.0166308841234445,252,0.15
2023-01-19,Equity,Risk Parity + Sentiment Tilt,Equity Risk Parity + Sentiment Tilt,-0.0067340709055559445,252,0.15
2023-01-20,Equity,Risk Parity + Sentiment Tilt,Equity Risk Parity + Sentiment Tilt,0.014398779607987394,252,0.15
2023-01-23,Equity,Risk Parity + Sentiment Tilt,Equity Risk Parity + Sentiment Tilt,0.010238792295206387,252,0.15
2023-01-24,Equity,Risk Parity + Sentiment Tilt,Equity Risk Parity + Sentiment Tilt,-0.0023549115938865995,252,0.15
2023-01-25,Equity,Risk Parity + Sentiment Tilt,Equity Risk Parity + Sentiment Tilt,0.001566001814270591,252,0.15
2023-01-26,Equity,Risk Parity + Sentiment Tilt,Equity Risk Parity + Sentiment Tilt,0.00569813663649732,252,0.15
2023-01-27,Equity,Risk Parity + Sentiment Tilt,Equity Risk Parity + Sentiment Tilt,-0.001234048241815648,252,0.15
2023-01-30,Equity,Risk Parity + Sentiment Tilt,Equity Risk Parity + Sentiment Tilt,-0.008705795792151472,252,0.15
2023-01-31,Equity,Risk Parity + Sentiment Tilt,Equity Risk Parity + Sentiment Tilt,0.011512281775631556,252,0.15
2023-02-01,Equity,Risk Parity + Sentiment Tilt,Equity Risk Parity + Sentiment Tilt,0.0037963517955929157,252,0.15
2023-02-02,Equity,Risk Parity + Sentiment Tilt,Equity Risk Parity + Sentiment Tilt,-0.001175945439071349,252,0.15
2023-02-03,Equity,Risk Parity + Sentiment Tilt,Equity Risk Parity + Sentiment Tilt,-0.012653958681969803,252,0.15
2023-02-06,Equity,Risk Parity + Sentiment Tilt,Equity Risk Parity + Sentiment Tilt,-0.0048496595141647725,252,0.15
2023-02-07,Equity,Risk Parity + Sentiment Tilt,Equity Risk Parity + Sentiment Tilt,0.00945777929016844,252,0.15
2023-02-08,Equity,Risk Parity + Sentiment Tilt,Equity Risk Parity + Sentiment Tilt,-0.009530372514918546,252,0.15
2023-02-09,Equity,Risk Parity + Sentiment Tilt,Equity Risk Parity + Sentiment Tilt,-0.008810799964603442,252,0.15
2023-02-10,Equity,Risk Parity + Sentiment Tilt,Equity Risk Parity + Sentiment Tilt,0.00830209876593084,252,0.15
2023-02-13,Equity,Risk Parity + Sentiment Tilt,Equity Risk Parity + Sentiment Tilt,0.008670873811273244,252,0.15
2023-02-14,Equity,Risk Parity + Sentiment Tilt,Equity Risk Parity + Sentiment Tilt,-0.0030503495204446014,252,0.15
2023-02-15,Equity,Risk Parity + Sentiment Tilt,Equity Risk Parity + Sentiment Tilt,0.0006736820371744842,252,0.15
2023-02-16,Equity,Risk Parity + Sentiment Tilt,Equity Risk Parity + Sentiment Tilt,-0.01322898254169971,252,0.15
2023-02-17,Equity,Risk Parity + Sentiment Tilt,Equity Risk Parity + Sentiment Tilt,0.00019029681623450103,252,0.15
2023-02-21,Equity,Risk Parity + Sentiment Tilt,Equity Risk Parity + Sentiment Tilt,-0.015492548187840143,252,0.15
2023-02-22,Equity,Risk Parity + Sentiment Tilt,Equity Risk Parity + Sentiment Tilt,-0.006184013593568313,252,0.15
2023-02-23,Equity,Risk Parity + Sentiment Tilt,Equity Risk Parity + Sentiment Tilt,0.003379137088064289,252,0.15
2023-02-24,Equity,Risk Parity + Sentiment Tilt,Equity Risk Parity + Sentiment Tilt,-0.009335503651078107,252,0.15
2023-02-27,Equity,Risk Parity + Sentiment Tilt,Equity Risk Parity + Sentiment Tilt,0.0014299549825858744,252,0.15
2023-02-28,Equity,Risk Parity + Sentiment Tilt,Equity Risk Parity + Sentiment Tilt,-0.004352211229452275,252,0.15
2023-03-01,Equity,Risk Parity + Sentiment Tilt,Equity Risk Parity + Sentiment Tilt,-0.002161322734644977,252,0.15
2023-03-02,Equity,Risk Parity + Sentiment Tilt,Equity Risk Parity + Sentiment Tilt,0.011718916459496659,252,0.15
2023-03-03,Equity,Risk Parity + Sentiment Tilt,Equity Risk Parity + Sentiment Tilt,0.012278734618873657,252,0.15
2023-03-06,Equity,Risk Parity + Sentiment Tilt,Equity Risk Parity + Sentiment Tilt,-0.0013765008344768061,252,0.15
2023-03-07,Equity,Risk Parity + Sentiment Tilt,Equity Risk Parity + Sentiment Tilt,-0.016534685926803627,252,0.15
2023-03-08,Equity,Risk Parity + Sentiment Tilt,Equity Risk Parity + Sentiment Tilt,0.001930317124549459,252,0.15
2023-03-09,Equity,Risk Parity + Sentiment Tilt,Equity Risk Parity + Sentiment Tilt,-0.015891998622569486,252,0.15
2023-03-10,Equity,Risk Parity + Sentiment Tilt,Equity Risk Parity + Sentiment Tilt,-0.011411104617498065,252,0.15
2023-03-13,Equity,Risk Parity + Sentiment Tilt,Equity Risk Parity + Sentiment Tilt,0.00145907537761241,252,0.15
2023-03-14,Equity,Risk Parity + Sentiment Tilt,Equity Risk Parity + Sentiment Tilt,0.012704869719596161,252,0.15
2023-03-15,Equity,Risk Parity + Sentiment Tilt,Equity Risk Parity + Sentiment Tilt,-0.00433954015818415,252,0.15
2023-03-16,Equity,Risk Parity + Sentiment Tilt,Equity Risk Parity + Sentiment Tilt,0.011476575561270705,252,0.15
2023-03-17,Equity,Risk Parity + Sentiment Tilt,Equity Risk Parity + Sentiment Tilt,-0.00977901129836395,252,0.15
2023-03-20,Equity,Risk Parity + Sentiment Tilt,Equity Risk Parity + Sentiment Tilt,0.010842164207205438,252,0.15
2023-03-21,Equity,Risk Parity + Sentiment Tilt,Equity Risk Parity + Sentiment Tilt,0.004442467026417728,252,0.15
2023-03-22,Equity,Risk Parity + Sentiment Tilt,Equity Risk Parity + Sentiment Tilt,-0.019055874062821873,252,0.15
2023-03-23,Equity,Risk Parity + Sentiment Tilt,Equity Risk Parity + Sentiment Tilt,0.002907796072539338,252,0.15
2023-03-24,Equity,Risk Parity + Sentiment Tilt,Equity Risk Parity + Sentiment Tilt,0.010360849679343968,252,0.15
2023-03-27,Equity,Risk Parity + Sentiment Tilt,Equity Risk Parity + Sentiment Tilt,0.0030339241646149444,252,0.15
2023-03-28,Equity,Risk Parity + Sentiment Tilt,Equity Risk Parity + Sentiment Tilt,0.0006987938528152912,252,0.15
2023-03-29,Equity,Risk Parity + Sentiment Tilt,Equity Risk Parity + Sentiment Tilt,0.014033782765414664,252,0.15
2023-03-30,Equity,Risk Parity + Sentiment Tilt,Equity Risk Parity + Sentiment Tilt,0.004939535679469412,252,0.15
2023-03-31,Equity,Risk Parity + Sentiment Tilt,Equity Risk Parity + Sentiment Tilt,0.012568686835578848,252,0.15
2023-04-03,Equity,Risk Parity + Sentiment Tilt,Equity Risk Parity + Sentiment Tilt,0.005494192737185129,252,0.15
2023-04-04,Equity,Risk Parity + Sentiment Tilt,Equity Risk Parity + Sentiment Tilt,-0.0026518092144080753,252,0.15
2023-04-05,Equity,Risk Parity + Sentiment Tilt,Equity Risk Parity + Sentiment Tilt,0.005543364013236051,252,0.15
2023-04-06,Equity,Risk Parity + Sentiment Tilt,Equity Risk Parity + Sentiment Tilt,0.00019318230104252925,252,0.15
2023-04-10,Equity,Risk Parity + Sentiment Tilt,Equity Risk Parity + Sentiment Tilt,0.0025206341126450204,252,0.15
2023-04-11,Equity,Risk Parity + Sentiment Tilt,Equity Risk Parity + Sentiment Tilt,0.0019548109426692746,252,0.15
2023-04-12,Equity,Risk Parity + Sentiment Tilt,Equity Risk Parity + Sentiment Tilt,-0.0022571192022179934,252,0.15
2023-04-13,Equity,Risk Parity + Sentiment Tilt,Equity Risk Parity + Sentiment Tilt,0.007610289177269196,252,0.15
2023-04-14,Equity,Risk Parity + Sentiment Tilt,Equity Risk Parity + Sentiment Tilt,-0.006126252821639579,252,0.15
2023-04-17,Equity,Risk Parity + Sentiment Tilt,Equity Risk Parity + Sentiment Tilt,0.004948215126620138,252,0.15
2023-04-18,Equity,Risk Parity + Sentiment Tilt,Equity Risk Parity + Sentiment Tilt,-0.00014565479927228472,252,0.15
2023-04-19,Equity,Risk Parity + Sentiment Tilt,Equity Risk Parity + Sentiment Tilt,0.001921399363317765,252,0.15
2023-04-20,Equity,Risk Parity + Sentiment Tilt,Equity Risk Parity + Sentiment Tilt,-0.006703069882483048,252,0.15
2023-04-21,Equity,Risk Parity + Sentiment Tilt,Equity Risk Parity + Sentiment Tilt,0.0004289313829847765,252,0.15
2023-04-24,Equity,Risk Parity + Sentiment Tilt,Equity Risk Parity + Sentiment Tilt,0.0016865188831202992,252,0.15
2023-04-25,Equity,Risk Parity + Sentiment Tilt,Equity Risk Parity + Sentiment Tilt,-0.012874617065416509,252,0.15
2023-04-26,Equity,Risk Parity + Sentiment Tilt,Equity Risk Parity + Sentiment Tilt,-0.014008889105273255,252,0.15
2023-04-27,Equity,Risk Parity + Sentiment Tilt,Equity Risk Parity + Sentiment Tilt,0.014138395735651284,252,0.15
2023-04-28,Equity,Risk Parity + Sentiment Tilt,Equity Risk Parity + Sentiment Tilt,0.0074558398262576245,252,0.15
2023-05-01,Equity,Risk Parity + Sentiment Tilt,Equity Risk Parity + Sentiment Tilt,-0.0030214542253029775,252,0.15
2023-05-02,Equity,Risk Parity + Sentiment Tilt,Equity Risk Parity + Sentiment Tilt,-0.015220762645353702,252,0.15
2023-05-03,Equity,Risk Parity + Sentiment Tilt,Equity Risk Parity + Sentiment Tilt,-0.01070904676388851,252,0.15
2023-05-04,Equity,Risk Parity + Sentiment Tilt,Equity Risk Parity + Sentiment Tilt,-0.004234998195593521,252,0.15
2023-05-05,Equity,Risk Parity + Sentiment Tilt,Equity Risk Parity + Sentiment Tilt,0.015796791174706507,252,0.15
2023-05-08,Equity,Risk Parity + Sentiment Tilt,Equity Risk Parity + Sentiment Tilt,-0.0011366346046982443,252,0.15
2023-05-09,Equity,Risk Parity + Sentiment Tilt,Equity Risk Parity + Sentiment Tilt,-0.004219162825240386,252,0.15
2023-05-10,Equity,Risk Parity + Sentiment Tilt,Equity Risk Parity + Sentiment Tilt,-0.0012413308140412204,252,0.15
2023-05-11,Equity,Risk Parity + Sentiment Tilt,Equity Risk Parity + Sentiment Tilt,-0.008151622778717798,252,0.15
2023-05-12,Equity,Risk Parity + Sentiment Tilt,Equity Risk Parity + Sentiment Tilt,-0.0003807592577226446,252,0.15
2023-05-15,Equity,Risk Parity + Sentiment Tilt,Equity Risk Parity + Sentiment Tilt,0.00292748090384134,252,0.15
2023-05-16,Equity,Risk Parity + Sentiment Tilt,Equity Risk Parity + Sentiment Tilt,-0.016213734655011667,252,0.15
2023-05-17,Equity,Risk Parity + Sentiment Tilt,Equity Risk Parity + Sentiment Tilt,0.00990780487716688,252,0.15
2023-05-18,Equity,Risk Parity + Sentiment Tilt,Equity Risk Parity + Sentiment Tilt,0.004845506590931573,252,0.15
2023-05-19,Equity,Risk Parity + Sentiment Tilt,Equity Risk Parity + Sentiment Tilt,-0.0020041692319686995,252,0.15
2023-05-22,Equity,Risk Parity + Sentiment Tilt,Equity Risk Parity + Sentiment Tilt,0.0001956949608907175,252,0.15
2023-05-23,Equity,Risk Parity + Sentiment Tilt,Equity Risk Parity + Sentiment Tilt,-0.0073016617386806445,252,0.15
2023-05-24,Equity,Risk Parity + Sentiment Tilt,Equity Risk Parity + Sentiment Tilt,-0.009029537620365968,252,0.15
2023-05-25,Equity,Risk Parity + Sentiment Tilt,Equity Risk Parity + Sentiment Tilt,-0.003635613000911761,252,0.15
2023-05-26,Equity,Risk Parity + Sentiment Tilt,Equity Risk Parity + Sentiment Tilt,0.006922367661811483,252,0.15
2023-05-30,Equity,Risk Parity + Sentiment Tilt,Equity Risk Parity + Sentiment Tilt,-0.002727009783355666,252,0.15
2023-05-31,Equity,Risk Parity + Sentiment Tilt,Equity Risk Parity + Sentiment Tilt,-0.0022257853824846716,252,0.15
2023-06-01,Equity,Risk Parity + Sentiment Tilt,Equity Risk Parity + Sentiment Tilt,0.0035035109636953063,252,0.15
2023-06-02,Equity,Risk Parity + Sentiment Tilt,Equity Risk Parity + Sentiment Tilt,0.018016896150194778,252,0.15
2023-06-05,Equity,Risk Parity + Sentiment Tilt,Equity Risk Parity + Sentiment Tilt,-0.004514378457564629,252,0.15
2023-06-06,Equity,Risk Parity + Sentiment Tilt,Equity Risk Parity + Sentiment Tilt,0.001393223635512133,252,0.15
2023-06-07,Equity,Risk Parity + Sentiment Tilt,Equity Risk Parity + Sentiment Tilt,0.007147116282661008,252,0.15
2023-06-08,Equity,Risk Parity + Sentiment Tilt,Equity Risk Parity + Sentiment Tilt,0.004911809596628231,252,0.15
2023-06-09,Equity,Risk Parity + Sentiment Tilt,Equity Risk Parity + Sentiment Tilt,-0.002964876765232102,252,0.15
2023-06-12,Equity,Risk Parity + Sentiment Tilt,Equity Risk Parity + Sentiment Tilt,0.004208295736275384,252,0.15
2023-06-13,Equity,Risk Parity + Sentiment Tilt,Equity Risk Parity + Sentiment Tilt,0.006969027018438567,252,0.15
2023-06-14,Equity,Risk Parity + Sentiment Tilt,Equity Risk Parity + Sentiment Tilt,0.00020173798646442873,252,0.15
2023-06-15,Equity,Risk Parity + Sentiment Tilt,Equity Risk Parity + Sentiment Tilt,0.010545379644594989,252,0.15
2023-06-16,Equity,Risk Parity + Sentiment Tilt,Equity Risk Parity + Sentiment Tilt,0.0014159629916441023,252,0.15
2023-06-20,Equity,Risk Parity + Sentiment Tilt,Equity Risk Parity + Sentiment Tilt,-0.011522444720850504,252,0.15
2023-06-21,Equity,Risk Parity + Sentiment Tilt,Equity Risk Parity + Sentiment Tilt,-0.0025954460863640352,252,0.15
2023-06-22,Equity,Risk Parity + Sentiment Tilt,Equity Risk Parity + Sentiment Tilt,-0.00313426371805425,252,0.15
2023-06-23,Equity,Risk Parity + Sentiment Tilt,Equity Risk Parity + Sentiment Tilt,-0.006912332000776144,252,0.15
2023-06-26,Equity,Risk Parity + Sentiment Tilt,Equity Risk Parity + Sentiment Tilt,0.006109499328280078,252,0.15
2023-06-27,Equity,Risk Parity + Sentiment Tilt,Equity Risk Parity + Sentiment Tilt,0.0052617180356919,252,0.15
2023-06-28,Equity,Risk Parity + Sentiment Tilt,Equity Risk Parity + Sentiment Tilt,-0.0024582650721801207,252,0.15
2023-06-29,Equity,Risk Parity + Sentiment Tilt,Equity Risk Parity + Sentiment Tilt,0.005344863985824922,252,0.15
2023-06-30,Equity,Risk Parity + Sentiment Tilt,Equity Risk Parity + Sentiment Tilt,0.008820170559508426,252,0.15
2023-07-03,Equity,Risk Parity + Sentiment Tilt,Equity Risk Parity + Sentiment Tilt,0.00535908653202889,252,0.15
2023-07-05,Equity,Risk Parity + Sentiment Tilt,Equity Risk Parity + Sentiment Tilt,-0.0031070306365747766,252,0.15
2023-07-06,Equity,Risk Parity + Sentiment Tilt,Equity Risk Parity + Sentiment Tilt,-0.011415911174356806,252,0.15
2023-07-07,Equity,Risk Parity + Sentiment Tilt,Equity Risk Parity + Sentiment Tilt,-0.00233696268601072,252,0.15
2023-07-10,Equity,Risk Parity + Sentiment Tilt,Equity Risk Parity + Sentiment Tilt,0.004813044493748965,252,0.15
2023-07-11,Equity,Risk Parity + Sentiment Tilt,Equity Risk Parity + Sentiment Tilt,0.013396767225565896,252,0.15
2023-07-12,Equity,Risk Parity + Sentiment Tilt,Equity Risk Parity + Sentiment Tilt,0.007171859528315721,252,0.15
2023-07-13,Equity,Risk Parity + Sentiment Tilt,Equity Risk Parity + Sentiment Tilt,0.004751273755449782,252,0.15
2023-07-14,Equity,Risk Parity + Sentiment Tilt,Equity Risk Parity + Sentiment Tilt,-0.004486865857623434,252,0.15
2023-07-17,Equity,Risk Parity + Sentiment Tilt,Equity Risk Parity + Sentiment Tilt,-0.0049363696953347745,252,0.15
2023-07-18,Equity,Risk Parity + Sentiment Tilt,Equity Risk Parity + Sentiment Tilt,0.004636253503690304,252,0.15
2023-07-19,Equity,Risk Parity + Sentiment Tilt,Equity Risk Parity + Sentiment Tilt,0.006097511838284372,252,0.15
2023-07-20,Equity,Risk Parity + Sentiment Tilt,Equity Risk Parity + Sentiment Tilt,0.002964486254974429,252,0.15
2023-07-21,Equity,Risk Parity + Sentiment Tilt,Equity Risk Parity + Sentiment Tilt,0.0058849992202416835,252,0.15
2023-07-24,Equity,Risk Parity + Sentiment Tilt,Equity Risk Parity + Sentiment Tilt,0.0037211641894840703,252,0.15
2023-07-25,Equity,Risk Parity + Sentiment Tilt,Equity Risk Parity + Sentiment Tilt,0.002128152631836909,252,0.15
2023-07-26,Equity,Risk Parity + Sentiment Tilt,Equity Risk Parity + Sentiment Tilt,0.0018748381805409795,252,0.15
2023-07-27,Equity,Risk Parity + Sentiment Tilt,Equity Risk Parity + Sentiment Tilt,-0.005266536195777202,252,0.15
2023-07-28,Equity,Risk Parity + Sentiment Tilt,Equity Risk Parity + Sentiment Tilt,0.0034360709057307697,252,0.15
2023-07-31,Equity,Risk Parity + Sentiment Tilt,Equity Risk Parity + Sentiment Tilt,0.0024569877112908096,252,0.15
2023-08-01,Equity,Risk Parity + Sentiment Tilt,Equity Risk Parity + Sentiment Tilt,-0.004346943862098077,252,0.15
2023-08-02,Equity,Risk Parity + Sentiment Tilt,Equity Risk Parity + Sentiment Tilt,-0.01339748121296546,252,0.15
2023-08-03,Equity,Risk Parity + Sentiment Tilt,Equity Risk Parity + Sentiment Tilt,-0.0056738766417504995,252,0.15
2023-08-04,Equity,Risk Parity + Sentiment Tilt,Equity Risk Parity + Sentiment Tilt,-0.0025050073746001344,252,0.15
2023-08-07,Equity,Risk Parity + Sentiment Tilt,Equity Risk Parity + Sentiment Tilt,0.008091479136222435,252,0.15
2023-08-08,Equity,Risk Parity + Sentiment Tilt,Equity Risk Parity + Sentiment Tilt,-0.0032484634868786494,252,0.15
2023-08-09,Equity,Risk Parity + Sentiment Tilt,Equity Risk Parity + Sentiment Tilt,-0.0008650755367377313,252,0.15
2023-08-10,Equity,Risk Parity + Sentiment Tilt,Equity Risk Parity + Sentiment Tilt,0.0007333994507587946,252,0.15
2023-08-11,Equity,Risk Parity + Sentiment Tilt,Equity Risk Parity + Sentiment Tilt,0.002468582938694257,252,0.15
2023-08-14,Equity,Risk Parity + Sentiment Tilt,Equity Risk Parity + Sentiment Tilt,0.0010265250435496044,252,0.15
2023-08-15,Equity,Risk Parity + Sentiment Tilt,Equity Risk Parity + Sentiment Tilt,-0.012101345062396835,252,0.15
2023-08-16,Equity,Risk Parity + Sentiment Tilt,Equity Risk Parity + Sentiment Tilt,-0.007830098274914253,252,0.15
2023-08-17,Equity,Risk Parity + Sentiment Tilt,Equity Risk Parity + Sentiment Tilt,-0.0053035179543868575,252,0.15
2023-08-18,Equity,Risk Parity + Sentiment Tilt,Equity Risk Parity + Sentiment Tilt,0.0013641247697157763,252,0.15
2023-08-21,Equity,Risk Parity + Sentiment Tilt,Equity Risk Parity + Sentiment Tilt,-0.0006222411095540631,252,0.15
2023-08-22,Equity,Risk Parity + Sentiment Tilt,Equity Risk Parity + Sentiment Tilt,-0.003908023983400192,252,0.15
2023-08-23,Equity,Risk Parity + Sentiment Tilt,Equity Risk Parity + Sentiment Tilt,0.008063087768640247,252,0.15
2023-08-24,Equity,Risk Parity + Sentiment Tilt,Equity Risk Parity + Sentiment Tilt,-0.0117440691704148,252,0.15
2023-08-25,Equity,Risk Parity + Sentiment Tilt,Equity Risk Parity + Sentiment Tilt,0.004578192470033253,252,0.15
2023-08-28,Equity,Risk Parity + Sentiment Tilt,Equity Risk Parity + Sentiment Tilt,0.007460110231438995,252,0.15
2023-08-29,Equity,Risk Parity + Sentiment Tilt,Equity Risk Parity + Sentiment Tilt,0.011617492577923659,252,0.15
2023-08-30,Equity,Risk Parity + Sentiment Tilt,Equity Risk Parity + Sentiment Tilt,0.0017209590099313292,252,0.15
2023-08-31,Equity,Risk Parity + Sentiment Tilt,Equity Risk Parity + Sentiment Tilt,-0.0033962518225807196,252,0.15
2023-09-01,Equity,Risk Parity + Sentiment Tilt,Equity Risk Parity + Sentiment Tilt,0.002742519476097254,252,0.15
2023-09-05,Equity,Risk Parity + Sentiment Tilt,Equity Risk Parity + Sentiment Tilt,-0.009798366698249333,252,0.15
2023-09-06,Equity,Risk Parity + Sentiment Tilt,Equity Risk Parity + Sentiment Tilt,-0.00381649842017734,252,0.15
2023-09-07,Equity,Risk Parity + Sentiment Tilt,Equity Risk Parity + Sentiment Tilt,0.001711340021393427,252,0.15
2023-09-08,Equity,Risk Parity + Sentiment Tilt,Equity Risk Parity + Sentiment Tilt,0.0035575293186427444,252,0.15
2023-09-11,Equity,Risk Parity + Sentiment Tilt,Equity Risk Parity + Sentiment Tilt,0.003777883400305335,252,0.15
2023-09-12,Equity,Risk Parity + Sentiment Tilt,Equity Risk Parity + Sentiment Tilt,0.0006384856999435462,252,0.15
2023-09-13,Equity,Risk Parity + Sentiment Tilt,Equity Risk Parity + Sentiment Tilt,-8.224217169033724e-05,252,0.15
2023-09-14,Equity,Risk Parity + Sentiment Tilt,Equity Risk Parity + Sentiment Tilt,0.01221097635960813,252,0.15
2023-09-15,Equity,Risk Parity + Sentiment Tilt,Equity Risk Parity + Sentiment Tilt,-0.009498322576746803,252,0.15
2023-09-18,Equity,Risk Parity + Sentiment Tilt,Equity Risk Parity + Sentiment Tilt,-0.0005039664342799675,252,0.15
2023-09-19,Equity,Risk Parity + Sentiment Tilt,Equity Risk Parity + Sentiment Tilt,-0.0032830195409889115,252,0.15
2023-09-20,Equity,Risk Parity + Sentiment Tilt,Equity Risk Parity + Sentiment Tilt,-0.0033521173903875183,252,0.15
2023-09-21,Equity,Risk Parity + Sentiment Tilt,Equity Risk Parity + Sentiment Tilt,-0.017524572386796416,252,0.15
2023-09-22,Equity,Risk Parity + Sentiment Tilt,Equity Risk Parity + Sentiment Tilt,-0.0028179458180263837,252,0.15
2023-09-25,Equity,Risk Parity + Sentiment Tilt,Equity Risk Parity + Sentiment Tilt,0.0012781636268428505,252,0.15
2023-09-26,Equity,Risk Parity + Sentiment Tilt,Equity Risk Parity + Sentiment Tilt,-0.01168549235534207,252,0.15
2023-09-27,Equity,Risk Parity + Sentiment Tilt,Equity Risk Parity + Sentiment Tilt,-0.003966181408171229,252,0.15
2023-09-28,Equity,Risk Parity + Sentiment Tilt,Equity Risk Parity + Sentiment Tilt,0.0034421870751398078,252,0.15
2023-09-29,Equity,Risk Parity + Sentiment Tilt,Equity Risk Parity + Sentiment Tilt,-0.001321284988584422,252,0.15
2023-10-02,Equity,Risk Parity + Sentiment Tilt,Equity Risk Parity + Sentiment Tilt,-0.014270914450317466,252,0.15
2023-10-03,Equity,Risk Parity + Sentiment Tilt,Equity Risk Parity + Sentiment Tilt,-0.008632719505616683,252,0.15
2023-10-04,Equity,Risk Parity + Sentiment Tilt,Equity Risk Parity + Sentiment Tilt,0.0030570190879398995,252,0.15
2023-10-05,Equity,Risk Parity + Sentiment Tilt,Equity Risk Parity + Sentiment Tilt,-0.0016260551276228818,252,0.15
2023-10-06,Equity,Risk Parity + Sentiment Tilt,Equity Risk Parity + Sentiment Tilt,0.009724734228818392,252,0.15
2023-10-09,Equity,Risk Parity + Sentiment Tilt,Equity Risk Parity + Sentiment Tilt,0.008396933010892518,252,0.15
2023-10-10,Equity,Risk Parity + Sentiment Tilt,Equity Risk Parity + Sentiment Tilt,0.00834686139392793,252,0.15
2023-10-11,Equity,Risk Parity + Sentiment Tilt,Equity Risk Parity + Sentiment Tilt,0.004381235324640751,252,0.15
2023-10-12,Equity,Risk Parity + Sentiment Tilt,Equity Risk Parity + Sentiment Tilt,-0.007961408323613329,252,0.15
2023-10-13,Equity,Risk Parity + Sentiment Tilt,Equity Risk Parity + Sentiment Tilt,0.0024296529136794386,252,0.15
2023-10-16,Equity,Risk Parity + Sentiment Tilt,Equity Risk Parity + Sentiment Tilt,0.009813548791567704,252,0.15
2023-10-17,Equity,Risk Parity + Sentiment Tilt,Equity Risk Parity + Sentiment Tilt,0.002788436162869873,252,0.15
2023-10-18,Equity,Risk Parity + Sentiment Tilt,Equity Risk Parity + Sentiment Tilt,-0.013393396576316857,252,0.15
2023-10-19,Equity,Risk Parity + Sentiment Tilt,Equity Risk Parity + Sentiment Tilt,-0.010097639870093721,252,0.15
2023-10-20,Equity,Risk Parity + Sentiment Tilt,Equity Risk Parity + Sentiment Tilt,-0.007342816843332956,252,0.15
2023-10-23,Equity,Risk Parity + Sentiment Tilt,Equity Risk Parity + Sentiment Tilt,-0.0061571005043305595,252,0.15
2023-10-24,Equity,Risk Parity + Sentiment Tilt,Equity Risk Parity + Sentiment Tilt,0.010714117147156395,252,0.15
2023-10-25,Equity,Risk Parity + Sentiment Tilt,Equity Risk Parity + Sentiment Tilt,-0.011018044267437948,252,0.15
2023-10-26,Equity,Risk Parity + Sentiment Tilt,Equity Risk Parity + Sentiment Tilt,-0.00110738888568429,252,0.15
2023-10-27,Equity,Risk Parity + Sentiment Tilt,Equity Risk Parity + Sentiment Tilt,-0.011009348790262306,252,0.15
2023-10-30,Equity,Risk Parity + Sentiment Tilt,Equity Risk Parity + Sentiment Tilt,0.008972281197889762,252,0.15
2023-10-31,Equity,Risk Parity + Sentiment Tilt,Equity Risk Parity + Sentiment Tilt,0.005377418943333292,252,0.15
2023-11-01,Equity,Risk Parity + Sentiment Tilt,Equity Risk Parity + Sentiment Tilt,0.004639377745877617,252,0.15
2023-11-02,Equity,Risk Parity + Sentiment Tilt,Equity Risk Parity + Sentiment Tilt,0.024184967449991115,252,0.15
2023-11-03,Equity,Risk Parity + Sentiment Tilt,Equity Risk Parity + Sentiment Tilt,0.011976736095549584,252,0.15
2023-11-06,Equity,Risk Parity + Sentiment Tilt,Equity Risk Parity + Sentiment Tilt,-0.004856133799957789,252,0.15
2023-11-07,Equity,Risk Parity + Sentiment Tilt,Equity Risk Parity + Sentiment Tilt,-0.0031682356938123246,252,0.15
2023-11-08,Equity,Risk Parity + Sentiment Tilt,Equity Risk Parity + Sentiment Tilt,-0.0019114024632319682,252,0.15
2023-11-09,Equity,Risk Parity + Sentiment Tilt,Equity Risk Parity + Sentiment Tilt,-0.009645736601635367,252,0.15
2023-11-10,Equity,Risk Parity + Sentiment Tilt,Equity Risk Parity + Sentiment Tilt,0.009293558271588898,252,0.15
2023-11-13,Equity,Risk Parity + Sentiment Tilt,Equity Risk Parity + Sentiment Tilt,-0.0013252789073781572,252,0.15
2023-11-14,Equity,Risk Parity + Sentiment Tilt,Equity Risk Parity + Sentiment Tilt,0.023835177338208273,252,0.15
2023-11-15,Equity,Risk Parity + Sentiment Tilt,Equity Risk Parity + Sentiment Tilt,0.0055595295156255255,252,0.15
2023-11-16,Equity,Risk Parity + Sentiment Tilt,Equity Risk Parity + Sentiment Tilt,-0.00042411632707315024,252,0.15
2023-11-17,Equity,Risk Parity + Sentiment Tilt,Equity Risk Parity + Sentiment Tilt,0.002023990592559083,252,0.15
2023-11-20,Equity,Risk Parity + Sentiment Tilt,Equity Risk Parity + Sentiment Tilt,0.004262375604877772,252,0.15
2023-11-21,Equity,Risk Parity + Sentiment Tilt,Equity Risk Parity + Sentiment Tilt,-0.0011869000134613946,252,0.15
2023-11-22,Equity,Risk Parity + Sentiment Tilt,Equity Risk Parity + Sentiment Tilt,0.0017944660790380502,252,0.15
2023-11-24,Equity,Risk Parity + Sentiment Tilt,Equity Risk Parity + Sentiment Tilt,0.002624851882670007,252,0.15
2023-11-27,Equity,Risk Parity + Sentiment Tilt,Equity Risk Parity + Sentiment Tilt,0.000914926660803527,252,0.15
2023-11-28,Equity,Risk Parity + Sentiment Tilt,Equity Risk Parity + Sentiment Tilt,0.003089079085596302,252,0.15
2023-11-29,Equity,Risk Parity + Sentiment Tilt,Equity Risk Parity + Sentiment Tilt,0.004173882209050703,252,0.15
2023-11-30,Equity,Risk Parity + Sentiment Tilt,Equity Risk Parity + Sentiment Tilt,0.006899667399921867,252,0.15
2023-12-01,Equity,Risk Parity + Sentiment Tilt,Equity Risk Parity + Sentiment Tilt,0.009311954555654946,252,0.15
2023-12-04,Equity,Risk Parity + Sentiment Tilt,Equity Risk Parity + Sentiment Tilt,-0.001041072747345998,252,0.15
2023-12-05,Equity,Risk Parity + Sentiment Tilt,Equity Risk Parity + Sentiment Tilt,-0.004115754996634765,252,0.15
2023-12-06,Equity,Risk Parity + Sentiment Tilt,Equity Risk Parity + Sentiment Tilt,0.0001387574995154412,252,0.15
2023-12-07,Equity,Risk Parity + Sentiment Tilt,Equity Risk Parity + Sentiment Tilt,0.0037011879705210644,252,0.15
2023-12-08,Equity,Risk Parity + Sentiment Tilt,Equity Risk Parity + Sentiment Tilt,0.002072320643629426,252,0.15
2023-12-11,Equity,Risk Parity + Sentiment Tilt,Equity Risk Parity + Sentiment Tilt,0.006611306422365189,252,0.15
2023-12-12,Equity,Risk Parity + Sentiment Tilt,Equity Risk Parity + Sentiment Tilt,0.0010834254658093326,252,0.15
2023-12-13,Equity,Risk Parity + Sentiment Tilt,Equity Risk Parity + Sentiment Tilt,0.021757365471748624,252,0.15
2023-12-14,Equity,Risk Parity + Sentiment Tilt,Equity Risk Parity + Sentiment Tilt,0.011089066251680447,252,0.15
2023-12-15,Equity,Risk Parity + Sentiment Tilt,Equity Risk Parity + Sentiment Tilt,-0.004058426070709844,252,0.15
2023-12-18,Equity,Risk Parity + Sentiment Tilt,Equity Risk Parity + Sentiment Tilt,-0.001063189653451148,252,0.15
2023-12-19,Equity,Risk Parity + Sentiment Tilt,Equity Risk Parity + Sentiment Tilt,0.007375501786223491,252,0.15
2023-12-20,Equity,Risk Parity + Sentiment Tilt,Equity Risk Parity + Sentiment Tilt,-0.014677519385545207,252,0.15
2023-12-21,Equity,Risk Parity + Sentiment Tilt,Equity Risk Parity + Sentiment Tilt,0.007972884336005593,252,0.15
2023-12-22,Equity,Risk Parity + Sentiment Tilt,Equity Risk Parity + Sentiment Tilt,0.003099018992232523,252,0.15
2023-12-26,Equity,Risk Parity + Sentiment Tilt,Equity Risk Parity + Sentiment Tilt,0.005560417817089959,252,0.15
2023-12-27,Equity,Risk Parity + Sentiment Tilt,Equity Risk Parity + Sentiment Tilt,0.0020153298585045575,252,0.15
2023-12-28,Equity,Risk Parity + Sentiment Tilt,Equity Risk Parity + Sentiment Tilt,0.0018462920035808082,252,0.15
2023-12-29,Equity,Risk Parity + Sentiment Tilt,Equity Risk Parity + Sentiment Tilt,-0.002693508428059063,252,0.15
